url,status,final_url,canonical,canonical_target_status,robots,x_robots_tag,title,description,h1,locale,redirects,hreflang,hreflang_nonreciprocal,links,broken_links,internal_redirects,orphan,schema_count,schema_errors
https://worthcalc.win/,200,https://worthcalc.win/,https://worthcalc.win/,200,"index, follow, max-image-preview:large",,Transparent Calculators for Real Money Decisions | WorthCalc,"WorthCalc turns money decisions into visible arithmetic. Every calculator states its formula, lets you replace the defaults with your own numbers, and says what it leaves out.","[""Transparent calculators for real money decisions""]",en,[],"{""en"": ""https://worthcalc.win/"", ""zh-TW"": ""https://worthcalc.win/zh/"", ""x-default"": ""https://worthcalc.win/""}",[],"[""https://worthcalc.win/"", ""https://worthcalc.win/de/"", ""https://worthcalc.win/en/about/"", ""https://worthcalc.win/en/annual-fee-card-breakeven/"", ""https://worthcalc.win/en/changelog/"", ""https://worthcalc.win/en/contact/"", ""https://worthcalc.win/en/disclaimer/"", ""https://worthcalc.win/en/ev-vs-gas-total-cost/"", ""https://worthcalc.win/en/guides/"", ""https://worthcalc.win/en/money/"", ""https://worthcalc.win/en/pay-raise-vs-inflation-purchasing-power/"", ""https://worthcalc.win/en/privacy/"", ""https://worthcalc.win/en/rent-vs-buy-guide/"", ""https://worthcalc.win/en/terms/"", ""https://worthcalc.win/en/tools/"", ""https://worthcalc.win/en/tools/cashback-breakeven/"", ""https://worthcalc.win/en/tools/commute-cost/"", ""https://worthcalc.win/en/tools/compound-growth/"", ""https://worthcalc.win/en/tools/costco-membership/"", ""https://worthcalc.win/en/tools/dti-calculator/"", ""https://worthcalc.win/en/tools/ev-vs-gas/"", ""https://worthcalc.win/en/tools/home-affordability/"", ""https://worthcalc.win/en/tools/installment-true-apr/"", ""https://worthcalc.win/en/tools/rent-vs-buy/"", ""https://worthcalc.win/en/tools/subscription-audit/"", ""https://worthcalc.win/en/topics/debt-credit/"", ""https://worthcalc.win/en/topics/everyday/"", ""https://worthcalc.win/en/topics/housing/"", ""https://worthcalc.win/en/topics/income-savings/"", ""https://worthcalc.win/en/topics/memberships/"", ""https://worthcalc.win/en/topics/transportation/"", ""https://worthcalc.win/en/true-hourly-wage-after-commuting-work-expenses/"", ""https://worthcalc.win/en/zero-interest-installments-truth/"", ""https://worthcalc.win/es/"", ""https://worthcalc.win/fr/"", ""https://worthcalc.win/zh/""]",[],[],False,4,[]
https://worthcalc.win/en/about/,200,https://worthcalc.win/en/about/,https://worthcalc.win/en/about/,200,"index, follow, max-image-preview:large",,About WorthCalc | WorthCalc,WorthCalc is a free set of browser-based calculators that answer one question: is it actually worth it?,"[""About WorthCalc""]",en,[],"{""en"": ""https://worthcalc.win/en/about/"", ""zh-TW"": ""https://worthcalc.win/zh/about/"", ""x-default"": ""https://worthcalc.win/en/about/""}",[],"[""https://worthcalc.win/"", ""https://worthcalc.win/de/about/"", ""https://worthcalc.win/en/about/"", ""https://worthcalc.win/en/changelog/"", ""https://worthcalc.win/en/contact/"", ""https://worthcalc.win/en/disclaimer/"", ""https://worthcalc.win/en/guides/"", ""https://worthcalc.win/en/money/"", ""https://worthcalc.win/en/privacy/"", ""https://worthcalc.win/en/terms/"", ""https://worthcalc.win/en/tools/"", ""https://worthcalc.win/es/about/"", ""https://worthcalc.win/fr/about/"", ""https://worthcalc.win/zh/about/""]",[],[],False,4,[]
https://worthcalc.win/en/annual-fee-card-breakeven/,200,https://worthcalc.win/en/annual-fee-card-breakeven/,https://worthcalc.win/en/annual-fee-card-breakeven/,200,"index, follow, max-image-preview:large",,Is a Credit Card Annual Fee Worth It? Break-Even Spend Calculator (2026),"Enter the fee, the rewards rate and your spend to see the exact point where the card pays for itself.","[""Credit Card Annual Fee Break-Even: How Much to Spend on a $95 Fee""]",en,[],"{""en"": ""https://worthcalc.win/en/annual-fee-card-breakeven/"", ""zh-TW"": ""https://worthcalc.win/zh/annual-fee-card-breakeven/"", ""x-default"": ""https://worthcalc.win/en/annual-fee-card-breakeven/""}",[],"[""https://worthcalc.win/"", ""https://worthcalc.win/de/annual-fee-card-breakeven/"", ""https://worthcalc.win/en/about/"", ""https://worthcalc.win/en/annual-fee-card-breakeven/"", ""https://worthcalc.win/en/changelog/"", ""https://worthcalc.win/en/contact/"", ""https://worthcalc.win/en/costco-math/"", ""https://worthcalc.win/en/disclaimer/"", ""https://worthcalc.win/en/guides/"", ""https://worthcalc.win/en/money/"", ""https://worthcalc.win/en/privacy/"", ""https://worthcalc.win/en/terms/"", ""https://worthcalc.win/en/tools/"", ""https://worthcalc.win/en/tools/cashback-breakeven/"", ""https://worthcalc.win/en/topics/debt-credit/"", ""https://worthcalc.win/es/annual-fee-card-breakeven/"", ""https://worthcalc.win/fr/annual-fee-card-breakeven/"", ""https://worthcalc.win/zh/annual-fee-card-breakeven/""]",[],[],False,5,[]
https://worthcalc.win/en/annual-vs-monthly-billing/,200,https://worthcalc.win/en/annual-vs-monthly-billing/,https://worthcalc.win/en/annual-vs-monthly-billing/,200,"index, follow, max-image-preview:large",,Annual or Monthly Billing? The Breakeven Math on Subscription Discounts | WorthCalc,"'Save 17% with annual billing' fully translated: 'prepay and bet you'll still be using this in month 12.' Effective monthly rate, usage odds, refund terms â three steps to the real answer.","[""Annual or Monthly Billing? The Breakeven Math on Subscription Discounts""]",en,[],"{""en"": ""https://worthcalc.win/en/annual-vs-monthly-billing/"", ""zh-TW"": ""https://worthcalc.win/zh/annual-vs-monthly-billing/"", ""x-default"": ""https://worthcalc.win/en/annual-vs-monthly-billing/""}",[],"[""https://worthcalc.win/"", ""https://worthcalc.win/en/about/"", ""https://worthcalc.win/en/annual-fee-card-breakeven/"", ""https://worthcalc.win/en/annual-vs-monthly-billing/"", ""https://worthcalc.win/en/changelog/"", ""https://worthcalc.win/en/contact/"", ""https://worthcalc.win/en/disclaimer/"", ""https://worthcalc.win/en/guides/"", ""https://worthcalc.win/en/money/"", ""https://worthcalc.win/en/privacy/"", ""https://worthcalc.win/en/subscription-creep/"", ""https://worthcalc.win/en/terms/"", ""https://worthcalc.win/en/tools/"", ""https://worthcalc.win/en/tools/subscription-audit/"", ""https://worthcalc.win/en/topics/memberships/"", ""https://worthcalc.win/zh/annual-vs-monthly-billing/""]",[],[],False,5,[]
https://worthcalc.win/en/apr-vs-apy/,200,https://worthcalc.win/en/apr-vs-apy/,https://worthcalc.win/en/apr-vs-apy/,200,"index,follow",,"APR vs APY: Interest Rate, Borrowing Cost & Savings Yield Explained | WorthCalc",APR standardizes borrowing cost; APY reflects deposit interest and compounding. Learn why two percentages that look similar describe opposite sides of the financial system.,"[""APR vs. APY: Why Borrowing Rates and Savings Yields Are Not the Same Number""]",en,[],"{""en"": ""https://worthcalc.win/en/apr-vs-apy/"", ""zh-TW"": ""https://worthcalc.win/zh/apr-vs-apy/"", ""x-default"": ""https://worthcalc.win/en/apr-vs-apy/""}",[],"[""https://worthcalc.win/"", ""https://worthcalc.win/en/about/"", ""https://worthcalc.win/en/apr-vs-apy/"", ""https://worthcalc.win/en/changelog/"", ""https://worthcalc.win/en/contact/"", ""https://worthcalc.win/en/disclaimer/"", ""https://worthcalc.win/en/guides/"", ""https://worthcalc.win/en/loan-term-monthly-payment-vs-total-interest/"", ""https://worthcalc.win/en/money/"", ""https://worthcalc.win/en/privacy/"", ""https://worthcalc.win/en/terms/"", ""https://worthcalc.win/en/tools/"", ""https://worthcalc.win/en/tools/compound-growth/"", ""https://worthcalc.win/en/tools/installment-true-apr/"", ""https://worthcalc.win/en/topics/debt-credit/"", ""https://worthcalc.win/zh/apr-vs-apy/""]",[],[],False,3,[]
https://worthcalc.win/en/average-commuting-cost/,200,https://worthcalc.win/en/average-commuting-cost/,https://worthcalc.win/en/average-commuting-cost/,200,"index, follow, max-image-preview:large",,Average Commuting Cost: Build a Benchmark Without a Misleading National Average | WorthCalc,"Calculate annual and monthly commuting cost from your own distance, workdays, vehicle rate, parking, tolls, and faresâthen compare it with benchmarks that actually fit your decision.","[""Average Commuting Cost: Build a Benchmark Without a Misleading National Average""]",en,[],"{""en"": ""https://worthcalc.win/en/average-commuting-cost/"", ""zh-TW"": ""https://worthcalc.win/zh/average-commuting-cost/"", ""x-default"": ""https://worthcalc.win/en/average-commuting-cost/""}",[],"[""https://worthcalc.win/"", ""https://worthcalc.win/en/about/"", ""https://worthcalc.win/en/average-commuting-cost/"", ""https://worthcalc.win/en/changelog/"", ""https://worthcalc.win/en/contact/"", ""https://worthcalc.win/en/disclaimer/"", ""https://worthcalc.win/en/guides/"", ""https://worthcalc.win/en/money/"", ""https://worthcalc.win/en/privacy/"", ""https://worthcalc.win/en/terms/"", ""https://worthcalc.win/en/tools/"", ""https://worthcalc.win/en/tools/commute-cost/"", ""https://worthcalc.win/en/tools/cost-per-mile/"", ""https://worthcalc.win/en/topics/transportation/"", ""https://worthcalc.win/zh/average-commuting-cost/""]",[],[],False,5,[]
https://worthcalc.win/en/bnpl-vs-credit-card-installments/,200,https://worthcalc.win/en/bnpl-vs-credit-card-installments/,https://worthcalc.win/en/bnpl-vs-credit-card-installments/,200,"index, follow, max-image-preview:large",,BNPL vs Credit Card Installments: Which Costs Less? (2026),"Fees, interest, late penalties and credit impact compared, with a calculator for your purchase.","[""Buy now, pay later vs credit-card installments: compare total cost and timing""]",en,[],"{""en"": ""https://worthcalc.win/en/bnpl-vs-credit-card-installments/"", ""zh-TW"": ""https://worthcalc.win/zh/bnpl-vs-credit-card-installments/"", ""x-default"": ""https://worthcalc.win/en/bnpl-vs-credit-card-installments/""}",[],"[""https://worthcalc.win/"", ""https://worthcalc.win/de/bnpl-vs-credit-card-installments/"", ""https://worthcalc.win/en/about/"", ""https://worthcalc.win/en/bnpl-vs-credit-card-installments/"", ""https://worthcalc.win/en/changelog/"", ""https://worthcalc.win/en/contact/"", ""https://worthcalc.win/en/disclaimer/"", ""https://worthcalc.win/en/guides/"", ""https://worthcalc.win/en/money/"", ""https://worthcalc.win/en/privacy/"", ""https://worthcalc.win/en/terms/"", ""https://worthcalc.win/en/tools/"", ""https://worthcalc.win/en/tools/installment-true-apr/"", ""https://worthcalc.win/en/topics/debt-credit/"", ""https://worthcalc.win/en/zero-interest-installments-truth/"", ""https://worthcalc.win/es/bnpl-vs-credit-card-installments/"", ""https://worthcalc.win/fr/bnpl-vs-credit-card-installments/"", ""https://worthcalc.win/zh/bnpl-vs-credit-card-installments/""]",[],[],False,5,[]
https://worthcalc.win/en/budget-with-irregular-income/,200,https://worthcalc.win/en/budget-with-irregular-income/,https://worthcalc.win/en/budget-with-irregular-income/,200,"index, follow, max-image-preview:large",,How to Budget on Irregular Income Without Guessing Next Month | WorthCalc,"A floor-based budgeting method for freelancers and gig workers: turn variable pay and annual bills into one monthly plan, and set aside enough for quarterly estimated taxes.","[""How to Budget on Irregular Income Without Guessing Next Month""]",en,[],"{""en"": ""https://worthcalc.win/en/budget-with-irregular-income/"", ""zh-TW"": ""https://worthcalc.win/zh/budget-with-irregular-income/"", ""x-default"": ""https://worthcalc.win/en/budget-with-irregular-income/""}",[],"[""https://worthcalc.win/"", ""https://worthcalc.win/de/budget-with-irregular-income/"", ""https://worthcalc.win/en/about/"", ""https://worthcalc.win/en/budget-with-irregular-income/"", ""https://worthcalc.win/en/changelog/"", ""https://worthcalc.win/en/contact/"", ""https://worthcalc.win/en/disclaimer/"", ""https://worthcalc.win/en/guides/"", ""https://worthcalc.win/en/guides/prepay-rent-discount-vs-liquidity/"", ""https://worthcalc.win/en/money/"", ""https://worthcalc.win/en/privacy/"", ""https://worthcalc.win/en/terms/"", ""https://worthcalc.win/en/tools/"", ""https://worthcalc.win/en/tools/budget-builder/"", ""https://worthcalc.win/en/topics/income-savings/"", ""https://worthcalc.win/es/budget-with-irregular-income/"", ""https://worthcalc.win/fr/budget-with-irregular-income/"", ""https://worthcalc.win/zh/budget-with-irregular-income/"", ""https://worthcalc.win/zh/guides/joint-account-minimum-cash-floor/"", ""https://worthcalc.win/zh/guides/prepay-rent-discount-vs-liquidity/""]",[],[],False,4,[]
https://worthcalc.win/en/bulk-buying-vs-small-packages/,200,https://worthcalc.win/en/bulk-buying-vs-small-packages/,https://worthcalc.win/en/bulk-buying-vs-small-packages/,200,"index, follow, max-image-preview:large",,Bulk buy or small pack? Effective unit cost after waste and storage | WorthCalc,"Compare bulk and small packs using usable quantity, spoilage, expiry, membership, shipping and storageânot sticker unit price.","[""Bulk buy or small pack? Effective unit cost after waste and storage""]",en,[],"{""en"": ""https://worthcalc.win/en/bulk-buying-vs-small-packages/"", ""zh-TW"": ""https://worthcalc.win/zh/bulk-buying-vs-small-packages/"", ""x-default"": ""https://worthcalc.win/en/bulk-buying-vs-small-packages/""}",[],"[""https://worthcalc.win/"", ""https://worthcalc.win/de/bulk-buying-vs-small-packages/"", ""https://worthcalc.win/en/about/"", ""https://worthcalc.win/en/bulk-buying-vs-small-packages/"", ""https://worthcalc.win/en/changelog/"", ""https://worthcalc.win/en/contact/"", ""https://worthcalc.win/en/disclaimer/"", ""https://worthcalc.win/en/guides/"", ""https://worthcalc.win/en/money/"", ""https://worthcalc.win/en/privacy/"", ""https://worthcalc.win/en/terms/"", ""https://worthcalc.win/en/tools/"", ""https://worthcalc.win/en/topics/everyday/"", ""https://worthcalc.win/es/bulk-buying-vs-small-packages/"", ""https://worthcalc.win/fr/bulk-buying-vs-small-packages/"", ""https://worthcalc.win/zh/bulk-buying-vs-small-packages/""]",[],[],False,5,[]
https://worthcalc.win/en/bulk-buying-waste-math/,200,https://worthcalc.win/en/bulk-buying-waste-math/,https://worthcalc.win/en/bulk-buying-waste-math/,200,"index, follow, max-image-preview:large",,Is Buying in Bulk Actually Cheaper? Price the Part You Throw Away | WorthCalc,"The big jug is 25% cheaper per ounce â but you only finish two-thirds. Effective unit cost, honest waste rates, what belongs in bulk, and what is destined for the trash.","[""Is Buying in Bulk Actually Cheaper? Price the Part You Throw Away""]",en,[],"{""en"": ""https://worthcalc.win/en/bulk-buying-waste-math/"", ""zh-TW"": ""https://worthcalc.win/zh/bulk-buying-waste-math/"", ""x-default"": ""https://worthcalc.win/en/bulk-buying-waste-math/""}",[],"[""https://worthcalc.win/"", ""https://worthcalc.win/de/bulk-buying-waste-math/"", ""https://worthcalc.win/en/about/"", ""https://worthcalc.win/en/bulk-buying-waste-math/"", ""https://worthcalc.win/en/changelog/"", ""https://worthcalc.win/en/contact/"", ""https://worthcalc.win/en/costco-math/"", ""https://worthcalc.win/en/disclaimer/"", ""https://worthcalc.win/en/guides/"", ""https://worthcalc.win/en/money/"", ""https://worthcalc.win/en/privacy/"", ""https://worthcalc.win/en/terms/"", ""https://worthcalc.win/en/tools/"", ""https://worthcalc.win/en/tools/costco-membership/"", ""https://worthcalc.win/en/tools/latte-factor/"", ""https://worthcalc.win/en/topics/everyday/"", ""https://worthcalc.win/es/bulk-buying-waste-math/"", ""https://worthcalc.win/fr/bulk-buying-waste-math/"", ""https://worthcalc.win/zh/bulk-buying-waste-math/""]",[],[],False,5,[]
https://worthcalc.win/en/car-lease-vs-buy-total-cost/,200,https://worthcalc.win/en/car-lease-vs-buy-total-cost/,https://worthcalc.win/en/car-lease-vs-buy-total-cost/,200,"index, follow, max-image-preview:large",,"Lease vs buy a car: compare total cost, mileage, and resale risk | WorthCalc","Compare a car lease return with buying over the same months, including due-at-signing cash, mileage limits, end fees, loan interest, resale and residual risk.","[""Lease vs buy a car: compare total cost, mileage, and resale risk""]",en,[],"{""en"": ""https://worthcalc.win/en/car-lease-vs-buy-total-cost/"", ""zh-TW"": ""https://worthcalc.win/zh/car-lease-vs-buy-total-cost/"", ""x-default"": ""https://worthcalc.win/en/car-lease-vs-buy-total-cost/""}",[],"[""https://worthcalc.win/"", ""https://worthcalc.win/de/car-lease-vs-buy-total-cost/"", ""https://worthcalc.win/en/about/"", ""https://worthcalc.win/en/car-lease-vs-buy-total-cost/"", ""https://worthcalc.win/en/changelog/"", ""https://worthcalc.win/en/contact/"", ""https://worthcalc.win/en/disclaimer/"", ""https://worthcalc.win/en/guides/"", ""https://worthcalc.win/en/money/"", ""https://worthcalc.win/en/new-vs-used-car-total-cost/"", ""https://worthcalc.win/en/privacy/"", ""https://worthcalc.win/en/terms/"", ""https://worthcalc.win/en/tools/"", ""https://worthcalc.win/en/topics/transportation/"", ""https://worthcalc.win/es/car-lease-vs-buy-total-cost/"", ""https://worthcalc.win/fr/car-lease-vs-buy-total-cost/"", ""https://worthcalc.win/zh/car-lease-vs-buy-total-cost/""]",[],[],False,5,[]
https://worthcalc.win/en/cashback-caps-real-reward-rate/,200,https://worthcalc.win/en/cashback-caps-real-reward-rate/,https://worthcalc.win/en/cashback-caps-real-reward-rate/,200,"index, follow, max-image-preview:large",,Cashback caps and bonus categories: calculate your real reward rate | WorthCalc,"Calculate a real cash-back rate after category caps, fallback rates, excluded purchases, returns, activation rules, and mixed spending.","[""Cashback caps and bonus categories: calculate your real reward rate""]",en,[],"{""en"": ""https://worthcalc.win/en/cashback-caps-real-reward-rate/"", ""zh-TW"": ""https://worthcalc.win/zh/cashback-caps-real-reward-rate/"", ""x-default"": ""https://worthcalc.win/en/cashback-caps-real-reward-rate/""}",[],"[""https://worthcalc.win/"", ""https://worthcalc.win/de/cashback-caps-real-reward-rate/"", ""https://worthcalc.win/en/about/"", ""https://worthcalc.win/en/cashback-caps-real-reward-rate/"", ""https://worthcalc.win/en/changelog/"", ""https://worthcalc.win/en/contact/"", ""https://worthcalc.win/en/disclaimer/"", ""https://worthcalc.win/en/guides/"", ""https://worthcalc.win/en/money/"", ""https://worthcalc.win/en/privacy/"", ""https://worthcalc.win/en/terms/"", ""https://worthcalc.win/en/tools/"", ""https://worthcalc.win/en/tools/cashback-breakeven/"", ""https://worthcalc.win/en/topics/debt-credit/"", ""https://worthcalc.win/es/cashback-caps-real-reward-rate/"", ""https://worthcalc.win/fr/cashback-caps-real-reward-rate/"", ""https://worthcalc.win/zh/cashback-caps-real-reward-rate/""]",[],[],False,5,[]
https://worthcalc.win/en/changelog/,200,https://worthcalc.win/en/changelog/,https://worthcalc.win/en/changelog/,200,"index, follow, max-image-preview:large",,Changelog | WorthCalc,Release history for WorthCalc's free money-decision calculators.,"[""Changelog""]",en,[],"{""en"": ""https://worthcalc.win/en/changelog/"", ""zh-TW"": ""https://worthcalc.win/zh/changelog/"", ""x-default"": ""https://worthcalc.win/en/changelog/""}",[],"[""https://worthcalc.win/"", ""https://worthcalc.win/de/changelog/"", ""https://worthcalc.win/en/about/"", ""https://worthcalc.win/en/changelog/"", ""https://worthcalc.win/en/contact/"", ""https://worthcalc.win/en/disclaimer/"", ""https://worthcalc.win/en/guides/"", ""https://worthcalc.win/en/money/"", ""https://worthcalc.win/en/privacy/"", ""https://worthcalc.win/en/terms/"", ""https://worthcalc.win/en/tools/"", ""https://worthcalc.win/es/changelog/"", ""https://worthcalc.win/fr/changelog/"", ""https://worthcalc.win/zh/changelog/""]",[],[],False,4,[]
https://worthcalc.win/en/contact/,200,https://worthcalc.win/en/contact/,https://worthcalc.win/en/contact/,200,"index, follow, max-image-preview:large",,Contact WorthCalc | WorthCalc,"Reach the WorthCalc team about calculator bugs, math corrections, feature requests, or partnership inquiries.","[""Contact WorthCalc""]",en,[],"{""en"": ""https://worthcalc.win/en/contact/"", ""zh-TW"": ""https://worthcalc.win/zh/contact/"", ""x-default"": ""https://worthcalc.win/en/contact/""}",[],"[""https://worthcalc.win/"", ""https://worthcalc.win/de/contact/"", ""https://worthcalc.win/en/about/"", ""https://worthcalc.win/en/changelog/"", ""https://worthcalc.win/en/contact/"", ""https://worthcalc.win/en/disclaimer/"", ""https://worthcalc.win/en/guides/"", ""https://worthcalc.win/en/money/"", ""https://worthcalc.win/en/privacy/"", ""https://worthcalc.win/en/terms/"", ""https://worthcalc.win/en/tools/"", ""https://worthcalc.win/es/contact/"", ""https://worthcalc.win/fr/contact/"", ""https://worthcalc.win/zh/contact/""]",[],[],False,4,[]
https://worthcalc.win/en/costco-math/,200,https://worthcalc.win/en/costco-math/,https://worthcalc.win/en/costco-math/,200,"index, follow, max-image-preview:large",,Costco Math: When Bulk Buying Actually Saves Money (2026),"Unit price, spoilage and storage, membership fee per trip. The formulas, then a calculator.","[""The Math of Warehouse Club Memberships""]",en,[],"{""en"": ""https://worthcalc.win/en/costco-math/"", ""zh-TW"": ""https://worthcalc.win/zh/costco-math/"", ""x-default"": ""https://worthcalc.win/en/costco-math/""}",[],"[""https://worthcalc.win/"", ""https://worthcalc.win/de/costco-math/"", ""https://worthcalc.win/en/about/"", ""https://worthcalc.win/en/changelog/"", ""https://worthcalc.win/en/contact/"", ""https://worthcalc.win/en/costco-math/"", ""https://worthcalc.win/en/disclaimer/"", ""https://worthcalc.win/en/guides/"", ""https://worthcalc.win/en/money/"", ""https://worthcalc.win/en/privacy/"", ""https://worthcalc.win/en/subscription-creep/"", ""https://worthcalc.win/en/terms/"", ""https://worthcalc.win/en/tools/"", ""https://worthcalc.win/en/tools/cashback-breakeven/"", ""https://worthcalc.win/en/tools/costco-membership/"", ""https://worthcalc.win/en/topics/memberships/"", ""https://worthcalc.win/es/costco-math/"", ""https://worthcalc.win/fr/costco-math/"", ""https://worthcalc.win/zh/costco-math/""]",[],[],False,5,[]
https://worthcalc.win/en/credit-card-minimum-payment-trap/,200,https://worthcalc.win/en/credit-card-minimum-payment-trap/,https://worthcalc.win/en/credit-card-minimum-payment-trap/,200,"index, follow, max-image-preview:large",,Why Your Credit Card Statement Warns You About the Minimum Payment | WorthCalc,"The federal law behind the minimum-payment warning box, how issuers calculate the minimum, and what a fixed payment saves versus letting the balance ride.","[""Why Your Credit Card Statement Warns You About the Minimum Payment""]",en,[],"{""en"": ""https://worthcalc.win/en/credit-card-minimum-payment-trap/"", ""zh-TW"": ""https://worthcalc.win/zh/credit-card-minimum-payment-trap/"", ""x-default"": ""https://worthcalc.win/en/credit-card-minimum-payment-trap/""}",[],"[""https://worthcalc.win/"", ""https://worthcalc.win/de/credit-card-minimum-payment-trap/"", ""https://worthcalc.win/en/about/"", ""https://worthcalc.win/en/changelog/"", ""https://worthcalc.win/en/contact/"", ""https://worthcalc.win/en/credit-card-minimum-payment-trap/"", ""https://worthcalc.win/en/disclaimer/"", ""https://worthcalc.win/en/guides/"", ""https://worthcalc.win/en/money/"", ""https://worthcalc.win/en/privacy/"", ""https://worthcalc.win/en/terms/"", ""https://worthcalc.win/en/tools/"", ""https://worthcalc.win/en/tools/credit-card-payoff/"", ""https://worthcalc.win/en/topics/debt-credit/"", ""https://worthcalc.win/es/credit-card-minimum-payment-trap/"", ""https://worthcalc.win/fr/credit-card-minimum-payment-trap/"", ""https://worthcalc.win/zh/credit-card-minimum-payment-trap/""]",[],[],False,4,[]
https://worthcalc.win/en/delivery-membership-break-even/,200,https://worthcalc.win/en/delivery-membership-break-even/,https://worthcalc.win/en/delivery-membership-break-even/,200,"index, follow, max-image-preview:large",,When is a delivery membership worth the annual fee? | WorthCalc,"Calculate delivery-membership break-even from eligible orders, fee differences, basket minimums, extra spend, and months with no use.","[""When is a delivery membership worth the annual fee?""]",en,[],"{""en"": ""https://worthcalc.win/en/delivery-membership-break-even/"", ""zh-TW"": ""https://worthcalc.win/zh/delivery-membership-break-even/"", ""x-default"": ""https://worthcalc.win/en/delivery-membership-break-even/""}",[],"[""https://worthcalc.win/"", ""https://worthcalc.win/de/delivery-membership-break-even/"", ""https://worthcalc.win/en/about/"", ""https://worthcalc.win/en/changelog/"", ""https://worthcalc.win/en/contact/"", ""https://worthcalc.win/en/delivery-membership-break-even/"", ""https://worthcalc.win/en/disclaimer/"", ""https://worthcalc.win/en/guides/"", ""https://worthcalc.win/en/money/"", ""https://worthcalc.win/en/privacy/"", ""https://worthcalc.win/en/terms/"", ""https://worthcalc.win/en/tools/"", ""https://worthcalc.win/en/topics/memberships/"", ""https://worthcalc.win/es/delivery-membership-break-even/"", ""https://worthcalc.win/fr/delivery-membership-break-even/"", ""https://worthcalc.win/zh/delivery-membership-break-even/""]",[],[],False,5,[]
https://worthcalc.win/en/disclaimer/,200,https://worthcalc.win/en/disclaimer/,https://worthcalc.win/en/disclaimer/,200,"index, follow, max-image-preview:large",,Disclaimer | WorthCalc,WorthCalc's calculators produce estimates for general information only. Not financial or investment advice.,"[""Disclaimer""]",en,[],"{""en"": ""https://worthcalc.win/en/disclaimer/"", ""zh-TW"": ""https://worthcalc.win/zh/disclaimer/"", ""x-default"": ""https://worthcalc.win/en/disclaimer/""}",[],"[""https://worthcalc.win/"", ""https://worthcalc.win/de/disclaimer/"", ""https://worthcalc.win/en/about/"", ""https://worthcalc.win/en/changelog/"", ""https://worthcalc.win/en/contact/"", ""https://worthcalc.win/en/disclaimer/"", ""https://worthcalc.win/en/guides/"", ""https://worthcalc.win/en/money/"", ""https://worthcalc.win/en/privacy/"", ""https://worthcalc.win/en/terms/"", ""https://worthcalc.win/en/tools/"", ""https://worthcalc.win/es/disclaimer/"", ""https://worthcalc.win/fr/disclaimer/"", ""https://worthcalc.win/zh/disclaimer/""]",[],[],False,4,[]
https://worthcalc.win/en/emergency-fund-irregular-income/,200,https://worthcalc.win/en/emergency-fund-irregular-income/,https://worthcalc.win/en/emergency-fund-irregular-income/,200,"index,follow",,Emergency Fund for Irregular Income: Freelancer & Variable-Pay Guide | WorthCalc,"Build an emergency fund around essential expenses, income floors, slow seasons, taxes, and client concentrationânot an average monthly paycheck that may never arrive on schedule.","[""Emergency Fund for Irregular Income: A Better Method Than âSix Months of Salaryâ""]",en,[],"{""en"": ""https://worthcalc.win/en/emergency-fund-irregular-income/"", ""zh-TW"": ""https://worthcalc.win/zh/emergency-fund-irregular-income/"", ""x-default"": ""https://worthcalc.win/en/emergency-fund-irregular-income/""}",[],"[""https://worthcalc.win/"", ""https://worthcalc.win/en/about/"", ""https://worthcalc.win/en/budget-with-irregular-income/"", ""https://worthcalc.win/en/changelog/"", ""https://worthcalc.win/en/contact/"", ""https://worthcalc.win/en/disclaimer/"", ""https://worthcalc.win/en/emergency-fund-irregular-income/"", ""https://worthcalc.win/en/guides/"", ""https://worthcalc.win/en/guides/cash-flow-buffer-vs-emergency-fund/"", ""https://worthcalc.win/en/guides/insurance-deductible-cash-reserve/"", ""https://worthcalc.win/en/guides/windfall-debt-vs-cash-allocation/"", ""https://worthcalc.win/en/money/"", ""https://worthcalc.win/en/net-worth-vs-liquid-net-worth/"", ""https://worthcalc.win/en/privacy/"", ""https://worthcalc.win/en/terms/"", ""https://worthcalc.win/en/tools/"", ""https://worthcalc.win/en/tools/budget-builder/"", ""https://worthcalc.win/en/topics/income-savings/"", ""https://worthcalc.win/zh/emergency-fund-irregular-income/""]",[],[],False,3,[]
https://worthcalc.win/en/energy-efficient-appliance-payback/,200,https://worthcalc.win/en/energy-efficient-appliance-payback/,https://worthcalc.win/en/energy-efficient-appliance-payback/,200,"index, follow, max-image-preview:large",,"Energy-efficient appliance payback: price premium, kWh savings, and break-even | WorthCalc","Calculate appliance payback from purchase-price difference, kWh per use, annual frequency, marginal electricity rate, rebate and holding life.","[""Energy-efficient appliance payback: price premium, kWh savings, and break-even""]",en,[],"{""en"": ""https://worthcalc.win/en/energy-efficient-appliance-payback/"", ""zh-TW"": ""https://worthcalc.win/zh/energy-efficient-appliance-payback/"", ""x-default"": ""https://worthcalc.win/en/energy-efficient-appliance-payback/""}",[],"[""https://worthcalc.win/"", ""https://worthcalc.win/de/energy-efficient-appliance-payback/"", ""https://worthcalc.win/en/about/"", ""https://worthcalc.win/en/changelog/"", ""https://worthcalc.win/en/contact/"", ""https://worthcalc.win/en/disclaimer/"", ""https://worthcalc.win/en/energy-efficient-appliance-payback/"", ""https://worthcalc.win/en/guides/"", ""https://worthcalc.win/en/money/"", ""https://worthcalc.win/en/privacy/"", ""https://worthcalc.win/en/terms/"", ""https://worthcalc.win/en/tools/"", ""https://worthcalc.win/en/topics/everyday/"", ""https://worthcalc.win/es/energy-efficient-appliance-payback/"", ""https://worthcalc.win/fr/energy-efficient-appliance-payback/"", ""https://worthcalc.win/zh/energy-efficient-appliance-payback/""]",[],[],False,5,[]
https://worthcalc.win/en/ev-vs-gas-total-cost/,200,https://worthcalc.win/en/ev-vs-gas-total-cost/,https://worthcalc.win/en/ev-vs-gas-total-cost/,200,"index, follow, max-image-preview:large",,EV vs Gas Total Cost of Ownership: 5-Year Comparison (2026),"Purchase price, fuel or charging, maintenance, insurance and resale, side by side. Sources listed, then a calculator.","[""EV vs gas car: how to compare total cost of ownership""]",en,[],"{""en"": ""https://worthcalc.win/en/ev-vs-gas-total-cost/"", ""zh-TW"": ""https://worthcalc.win/zh/ev-vs-gas-total-cost/"", ""x-default"": ""https://worthcalc.win/en/ev-vs-gas-total-cost/""}",[],"[""https://worthcalc.win/"", ""https://worthcalc.win/de/ev-vs-gas-total-cost/"", ""https://worthcalc.win/en/about/"", ""https://worthcalc.win/en/changelog/"", ""https://worthcalc.win/en/contact/"", ""https://worthcalc.win/en/disclaimer/"", ""https://worthcalc.win/en/ev-vs-gas-total-cost/"", ""https://worthcalc.win/en/guides/"", ""https://worthcalc.win/en/money/"", ""https://worthcalc.win/en/privacy/"", ""https://worthcalc.win/en/terms/"", ""https://worthcalc.win/en/tools/"", ""https://worthcalc.win/en/topics/transportation/"", ""https://worthcalc.win/es/ev-vs-gas-total-cost/"", ""https://worthcalc.win/fr/ev-vs-gas-total-cost/"", ""https://worthcalc.win/zh/ev-vs-gas-total-cost/""]",[],[],False,5,[]
https://worthcalc.win/en/extended-warranty-math/,200,https://worthcalc.win/en/extended-warranty-math/,https://worthcalc.win/en/extended-warranty-math/,200,"index, follow, max-image-preview:large",,Is the Extended Warranty Worth It? The Expected-Value Math and Three Real Exceptions | WorthCalc,"Extended warranties cost 10â20% of the product; most electronics fail under 10% of the time in the window. The expectation says no â except for three cases: can't-afford-to-repair, breaks-often, can't-afford-downtime.","[""Is the Extended Warranty Worth It? The Expected-Value Math and Three Real Exceptions""]",en,[],"{""en"": ""https://worthcalc.win/en/extended-warranty-math/"", ""zh-TW"": ""https://worthcalc.win/zh/extended-warranty-math/"", ""x-default"": ""https://worthcalc.win/en/extended-warranty-math/""}",[],"[""https://worthcalc.win/"", ""https://worthcalc.win/en/about/"", ""https://worthcalc.win/en/changelog/"", ""https://worthcalc.win/en/contact/"", ""https://worthcalc.win/en/disclaimer/"", ""https://worthcalc.win/en/extended-warranty-math/"", ""https://worthcalc.win/en/guides/"", ""https://worthcalc.win/en/money/"", ""https://worthcalc.win/en/privacy/"", ""https://worthcalc.win/en/terms/"", ""https://worthcalc.win/en/tools/"", ""https://worthcalc.win/en/tools/latte-factor/"", ""https://worthcalc.win/en/topics/everyday/"", ""https://worthcalc.win/zh/extended-warranty-math/""]",[],[],False,5,[]
https://worthcalc.win/en/extra-mortgage-payments-guide/,200,https://worthcalc.win/en/extra-mortgage-payments-guide/,https://worthcalc.win/en/extra-mortgage-payments-guide/,200,"index, follow, max-image-preview:large",,Do Extra Mortgage Payments Save Money? Interest and Years Cut (2026),"How one extra payment a year or a bi-weekly schedule changes total interest and payoff date, with a calculator.","[""Extra Mortgage Payments: What They Actually Save You""]",en,[],"{""en"": ""https://worthcalc.win/en/extra-mortgage-payments-guide/"", ""zh-TW"": ""https://worthcalc.win/zh/extra-mortgage-payments-guide/"", ""x-default"": ""https://worthcalc.win/en/extra-mortgage-payments-guide/""}",[],"[""https://worthcalc.win/"", ""https://worthcalc.win/de/extra-mortgage-payments-guide/"", ""https://worthcalc.win/en/about/"", ""https://worthcalc.win/en/changelog/"", ""https://worthcalc.win/en/contact/"", ""https://worthcalc.win/en/disclaimer/"", ""https://worthcalc.win/en/extra-mortgage-payments-guide/"", ""https://worthcalc.win/en/guides/"", ""https://worthcalc.win/en/money/"", ""https://worthcalc.win/en/privacy/"", ""https://worthcalc.win/en/terms/"", ""https://worthcalc.win/en/tools/"", ""https://worthcalc.win/en/tools/mortgage-payoff/"", ""https://worthcalc.win/en/topics/housing/"", ""https://worthcalc.win/es/extra-mortgage-payments-guide/"", ""https://worthcalc.win/fr/extra-mortgage-payments-guide/"", ""https://worthcalc.win/zh/extra-mortgage-payments-guide/""]",[],[],False,4,[]
https://worthcalc.win/en/full-commute-cost-including-time/,200,https://worthcalc.win/en/full-commute-cost-including-time/,https://worthcalc.win/en/full-commute-cost-including-time/,200,"index, follow, max-image-preview:large",,"How to calculate the full cost of commuting, including your time | WorthCalc","Calculate monthly commute cost from energy, fares, parking, maintenance, depreciation and optional personal time value without treating time as salary.","[""How to calculate the full cost of commuting, including your time""]",en,[],"{""en"": ""https://worthcalc.win/en/full-commute-cost-including-time/"", ""zh-TW"": ""https://worthcalc.win/zh/full-commute-cost-including-time/"", ""x-default"": ""https://worthcalc.win/en/full-commute-cost-including-time/""}",[],"[""https://worthcalc.win/"", ""https://worthcalc.win/de/full-commute-cost-including-time/"", ""https://worthcalc.win/en/about/"", ""https://worthcalc.win/en/changelog/"", ""https://worthcalc.win/en/contact/"", ""https://worthcalc.win/en/disclaimer/"", ""https://worthcalc.win/en/full-commute-cost-including-time/"", ""https://worthcalc.win/en/guides/"", ""https://worthcalc.win/en/money/"", ""https://worthcalc.win/en/privacy/"", ""https://worthcalc.win/en/terms/"", ""https://worthcalc.win/en/tools/"", ""https://worthcalc.win/en/topics/transportation/"", ""https://worthcalc.win/es/full-commute-cost-including-time/"", ""https://worthcalc.win/fr/full-commute-cost-including-time/"", ""https://worthcalc.win/zh/full-commute-cost-including-time/""]",[],[],False,5,[]
https://worthcalc.win/en/guides/,200,https://worthcalc.win/en/guides/,https://worthcalc.win/en/guides/,200,"index, follow, max-image-preview:large",,All guides | WorthCalc,"Every WorthCalc decision guide, grouped by topic: housing, debt and credit, transportation, everyday break-evens, memberships, and income and savings.","[""All guides""]",en,[],"{""en"": ""https://worthcalc.win/en/guides/"", ""zh-TW"": ""https://worthcalc.win/zh/guides/"", ""x-default"": ""https://worthcalc.win/en/guides/""}",[],"[""https://worthcalc.win/"", ""https://worthcalc.win/de/guides/"", ""https://worthcalc.win/en/about/"", ""https://worthcalc.win/en/annual-fee-card-breakeven/"", ""https://worthcalc.win/en/annual-vs-monthly-billing/"", ""https://worthcalc.win/en/apr-vs-apy/"", ""https://worthcalc.win/en/average-commuting-cost/"", ""https://worthcalc.win/en/bnpl-vs-credit-card-installments/"", ""https://worthcalc.win/en/budget-with-irregular-income/"", ""https://worthcalc.win/en/bulk-buying-vs-small-packages/"", ""https://worthcalc.win/en/bulk-buying-waste-math/"", ""https://worthcalc.win/en/car-lease-vs-buy-total-cost/"", ""https://worthcalc.win/en/cashback-caps-real-reward-rate/"", ""https://worthcalc.win/en/changelog/"", ""https://worthcalc.win/en/contact/"", ""https://worthcalc.win/en/cost-per-use-expensive-item/"", ""https://worthcalc.win/en/costco-math/"", ""https://worthcalc.win/en/credit-card-minimum-payment-trap/"", ""https://worthcalc.win/en/delivery-membership-break-even/"", ""https://worthcalc.win/en/disclaimer/"", ""https://worthcalc.win/en/emergency-fund-irregular-income/"", ""https://worthcalc.win/en/energy-efficient-appliance-payback/"", ""https://worthcalc.win/en/ev-vs-gas-total-cost/"", ""https://worthcalc.win/en/extended-warranty-math/"", ""https://worthcalc.win/en/extra-mortgage-payments-guide/"", ""https://worthcalc.win/en/free-shipping-threshold/"", ""https://worthcalc.win/en/freelancer-pricing-decision-engine/"", ""https://worthcalc.win/en/full-commute-cost-including-time/"", ""https://worthcalc.win/en/guides/"", ""https://worthcalc.win/en/guides/ai-tool-realized-time-savings-break-even/"", ""https://worthcalc.win/en/guides/amortization-schedule-explained/"", ""https://worthcalc.win/en/guides/annual-bills-cash-flow-low-point/"", ""https://worthcalc.win/en/guides/annual-bills-monthly-equivalent/"", ""https://worthcalc.win/en/guides/annual-cost-savings-calculator/"", ""https://worthcalc.win/en/guides/annual-plan-cancellation-risk-break-even/"", ""https://worthcalc.win/en/guides/annual-vs-monthly-insurance-payment/"", ""https://worthcalc.win/en/guides/auto-loan-negative-equity-rollover-cost/"", ""https://worthcalc.win/en/guides/balance-transfer-break-even/"", ""https://worthcalc.win/en/guides/benefits-replacement-cost-vs-salary/"", ""https://worthcalc.win/en/guides/bonus-volatility-fixed-cost-capacity/"", ""https://worthcalc.win/en/guides/car-down-payment-vs-liquidity/"", ""https://worthcalc.win/en/guides/car-loan-60-vs-72-vs-84-early-exit/"", ""https://worthcalc.win/en/guides/cash-discount-vs-financing/"", ""https://worthcalc.win/en/guides/cash-flow-buffer-vs-emergency-fund/"", ""https://worthcalc.win/en/guides/cash-runway-before-quitting-job/"", ""https://worthcalc.win/en/guides/cash-vs-financing-car-liquidity/"", ""https://worthcalc.win/en/guides/childcare-return-to-work-break-even/"", ""https://worthcalc.win/en/guides/clothes-dryer-cost-per-load-used/"", ""https://worthcalc.win/en/guides/cloud-storage-cost-per-retained-gb/"", ""https://worthcalc.win/en/guides/cost-of-delaying-savings-goal/"", ""https://worthcalc.win/en/guides/debt-consolidation-break-even/"", ""https://worthcalc.win/en/guides/debt-to-assets-ratio-personal/"", ""https://worthcalc.win/en/guides/dishwasher-cost-per-cycle-used/"", ""https://worthcalc.win/en/guides/electricity-cost-per-kwh-used/"", ""https://worthcalc.win/en/guides/event-ticket-cost-per-attended-hour/"", ""https://worthcalc.win/en/guides/financial-runway-months/"", ""https://worthcalc.win/en/guides/fixed-vs-variable-rate/"", ""https://worthcalc.win/en/guides/freelance-minimum-billable-rate/"", ""https://worthcalc.win/en/guides/fulltime-vs-parttime-childcare-break-even/"", ""https://worthcalc.win/en/guides/high-vs-low-insurance-deductible-break-even/"", ""https://worthcalc.win/en/guides/home-internet-cost-per-gb-used/"", ""https://worthcalc.win/en/guides/hvac-cost-per-operating-hour-used/"", ""https://worthcalc.win/en/guides/insurance-deductible-cash-reserve/"", ""https://worthcalc.win/en/guides/introductory-discount-renewal-cost/"", ""https://worthcalc.win/en/guides/language-class-cost-per-completed-session/"", ""https://worthcalc.win/en/guides/laundry-cost-per-load/"", ""https://worthcalc.win/en/guides/led-lighting-cost-per-hour-used/"", ""https://worthcalc.win/en/guides/loan-refinance-break-even/"", ""https://worthcalc.win/en/guides/meal-delivery-plan-cost-per-eaten-meal/"", ""https://worthcalc.win/en/guides/mobile-data-cost-per-gb-used/"", ""https://worthcalc.win/en/guides/monthly-vs-annual-total-cost/"", ""https://worthcalc.win/en/guides/mortgage-points-break-even/"", ""https://worthcalc.win/en/guides/mortgage-recast-vs-refinance-vs-extra-principal/"", ""https://worthcalc.win/en/guides/natural-gas-cost-per-therm-used/"", ""https://worthcalc.win/en/guides/one-time-switching-cost-payback/"", ""https://worthcalc.win/en/guides/oven-stove-cost-per-cooking-hour-used/"", ""https://worthcalc.win/en/guides/personal-liquidity-ratio/"", ""https://worthcalc.win/en/guides/post-debt-payoff-lifestyle-creep/"", ""https://worthcalc.win/en/guides/prepay-rent-discount-vs-liquidity/"", ""https://worthcalc.win/en/guides/real-vs-nominal-return/"", ""https://worthcalc.win/en/guides/recurring-costs-annual-total/"", ""https://worthcalc.win/en/guides/refrigerator-cost-per-day-used/"", ""https://worthcalc.win/en/guides/relocation-higher-salary-break-even/"", ""https://worthcalc.win/en/guides/remote-work-pay-cut-cash-break-even/"", ""https://worthcalc.win/en/guides/rent-increase-vs-moving-break-even/"", ""https://worthcalc.win/en/guides/savings-break-even-use-period/"", ""https://worthcalc.win/en/guides/sinking-fund-by-deadline/"", ""https://worthcalc.win/en/guides/software-add-on-cost-per-active-seat/"", ""https://worthcalc.win/en/guides/trade-in-vs-private-sale-net-proceeds/"", ""https://worthcalc.win/en/guides/training-certification-break-even/"", ""https://worthcalc.win/en/guides/unused-membership-capacity-cost/"", ""https://worthcalc.win/en/guides/water-bill-cost-per-gallon-used/"", ""https://worthcalc.win/en/guides/water-heater-cost-per-gallon-heated/"", ""https://worthcalc.win/en/guides/windfall-debt-vs-cash-allocation/"", ""https://worthcalc.win/en/gym-membership-cost-per-visit/"", ""https://worthcalc.win/en/home-vs-public-ev-charging-cost/"", ""https://worthcalc.win/en/hourly-vs-annual-salary/"", ""https://worthcalc.win/en/how-compound-growth-works/"", ""https://worthcalc.win/en/how-much-home-can-you-afford/"", ""https://worthcalc.win/en/how-to-calculate-dti/"", ""https://worthcalc.win/en/installment-apr-table/"", ""https://worthcalc.win/en/is-an-extended-warranty-worth-it/"", ""https://worthcalc.win/en/is-costco-executive-membership-worth-it/"", ""https://worthcalc.win/en/job-offer-true-value-decision-engine/"", ""https://worthcalc.win/en/loan-term-monthly-payment-vs-total-interest/"", ""https://worthcalc.win/en/meal-prep-vs-takeout-cost/"", ""https://worthcalc.win/en/money/"", ""https://worthcalc.win/en/money/credit-card-apr-2026/"", ""https://worthcalc.win/en/money/electricity-price-per-kwh-2026/"", ""https://worthcalc.win/en/money/irs-mileage-rate-2026/"", ""https://worthcalc.win/en/money/mortgage-rate-2026-payment-impact/"", ""https://worthcalc.win/en/money/streaming-prices-2026/"", ""https://worthcalc.win/en/monthly-vs-annual-subscription/"", ""https://worthcalc.win/en/net-worth-vs-liquid-net-worth/"", ""https://worthcalc.win/en/new-vs-used-car-total-cost/"", ""https://worthcalc.win/en/opportunity-cost-everyday/"", ""https://worthcalc.win/en/paid-membership-break-even/"", ""https://worthcalc.win/en/pay-raise-vs-inflation-purchasing-power/"", ""https://worthcalc.win/en/price-in-work-hours/"", ""https://worthcalc.win/en/price-per-wear-clothing-shoes/"", ""https://worthcalc.win/en/privacy/"", ""https://worthcalc.win/en/rent-vs-buy-breakeven-year/"", ""https://worthcalc.win/en/rent-vs-buy-guide/"", ""https://worthcalc.win/en/repair-or-replace-decision-formula/"", ""https://worthcalc.win/en/return-to-office-cost/"", ""https://worthcalc.win/en/reusable-vs-disposable-break-even/"", ""https://worthcalc.win/en/rule-of-72-explained/"", ""https://worthcalc.win/en/savings-rate-gross-vs-net/"", ""https://worthcalc.win/en/snowball-vs-avalanche/"", ""https://worthcalc.win/en/subscription-creep/"", ""https://worthcalc.win/en/sunk-cost-fallacy-everyday/"", ""https://worthcalc.win/en/terms/"", ""https://worthcalc.win/en/tools/"", ""https://worthcalc.win/en/topics/debt-credit/"", ""https://worthcalc.win/en/topics/everyday/"", ""https://worthcalc.win/en/topics/housing/"", ""https://worthcalc.win/en/topics/income-savings/"", ""https://worthcalc.win/en/topics/memberships/"", ""https://worthcalc.win/en/topics/transportation/"", ""https://worthcalc.win/en/true-cost-of-car-ownership/"", ""https://worthcalc.win/en/true-hourly-wage-after-commuting-work-expenses/"", ""https://worthcalc.win/en/upfront-fees-financing-cost/"", ""https://worthcalc.win/en/upgrade-your-phone-or-keep-it/"", ""https://worthcalc.win/en/work-from-home-vs-commuting-hidden-costs/"", ""https://worthcalc.win/en/zero-interest-installments-truth/"", ""https://worthcalc.win/es/guides/"", ""https://worthcalc.win/fr/guides/"", ""https://worthcalc.win/zh/guides/""]",[],[],False,3,[]
https://worthcalc.win/en/gym-membership-cost-per-visit/,200,https://worthcalc.win/en/gym-membership-cost-per-visit/,https://worthcalc.win/en/gym-membership-cost-per-visit/,200,"index, follow, max-image-preview:large",,Gym membership cost per visit: how often do you need to go? | WorthCalc,"Calculate real gym cost per visit from joining fees, monthly dues, service charges, missed months, attendance, and an equivalent drop-in price.","[""Gym membership cost per visit: how often do you need to go?""]",en,[],"{""en"": ""https://worthcalc.win/en/gym-membership-cost-per-visit/"", ""zh-TW"": ""https://worthcalc.win/zh/gym-membership-cost-per-visit/"", ""x-default"": ""https://worthcalc.win/en/gym-membership-cost-per-visit/""}",[],"[""https://worthcalc.win/"", ""https://worthcalc.win/de/gym-membership-cost-per-visit/"", ""https://worthcalc.win/en/about/"", ""https://worthcalc.win/en/changelog/"", ""https://worthcalc.win/en/contact/"", ""https://worthcalc.win/en/disclaimer/"", ""https://worthcalc.win/en/guides/"", ""https://worthcalc.win/en/gym-membership-cost-per-visit/"", ""https://worthcalc.win/en/money/"", ""https://worthcalc.win/en/privacy/"", ""https://worthcalc.win/en/terms/"", ""https://worthcalc.win/en/tools/"", ""https://worthcalc.win/en/topics/memberships/"", ""https://worthcalc.win/es/gym-membership-cost-per-visit/"", ""https://worthcalc.win/fr/gym-membership-cost-per-visit/"", ""https://worthcalc.win/zh/gym-membership-cost-per-visit/""]",[],[],False,5,[]
https://worthcalc.win/en/home-vs-public-ev-charging-cost/,200,https://worthcalc.win/en/home-vs-public-ev-charging-cost/,https://worthcalc.win/en/home-vs-public-ev-charging-cost/,200,"index, follow, max-image-preview:large",,Home charging vs public charging: what does an EV really cost per mile? | WorthCalc,"Calculate EV charging cost per mile from home, public AC and DC fast-charging rates, charging losses, kWh share, subscriptions and session fees.","[""Home charging vs public charging: what does an EV really cost per mile?""]",en,[],"{""en"": ""https://worthcalc.win/en/home-vs-public-ev-charging-cost/"", ""zh-TW"": ""https://worthcalc.win/zh/home-vs-public-ev-charging-cost/"", ""x-default"": ""https://worthcalc.win/en/home-vs-public-ev-charging-cost/""}",[],"[""https://worthcalc.win/"", ""https://worthcalc.win/de/home-vs-public-ev-charging-cost/"", ""https://worthcalc.win/en/about/"", ""https://worthcalc.win/en/changelog/"", ""https://worthcalc.win/en/contact/"", ""https://worthcalc.win/en/disclaimer/"", ""https://worthcalc.win/en/ev-vs-gas-total-cost/"", ""https://worthcalc.win/en/guides/"", ""https://worthcalc.win/en/home-vs-public-ev-charging-cost/"", ""https://worthcalc.win/en/money/"", ""https://worthcalc.win/en/privacy/"", ""https://worthcalc.win/en/terms/"", ""https://worthcalc.win/en/tools/"", ""https://worthcalc.win/en/topics/transportation/"", ""https://worthcalc.win/es/home-vs-public-ev-charging-cost/"", ""https://worthcalc.win/fr/home-vs-public-ev-charging-cost/"", ""https://worthcalc.win/zh/home-vs-public-ev-charging-cost/""]",[],[],False,5,[]
https://worthcalc.win/en/hourly-vs-annual-salary/,200,https://worthcalc.win/en/hourly-vs-annual-salary/,https://worthcalc.win/en/hourly-vs-annual-salary/,200,"index, follow, max-image-preview:large",,Hourly vs. Annual Salary: How to Compare Two Job Offers Fairly | WorthCalc,"Convert hourly and annual pay using real workweeks, unpaid leave, overtime, and bonuses, and see what federal overtime law actually requires in 2026.","[""Hourly vs. Annual Salary: How to Compare Two Job Offers Fairly""]",en,[],"{""en"": ""https://worthcalc.win/en/hourly-vs-annual-salary/"", ""zh-TW"": ""https://worthcalc.win/zh/hourly-vs-annual-salary/"", ""x-default"": ""https://worthcalc.win/en/hourly-vs-annual-salary/""}",[],"[""https://worthcalc.win/"", ""https://worthcalc.win/de/hourly-vs-annual-salary/"", ""https://worthcalc.win/en/about/"", ""https://worthcalc.win/en/changelog/"", ""https://worthcalc.win/en/contact/"", ""https://worthcalc.win/en/disclaimer/"", ""https://worthcalc.win/en/guides/"", ""https://worthcalc.win/en/hourly-vs-annual-salary/"", ""https://worthcalc.win/en/money/"", ""https://worthcalc.win/en/privacy/"", ""https://worthcalc.win/en/terms/"", ""https://worthcalc.win/en/tools/"", ""https://worthcalc.win/en/tools/salary-converter/"", ""https://worthcalc.win/en/topics/income-savings/"", ""https://worthcalc.win/es/hourly-vs-annual-salary/"", ""https://worthcalc.win/fr/hourly-vs-annual-salary/"", ""https://worthcalc.win/zh/hourly-vs-annual-salary/""]",[],[],False,4,[]
https://worthcalc.win/en/how-compound-growth-works/,200,https://worthcalc.win/en/how-compound-growth-works/,https://worthcalc.win/en/how-compound-growth-works/,200,"index, follow, max-image-preview:large",,How Compound Growth Actually Works (And Why Fees Matter as Much as Returns) | WorthCalc,"The compound growth formula, the Rule of 72 shortcut, and how contribution timing and fees change a savings projection more than most people expect.","[""How Compound Growth Actually Works (And Why Fees Matter as Much as Returns)""]",en,[],"{""en"": ""https://worthcalc.win/en/how-compound-growth-works/"", ""zh-TW"": ""https://worthcalc.win/zh/how-compound-growth-works/"", ""x-default"": ""https://worthcalc.win/en/how-compound-growth-works/""}",[],"[""https://worthcalc.win/"", ""https://worthcalc.win/de/how-compound-growth-works/"", ""https://worthcalc.win/en/about/"", ""https://worthcalc.win/en/changelog/"", ""https://worthcalc.win/en/contact/"", ""https://worthcalc.win/en/disclaimer/"", ""https://worthcalc.win/en/guides/"", ""https://worthcalc.win/en/guides/cost-of-delaying-savings-goal/"", ""https://worthcalc.win/en/guides/real-vs-nominal-return/"", ""https://worthcalc.win/en/how-compound-growth-works/"", ""https://worthcalc.win/en/money/"", ""https://worthcalc.win/en/privacy/"", ""https://worthcalc.win/en/terms/"", ""https://worthcalc.win/en/tools/"", ""https://worthcalc.win/en/tools/compound-growth/"", ""https://worthcalc.win/en/topics/income-savings/"", ""https://worthcalc.win/es/how-compound-growth-works/"", ""https://worthcalc.win/fr/how-compound-growth-works/"", ""https://worthcalc.win/zh/how-compound-growth-works/""]",[],[],False,4,[]
https://worthcalc.win/en/how-to-calculate-dti/,200,https://worthcalc.win/en/how-to-calculate-dti/,https://worthcalc.win/en/how-to-calculate-dti/,200,"index, follow, max-image-preview:large",,How to Calculate DTI (And Why 43% Isn't a Hard Cutoff Anymore) | WorthCalc,"Calculate front-end and back-end debt-to-income ratios the way U.S. lenders do, see the current FHA/VA/conventional limits, and test how paying off a debt changes the result.","[""How to Calculate DTI (And Why 43% Isn't a Hard Cutoff Anymore)""]",en,[],"{""en"": ""https://worthcalc.win/en/how-to-calculate-dti/"", ""zh-TW"": ""https://worthcalc.win/zh/how-to-calculate-dti/"", ""x-default"": ""https://worthcalc.win/en/how-to-calculate-dti/""}",[],"[""https://worthcalc.win/"", ""https://worthcalc.win/de/how-to-calculate-dti/"", ""https://worthcalc.win/en/about/"", ""https://worthcalc.win/en/changelog/"", ""https://worthcalc.win/en/contact/"", ""https://worthcalc.win/en/disclaimer/"", ""https://worthcalc.win/en/guides/"", ""https://worthcalc.win/en/how-to-calculate-dti/"", ""https://worthcalc.win/en/money/"", ""https://worthcalc.win/en/privacy/"", ""https://worthcalc.win/en/terms/"", ""https://worthcalc.win/en/tools/"", ""https://worthcalc.win/en/tools/dti-calculator/"", ""https://worthcalc.win/en/topics/debt-credit/"", ""https://worthcalc.win/es/how-to-calculate-dti/"", ""https://worthcalc.win/fr/how-to-calculate-dti/"", ""https://worthcalc.win/zh/how-to-calculate-dti/""]",[],[],False,4,[]
https://worthcalc.win/en/is-an-extended-warranty-worth-it/,200,https://worthcalc.win/en/is-an-extended-warranty-worth-it/,https://worthcalc.win/en/is-an-extended-warranty-worth-it/,200,"index, follow, max-image-preview:large",,"Is an extended warranty worth it? Compare price, failure risk, and repair cost | WorthCalc","Calculate expected cost using your failure scenario, exclusions, claim approval, deductible, fees and payout cap without inventing a product failure rate.","[""Is an extended warranty worth it? Compare price, failure risk, and repair cost""]",en,[],"{""en"": ""https://worthcalc.win/en/is-an-extended-warranty-worth-it/"", ""zh-TW"": ""https://worthcalc.win/zh/is-an-extended-warranty-worth-it/"", ""x-default"": ""https://worthcalc.win/en/is-an-extended-warranty-worth-it/""}",[],"[""https://worthcalc.win/"", ""https://worthcalc.win/de/is-an-extended-warranty-worth-it/"", ""https://worthcalc.win/en/about/"", ""https://worthcalc.win/en/changelog/"", ""https://worthcalc.win/en/contact/"", ""https://worthcalc.win/en/disclaimer/"", ""https://worthcalc.win/en/guides/"", ""https://worthcalc.win/en/is-an-extended-warranty-worth-it/"", ""https://worthcalc.win/en/money/"", ""https://worthcalc.win/en/privacy/"", ""https://worthcalc.win/en/terms/"", ""https://worthcalc.win/en/tools/"", ""https://worthcalc.win/en/topics/everyday/"", ""https://worthcalc.win/es/is-an-extended-warranty-worth-it/"", ""https://worthcalc.win/fr/is-an-extended-warranty-worth-it/"", ""https://worthcalc.win/zh/is-an-extended-warranty-worth-it/""]",[],[],False,5,[]
https://worthcalc.win/en/is-costco-executive-membership-worth-it/,200,https://worthcalc.win/en/is-costco-executive-membership-worth-it/,https://worthcalc.win/en/is-costco-executive-membership-worth-it/,200,"index, follow, max-image-preview:large",,Is Costco Executive Membership Worth It? The Math for 2026,"The 2% reward, the $130 fee, the refund guarantee and the spend level where Executive wins. Numbers with sources, then a calculator.","[""Is Costco Executive Worth It? $3,250 Break-Even Math""]",en,[],"{""en"": ""https://worthcalc.win/en/is-costco-executive-membership-worth-it/"", ""zh-TW"": ""https://worthcalc.win/zh/is-costco-executive-membership-worth-it/"", ""x-default"": ""https://worthcalc.win/en/is-costco-executive-membership-worth-it/""}",[],"[""https://worthcalc.win/"", ""https://worthcalc.win/de/is-costco-executive-membership-worth-it/"", ""https://worthcalc.win/en/about/"", ""https://worthcalc.win/en/changelog/"", ""https://worthcalc.win/en/contact/"", ""https://worthcalc.win/en/disclaimer/"", ""https://worthcalc.win/en/guides/"", ""https://worthcalc.win/en/is-costco-executive-membership-worth-it/"", ""https://worthcalc.win/en/money/"", ""https://worthcalc.win/en/privacy/"", ""https://worthcalc.win/en/terms/"", ""https://worthcalc.win/en/tools/"", ""https://worthcalc.win/en/tools/costco-membership/"", ""https://worthcalc.win/en/topics/memberships/"", ""https://worthcalc.win/es/is-costco-executive-membership-worth-it/"", ""https://worthcalc.win/fr/is-costco-executive-membership-worth-it/"", ""https://worthcalc.win/zh/is-costco-executive-membership-worth-it/""]",[],[],False,5,[]
https://worthcalc.win/en/loan-term-monthly-payment-vs-total-interest/,200,https://worthcalc.win/en/loan-term-monthly-payment-vs-total-interest/,https://worthcalc.win/en/loan-term-monthly-payment-vs-total-interest/,200,"index,follow",,"Loan Term vs Monthly Payment & Total Interest: 36, 60, 84 Months | WorthCalc","Longer loan terms usually reduce the required monthly payment but can increase total interest and keep you in debt longer. Compare term, APR, finance charge, and total payments together.","[""Loan Term vs. Monthly Payment: Why a Lower Payment Can Cost More Overall""]",en,[],"{""en"": ""https://worthcalc.win/en/loan-term-monthly-payment-vs-total-interest/"", ""x-default"": ""https://worthcalc.win/en/loan-term-monthly-payment-vs-total-interest/""}",[],"[""https://worthcalc.win/"", ""https://worthcalc.win/en/about/"", ""https://worthcalc.win/en/apr-vs-apy/"", ""https://worthcalc.win/en/changelog/"", ""https://worthcalc.win/en/contact/"", ""https://worthcalc.win/en/disclaimer/"", ""https://worthcalc.win/en/guides/"", ""https://worthcalc.win/en/guides/amortization-schedule-explained/"", ""https://worthcalc.win/en/guides/car-down-payment-vs-liquidity/"", ""https://worthcalc.win/en/guides/fixed-vs-variable-rate/"", ""https://worthcalc.win/en/loan-term-monthly-payment-vs-total-interest/"", ""https://worthcalc.win/en/money/"", ""https://worthcalc.win/en/privacy/"", ""https://worthcalc.win/en/terms/"", ""https://worthcalc.win/en/tools/"", ""https://worthcalc.win/en/tools/car-affordability/"", ""https://worthcalc.win/en/tools/mortgage-payoff/"", ""https://worthcalc.win/en/topics/debt-credit/""]",[],[],False,3,[]
https://worthcalc.win/en/money/,200,https://worthcalc.win/en/money/,https://worthcalc.win/en/money/,200,"index, follow, max-image-preview:large",,Money briefs | WorthCalc,"Dated, sourced reference figures for everyday money decisions â 2026 interest rates, electricity prices, mileage rates, insurance and subscription costs â each with the arithmetic that turns the number into a decision.","[""Money briefs""]",en,[],"{""en"": ""https://worthcalc.win/en/money/"", ""zh-TW"": ""https://worthcalc.win/zh/money/"", ""x-default"": ""https://worthcalc.win/en/money/""}",[],"[""https://worthcalc.win/"", ""https://worthcalc.win/en/about/"", ""https://worthcalc.win/en/changelog/"", ""https://worthcalc.win/en/contact/"", ""https://worthcalc.win/en/disclaimer/"", ""https://worthcalc.win/en/guides/"", ""https://worthcalc.win/en/money/"", ""https://worthcalc.win/en/money/credit-card-apr-2026/"", ""https://worthcalc.win/en/money/electricity-price-per-kwh-2026/"", ""https://worthcalc.win/en/money/idle-cash-cost-2026/"", ""https://worthcalc.win/en/money/insurance-deductible-break-even/"", ""https://worthcalc.win/en/money/irs-mileage-rate-2026/"", ""https://worthcalc.win/en/money/mortgage-rate-2026-payment-impact/"", ""https://worthcalc.win/en/money/streaming-prices-2026/"", ""https://worthcalc.win/en/privacy/"", ""https://worthcalc.win/en/terms/"", ""https://worthcalc.win/en/tools/"", ""https://worthcalc.win/zh/money/""]",[],[],False,4,[]
https://worthcalc.win/en/money/credit-card-apr-2026/,200,https://worthcalc.win/en/money/credit-card-apr-2026/,https://worthcalc.win/en/money/credit-card-apr-2026/,200,"index, follow, max-image-preview:large",,Credit Card APRs Near 24% in 2026: What a Fixed Monthly Payment Really Costs | WorthCalc,"US credit card interest is running close to 24% on accounts that carry a balance in 2026. On a $6,000 balance, paying $150 a month instead of $250 costs 47 extra months and about $3,800 more in interest.","[""Credit Card APRs Near 24% in 2026: What a Fixed Monthly Payment Really Costs""]",en,[],"{""en"": ""https://worthcalc.win/en/money/credit-card-apr-2026/"", ""zh-TW"": ""https://worthcalc.win/zh/money/credit-card-apr-2026/"", ""x-default"": ""https://worthcalc.win/en/money/credit-card-apr-2026/""}",[],"[""https://worthcalc.win/"", ""https://worthcalc.win/en/about/"", ""https://worthcalc.win/en/changelog/"", ""https://worthcalc.win/en/contact/"", ""https://worthcalc.win/en/credit-card-minimum-payment-trap/"", ""https://worthcalc.win/en/disclaimer/"", ""https://worthcalc.win/en/guides/"", ""https://worthcalc.win/en/money/"", ""https://worthcalc.win/en/money/credit-card-apr-2026/"", ""https://worthcalc.win/en/money/idle-cash-cost-2026/"", ""https://worthcalc.win/en/privacy/"", ""https://worthcalc.win/en/terms/"", ""https://worthcalc.win/en/tools/"", ""https://worthcalc.win/en/tools/credit-card-payoff/"", ""https://worthcalc.win/en/topics/debt-credit/"", ""https://worthcalc.win/zh/money/credit-card-apr-2026/""]",[],[],False,6,[]
https://worthcalc.win/en/money/electricity-price-per-kwh-2026/,200,https://worthcalc.win/en/money/electricity-price-per-kwh-2026/,https://worthcalc.win/en/money/electricity-price-per-kwh-2026/,200,"index, follow, max-image-preview:large",,US Electricity Is About 18.3Â¢ per kWh in 2026 â What That Does to an Appliance Bill | WorthCalc,"The US residential average is roughly 18.3 cents per kilowatt-hour in September 2026, up about 5% year on year. Here is how to turn that into the running cost of a specific appliance.","[""US Electricity Is About 18.3Â¢ per kWh in 2026 â What That Does to an Appliance Bill""]",en,[],"{""en"": ""https://worthcalc.win/en/money/electricity-price-per-kwh-2026/"", ""zh-TW"": ""https://worthcalc.win/zh/money/electricity-price-per-kwh-2026/"", ""x-default"": ""https://worthcalc.win/en/money/electricity-price-per-kwh-2026/""}",[],"[""https://worthcalc.win/"", ""https://worthcalc.win/en/about/"", ""https://worthcalc.win/en/changelog/"", ""https://worthcalc.win/en/contact/"", ""https://worthcalc.win/en/disclaimer/"", ""https://worthcalc.win/en/energy-efficient-appliance-payback/"", ""https://worthcalc.win/en/guides/"", ""https://worthcalc.win/en/money/"", ""https://worthcalc.win/en/money/electricity-price-per-kwh-2026/"", ""https://worthcalc.win/en/privacy/"", ""https://worthcalc.win/en/terms/"", ""https://worthcalc.win/en/tools/"", ""https://worthcalc.win/en/tools/appliance-running-cost/"", ""https://worthcalc.win/en/topics/everyday/"", ""https://worthcalc.win/zh/money/electricity-price-per-kwh-2026/""]",[],[],False,6,[]
https://worthcalc.win/en/money/idle-cash-cost-2026/,200,https://worthcalc.win/en/money/idle-cash-cost-2026/,https://worthcalc.win/en/money/idle-cash-cost-2026/,200,"index, follow, max-image-preview:large",,"Savings Rates in 2026: What Leaving $25,000 in the Wrong Account Costs a Year | WorthCalc","Top high-yield savings accounts pay around 4.2% in September 2026 while the national average sits near 0.38%. On $25,000 that gap is about $958 a year, for the same money, the same access and the same insurance.","[""Savings Rates in 2026: What Leaving $25,000 in the Wrong Account Costs a Year""]",en,[],"{""en"": ""https://worthcalc.win/en/money/idle-cash-cost-2026/"", ""zh-TW"": ""https://worthcalc.win/zh/money/idle-cash-cost-2026/"", ""x-default"": ""https://worthcalc.win/en/money/idle-cash-cost-2026/""}",[],"[""https://worthcalc.win/"", ""https://worthcalc.win/en/about/"", ""https://worthcalc.win/en/changelog/"", ""https://worthcalc.win/en/contact/"", ""https://worthcalc.win/en/disclaimer/"", ""https://worthcalc.win/en/guides/"", ""https://worthcalc.win/en/how-compound-growth-works/"", ""https://worthcalc.win/en/money/"", ""https://worthcalc.win/en/money/credit-card-apr-2026/"", ""https://worthcalc.win/en/money/idle-cash-cost-2026/"", ""https://worthcalc.win/en/privacy/"", ""https://worthcalc.win/en/terms/"", ""https://worthcalc.win/en/tools/"", ""https://worthcalc.win/en/tools/compound-growth/"", ""https://worthcalc.win/en/topics/everyday/"", ""https://worthcalc.win/zh/money/idle-cash-cost-2026/""]",[],[],False,6,[]
https://worthcalc.win/en/money/insurance-deductible-break-even/,200,https://worthcalc.win/en/money/insurance-deductible-break-even/,https://worthcalc.win/en/money/insurance-deductible-break-even/,200,"index, follow, max-image-preview:large",,Raising Your Deductible: The Claim Frequency That Decides It | WorthCalc,"A higher deductible is worth it whenever you claim less often than the extra exposure divided by the annual premium saving. On a $500 increase saving $240 a year, that line sits at one claim every 2.1 years.","[""Raising Your Deductible: The Claim Frequency That Decides It""]",en,[],"{""en"": ""https://worthcalc.win/en/money/insurance-deductible-break-even/"", ""zh-TW"": ""https://worthcalc.win/zh/money/insurance-deductible-break-even/"", ""x-default"": ""https://worthcalc.win/en/money/insurance-deductible-break-even/""}",[],"[""https://worthcalc.win/"", ""https://worthcalc.win/en/about/"", ""https://worthcalc.win/en/changelog/"", ""https://worthcalc.win/en/contact/"", ""https://worthcalc.win/en/disclaimer/"", ""https://worthcalc.win/en/guides/"", ""https://worthcalc.win/en/money/"", ""https://worthcalc.win/en/money/insurance-deductible-break-even/"", ""https://worthcalc.win/en/privacy/"", ""https://worthcalc.win/en/terms/"", ""https://worthcalc.win/en/tools/"", ""https://worthcalc.win/en/tools/budget-builder/"", ""https://worthcalc.win/en/topics/everyday/"", ""https://worthcalc.win/zh/money/insurance-deductible-break-even/""]",[],[],False,6,[]
https://worthcalc.win/en/money/irs-mileage-rate-2026/,200,https://worthcalc.win/en/money/irs-mileage-rate-2026/,https://worthcalc.win/en/money/irs-mileage-rate-2026/,200,"index, follow, max-image-preview:large",,The 2026 IRS Mileage Rate Changed Mid-Year: 72.5Â¢ Then 76Â¢ | WorthCalc,"The IRS business standard mileage rate for 2026 is 72.5 cents per mile through 30 June and 76 cents from 1 July. Two rates in one tax year changes how you log, reimburse and compare driving costs.","[""The 2026 IRS Mileage Rate Changed Mid-Year: 72.5Â¢ Then 76Â¢""]",en,[],"{""en"": ""https://worthcalc.win/en/money/irs-mileage-rate-2026/"", ""zh-TW"": ""https://worthcalc.win/zh/money/irs-mileage-rate-2026/"", ""x-default"": ""https://worthcalc.win/en/money/irs-mileage-rate-2026/""}",[],"[""https://worthcalc.win/"", ""https://worthcalc.win/en/about/"", ""https://worthcalc.win/en/changelog/"", ""https://worthcalc.win/en/contact/"", ""https://worthcalc.win/en/disclaimer/"", ""https://worthcalc.win/en/full-commute-cost-including-time/"", ""https://worthcalc.win/en/guides/"", ""https://worthcalc.win/en/money/"", ""https://worthcalc.win/en/money/electricity-price-per-kwh-2026/"", ""https://worthcalc.win/en/money/irs-mileage-rate-2026/"", ""https://worthcalc.win/en/privacy/"", ""https://worthcalc.win/en/terms/"", ""https://worthcalc.win/en/tools/"", ""https://worthcalc.win/en/tools/cost-per-mile/"", ""https://worthcalc.win/en/topics/transportation/"", ""https://worthcalc.win/zh/money/irs-mileage-rate-2026/""]",[],[],False,6,[]
https://worthcalc.win/en/money/mortgage-rate-2026-payment-impact/,200,https://worthcalc.win/en/money/mortgage-rate-2026-payment-impact/,https://worthcalc.win/en/money/mortgage-rate-2026-payment-impact/,200,"index, follow, max-image-preview:large",,30-Year Mortgage Rates Hit 6.95% in September 2026: What Each Move Costs per Month | WorthCalc,"Freddie Mac's 30-year fixed average reached 6.95% in mid-September 2026, up from 6.76% a week earlier. On a $400,000 loan that week cost $50.74 a month, and a full point costs $262.","[""30-Year Mortgage Rates Hit 6.95% in September 2026: What Each Move Costs per Month""]",en,[],"{""en"": ""https://worthcalc.win/en/money/mortgage-rate-2026-payment-impact/"", ""zh-TW"": ""https://worthcalc.win/zh/money/mortgage-rate-2026-payment-impact/"", ""x-default"": ""https://worthcalc.win/en/money/mortgage-rate-2026-payment-impact/""}",[],"[""https://worthcalc.win/"", ""https://worthcalc.win/en/about/"", ""https://worthcalc.win/en/changelog/"", ""https://worthcalc.win/en/contact/"", ""https://worthcalc.win/en/disclaimer/"", ""https://worthcalc.win/en/guides/"", ""https://worthcalc.win/en/money/"", ""https://worthcalc.win/en/money/mortgage-rate-2026-payment-impact/"", ""https://worthcalc.win/en/privacy/"", ""https://worthcalc.win/en/rent-vs-buy-breakeven-year/"", ""https://worthcalc.win/en/terms/"", ""https://worthcalc.win/en/tools/"", ""https://worthcalc.win/en/tools/mortgage-payoff/"", ""https://worthcalc.win/en/topics/housing/"", ""https://worthcalc.win/zh/money/mortgage-rate-2026-payment-impact/""]",[],[],False,6,[]
https://worthcalc.win/en/money/streaming-prices-2026/,200,https://worthcalc.win/en/money/streaming-prices-2026/,https://worthcalc.win/en/money/streaming-prices-2026/,200,"index, follow, max-image-preview:large",,Eight Streaming Services Now Cost About $139 a Month: The 2026 Audit | WorthCalc,"Subscribing to eight major ad-free streaming services costs roughly $139 a month in September 2026 â about $1,673 a year. Cost per hour watched, not the monthly price, is what tells you which ones to cut.","[""Eight Streaming Services Now Cost About $139 a Month: The 2026 Audit""]",en,[],"{""en"": ""https://worthcalc.win/en/money/streaming-prices-2026/"", ""zh-TW"": ""https://worthcalc.win/zh/money/streaming-prices-2026/"", ""x-default"": ""https://worthcalc.win/en/money/streaming-prices-2026/""}",[],"[""https://worthcalc.win/"", ""https://worthcalc.win/en/about/"", ""https://worthcalc.win/en/changelog/"", ""https://worthcalc.win/en/contact/"", ""https://worthcalc.win/en/disclaimer/"", ""https://worthcalc.win/en/guides/"", ""https://worthcalc.win/en/money/"", ""https://worthcalc.win/en/money/idle-cash-cost-2026/"", ""https://worthcalc.win/en/money/streaming-prices-2026/"", ""https://worthcalc.win/en/privacy/"", ""https://worthcalc.win/en/subscription-creep/"", ""https://worthcalc.win/en/terms/"", ""https://worthcalc.win/en/tools/"", ""https://worthcalc.win/en/tools/subscription-audit/"", ""https://worthcalc.win/en/topics/memberships/"", ""https://worthcalc.win/zh/money/streaming-prices-2026/""]",[],[],False,6,[]
https://worthcalc.win/en/monthly-vs-annual-subscription/,200,https://worthcalc.win/en/monthly-vs-annual-subscription/,https://worthcalc.win/en/monthly-vs-annual-subscription/,200,"index, follow, max-image-preview:large",,Monthly or Annual Billing: Which Is Cheaper? Calculator (2026),The annual discount versus the cost of paying upfront and the risk of not using it. Enter the two prices and see the real saving.,"[""Monthly vs annual subscription: when does annual billing save money?""]",en,[],"{""en"": ""https://worthcalc.win/en/monthly-vs-annual-subscription/"", ""zh-TW"": ""https://worthcalc.win/zh/monthly-vs-annual-subscription/"", ""x-default"": ""https://worthcalc.win/en/monthly-vs-annual-subscription/""}",[],"[""https://worthcalc.win/"", ""https://worthcalc.win/de/monthly-vs-annual-subscription/"", ""https://worthcalc.win/en/about/"", ""https://worthcalc.win/en/changelog/"", ""https://worthcalc.win/en/contact/"", ""https://worthcalc.win/en/disclaimer/"", ""https://worthcalc.win/en/guides/"", ""https://worthcalc.win/en/money/"", ""https://worthcalc.win/en/monthly-vs-annual-subscription/"", ""https://worthcalc.win/en/privacy/"", ""https://worthcalc.win/en/terms/"", ""https://worthcalc.win/en/tools/"", ""https://worthcalc.win/en/tools/subscription-audit/"", ""https://worthcalc.win/en/topics/memberships/"", ""https://worthcalc.win/es/monthly-vs-annual-subscription/"", ""https://worthcalc.win/fr/monthly-vs-annual-subscription/"", ""https://worthcalc.win/zh/monthly-vs-annual-subscription/""]",[],[],False,5,[]
https://worthcalc.win/en/net-worth-vs-liquid-net-worth/,200,https://worthcalc.win/en/net-worth-vs-liquid-net-worth/,https://worthcalc.win/en/net-worth-vs-liquid-net-worth/,200,"index,follow",,"Net Worth vs Liquid Net Worth: Assets, Liquidity & Worked Example | WorthCalc",Net worth measures assets minus liabilities. Liquid net worth asks how much of that value can become usable cash quickly. Learn a transparent way to track both without double-counting.,"[""Net Worth vs. Liquid Net Worth: Why a High Net Worth Can Still Feel Cash-Poor""]",en,[],"{""en"": ""https://worthcalc.win/en/net-worth-vs-liquid-net-worth/"", ""x-default"": ""https://worthcalc.win/en/net-worth-vs-liquid-net-worth/""}",[],"[""https://worthcalc.win/"", ""https://worthcalc.win/en/about/"", ""https://worthcalc.win/en/changelog/"", ""https://worthcalc.win/en/contact/"", ""https://worthcalc.win/en/disclaimer/"", ""https://worthcalc.win/en/emergency-fund-irregular-income/"", ""https://worthcalc.win/en/guides/"", ""https://worthcalc.win/en/guides/personal-liquidity-ratio/"", ""https://worthcalc.win/en/money/"", ""https://worthcalc.win/en/net-worth-vs-liquid-net-worth/"", ""https://worthcalc.win/en/privacy/"", ""https://worthcalc.win/en/savings-rate-gross-vs-net/"", ""https://worthcalc.win/en/terms/"", ""https://worthcalc.win/en/tools/"", ""https://worthcalc.win/en/tools/budget-builder/"", ""https://worthcalc.win/en/topics/income-savings/""]",[],[],False,3,[]
https://worthcalc.win/en/new-vs-used-car-total-cost/,200,https://worthcalc.win/en/new-vs-used-car-total-cost/,https://worthcalc.win/en/new-vs-used-car-total-cost/,200,"index, follow, max-image-preview:large",,"New vs used car: compare depreciation, repairs, financing, and resale | WorthCalc","Compare new and used car total cost over the same holding period, including fees, loan interest, repair risk, resale value and remaining balance at sale.","[""New vs used car: compare depreciation, repairs, financing, and resale""]",en,[],"{""en"": ""https://worthcalc.win/en/new-vs-used-car-total-cost/"", ""zh-TW"": ""https://worthcalc.win/zh/new-vs-used-car-total-cost/"", ""x-default"": ""https://worthcalc.win/en/new-vs-used-car-total-cost/""}",[],"[""https://worthcalc.win/"", ""https://worthcalc.win/de/new-vs-used-car-total-cost/"", ""https://worthcalc.win/en/about/"", ""https://worthcalc.win/en/changelog/"", ""https://worthcalc.win/en/contact/"", ""https://worthcalc.win/en/disclaimer/"", ""https://worthcalc.win/en/ev-vs-gas-total-cost/"", ""https://worthcalc.win/en/guides/"", ""https://worthcalc.win/en/money/"", ""https://worthcalc.win/en/new-vs-used-car-total-cost/"", ""https://worthcalc.win/en/privacy/"", ""https://worthcalc.win/en/terms/"", ""https://worthcalc.win/en/tools/"", ""https://worthcalc.win/en/topics/transportation/"", ""https://worthcalc.win/es/new-vs-used-car-total-cost/"", ""https://worthcalc.win/fr/new-vs-used-car-total-cost/"", ""https://worthcalc.win/zh/new-vs-used-car-total-cost/""]",[],[],False,5,[]
https://worthcalc.win/en/paid-membership-break-even/,200,https://worthcalc.win/en/paid-membership-break-even/,https://worthcalc.win/en/paid-membership-break-even/,200,"index, follow, max-image-preview:large",,How to calculate whether a paid membership is worth it | WorthCalc,"Calculate membership break-even uses from the net fee, eligible savings, reward caps, extra costs, and uncertain future use.","[""How to calculate whether a paid membership is worth it""]",en,[],"{""en"": ""https://worthcalc.win/en/paid-membership-break-even/"", ""zh-TW"": ""https://worthcalc.win/zh/paid-membership-break-even/"", ""x-default"": ""https://worthcalc.win/en/paid-membership-break-even/""}",[],"[""https://worthcalc.win/"", ""https://worthcalc.win/de/paid-membership-break-even/"", ""https://worthcalc.win/en/about/"", ""https://worthcalc.win/en/changelog/"", ""https://worthcalc.win/en/contact/"", ""https://worthcalc.win/en/disclaimer/"", ""https://worthcalc.win/en/guides/"", ""https://worthcalc.win/en/money/"", ""https://worthcalc.win/en/paid-membership-break-even/"", ""https://worthcalc.win/en/privacy/"", ""https://worthcalc.win/en/terms/"", ""https://worthcalc.win/en/tools/"", ""https://worthcalc.win/en/tools/costco-membership/"", ""https://worthcalc.win/en/topics/memberships/"", ""https://worthcalc.win/es/paid-membership-break-even/"", ""https://worthcalc.win/fr/paid-membership-break-even/"", ""https://worthcalc.win/zh/paid-membership-break-even/""]",[],[],False,5,[]
https://worthcalc.win/en/pay-raise-vs-inflation-purchasing-power/,200,https://worthcalc.win/en/pay-raise-vs-inflation-purchasing-power/,https://worthcalc.win/en/pay-raise-vs-inflation-purchasing-power/,200,"index, follow, max-image-preview:large",,Did Your Raise Beat Inflation? Real Purchasing Power Calculator (2026),Enter your raise and the inflation rate to see whether your real income went up or down.,"[""Pay raise vs inflation: did purchasing power increase?""]",en,[],"{""en"": ""https://worthcalc.win/en/pay-raise-vs-inflation-purchasing-power/"", ""zh-TW"": ""https://worthcalc.win/zh/pay-raise-vs-inflation-purchasing-power/"", ""x-default"": ""https://worthcalc.win/en/pay-raise-vs-inflation-purchasing-power/""}",[],"[""https://worthcalc.win/"", ""https://worthcalc.win/de/pay-raise-vs-inflation-purchasing-power/"", ""https://worthcalc.win/en/about/"", ""https://worthcalc.win/en/changelog/"", ""https://worthcalc.win/en/contact/"", ""https://worthcalc.win/en/disclaimer/"", ""https://worthcalc.win/en/guides/"", ""https://worthcalc.win/en/money/"", ""https://worthcalc.win/en/pay-raise-vs-inflation-purchasing-power/"", ""https://worthcalc.win/en/privacy/"", ""https://worthcalc.win/en/terms/"", ""https://worthcalc.win/en/tools/"", ""https://worthcalc.win/en/topics/income-savings/"", ""https://worthcalc.win/es/pay-raise-vs-inflation-purchasing-power/"", ""https://worthcalc.win/fr/pay-raise-vs-inflation-purchasing-power/"", ""https://worthcalc.win/zh/pay-raise-vs-inflation-purchasing-power/""]",[],[],False,5,[]
https://worthcalc.win/en/privacy/,200,https://worthcalc.win/en/privacy/,https://worthcalc.win/en/privacy/,200,"index, follow, max-image-preview:large",,Privacy Policy | WorthCalc,"How WorthCalc handles your data: all calculators run client-side, plus details on Google AdSense and analytics cookies.","[""Privacy Policy""]",en,[],"{""en"": ""https://worthcalc.win/en/privacy/"", ""zh-TW"": ""https://worthcalc.win/zh/privacy/"", ""x-default"": ""https://worthcalc.win/en/privacy/""}",[],"[""https://worthcalc.win/"", ""https://worthcalc.win/de/privacy/"", ""https://worthcalc.win/en/about/"", ""https://worthcalc.win/en/changelog/"", ""https://worthcalc.win/en/contact/"", ""https://worthcalc.win/en/disclaimer/"", ""https://worthcalc.win/en/guides/"", ""https://worthcalc.win/en/money/"", ""https://worthcalc.win/en/privacy/"", ""https://worthcalc.win/en/terms/"", ""https://worthcalc.win/en/tools/"", ""https://worthcalc.win/es/privacy/"", ""https://worthcalc.win/fr/privacy/"", ""https://worthcalc.win/zh/privacy/""]",[],[],False,4,[]
https://worthcalc.win/en/rent-vs-buy-breakeven-year/,200,https://worthcalc.win/en/rent-vs-buy-breakeven-year/,https://worthcalc.win/en/rent-vs-buy-breakeven-year/,200,"index, follow, max-image-preview:large",,How long do you need to stay before buying can beat renting? | WorthCalc,"Find the first rent-vs-buy break-even year after mortgage balance, closing and selling costs, maintenance, rent growth, appreciation and opportunity cost.","[""How long do you need to stay before buying can beat renting?""]",en,[],"{""en"": ""https://worthcalc.win/en/rent-vs-buy-breakeven-year/"", ""zh-TW"": ""https://worthcalc.win/zh/rent-vs-buy-breakeven-year/"", ""x-default"": ""https://worthcalc.win/en/rent-vs-buy-breakeven-year/""}",[],"[""https://worthcalc.win/"", ""https://worthcalc.win/de/rent-vs-buy-breakeven-year/"", ""https://worthcalc.win/en/about/"", ""https://worthcalc.win/en/changelog/"", ""https://worthcalc.win/en/contact/"", ""https://worthcalc.win/en/disclaimer/"", ""https://worthcalc.win/en/guides/"", ""https://worthcalc.win/en/money/"", ""https://worthcalc.win/en/privacy/"", ""https://worthcalc.win/en/rent-vs-buy-breakeven-year/"", ""https://worthcalc.win/en/terms/"", ""https://worthcalc.win/en/tools/"", ""https://worthcalc.win/en/tools/rent-vs-buy/"", ""https://worthcalc.win/en/topics/housing/"", ""https://worthcalc.win/es/rent-vs-buy-breakeven-year/"", ""https://worthcalc.win/fr/rent-vs-buy-breakeven-year/"", ""https://worthcalc.win/zh/rent-vs-buy-breakeven-year/""]",[],[],False,5,[]
https://worthcalc.win/en/rent-vs-buy-guide/,200,https://worthcalc.win/en/rent-vs-buy-guide/,https://worthcalc.win/en/rent-vs-buy-guide/,200,"index, follow, max-image-preview:large",,"Rent vs Buy: How to Decide With Numbers, Not Feelings (2026)","The costs people forget on both sides, the break-even logic and a calculator to run your own case.","[""Rent vs Buy: The Assumptions That Actually Change the Answer""]",en,[],"{""en"": ""https://worthcalc.win/en/rent-vs-buy-guide/"", ""zh-TW"": ""https://worthcalc.win/zh/rent-vs-buy-guide/"", ""x-default"": ""https://worthcalc.win/en/rent-vs-buy-guide/""}",[],"[""https://worthcalc.win/"", ""https://worthcalc.win/de/rent-vs-buy-guide/"", ""https://worthcalc.win/en/about/"", ""https://worthcalc.win/en/changelog/"", ""https://worthcalc.win/en/contact/"", ""https://worthcalc.win/en/disclaimer/"", ""https://worthcalc.win/en/guides/"", ""https://worthcalc.win/en/money/"", ""https://worthcalc.win/en/privacy/"", ""https://worthcalc.win/en/rent-vs-buy-guide/"", ""https://worthcalc.win/en/terms/"", ""https://worthcalc.win/en/tools/"", ""https://worthcalc.win/en/tools/commute-cost/"", ""https://worthcalc.win/en/tools/rent-vs-buy/"", ""https://worthcalc.win/en/topics/housing/"", ""https://worthcalc.win/es/rent-vs-buy-guide/"", ""https://worthcalc.win/fr/rent-vs-buy-guide/"", ""https://worthcalc.win/zh/rent-vs-buy-guide/""]",[],[],False,5,[]
https://worthcalc.win/en/repair-or-replace-decision-formula/,200,https://worthcalc.win/en/repair-or-replace-decision-formula/,https://worthcalc.win/en/repair-or-replace-decision-formula/,200,"index, follow, max-image-preview:large",,"Repair or replace: a practical decision formula for appliances, phones, and cars | WorthCalc","Compare a repair quote with expected remaining life, recurrence risk, energy difference and net replacement cost without relying on a universal percentage rule.","[""Repair or replace: a practical decision formula for appliances, phones, and cars""]",en,[],"{""en"": ""https://worthcalc.win/en/repair-or-replace-decision-formula/"", ""zh-TW"": ""https://worthcalc.win/zh/repair-or-replace-decision-formula/"", ""x-default"": ""https://worthcalc.win/en/repair-or-replace-decision-formula/""}",[],"[""https://worthcalc.win/"", ""https://worthcalc.win/de/repair-or-replace-decision-formula/"", ""https://worthcalc.win/en/about/"", ""https://worthcalc.win/en/changelog/"", ""https://worthcalc.win/en/contact/"", ""https://worthcalc.win/en/disclaimer/"", ""https://worthcalc.win/en/guides/"", ""https://worthcalc.win/en/money/"", ""https://worthcalc.win/en/privacy/"", ""https://worthcalc.win/en/repair-or-replace-decision-formula/"", ""https://worthcalc.win/en/terms/"", ""https://worthcalc.win/en/tools/"", ""https://worthcalc.win/en/topics/everyday/"", ""https://worthcalc.win/es/repair-or-replace-decision-formula/"", ""https://worthcalc.win/fr/repair-or-replace-decision-formula/"", ""https://worthcalc.win/zh/repair-or-replace-decision-formula/""]",[],[],False,5,[]
https://worthcalc.win/en/savings-rate-gross-vs-net/,200,https://worthcalc.win/en/savings-rate-gross-vs-net/,https://worthcalc.win/en/savings-rate-gross-vs-net/,200,"index,follow",,Savings Rate: Gross vs Net Income & What Counts as Saving | WorthCalc,"Your savings rate depends on the denominator and on what you count as saving. Compare gross-income, take-home, cash-savings, retirement, and debt-principal methods transparently.","[""Savings Rate: Gross vs. Net Income, Retirement Contributions, and Debt Principal""]",en,[],"{""en"": ""https://worthcalc.win/en/savings-rate-gross-vs-net/"", ""x-default"": ""https://worthcalc.win/en/savings-rate-gross-vs-net/""}",[],"[""https://worthcalc.win/"", ""https://worthcalc.win/en/about/"", ""https://worthcalc.win/en/changelog/"", ""https://worthcalc.win/en/contact/"", ""https://worthcalc.win/en/disclaimer/"", ""https://worthcalc.win/en/guides/"", ""https://worthcalc.win/en/money/"", ""https://worthcalc.win/en/net-worth-vs-liquid-net-worth/"", ""https://worthcalc.win/en/privacy/"", ""https://worthcalc.win/en/savings-rate-gross-vs-net/"", ""https://worthcalc.win/en/terms/"", ""https://worthcalc.win/en/tools/"", ""https://worthcalc.win/en/tools/budget-builder/"", ""https://worthcalc.win/en/tools/compound-growth/"", ""https://worthcalc.win/en/topics/income-savings/""]",[],[],False,3,[]
https://worthcalc.win/en/snowball-vs-avalanche/,200,https://worthcalc.win/en/snowball-vs-avalanche/,https://worthcalc.win/en/snowball-vs-avalanche/,200,"index, follow, max-image-preview:large",,Debt Snowball vs. Avalanche: What the Math (and the Research) Actually Show | WorthCalc,"Compare payoff order, total interest, and debt-free date for the snowball and avalanche methods, including what behavioral research says about which one people actually finish.","[""Debt Snowball vs. Avalanche: What the Math (and the Research) Actually Show""]",en,[],"{""en"": ""https://worthcalc.win/en/snowball-vs-avalanche/"", ""zh-TW"": ""https://worthcalc.win/zh/snowball-vs-avalanche/"", ""x-default"": ""https://worthcalc.win/en/snowball-vs-avalanche/""}",[],"[""https://worthcalc.win/"", ""https://worthcalc.win/de/snowball-vs-avalanche/"", ""https://worthcalc.win/en/about/"", ""https://worthcalc.win/en/changelog/"", ""https://worthcalc.win/en/contact/"", ""https://worthcalc.win/en/disclaimer/"", ""https://worthcalc.win/en/guides/"", ""https://worthcalc.win/en/money/"", ""https://worthcalc.win/en/privacy/"", ""https://worthcalc.win/en/snowball-vs-avalanche/"", ""https://worthcalc.win/en/terms/"", ""https://worthcalc.win/en/tools/"", ""https://worthcalc.win/en/tools/debt-strategy/"", ""https://worthcalc.win/en/topics/debt-credit/"", ""https://worthcalc.win/es/snowball-vs-avalanche/"", ""https://worthcalc.win/fr/snowball-vs-avalanche/"", ""https://worthcalc.win/zh/snowball-vs-avalanche/""]",[],[],False,4,[]
https://worthcalc.win/en/subscription-creep/,200,https://worthcalc.win/en/subscription-creep/,https://worthcalc.win/en/subscription-creep/,200,"index, follow, max-image-preview:large",,Subscription Creep: How Small Charges Add Up and How to Stop It (2026),"Why recurring costs grow unnoticed, what a yearly audit finds, and a calculator to total yours.","[""Subscription Creep: How Much Are You Really Paying?""]",en,[],"{""en"": ""https://worthcalc.win/en/subscription-creep/"", ""zh-TW"": ""https://worthcalc.win/zh/subscription-creep/"", ""x-default"": ""https://worthcalc.win/en/subscription-creep/""}",[],"[""https://worthcalc.win/"", ""https://worthcalc.win/de/subscription-creep/"", ""https://worthcalc.win/en/about/"", ""https://worthcalc.win/en/changelog/"", ""https://worthcalc.win/en/contact/"", ""https://worthcalc.win/en/disclaimer/"", ""https://worthcalc.win/en/guides/"", ""https://worthcalc.win/en/money/"", ""https://worthcalc.win/en/privacy/"", ""https://worthcalc.win/en/subscription-creep/"", ""https://worthcalc.win/en/terms/"", ""https://worthcalc.win/en/tools/"", ""https://worthcalc.win/en/tools/latte-factor/"", ""https://worthcalc.win/en/tools/subscription-audit/"", ""https://worthcalc.win/en/topics/memberships/"", ""https://worthcalc.win/en/zero-interest-installments-truth/"", ""https://worthcalc.win/es/subscription-creep/"", ""https://worthcalc.win/fr/subscription-creep/"", ""https://worthcalc.win/zh/subscription-creep/""]",[],[],False,5,[]
https://worthcalc.win/en/terms/,200,https://worthcalc.win/en/terms/,https://worthcalc.win/en/terms/,200,"index, follow, max-image-preview:large",,Terms of Use | WorthCalc,The terms that apply to using WorthCalc's free browser-based money calculators.,"[""Terms of Use""]",en,[],"{""en"": ""https://worthcalc.win/en/terms/"", ""zh-TW"": ""https://worthcalc.win/zh/terms/"", ""x-default"": ""https://worthcalc.win/en/terms/""}",[],"[""https://worthcalc.win/"", ""https://worthcalc.win/de/terms/"", ""https://worthcalc.win/en/about/"", ""https://worthcalc.win/en/changelog/"", ""https://worthcalc.win/en/contact/"", ""https://worthcalc.win/en/disclaimer/"", ""https://worthcalc.win/en/guides/"", ""https://worthcalc.win/en/money/"", ""https://worthcalc.win/en/privacy/"", ""https://worthcalc.win/en/terms/"", ""https://worthcalc.win/en/tools/"", ""https://worthcalc.win/es/terms/"", ""https://worthcalc.win/fr/terms/"", ""https://worthcalc.win/zh/terms/""]",[],[],False,4,[]
https://worthcalc.win/en/tools/,200,https://worthcalc.win/en/tools/,https://worthcalc.win/en/tools/,200,"index, follow, max-image-preview:large",,All calculators | WorthCalc,"Every WorthCalc calculator, grouped by the decision it answers: housing, debt and credit, transportation, everyday break-evens, memberships, and income and savings.","[""All calculators""]",en,[],"{""en"": ""https://worthcalc.win/en/tools/"", ""zh-TW"": ""https://worthcalc.win/zh/tools/"", ""x-default"": ""https://worthcalc.win/en/tools/""}",[],"[""https://worthcalc.win/"", ""https://worthcalc.win/de/tools/"", ""https://worthcalc.win/en/about/"", ""https://worthcalc.win/en/changelog/"", ""https://worthcalc.win/en/contact/"", ""https://worthcalc.win/en/disclaimer/"", ""https://worthcalc.win/en/guides/"", ""https://worthcalc.win/en/money/"", ""https://worthcalc.win/en/privacy/"", ""https://worthcalc.win/en/terms/"", ""https://worthcalc.win/en/tools/"", ""https://worthcalc.win/en/tools/appliance-running-cost/"", ""https://worthcalc.win/en/tools/budget-builder/"", ""https://worthcalc.win/en/tools/car-affordability/"", ""https://worthcalc.win/en/tools/cashback-breakeven/"", ""https://worthcalc.win/en/tools/commute-cost/"", ""https://worthcalc.win/en/tools/compound-growth/"", ""https://worthcalc.win/en/tools/cost-per-mile/"", ""https://worthcalc.win/en/tools/costco-membership/"", ""https://worthcalc.win/en/tools/credit-card-payoff/"", ""https://worthcalc.win/en/tools/debt-strategy/"", ""https://worthcalc.win/en/tools/dti-calculator/"", ""https://worthcalc.win/en/tools/ev-vs-gas/"", ""https://worthcalc.win/en/tools/home-affordability/"", ""https://worthcalc.win/en/tools/installment-true-apr/"", ""https://worthcalc.win/en/tools/latte-factor/"", ""https://worthcalc.win/en/tools/mortgage-payoff/"", ""https://worthcalc.win/en/tools/rent-vs-buy/"", ""https://worthcalc.win/en/tools/salary-converter/"", ""https://worthcalc.win/en/tools/subscription-audit/"", ""https://worthcalc.win/en/topics/debt-credit/"", ""https://worthcalc.win/en/topics/everyday/"", ""https://worthcalc.win/en/topics/housing/"", ""https://worthcalc.win/en/topics/income-savings/"", ""https://worthcalc.win/en/topics/memberships/"", ""https://worthcalc.win/en/topics/transportation/"", ""https://worthcalc.win/es/tools/"", ""https://worthcalc.win/fr/tools/"", ""https://worthcalc.win/zh/tools/""]",[],[],False,4,[]
https://worthcalc.win/en/tools/appliance-running-cost/,200,https://worthcalc.win/en/tools/appliance-running-cost/,https://worthcalc.win/en/tools/appliance-running-cost/,200,"index, follow, max-image-preview:large",,"How Much Does It Cost to Run an Appliance? Per Hour, Day, Month Calculator (2026)","Pick an appliance to load its typical wattage, enter your electricity rate and hours, and see the cost per hour, day, month and year. 40+ appliances with sources.","[""How Much Does Each Appliance Cost to Run?""]",en,[],"{""en"": ""https://worthcalc.win/en/tools/appliance-running-cost/"", ""x-default"": ""https://worthcalc.win/en/tools/appliance-running-cost/""}",[],"[""https://worthcalc.win/"", ""https://worthcalc.win/en/about/"", ""https://worthcalc.win/en/changelog/"", ""https://worthcalc.win/en/contact/"", ""https://worthcalc.win/en/disclaimer/"", ""https://worthcalc.win/en/guides/"", ""https://worthcalc.win/en/guides/electricity-cost-per-kwh-used/"", ""https://worthcalc.win/en/home-vs-public-ev-charging-cost/"", ""https://worthcalc.win/en/money/"", ""https://worthcalc.win/en/privacy/"", ""https://worthcalc.win/en/terms/"", ""https://worthcalc.win/en/tools/"", ""https://worthcalc.win/en/tools/appliance-running-cost/"", ""https://worthcalc.win/en/tools/cost-per-mile/"", ""https://worthcalc.win/en/topics/everyday/""]",[],[],False,5,[]
https://worthcalc.win/en/tools/budget-builder/,200,https://worthcalc.win/en/tools/budget-builder/,https://worthcalc.win/en/tools/budget-builder/,200,"index, follow, max-image-preview:large",,Build a Monthly Budget That Actually Balances: Calculator (2026),"Enter income and expense categories to see what is left, the savings rate and where the money goes.","[""Personal Monthly Budget Builder""]",en,[],"{""en"": ""https://worthcalc.win/en/tools/budget-builder/"", ""zh-TW"": ""https://worthcalc.win/zh/tools/budget-builder/"", ""x-default"": ""https://worthcalc.win/en/tools/budget-builder/""}",[],"[""https://worthcalc.win/"", ""https://worthcalc.win/de/tools/budget-builder/"", ""https://worthcalc.win/en/about/"", ""https://worthcalc.win/en/budget-with-irregular-income/"", ""https://worthcalc.win/en/changelog/"", ""https://worthcalc.win/en/contact/"", ""https://worthcalc.win/en/disclaimer/"", ""https://worthcalc.win/en/emergency-fund-irregular-income/"", ""https://worthcalc.win/en/guides/"", ""https://worthcalc.win/en/guides/annual-bills-monthly-equivalent/"", ""https://worthcalc.win/en/guides/benefits-replacement-cost-vs-salary/"", ""https://worthcalc.win/en/guides/bonus-volatility-fixed-cost-capacity/"", ""https://worthcalc.win/en/guides/childcare-return-to-work-break-even/"", ""https://worthcalc.win/en/money/"", ""https://worthcalc.win/en/privacy/"", ""https://worthcalc.win/en/savings-rate-gross-vs-net/"", ""https://worthcalc.win/en/terms/"", ""https://worthcalc.win/en/tools/"", ""https://worthcalc.win/en/tools/budget-builder/"", ""https://worthcalc.win/en/topics/income-savings/"", ""https://worthcalc.win/es/tools/budget-builder/"", ""https://worthcalc.win/fr/tools/budget-builder/"", ""https://worthcalc.win/zh/tools/budget-builder/""]",[],[],False,4,[]
https://worthcalc.win/en/tools/car-affordability/,200,https://worthcalc.win/en/tools/car-affordability/,https://worthcalc.win/en/tools/car-affordability/,200,"index, follow, max-image-preview:large",,How Much Car Can You Afford? Payment and Total Cost Calculator (2026),"Enter income, down payment, rate and term to see the affordable price and the true monthly cost with insurance and fuel.","[""Car Affordability & Total Monthly Cost Calculator""]",en,[],"{""en"": ""https://worthcalc.win/en/tools/car-affordability/"", ""zh-TW"": ""https://worthcalc.win/zh/tools/car-affordability/"", ""x-default"": ""https://worthcalc.win/en/tools/car-affordability/""}",[],"[""https://worthcalc.win/"", ""https://worthcalc.win/de/tools/car-affordability/"", ""https://worthcalc.win/en/about/"", ""https://worthcalc.win/en/changelog/"", ""https://worthcalc.win/en/contact/"", ""https://worthcalc.win/en/disclaimer/"", ""https://worthcalc.win/en/guides/"", ""https://worthcalc.win/en/guides/car-down-payment-vs-liquidity/"", ""https://worthcalc.win/en/guides/car-loan-60-vs-72-vs-84-early-exit/"", ""https://worthcalc.win/en/guides/cash-vs-financing-car-liquidity/"", ""https://worthcalc.win/en/loan-term-monthly-payment-vs-total-interest/"", ""https://worthcalc.win/en/money/"", ""https://worthcalc.win/en/privacy/"", ""https://worthcalc.win/en/terms/"", ""https://worthcalc.win/en/tools/"", ""https://worthcalc.win/en/tools/car-affordability/"", ""https://worthcalc.win/en/topics/transportation/"", ""https://worthcalc.win/en/true-cost-of-car-ownership/"", ""https://worthcalc.win/es/tools/car-affordability/"", ""https://worthcalc.win/fr/tools/car-affordability/"", ""https://worthcalc.win/zh/tools/car-affordability/""]",[],[],False,4,[]
https://worthcalc.win/en/tools/cashback-breakeven/,200,https://worthcalc.win/en/tools/cashback-breakeven/,https://worthcalc.win/en/tools/cashback-breakeven/,200,"index, follow, max-image-preview:large",,Cashback Break-even Calculator | WorthCalc,"Is annual fee credit card worth it calculator for cashback break-even, welcome bonus, and no-fee 1% baseline comparison.","[""Cashback Break-even Calculator""]",en,[],"{""en"": ""https://worthcalc.win/en/tools/cashback-breakeven/"", ""zh-TW"": ""https://worthcalc.win/zh/tools/cashback-breakeven/"", ""x-default"": ""https://worthcalc.win/en/tools/cashback-breakeven/""}",[],"[""https://worthcalc.win/"", ""https://worthcalc.win/de/tools/cashback-breakeven/"", ""https://worthcalc.win/en/about/"", ""https://worthcalc.win/en/annual-fee-card-breakeven/"", ""https://worthcalc.win/en/changelog/"", ""https://worthcalc.win/en/contact/"", ""https://worthcalc.win/en/disclaimer/"", ""https://worthcalc.win/en/guides/"", ""https://worthcalc.win/en/money/"", ""https://worthcalc.win/en/privacy/"", ""https://worthcalc.win/en/terms/"", ""https://worthcalc.win/en/tools/"", ""https://worthcalc.win/en/tools/cashback-breakeven/"", ""https://worthcalc.win/en/tools/costco-membership/"", ""https://worthcalc.win/en/tools/installment-true-apr/"", ""https://worthcalc.win/en/tools/subscription-audit/"", ""https://worthcalc.win/en/topics/debt-credit/"", ""https://worthcalc.win/es/tools/cashback-breakeven/"", ""https://worthcalc.win/fr/tools/cashback-breakeven/"", ""https://worthcalc.win/zh/tools/cashback-breakeven/""]",[],[],False,5,[]
https://worthcalc.win/en/tools/commute-cost/,200,https://worthcalc.win/en/tools/commute-cost/,https://worthcalc.win/en/tools/commute-cost/,200,"index, follow, max-image-preview:large",,"How Much Does Your Commute Really Cost? Per Mile, Per Year Calculator (2026)","Fuel (MPG or EV), parking, tolls, wear and the value of your time, in miles or km. Compare driving with transit, rideshare and bike, and see the yearly total.","[""How Much Does Your Commute Cost Per Mile and Per Year?""]",en,[],"{""en"": ""https://worthcalc.win/en/tools/commute-cost/"", ""zh-TW"": ""https://worthcalc.win/zh/tools/commute-cost/"", ""x-default"": ""https://worthcalc.win/en/tools/commute-cost/""}",[],"[""https://worthcalc.win/"", ""https://worthcalc.win/de/tools/commute-cost/"", ""https://worthcalc.win/en/about/"", ""https://worthcalc.win/en/changelog/"", ""https://worthcalc.win/en/contact/"", ""https://worthcalc.win/en/disclaimer/"", ""https://worthcalc.win/en/guides/"", ""https://worthcalc.win/en/guides/remote-work-pay-cut-cash-break-even/"", ""https://worthcalc.win/en/money/"", ""https://worthcalc.win/en/privacy/"", ""https://worthcalc.win/en/terms/"", ""https://worthcalc.win/en/tools/"", ""https://worthcalc.win/en/tools/commute-cost/"", ""https://worthcalc.win/en/tools/cost-per-mile/"", ""https://worthcalc.win/en/tools/costco-membership/"", ""https://worthcalc.win/en/tools/ev-vs-gas/"", ""https://worthcalc.win/en/tools/latte-factor/"", ""https://worthcalc.win/en/tools/rent-vs-buy/"", ""https://worthcalc.win/en/topics/transportation/"", ""https://worthcalc.win/es/tools/commute-cost/"", ""https://worthcalc.win/fr/tools/commute-cost/"", ""https://worthcalc.win/zh/tools/commute-cost/""]",[],[],False,5,[]
https://worthcalc.win/en/tools/compound-growth/,200,https://worthcalc.win/en/tools/compound-growth/,https://worthcalc.win/en/tools/compound-growth/,200,"index, follow, max-image-preview:large",,Compound Growth Calculator: How Money Grows Over Time (2026),"Enter a starting amount, contributions, rate and years to see the growth path and the share that came from compounding.","[""Compound Growth & Savings Goal Calculator""]",en,[],"{""en"": ""https://worthcalc.win/en/tools/compound-growth/"", ""zh-TW"": ""https://worthcalc.win/zh/tools/compound-growth/"", ""x-default"": ""https://worthcalc.win/en/tools/compound-growth/""}",[],"[""https://worthcalc.win/"", ""https://worthcalc.win/de/tools/compound-growth/"", ""https://worthcalc.win/en/about/"", ""https://worthcalc.win/en/changelog/"", ""https://worthcalc.win/en/contact/"", ""https://worthcalc.win/en/disclaimer/"", ""https://worthcalc.win/en/guides/"", ""https://worthcalc.win/en/guides/real-vs-nominal-return/"", ""https://worthcalc.win/en/how-compound-growth-works/"", ""https://worthcalc.win/en/money/"", ""https://worthcalc.win/en/privacy/"", ""https://worthcalc.win/en/savings-rate-gross-vs-net/"", ""https://worthcalc.win/en/terms/"", ""https://worthcalc.win/en/tools/"", ""https://worthcalc.win/en/tools/compound-growth/"", ""https://worthcalc.win/en/topics/income-savings/"", ""https://worthcalc.win/es/tools/compound-growth/"", ""https://worthcalc.win/fr/tools/compound-growth/"", ""https://worthcalc.win/zh/tools/compound-growth/""]",[],[],False,4,[]
https://worthcalc.win/en/tools/cost-per-mile/,200,https://worthcalc.win/en/tools/cost-per-mile/,https://worthcalc.win/en/tools/cost-per-mile/,200,"index, follow, max-image-preview:large",,Cost Per Mile to Drive: Gas vs EV Calculator (2026),"Enter fuel price and MPG, or electricity rate and kWh/100 mi, to see cost per mile, per month and per year for each.","[""What Does Your Car Really Cost Per Mile?""]",en,[],"{""en"": ""https://worthcalc.win/en/tools/cost-per-mile/"", ""zh-TW"": ""https://worthcalc.win/zh/tools/cost-per-mile/"", ""x-default"": ""https://worthcalc.win/en/tools/cost-per-mile/""}",[],"[""https://worthcalc.win/"", ""https://worthcalc.win/en/about/"", ""https://worthcalc.win/en/changelog/"", ""https://worthcalc.win/en/contact/"", ""https://worthcalc.win/en/disclaimer/"", ""https://worthcalc.win/en/guides/"", ""https://worthcalc.win/en/money/"", ""https://worthcalc.win/en/privacy/"", ""https://worthcalc.win/en/terms/"", ""https://worthcalc.win/en/tools/"", ""https://worthcalc.win/en/tools/commute-cost/"", ""https://worthcalc.win/en/tools/cost-per-mile/"", ""https://worthcalc.win/en/tools/ev-vs-gas/"", ""https://worthcalc.win/en/topics/transportation/"", ""https://worthcalc.win/en/true-cost-of-car-ownership/"", ""https://worthcalc.win/zh/tools/cost-per-mile/""]",[],[],False,5,[]
https://worthcalc.win/en/tools/costco-membership/,200,https://worthcalc.win/en/tools/costco-membership/,https://worthcalc.win/en/tools/costco-membership/,200,"index, follow, max-image-preview:large",,Is Costco Executive Membership Worth It? Break-Even Calculator (2026),Executive pays 2% back on most purchases. Enter your monthly Costco spend to see the exact break-even point and whether the $130 tier beats Gold Star for you.,"[""Costco Membership Calculator: Gold Star vs Executive""]",en,[],"{""en"": ""https://worthcalc.win/en/tools/costco-membership/"", ""zh-TW"": ""https://worthcalc.win/zh/tools/costco-membership/"", ""x-default"": ""https://worthcalc.win/en/tools/costco-membership/""}",[],"[""https://worthcalc.win/"", ""https://worthcalc.win/de/tools/costco-membership/"", ""https://worthcalc.win/en/about/"", ""https://worthcalc.win/en/changelog/"", ""https://worthcalc.win/en/contact/"", ""https://worthcalc.win/en/costco-math/"", ""https://worthcalc.win/en/disclaimer/"", ""https://worthcalc.win/en/guides/"", ""https://worthcalc.win/en/is-costco-executive-membership-worth-it/"", ""https://worthcalc.win/en/money/"", ""https://worthcalc.win/en/privacy/"", ""https://worthcalc.win/en/terms/"", ""https://worthcalc.win/en/tools/"", ""https://worthcalc.win/en/tools/cashback-breakeven/"", ""https://worthcalc.win/en/tools/commute-cost/"", ""https://worthcalc.win/en/tools/costco-membership/"", ""https://worthcalc.win/en/tools/latte-factor/"", ""https://worthcalc.win/en/tools/subscription-audit/"", ""https://worthcalc.win/en/topics/memberships/"", ""https://worthcalc.win/es/tools/costco-membership/"", ""https://worthcalc.win/fr/tools/costco-membership/"", ""https://worthcalc.win/zh/tools/costco-membership/""]",[],[],False,5,[]
https://worthcalc.win/en/tools/credit-card-payoff/,200,https://worthcalc.win/en/tools/credit-card-payoff/,https://worthcalc.win/en/tools/credit-card-payoff/,200,"index, follow, max-image-preview:large",,Credit Card Payoff Calculator: Months and Interest at Your Payment (2026),"Enter balance, APR and monthly payment to see the payoff date and total interest, and what paying more changes.","[""Credit Card Payoff & Interest Calculator""]",en,[],"{""en"": ""https://worthcalc.win/en/tools/credit-card-payoff/"", ""zh-TW"": ""https://worthcalc.win/zh/tools/credit-card-payoff/"", ""x-default"": ""https://worthcalc.win/en/tools/credit-card-payoff/""}",[],"[""https://worthcalc.win/"", ""https://worthcalc.win/de/tools/credit-card-payoff/"", ""https://worthcalc.win/en/about/"", ""https://worthcalc.win/en/changelog/"", ""https://worthcalc.win/en/contact/"", ""https://worthcalc.win/en/credit-card-minimum-payment-trap/"", ""https://worthcalc.win/en/disclaimer/"", ""https://worthcalc.win/en/guides/"", ""https://worthcalc.win/en/guides/post-debt-payoff-lifestyle-creep/"", ""https://worthcalc.win/en/money/"", ""https://worthcalc.win/en/privacy/"", ""https://worthcalc.win/en/terms/"", ""https://worthcalc.win/en/tools/"", ""https://worthcalc.win/en/tools/credit-card-payoff/"", ""https://worthcalc.win/en/topics/debt-credit/"", ""https://worthcalc.win/es/tools/credit-card-payoff/"", ""https://worthcalc.win/fr/tools/credit-card-payoff/"", ""https://worthcalc.win/zh/tools/credit-card-payoff/""]",[],[],False,4,[]
https://worthcalc.win/en/tools/debt-strategy/,200,https://worthcalc.win/en/tools/debt-strategy/,https://worthcalc.win/en/tools/debt-strategy/,200,"index, follow, max-image-preview:large",,Snowball vs Avalanche: Which Pays Off Debt Faster? Calculator (2026),"Enter your balances, rates and monthly budget to compare payoff date and total interest under both methods.","[""Debt Snowball vs Avalanche Calculator""]",en,[],"{""en"": ""https://worthcalc.win/en/tools/debt-strategy/"", ""zh-TW"": ""https://worthcalc.win/zh/tools/debt-strategy/"", ""x-default"": ""https://worthcalc.win/en/tools/debt-strategy/""}",[],"[""https://worthcalc.win/"", ""https://worthcalc.win/de/tools/debt-strategy/"", ""https://worthcalc.win/en/about/"", ""https://worthcalc.win/en/changelog/"", ""https://worthcalc.win/en/contact/"", ""https://worthcalc.win/en/disclaimer/"", ""https://worthcalc.win/en/guides/"", ""https://worthcalc.win/en/money/"", ""https://worthcalc.win/en/privacy/"", ""https://worthcalc.win/en/snowball-vs-avalanche/"", ""https://worthcalc.win/en/terms/"", ""https://worthcalc.win/en/tools/"", ""https://worthcalc.win/en/tools/debt-strategy/"", ""https://worthcalc.win/en/topics/debt-credit/"", ""https://worthcalc.win/es/tools/debt-strategy/"", ""https://worthcalc.win/fr/tools/debt-strategy/"", ""https://worthcalc.win/zh/tools/debt-strategy/""]",[],[],False,4,[]
https://worthcalc.win/en/tools/dti-calculator/,200,https://worthcalc.win/en/tools/dti-calculator/,https://worthcalc.win/en/tools/dti-calculator/,200,"index, follow, max-image-preview:large",,Debt-to-Income (DTI) Ratio Calculator | WorthCalc,"Calculate front-end and back-end debt-to-income ratios, compare against FHA/VA/conventional benchmarks, and test how paying off one debt changes the result.","[""Debt-to-Income (DTI) Ratio Calculator""]",en,[],"{""en"": ""https://worthcalc.win/en/tools/dti-calculator/"", ""zh-TW"": ""https://worthcalc.win/zh/tools/dti-calculator/"", ""x-default"": ""https://worthcalc.win/en/tools/dti-calculator/""}",[],"[""https://worthcalc.win/"", ""https://worthcalc.win/de/tools/dti-calculator/"", ""https://worthcalc.win/en/about/"", ""https://worthcalc.win/en/changelog/"", ""https://worthcalc.win/en/contact/"", ""https://worthcalc.win/en/disclaimer/"", ""https://worthcalc.win/en/guides/"", ""https://worthcalc.win/en/guides/debt-to-assets-ratio-personal/"", ""https://worthcalc.win/en/how-to-calculate-dti/"", ""https://worthcalc.win/en/money/"", ""https://worthcalc.win/en/privacy/"", ""https://worthcalc.win/en/terms/"", ""https://worthcalc.win/en/tools/"", ""https://worthcalc.win/en/tools/dti-calculator/"", ""https://worthcalc.win/en/topics/debt-credit/"", ""https://worthcalc.win/es/tools/dti-calculator/"", ""https://worthcalc.win/fr/tools/dti-calculator/"", ""https://worthcalc.win/zh/tools/dti-calculator/""]",[],[],False,4,[]
https://worthcalc.win/en/tools/ev-vs-gas/,200,https://worthcalc.win/en/tools/ev-vs-gas/,https://worthcalc.win/en/tools/ev-vs-gas/,200,"index, follow, max-image-preview:large",,EV vs Gas Car: Which Is Cheaper Per Mile and Over 5 Years? Calculator (2026),"Enter fuel price, MPG, electricity rate and kWh/100 mi to compare cost per mile, annual running cost and 5-year total ownership.","[""EV vs Gas Car TCO Calculator""]",en,[],"{""en"": ""https://worthcalc.win/en/tools/ev-vs-gas/"", ""zh-TW"": ""https://worthcalc.win/zh/tools/ev-vs-gas/"", ""x-default"": ""https://worthcalc.win/en/tools/ev-vs-gas/""}",[],"[""https://worthcalc.win/"", ""https://worthcalc.win/de/tools/ev-vs-gas/"", ""https://worthcalc.win/en/about/"", ""https://worthcalc.win/en/changelog/"", ""https://worthcalc.win/en/contact/"", ""https://worthcalc.win/en/disclaimer/"", ""https://worthcalc.win/en/ev-vs-gas-total-cost/"", ""https://worthcalc.win/en/guides/"", ""https://worthcalc.win/en/money/"", ""https://worthcalc.win/en/privacy/"", ""https://worthcalc.win/en/terms/"", ""https://worthcalc.win/en/tools/"", ""https://worthcalc.win/en/tools/commute-cost/"", ""https://worthcalc.win/en/tools/cost-per-mile/"", ""https://worthcalc.win/en/tools/ev-vs-gas/"", ""https://worthcalc.win/en/tools/installment-true-apr/"", ""https://worthcalc.win/en/tools/rent-vs-buy/"", ""https://worthcalc.win/en/topics/transportation/"", ""https://worthcalc.win/es/tools/ev-vs-gas/"", ""https://worthcalc.win/fr/tools/ev-vs-gas/"", ""https://worthcalc.win/zh/tools/ev-vs-gas/""]",[],[],False,5,[]
https://worthcalc.win/en/tools/home-affordability/,200,https://worthcalc.win/en/tools/home-affordability/,https://worthcalc.win/en/tools/home-affordability/,200,"index, follow, max-image-preview:large",,How Much House Can You Afford? Full Cost Calculator (2026),"Income, down payment, rate and term give a price range. Adds taxes, insurance and maintenance so the monthly number is the real one.","[""Home Affordability & Full Housing Cost Calculator""]",en,[],"{""en"": ""https://worthcalc.win/en/tools/home-affordability/"", ""zh-TW"": ""https://worthcalc.win/zh/tools/home-affordability/"", ""x-default"": ""https://worthcalc.win/en/tools/home-affordability/""}",[],"[""https://worthcalc.win/"", ""https://worthcalc.win/de/tools/home-affordability/"", ""https://worthcalc.win/en/about/"", ""https://worthcalc.win/en/changelog/"", ""https://worthcalc.win/en/contact/"", ""https://worthcalc.win/en/disclaimer/"", ""https://worthcalc.win/en/guides/"", ""https://worthcalc.win/en/how-much-home-can-you-afford/"", ""https://worthcalc.win/en/money/"", ""https://worthcalc.win/en/privacy/"", ""https://worthcalc.win/en/terms/"", ""https://worthcalc.win/en/tools/"", ""https://worthcalc.win/en/tools/home-affordability/"", ""https://worthcalc.win/en/topics/housing/"", ""https://worthcalc.win/es/tools/home-affordability/"", ""https://worthcalc.win/fr/tools/home-affordability/"", ""https://worthcalc.win/zh/tools/home-affordability/""]",[],[],False,4,[]
https://worthcalc.win/en/tools/installment-true-apr/,200,https://worthcalc.win/en/tools/installment-true-apr/,https://worthcalc.win/en/tools/installment-true-apr/,200,"index, follow, max-image-preview:large",,What Is the True APR of an Installment Plan? Calculator (2026),"Fees, add-ons and timing can turn a ""0%"" plan into double-digit APR. Enter the payments and see the real annual rate.","[""Installment True APR Calculator""]",en,[],"{""en"": ""https://worthcalc.win/en/tools/installment-true-apr/"", ""zh-TW"": ""https://worthcalc.win/zh/tools/installment-true-apr/"", ""x-default"": ""https://worthcalc.win/en/tools/installment-true-apr/""}",[],"[""https://worthcalc.win/"", ""https://worthcalc.win/de/tools/installment-true-apr/"", ""https://worthcalc.win/en/about/"", ""https://worthcalc.win/en/changelog/"", ""https://worthcalc.win/en/contact/"", ""https://worthcalc.win/en/disclaimer/"", ""https://worthcalc.win/en/guides/"", ""https://worthcalc.win/en/guides/cash-discount-vs-financing/"", ""https://worthcalc.win/en/money/"", ""https://worthcalc.win/en/privacy/"", ""https://worthcalc.win/en/terms/"", ""https://worthcalc.win/en/tools/"", ""https://worthcalc.win/en/tools/cashback-breakeven/"", ""https://worthcalc.win/en/tools/installment-true-apr/"", ""https://worthcalc.win/en/tools/rent-vs-buy/"", ""https://worthcalc.win/en/tools/subscription-audit/"", ""https://worthcalc.win/en/topics/debt-credit/"", ""https://worthcalc.win/en/zero-interest-installments-truth/"", ""https://worthcalc.win/es/tools/installment-true-apr/"", ""https://worthcalc.win/fr/tools/installment-true-apr/"", ""https://worthcalc.win/zh/tools/installment-true-apr/""]",[],[],False,5,[]
https://worthcalc.win/en/tools/latte-factor/,200,https://worthcalc.win/en/tools/latte-factor/,https://worthcalc.win/en/tools/latte-factor/,200,"index, follow, max-image-preview:large",,Latte Factor Calculator: What Small Daily Spending Costs Over Time (2026),"Enter a daily habit and a return rate to see the honest long-term cost, with the trade-offs most latte-factor articles skip.","[""Latte Factor Calculator: Daily Coffee Cost & Savings""]",en,[],"{""en"": ""https://worthcalc.win/en/tools/latte-factor/"", ""zh-TW"": ""https://worthcalc.win/zh/tools/latte-factor/"", ""x-default"": ""https://worthcalc.win/en/tools/latte-factor/""}",[],"[""https://worthcalc.win/"", ""https://worthcalc.win/de/tools/latte-factor/"", ""https://worthcalc.win/en/about/"", ""https://worthcalc.win/en/changelog/"", ""https://worthcalc.win/en/contact/"", ""https://worthcalc.win/en/disclaimer/"", ""https://worthcalc.win/en/guides/"", ""https://worthcalc.win/en/how-compound-growth-works/"", ""https://worthcalc.win/en/money/"", ""https://worthcalc.win/en/opportunity-cost-everyday/"", ""https://worthcalc.win/en/privacy/"", ""https://worthcalc.win/en/terms/"", ""https://worthcalc.win/en/tools/"", ""https://worthcalc.win/en/tools/cashback-breakeven/"", ""https://worthcalc.win/en/tools/commute-cost/"", ""https://worthcalc.win/en/tools/latte-factor/"", ""https://worthcalc.win/en/tools/subscription-audit/"", ""https://worthcalc.win/en/topics/everyday/"", ""https://worthcalc.win/es/tools/latte-factor/"", ""https://worthcalc.win/fr/tools/latte-factor/"", ""https://worthcalc.win/zh/tools/latte-factor/""]",[],[],False,5,[]
https://worthcalc.win/en/tools/mortgage-payoff/,200,https://worthcalc.win/en/tools/mortgage-payoff/,https://worthcalc.win/en/tools/mortgage-payoff/,200,"index, follow, max-image-preview:large",,Do Extra Mortgage Payments Save Money? Payoff Calculator (2026),"Enter balance, rate and any extra payment to see the new payoff date and how much total interest you avoid.","[""Mortgage Payoff & Extra Payment Calculator""]",en,[],"{""en"": ""https://worthcalc.win/en/tools/mortgage-payoff/"", ""zh-TW"": ""https://worthcalc.win/zh/tools/mortgage-payoff/"", ""x-default"": ""https://worthcalc.win/en/tools/mortgage-payoff/""}",[],"[""https://worthcalc.win/"", ""https://worthcalc.win/de/tools/mortgage-payoff/"", ""https://worthcalc.win/en/about/"", ""https://worthcalc.win/en/changelog/"", ""https://worthcalc.win/en/contact/"", ""https://worthcalc.win/en/disclaimer/"", ""https://worthcalc.win/en/extra-mortgage-payments-guide/"", ""https://worthcalc.win/en/guides/"", ""https://worthcalc.win/en/guides/mortgage-recast-vs-refinance-vs-extra-principal/"", ""https://worthcalc.win/en/money/"", ""https://worthcalc.win/en/privacy/"", ""https://worthcalc.win/en/terms/"", ""https://worthcalc.win/en/tools/"", ""https://worthcalc.win/en/tools/mortgage-payoff/"", ""https://worthcalc.win/en/topics/housing/"", ""https://worthcalc.win/es/tools/mortgage-payoff/"", ""https://worthcalc.win/fr/tools/mortgage-payoff/"", ""https://worthcalc.win/zh/tools/mortgage-payoff/""]",[],[],False,4,[]
https://worthcalc.win/en/tools/rent-vs-buy/,200,https://worthcalc.win/en/tools/rent-vs-buy/,https://worthcalc.win/en/tools/rent-vs-buy/,200,"index, follow, max-image-preview:large",,Should You Rent or Buy? Break-Even Year Calculator (2026),"Compare total cost of renting against buying, including down payment, maintenance, taxes and opportunity cost, and see the break-even year.","[""Rent vs Buy Calculator""]",en,[],"{""en"": ""https://worthcalc.win/en/tools/rent-vs-buy/"", ""zh-TW"": ""https://worthcalc.win/zh/tools/rent-vs-buy/"", ""x-default"": ""https://worthcalc.win/en/tools/rent-vs-buy/""}",[],"[""https://worthcalc.win/"", ""https://worthcalc.win/de/tools/rent-vs-buy/"", ""https://worthcalc.win/en/about/"", ""https://worthcalc.win/en/changelog/"", ""https://worthcalc.win/en/contact/"", ""https://worthcalc.win/en/disclaimer/"", ""https://worthcalc.win/en/guides/"", ""https://worthcalc.win/en/money/"", ""https://worthcalc.win/en/privacy/"", ""https://worthcalc.win/en/rent-vs-buy-guide/"", ""https://worthcalc.win/en/terms/"", ""https://worthcalc.win/en/tools/"", ""https://worthcalc.win/en/tools/commute-cost/"", ""https://worthcalc.win/en/tools/costco-membership/"", ""https://worthcalc.win/en/tools/ev-vs-gas/"", ""https://worthcalc.win/en/tools/installment-true-apr/"", ""https://worthcalc.win/en/tools/rent-vs-buy/"", ""https://worthcalc.win/en/topics/housing/"", ""https://worthcalc.win/es/tools/rent-vs-buy/"", ""https://worthcalc.win/fr/tools/rent-vs-buy/"", ""https://worthcalc.win/zh/tools/rent-vs-buy/""]",[],[],False,5,[]
https://worthcalc.win/en/tools/salary-converter/,200,https://worthcalc.win/en/tools/salary-converter/,https://worthcalc.win/en/tools/salary-converter/,200,"index, follow, max-image-preview:large",,"Hourly, Monthly & Annual Salary Converter | WorthCalc","Convert hourly and annual gross pay using real workweeks, unpaid leave, overtime, and bonuses, so two job offers can be compared on the same basis.","[""Hourly, Monthly & Annual Salary Converter""]",en,[],"{""en"": ""https://worthcalc.win/en/tools/salary-converter/"", ""zh-TW"": ""https://worthcalc.win/zh/tools/salary-converter/"", ""x-default"": ""https://worthcalc.win/en/tools/salary-converter/""}",[],"[""https://worthcalc.win/"", ""https://worthcalc.win/de/tools/salary-converter/"", ""https://worthcalc.win/en/about/"", ""https://worthcalc.win/en/changelog/"", ""https://worthcalc.win/en/contact/"", ""https://worthcalc.win/en/disclaimer/"", ""https://worthcalc.win/en/freelancer-pricing-decision-engine/"", ""https://worthcalc.win/en/guides/"", ""https://worthcalc.win/en/hourly-vs-annual-salary/"", ""https://worthcalc.win/en/money/"", ""https://worthcalc.win/en/privacy/"", ""https://worthcalc.win/en/terms/"", ""https://worthcalc.win/en/tools/"", ""https://worthcalc.win/en/tools/salary-converter/"", ""https://worthcalc.win/en/topics/income-savings/"", ""https://worthcalc.win/es/tools/salary-converter/"", ""https://worthcalc.win/fr/tools/salary-converter/"", ""https://worthcalc.win/zh/tools/salary-converter/""]",[],[],False,4,[]
https://worthcalc.win/en/tools/subscription-audit/,200,https://worthcalc.win/en/tools/subscription-audit/,https://worthcalc.win/en/tools/subscription-audit/,200,"index, follow, max-image-preview:large",,How Much Do Your Subscriptions Cost Per Year? Audit Calculator (2026),"List every recurring charge, see the annual total and cost per use, and find which ones to cancel or switch to annual billing.","[""Subscription Audit Calculator""]",en,[],"{""en"": ""https://worthcalc.win/en/tools/subscription-audit/"", ""zh-TW"": ""https://worthcalc.win/zh/tools/subscription-audit/"", ""x-default"": ""https://worthcalc.win/en/tools/subscription-audit/""}",[],"[""https://worthcalc.win/"", ""https://worthcalc.win/de/tools/subscription-audit/"", ""https://worthcalc.win/en/about/"", ""https://worthcalc.win/en/changelog/"", ""https://worthcalc.win/en/contact/"", ""https://worthcalc.win/en/disclaimer/"", ""https://worthcalc.win/en/guides/"", ""https://worthcalc.win/en/money/"", ""https://worthcalc.win/en/privacy/"", ""https://worthcalc.win/en/subscription-creep/"", ""https://worthcalc.win/en/terms/"", ""https://worthcalc.win/en/tools/"", ""https://worthcalc.win/en/tools/cashback-breakeven/"", ""https://worthcalc.win/en/tools/costco-membership/"", ""https://worthcalc.win/en/tools/latte-factor/"", ""https://worthcalc.win/en/tools/subscription-audit/"", ""https://worthcalc.win/en/topics/memberships/"", ""https://worthcalc.win/es/tools/subscription-audit/"", ""https://worthcalc.win/fr/tools/subscription-audit/"", ""https://worthcalc.win/zh/tools/subscription-audit/""]",[],[],False,5,[]
https://worthcalc.win/en/topics/debt-credit/,200,https://worthcalc.win/en/topics/debt-credit/,https://worthcalc.win/en/topics/debt-credit/,200,"index, follow, max-image-preview:large",,Debt & credit | WorthCalc,"True APR behind ""0%"" offers, payoff order, card fees, and how much debt your income supports.","[""Debt & credit""]",en,[],"{""en"": ""https://worthcalc.win/en/topics/debt-credit/"", ""zh-TW"": ""https://worthcalc.win/zh/topics/debt-credit/"", ""x-default"": ""https://worthcalc.win/en/topics/debt-credit/""}",[],"[""https://worthcalc.win/"", ""https://worthcalc.win/en/about/"", ""https://worthcalc.win/en/annual-fee-card-breakeven/"", ""https://worthcalc.win/en/apr-vs-apy/"", ""https://worthcalc.win/en/bnpl-vs-credit-card-installments/"", ""https://worthcalc.win/en/cashback-caps-real-reward-rate/"", ""https://worthcalc.win/en/changelog/"", ""https://worthcalc.win/en/contact/"", ""https://worthcalc.win/en/credit-card-minimum-payment-trap/"", ""https://worthcalc.win/en/disclaimer/"", ""https://worthcalc.win/en/guides/"", ""https://worthcalc.win/en/how-to-calculate-dti/"", ""https://worthcalc.win/en/installment-apr-table/"", ""https://worthcalc.win/en/loan-term-monthly-payment-vs-total-interest/"", ""https://worthcalc.win/en/money/"", ""https://worthcalc.win/en/money/credit-card-apr-2026/"", ""https://worthcalc.win/en/privacy/"", ""https://worthcalc.win/en/snowball-vs-avalanche/"", ""https://worthcalc.win/en/terms/"", ""https://worthcalc.win/en/tools/"", ""https://worthcalc.win/en/tools/cashback-breakeven/"", ""https://worthcalc.win/en/tools/credit-card-payoff/"", ""https://worthcalc.win/en/tools/debt-strategy/"", ""https://worthcalc.win/en/tools/dti-calculator/"", ""https://worthcalc.win/en/tools/installment-true-apr/"", ""https://worthcalc.win/en/topics/debt-credit/"", ""https://worthcalc.win/en/upfront-fees-financing-cost/"", ""https://worthcalc.win/en/zero-interest-installments-truth/"", ""https://worthcalc.win/zh/topics/debt-credit/""]",[],[],False,3,[]
https://worthcalc.win/en/topics/everyday/,200,https://worthcalc.win/en/topics/everyday/,https://worthcalc.win/en/topics/everyday/,200,"index, follow, max-image-preview:large",,Everyday break-even | WorthCalc,"Cost per use, repair or replace, bulk buying, and the running cost of the things you already own.","[""Everyday break-even""]",en,[],"{""en"": ""https://worthcalc.win/en/topics/everyday/"", ""zh-TW"": ""https://worthcalc.win/zh/topics/everyday/"", ""x-default"": ""https://worthcalc.win/en/topics/everyday/""}",[],"[""https://worthcalc.win/"", ""https://worthcalc.win/en/about/"", ""https://worthcalc.win/en/bulk-buying-vs-small-packages/"", ""https://worthcalc.win/en/bulk-buying-waste-math/"", ""https://worthcalc.win/en/changelog/"", ""https://worthcalc.win/en/contact/"", ""https://worthcalc.win/en/cost-per-use-expensive-item/"", ""https://worthcalc.win/en/disclaimer/"", ""https://worthcalc.win/en/energy-efficient-appliance-payback/"", ""https://worthcalc.win/en/extended-warranty-math/"", ""https://worthcalc.win/en/free-shipping-threshold/"", ""https://worthcalc.win/en/freelancer-pricing-decision-engine/"", ""https://worthcalc.win/en/guides/"", ""https://worthcalc.win/en/is-an-extended-warranty-worth-it/"", ""https://worthcalc.win/en/job-offer-true-value-decision-engine/"", ""https://worthcalc.win/en/meal-prep-vs-takeout-cost/"", ""https://worthcalc.win/en/money/"", ""https://worthcalc.win/en/price-in-work-hours/"", ""https://worthcalc.win/en/price-per-wear-clothing-shoes/"", ""https://worthcalc.win/en/privacy/"", ""https://worthcalc.win/en/terms/"", ""https://worthcalc.win/en/tools/"", ""https://worthcalc.win/en/tools/latte-factor/"", ""https://worthcalc.win/en/topics/everyday/"", ""https://worthcalc.win/zh/topics/everyday/""]",[],[],False,3,[]
https://worthcalc.win/en/topics/housing/,200,https://worthcalc.win/en/topics/housing/,https://worthcalc.win/en/topics/housing/,200,"index, follow, max-image-preview:large",,Housing & affordability | WorthCalc,"Rent or buy, what you can carry, and what a mortgage actually costs over the years you hold it.","[""Housing & affordability""]",en,[],"{""en"": ""https://worthcalc.win/en/topics/housing/"", ""zh-TW"": ""https://worthcalc.win/zh/topics/housing/"", ""x-default"": ""https://worthcalc.win/en/topics/housing/""}",[],"[""https://worthcalc.win/"", ""https://worthcalc.win/en/about/"", ""https://worthcalc.win/en/changelog/"", ""https://worthcalc.win/en/contact/"", ""https://worthcalc.win/en/disclaimer/"", ""https://worthcalc.win/en/extra-mortgage-payments-guide/"", ""https://worthcalc.win/en/guides/"", ""https://worthcalc.win/en/guides/mortgage-points-break-even/"", ""https://worthcalc.win/en/guides/mortgage-recast-vs-refinance-vs-extra-principal/"", ""https://worthcalc.win/en/guides/prepay-rent-discount-vs-liquidity/"", ""https://worthcalc.win/en/guides/rent-increase-vs-moving-break-even/"", ""https://worthcalc.win/en/how-much-home-can-you-afford/"", ""https://worthcalc.win/en/money/"", ""https://worthcalc.win/en/money/mortgage-rate-2026-payment-impact/"", ""https://worthcalc.win/en/privacy/"", ""https://worthcalc.win/en/rent-vs-buy-breakeven-year/"", ""https://worthcalc.win/en/rent-vs-buy-guide/"", ""https://worthcalc.win/en/terms/"", ""https://worthcalc.win/en/tools/"", ""https://worthcalc.win/en/tools/home-affordability/"", ""https://worthcalc.win/en/tools/mortgage-payoff/"", ""https://worthcalc.win/en/tools/rent-vs-buy/"", ""https://worthcalc.win/en/topics/housing/"", ""https://worthcalc.win/zh/topics/housing/""]",[],[],False,3,[]
https://worthcalc.win/en/topics/income-savings/,200,https://worthcalc.win/en/topics/income-savings/,https://worthcalc.win/en/topics/income-savings/,200,"index, follow, max-image-preview:large",,"Income, savings & growth | WorthCalc","Real hourly wage, raises against inflation, savings rate, emergency runway, and compound growth.","[""Income, savings & growth""]",en,[],"{""en"": ""https://worthcalc.win/en/topics/income-savings/"", ""zh-TW"": ""https://worthcalc.win/zh/topics/income-savings/"", ""x-default"": ""https://worthcalc.win/en/topics/income-savings/""}",[],"[""https://worthcalc.win/"", ""https://worthcalc.win/en/about/"", ""https://worthcalc.win/en/budget-with-irregular-income/"", ""https://worthcalc.win/en/changelog/"", ""https://worthcalc.win/en/contact/"", ""https://worthcalc.win/en/disclaimer/"", ""https://worthcalc.win/en/emergency-fund-irregular-income/"", ""https://worthcalc.win/en/guides/"", ""https://worthcalc.win/en/guides/annual-bills-cash-flow-low-point/"", ""https://worthcalc.win/en/guides/annual-bills-monthly-equivalent/"", ""https://worthcalc.win/en/guides/annual-cost-savings-calculator/"", ""https://worthcalc.win/en/hourly-vs-annual-salary/"", ""https://worthcalc.win/en/how-compound-growth-works/"", ""https://worthcalc.win/en/money/"", ""https://worthcalc.win/en/net-worth-vs-liquid-net-worth/"", ""https://worthcalc.win/en/pay-raise-vs-inflation-purchasing-power/"", ""https://worthcalc.win/en/privacy/"", ""https://worthcalc.win/en/rule-of-72-explained/"", ""https://worthcalc.win/en/savings-rate-gross-vs-net/"", ""https://worthcalc.win/en/terms/"", ""https://worthcalc.win/en/tools/"", ""https://worthcalc.win/en/tools/budget-builder/"", ""https://worthcalc.win/en/tools/compound-growth/"", ""https://worthcalc.win/en/tools/salary-converter/"", ""https://worthcalc.win/en/topics/income-savings/"", ""https://worthcalc.win/en/true-hourly-wage-after-commuting-work-expenses/"", ""https://worthcalc.win/zh/topics/income-savings/""]",[],[],False,3,[]
https://worthcalc.win/en/topics/memberships/,200,https://worthcalc.win/en/topics/memberships/,https://worthcalc.win/en/topics/memberships/,200,"index, follow, max-image-preview:large",,Subscriptions & memberships | WorthCalc,"Membership fees, subscription creep, renewal traps, and the spend where a paid tier pays for itself.","[""Subscriptions & memberships""]",en,[],"{""en"": ""https://worthcalc.win/en/topics/memberships/"", ""zh-TW"": ""https://worthcalc.win/zh/topics/memberships/"", ""x-default"": ""https://worthcalc.win/en/topics/memberships/""}",[],"[""https://worthcalc.win/"", ""https://worthcalc.win/en/about/"", ""https://worthcalc.win/en/annual-vs-monthly-billing/"", ""https://worthcalc.win/en/changelog/"", ""https://worthcalc.win/en/contact/"", ""https://worthcalc.win/en/costco-math/"", ""https://worthcalc.win/en/delivery-membership-break-even/"", ""https://worthcalc.win/en/disclaimer/"", ""https://worthcalc.win/en/guides/"", ""https://worthcalc.win/en/guides/ai-tool-realized-time-savings-break-even/"", ""https://worthcalc.win/en/guides/annual-plan-cancellation-risk-break-even/"", ""https://worthcalc.win/en/guides/event-ticket-cost-per-attended-hour/"", ""https://worthcalc.win/en/gym-membership-cost-per-visit/"", ""https://worthcalc.win/en/is-costco-executive-membership-worth-it/"", ""https://worthcalc.win/en/money/"", ""https://worthcalc.win/en/money/streaming-prices-2026/"", ""https://worthcalc.win/en/monthly-vs-annual-subscription/"", ""https://worthcalc.win/en/paid-membership-break-even/"", ""https://worthcalc.win/en/privacy/"", ""https://worthcalc.win/en/subscription-creep/"", ""https://worthcalc.win/en/terms/"", ""https://worthcalc.win/en/tools/"", ""https://worthcalc.win/en/tools/costco-membership/"", ""https://worthcalc.win/en/tools/subscription-audit/"", ""https://worthcalc.win/en/topics/memberships/"", ""https://worthcalc.win/zh/topics/memberships/""]",[],[],False,3,[]
https://worthcalc.win/en/topics/transportation/,200,https://worthcalc.win/en/topics/transportation/,https://worthcalc.win/en/topics/transportation/,200,"index, follow, max-image-preview:large",,Transportation & ownership cost | WorthCalc,"EV against petrol, cost per mile, commuting including time, and what a car really costs to keep.","[""Transportation & ownership cost""]",en,[],"{""en"": ""https://worthcalc.win/en/topics/transportation/"", ""zh-TW"": ""https://worthcalc.win/zh/topics/transportation/"", ""x-default"": ""https://worthcalc.win/en/topics/transportation/""}",[],"[""https://worthcalc.win/"", ""https://worthcalc.win/en/about/"", ""https://worthcalc.win/en/average-commuting-cost/"", ""https://worthcalc.win/en/car-lease-vs-buy-total-cost/"", ""https://worthcalc.win/en/changelog/"", ""https://worthcalc.win/en/contact/"", ""https://worthcalc.win/en/disclaimer/"", ""https://worthcalc.win/en/ev-vs-gas-total-cost/"", ""https://worthcalc.win/en/full-commute-cost-including-time/"", ""https://worthcalc.win/en/guides/"", ""https://worthcalc.win/en/guides/car-down-payment-vs-liquidity/"", ""https://worthcalc.win/en/guides/car-loan-60-vs-72-vs-84-early-exit/"", ""https://worthcalc.win/en/home-vs-public-ev-charging-cost/"", ""https://worthcalc.win/en/money/"", ""https://worthcalc.win/en/money/irs-mileage-rate-2026/"", ""https://worthcalc.win/en/new-vs-used-car-total-cost/"", ""https://worthcalc.win/en/privacy/"", ""https://worthcalc.win/en/return-to-office-cost/"", ""https://worthcalc.win/en/terms/"", ""https://worthcalc.win/en/tools/"", ""https://worthcalc.win/en/tools/car-affordability/"", ""https://worthcalc.win/en/tools/commute-cost/"", ""https://worthcalc.win/en/tools/cost-per-mile/"", ""https://worthcalc.win/en/tools/ev-vs-gas/"", ""https://worthcalc.win/en/topics/transportation/"", ""https://worthcalc.win/en/true-cost-of-car-ownership/"", ""https://worthcalc.win/en/work-from-home-vs-commuting-hidden-costs/"", ""https://worthcalc.win/zh/topics/transportation/""]",[],[],False,3,[]
https://worthcalc.win/en/true-cost-of-car-ownership/,200,https://worthcalc.win/en/true-cost-of-car-ownership/,https://worthcalc.win/en/true-cost-of-car-ownership/,200,"index, follow, max-image-preview:large",,The 20/4/10 Rule: How Much Car You Can Actually Afford | WorthCalc,"Why the loan payment isn't the cost of a car, the 20/4/10 affordability rule, first-year depreciation, and total cost of ownership beyond the sticker price.","[""The 20/4/10 Rule: How Much Car You Can Actually Afford""]",en,[],"{""en"": ""https://worthcalc.win/en/true-cost-of-car-ownership/"", ""zh-TW"": ""https://worthcalc.win/zh/true-cost-of-car-ownership/"", ""x-default"": ""https://worthcalc.win/en/true-cost-of-car-ownership/""}",[],"[""https://worthcalc.win/"", ""https://worthcalc.win/de/true-cost-of-car-ownership/"", ""https://worthcalc.win/en/about/"", ""https://worthcalc.win/en/changelog/"", ""https://worthcalc.win/en/contact/"", ""https://worthcalc.win/en/disclaimer/"", ""https://worthcalc.win/en/guides/"", ""https://worthcalc.win/en/money/"", ""https://worthcalc.win/en/privacy/"", ""https://worthcalc.win/en/terms/"", ""https://worthcalc.win/en/tools/"", ""https://worthcalc.win/en/tools/car-affordability/"", ""https://worthcalc.win/en/topics/transportation/"", ""https://worthcalc.win/en/true-cost-of-car-ownership/"", ""https://worthcalc.win/es/true-cost-of-car-ownership/"", ""https://worthcalc.win/fr/true-cost-of-car-ownership/"", ""https://worthcalc.win/zh/true-cost-of-car-ownership/""]",[],[],False,4,[]
https://worthcalc.win/en/true-hourly-wage-after-commuting-work-expenses/,200,https://worthcalc.win/en/true-hourly-wage-after-commuting-work-expenses/,https://worthcalc.win/en/true-hourly-wage-after-commuting-work-expenses/,200,"index, follow, max-image-preview:large",,True hourly wage after commuting and work expenses | WorthCalc,"Compare jobs with take-home pay, paid and unpaid time, commute, supplies and incremental mealsâwithout confusing labor law.","[""True hourly wage after commuting and work expenses""]",en,[],"{""en"": ""https://worthcalc.win/en/true-hourly-wage-after-commuting-work-expenses/"", ""zh-TW"": ""https://worthcalc.win/zh/true-hourly-wage-after-commuting-work-expenses/"", ""x-default"": ""https://worthcalc.win/en/true-hourly-wage-after-commuting-work-expenses/""}",[],"[""https://worthcalc.win/"", ""https://worthcalc.win/de/true-hourly-wage-after-commuting-work-expenses/"", ""https://worthcalc.win/en/about/"", ""https://worthcalc.win/en/changelog/"", ""https://worthcalc.win/en/contact/"", ""https://worthcalc.win/en/disclaimer/"", ""https://worthcalc.win/en/guides/"", ""https://worthcalc.win/en/job-offer-true-value-decision-engine/"", ""https://worthcalc.win/en/money/"", ""https://worthcalc.win/en/privacy/"", ""https://worthcalc.win/en/terms/"", ""https://worthcalc.win/en/tools/"", ""https://worthcalc.win/en/topics/income-savings/"", ""https://worthcalc.win/en/true-hourly-wage-after-commuting-work-expenses/"", ""https://worthcalc.win/es/true-hourly-wage-after-commuting-work-expenses/"", ""https://worthcalc.win/fr/true-hourly-wage-after-commuting-work-expenses/"", ""https://worthcalc.win/zh/true-hourly-wage-after-commuting-work-expenses/""]",[],[],False,5,[]
https://worthcalc.win/en/upfront-fees-financing-cost/,200,https://worthcalc.win/en/upfront-fees-financing-cost/,https://worthcalc.win/en/upfront-fees-financing-cost/,200,"index, follow, max-image-preview:large",,Should You Pay an Upfront Fee to Get a Lower Rate? Calculator (2026),Compare paying a fee now against a higher rate later. See the break-even month and the total cost of each option.,"[""How upfront fees change the true cost of financing""]",en,[],"{""en"": ""https://worthcalc.win/en/upfront-fees-financing-cost/"", ""zh-TW"": ""https://worthcalc.win/zh/upfront-fees-financing-cost/"", ""x-default"": ""https://worthcalc.win/en/upfront-fees-financing-cost/""}",[],"[""https://worthcalc.win/"", ""https://worthcalc.win/de/upfront-fees-financing-cost/"", ""https://worthcalc.win/en/about/"", ""https://worthcalc.win/en/changelog/"", ""https://worthcalc.win/en/contact/"", ""https://worthcalc.win/en/disclaimer/"", ""https://worthcalc.win/en/guides/"", ""https://worthcalc.win/en/money/"", ""https://worthcalc.win/en/privacy/"", ""https://worthcalc.win/en/terms/"", ""https://worthcalc.win/en/tools/"", ""https://worthcalc.win/en/tools/installment-true-apr/"", ""https://worthcalc.win/en/topics/debt-credit/"", ""https://worthcalc.win/en/upfront-fees-financing-cost/"", ""https://worthcalc.win/en/zero-interest-installments-truth/"", ""https://worthcalc.win/es/upfront-fees-financing-cost/"", ""https://worthcalc.win/fr/upfront-fees-financing-cost/"", ""https://worthcalc.win/zh/upfront-fees-financing-cost/""]",[],[],False,5,[]
https://worthcalc.win/en/upgrade-your-phone-or-keep-it/,200,https://worthcalc.win/en/upgrade-your-phone-or-keep-it/,https://worthcalc.win/en/upgrade-your-phone-or-keep-it/,200,"index, follow, max-image-preview:large",,"Upgrade your phone or keep it? Compare repair, trade-in, and monthly cost | WorthCalc","Compare repairing a phone with upgrading using remaining life, trade-in value, plan difference, holding months, resale and data-transfer cost.","[""Upgrade your phone or keep it? Compare repair, trade-in, and monthly cost""]",en,[],"{""en"": ""https://worthcalc.win/en/upgrade-your-phone-or-keep-it/"", ""zh-TW"": ""https://worthcalc.win/zh/upgrade-your-phone-or-keep-it/"", ""x-default"": ""https://worthcalc.win/en/upgrade-your-phone-or-keep-it/""}",[],"[""https://worthcalc.win/"", ""https://worthcalc.win/de/upgrade-your-phone-or-keep-it/"", ""https://worthcalc.win/en/about/"", ""https://worthcalc.win/en/changelog/"", ""https://worthcalc.win/en/contact/"", ""https://worthcalc.win/en/disclaimer/"", ""https://worthcalc.win/en/guides/"", ""https://worthcalc.win/en/money/"", ""https://worthcalc.win/en/privacy/"", ""https://worthcalc.win/en/terms/"", ""https://worthcalc.win/en/tools/"", ""https://worthcalc.win/en/topics/everyday/"", ""https://worthcalc.win/en/upgrade-your-phone-or-keep-it/"", ""https://worthcalc.win/es/upgrade-your-phone-or-keep-it/"", ""https://worthcalc.win/fr/upgrade-your-phone-or-keep-it/"", ""https://worthcalc.win/zh/upgrade-your-phone-or-keep-it/""]",[],[],False,5,[]
https://worthcalc.win/en/work-from-home-vs-commuting-hidden-costs/,200,https://worthcalc.win/en/work-from-home-vs-commuting-hidden-costs/,https://worthcalc.win/en/work-from-home-vs-commuting-hidden-costs/,200,"index, follow, max-image-preview:large",,Work from home vs commuting: compare the hidden monthly costs | WorthCalc,"Compare remote, office and hybrid work from commute, meals, home energy, equipment, fixed costs, reimbursements and optional commute time.","[""Work from home vs commuting: compare the hidden monthly costs""]",en,[],"{""en"": ""https://worthcalc.win/en/work-from-home-vs-commuting-hidden-costs/"", ""zh-TW"": ""https://worthcalc.win/zh/work-from-home-vs-commuting-hidden-costs/"", ""x-default"": ""https://worthcalc.win/en/work-from-home-vs-commuting-hidden-costs/""}",[],"[""https://worthcalc.win/"", ""https://worthcalc.win/de/work-from-home-vs-commuting-hidden-costs/"", ""https://worthcalc.win/en/about/"", ""https://worthcalc.win/en/changelog/"", ""https://worthcalc.win/en/contact/"", ""https://worthcalc.win/en/disclaimer/"", ""https://worthcalc.win/en/guides/"", ""https://worthcalc.win/en/money/"", ""https://worthcalc.win/en/privacy/"", ""https://worthcalc.win/en/terms/"", ""https://worthcalc.win/en/tools/"", ""https://worthcalc.win/en/topics/transportation/"", ""https://worthcalc.win/en/work-from-home-vs-commuting-hidden-costs/"", ""https://worthcalc.win/es/work-from-home-vs-commuting-hidden-costs/"", ""https://worthcalc.win/fr/work-from-home-vs-commuting-hidden-costs/"", ""https://worthcalc.win/zh/work-from-home-vs-commuting-hidden-costs/""]",[],[],False,5,[]
https://worthcalc.win/en/zero-interest-installments-truth/,200,https://worthcalc.win/en/zero-interest-installments-truth/,https://worthcalc.win/en/zero-interest-installments-truth/,200,"index, follow, max-image-preview:large",,Is 0% Installment Really Free? What It Actually Costs (2026),"Fees, lost discounts and cash-flow risk behind ""interest-free"" plans, with a true-APR calculator.","[""How to Calculate the Real APR of a 0% Installment Plan""]",en,[],"{""en"": ""https://worthcalc.win/en/zero-interest-installments-truth/"", ""zh-TW"": ""https://worthcalc.win/zh/zero-interest-installments-truth/"", ""x-default"": ""https://worthcalc.win/en/zero-interest-installments-truth/""}",[],"[""https://worthcalc.win/"", ""https://worthcalc.win/de/zero-interest-installments-truth/"", ""https://worthcalc.win/en/about/"", ""https://worthcalc.win/en/changelog/"", ""https://worthcalc.win/en/contact/"", ""https://worthcalc.win/en/disclaimer/"", ""https://worthcalc.win/en/guides/"", ""https://worthcalc.win/en/money/"", ""https://worthcalc.win/en/privacy/"", ""https://worthcalc.win/en/subscription-creep/"", ""https://worthcalc.win/en/terms/"", ""https://worthcalc.win/en/tools/"", ""https://worthcalc.win/en/tools/cashback-breakeven/"", ""https://worthcalc.win/en/tools/installment-true-apr/"", ""https://worthcalc.win/en/topics/debt-credit/"", ""https://worthcalc.win/en/zero-interest-installments-truth/"", ""https://worthcalc.win/es/zero-interest-installments-truth/"", ""https://worthcalc.win/fr/zero-interest-installments-truth/"", ""https://worthcalc.win/zh/zero-interest-installments-truth/""]",[],[],False,5,[]
https://worthcalc.win/zh/,200,https://worthcalc.win/zh/,https://worthcalc.win/zh/,200,"index, follow, max-image-preview:large",,ç®å¾åºä¾çéé¢æ±ºç­ï¼å¬å¼éæçè¨ç®æ© | WorthCalc,WorthCalc æéé¢æ±ºç­è®æçå¾è¦çç®å¼ãæ¯åè¨ç®æ©é½å¯«åºå¬å¼ãè®ä½ ç¨èªå·±çæ¸å­åä»£é è¨­å¼ï¼ä¸¦èªªæå®å»æä¸ç´å¥ä»éº¼ã,"[""ç®å¾åºä¾ç éé¢æ±ºç­ ï¼å¬å¼éæãåè¨­å¯èª¿""]",zh-TW,[],"{""en"": ""https://worthcalc.win/"", ""zh-TW"": ""https://worthcalc.win/zh/"", ""x-default"": ""https://worthcalc.win/""}",[],"[""https://worthcalc.win/"", ""https://worthcalc.win/de/"", ""https://worthcalc.win/es/"", ""https://worthcalc.win/fr/"", ""https://worthcalc.win/zh/"", ""https://worthcalc.win/zh/about/"", ""https://worthcalc.win/zh/annual-fee-card-breakeven/"", ""https://worthcalc.win/zh/changelog/"", ""https://worthcalc.win/zh/contact/"", ""https://worthcalc.win/zh/disclaimer/"", ""https://worthcalc.win/zh/ev-vs-gas-total-cost/"", ""https://worthcalc.win/zh/guides/"", ""https://worthcalc.win/zh/money/"", ""https://worthcalc.win/zh/pay-raise-vs-inflation-purchasing-power/"", ""https://worthcalc.win/zh/privacy/"", ""https://worthcalc.win/zh/rent-vs-buy-guide/"", ""https://worthcalc.win/zh/terms/"", ""https://worthcalc.win/zh/tools/"", ""https://worthcalc.win/zh/tools/cashback-breakeven/"", ""https://worthcalc.win/zh/tools/commute-cost/"", ""https://worthcalc.win/zh/tools/compound-growth/"", ""https://worthcalc.win/zh/tools/costco-membership/"", ""https://worthcalc.win/zh/tools/dti-calculator/"", ""https://worthcalc.win/zh/tools/ev-vs-gas/"", ""https://worthcalc.win/zh/tools/home-affordability/"", ""https://worthcalc.win/zh/tools/installment-true-apr/"", ""https://worthcalc.win/zh/tools/rent-vs-buy/"", ""https://worthcalc.win/zh/tools/subscription-audit/"", ""https://worthcalc.win/zh/topics/debt-credit/"", ""https://worthcalc.win/zh/topics/everyday/"", ""https://worthcalc.win/zh/topics/housing/"", ""https://worthcalc.win/zh/topics/income-savings/"", ""https://worthcalc.win/zh/topics/memberships/"", ""https://worthcalc.win/zh/topics/transportation/"", ""https://worthcalc.win/zh/true-hourly-wage-after-commuting-work-expenses/"", ""https://worthcalc.win/zh/zero-interest-installments-truth/""]",[],[],False,4,[]
https://worthcalc.win/zh/about/,200,https://worthcalc.win/zh/about/,https://worthcalc.win/zh/about/,200,"index, follow, max-image-preview:large",,éæ¼ WorthCalc | WorthCalc,WorthCalc æ¯ä¸çµåè²»ççè¦½å¨ç«¯è¨ç®æ©ï¼å°éåç­ä¸ååé¡ï¼éæ¨£åå°åºå¼ä¸å¼å¾ï¼,"[""éæ¼ WorthCalc""]",zh-TW,[],"{""en"": ""https://worthcalc.win/en/about/"", ""zh-TW"": ""https://worthcalc.win/zh/about/"", ""x-default"": ""https://worthcalc.win/en/about/""}",[],"[""https://worthcalc.win/de/about/"", ""https://worthcalc.win/en/about/"", ""https://worthcalc.win/es/about/"", ""https://worthcalc.win/fr/about/"", ""https://worthcalc.win/zh/"", ""https://worthcalc.win/zh/about/"", ""https://worthcalc.win/zh/changelog/"", ""https://worthcalc.win/zh/contact/"", ""https://worthcalc.win/zh/disclaimer/"", ""https://worthcalc.win/zh/guides/"", ""https://worthcalc.win/zh/money/"", ""https://worthcalc.win/zh/privacy/"", ""https://worthcalc.win/zh/terms/"", ""https://worthcalc.win/zh/tools/""]",[],[],False,4,[]
https://worthcalc.win/zh/annual-fee-card-breakeven/,200,https://worthcalc.win/zh/annual-fee-card-breakeven/,https://worthcalc.win/zh/annual-fee-card-breakeven/,200,"index, follow, max-image-preview:large",,ä¿¡ç¨å¡å¹´è²»è¦å·å¤å°æåæ¬ï¼ç¨å¢éåé¥ç®çæ­£éæª» | WorthCalc,ä¸è¦åªæ¿ç¸½åé¥é¤å¹´è²»ãç¨åå¹´è²»æ¿ä»£å¡ãä¸è¬æ¶è²»å®ç¾©ãåé¥ä¸éèç¢ºå®æ¬çï¼ç®åºä¿¡ç¨å¡å¹´è²»çæ­£åæ¬å·å¡é¡ã,"[""ä¿¡ç¨å¡å¹´è²»è¦å·å¤å°æåæ¬ï¼ç¨å¢éåé¥ç®çæ­£éæª»""]",zh-TW,[],"{""en"": ""https://worthcalc.win/en/annual-fee-card-breakeven/"", ""zh-TW"": ""https://worthcalc.win/zh/annual-fee-card-breakeven/"", ""x-default"": ""https://worthcalc.win/en/annual-fee-card-breakeven/""}",[],"[""https://worthcalc.win/de/annual-fee-card-breakeven/"", ""https://worthcalc.win/en/annual-fee-card-breakeven/"", ""https://worthcalc.win/es/annual-fee-card-breakeven/"", ""https://worthcalc.win/fr/annual-fee-card-breakeven/"", ""https://worthcalc.win/zh/"", ""https://worthcalc.win/zh/about/"", ""https://worthcalc.win/zh/annual-fee-card-breakeven/"", ""https://worthcalc.win/zh/changelog/"", ""https://worthcalc.win/zh/contact/"", ""https://worthcalc.win/zh/costco-math/"", ""https://worthcalc.win/zh/disclaimer/"", ""https://worthcalc.win/zh/guides/"", ""https://worthcalc.win/zh/money/"", ""https://worthcalc.win/zh/privacy/"", ""https://worthcalc.win/zh/terms/"", ""https://worthcalc.win/zh/tools/"", ""https://worthcalc.win/zh/tools/cashback-breakeven/"", ""https://worthcalc.win/zh/topics/debt-credit/""]",[],[],False,5,[]
https://worthcalc.win/zh/annual-vs-monthly-billing/,200,https://worthcalc.win/zh/annual-vs-monthly-billing/,https://worthcalc.win/zh/annual-vs-monthly-billing/,200,"index, follow, max-image-preview:large",,å¹´ç¹³éæ¯æç¹³ï¼è¨é±ææ£çæçå©å¹³ç®æ³ | WorthCalc,ãå¹´ç¹³ç¾ç 17%ãçå®æ´çæ¯ãå¹´ç¹³æ¼æ³¨ä½  12 åæé½å¨ç¨ããç­ææè²»ãä½¿ç¨ææ¡æç¾ãéè¨æ¢æ¬¾ââä¸æ­¥ç®æ¸å¹´ç¹³å°åºåä¸åç®ã,"[""å¹´ç¹³éæ¯æç¹³ï¼è¨é±ææ£çæçå©å¹³ç®æ³""]",zh-TW,[],"{""en"": ""https://worthcalc.win/en/annual-vs-monthly-billing/"", ""zh-TW"": ""https://worthcalc.win/zh/annual-vs-monthly-billing/"", ""x-default"": ""https://worthcalc.win/en/annual-vs-monthly-billing/""}",[],"[""https://worthcalc.win/en/annual-vs-monthly-billing/"", ""https://worthcalc.win/zh/"", ""https://worthcalc.win/zh/about/"", ""https://worthcalc.win/zh/annual-fee-card-breakeven/"", ""https://worthcalc.win/zh/annual-vs-monthly-billing/"", ""https://worthcalc.win/zh/changelog/"", ""https://worthcalc.win/zh/contact/"", ""https://worthcalc.win/zh/disclaimer/"", ""https://worthcalc.win/zh/guides/"", ""https://worthcalc.win/zh/money/"", ""https://worthcalc.win/zh/privacy/"", ""https://worthcalc.win/zh/subscription-creep/"", ""https://worthcalc.win/zh/terms/"", ""https://worthcalc.win/zh/tools/"", ""https://worthcalc.win/zh/tools/subscription-audit/"", ""https://worthcalc.win/zh/topics/memberships/""]",[],[],False,5,[]
https://worthcalc.win/zh/apr-vs-apy/,200,https://worthcalc.win/zh/apr-vs-apy/,https://worthcalc.win/zh/apr-vs-apy/,200,"index,follow",,APR vs APY vs å©çï¼åæ¬¾èå­æ¬¾æéº¼æ¯è¼ï½WorthCalc,APR æ¯å¹´ååæ¬¾ææ¬ææ¨ï¼APY åæ å­æ¬¾å©æ¯èè¤å©é »çï¼å©èä¸è½ç´æ¥ç¶åä¸åãå©çãçãç¨å¬å¼èç¯ä¾æè§£ã,"[""APRãAPYãå©çå·®å¨åªï¼åé¢ç APRï¼å­é¢ç APY çå®æ´åå""]",zh-TW,[],"{""en"": ""https://worthcalc.win/en/apr-vs-apy/"", ""zh-TW"": ""https://worthcalc.win/zh/apr-vs-apy/"", ""x-default"": ""https://worthcalc.win/en/apr-vs-apy/""}",[],"[""https://worthcalc.win/en/apr-vs-apy/"", ""https://worthcalc.win/zh/"", ""https://worthcalc.win/zh/about/"", ""https://worthcalc.win/zh/apr-vs-apy/"", ""https://worthcalc.win/zh/changelog/"", ""https://worthcalc.win/zh/contact/"", ""https://worthcalc.win/zh/disclaimer/"", ""https://worthcalc.win/zh/guides/"", ""https://worthcalc.win/zh/guides/effective-interest-rate-explained/"", ""https://worthcalc.win/zh/loan-term-vs-total-interest/"", ""https://worthcalc.win/zh/money/"", ""https://worthcalc.win/zh/privacy/"", ""https://worthcalc.win/zh/simple-vs-compound-interest/"", ""https://worthcalc.win/zh/terms/"", ""https://worthcalc.win/zh/tools/"", ""https://worthcalc.win/zh/tools/installment-true-apr/"", ""https://worthcalc.win/zh/topics/debt-credit/""]",[],[],False,3,[]
https://worthcalc.win/zh/average-commuting-cost/,200,https://worthcalc.win/zh/average-commuting-cost/,https://worthcalc.win/zh/average-commuting-cost/,200,"index, follow, max-image-preview:large",,å¹³åéå¤ææ¬èè»é¦¬è²»è¡æï¼ä¸ç¨èæ§å¹³åæ¸ï¼ä¹è½ç®åºå¯æ¯è¼çåºæº | WorthCalc,ç¨èªå·±çå¬éæ¸ãéå¤æ¥ãæ©è»æ²¹èãæèãåè»èè»ç¥¨ï¼ç®åºæ¯å¹´åæ¯æéå¤ææ¬ï¼åç¨çæ­£é©åå°ç£è®èçæ¹å¼æ¯è¼è»é¦¬è²»èæ¿ä»£æ¹æ¡ã,"[""å¹³åéå¤ææ¬èè»é¦¬è²»è¡æï¼ä¸ç¨èæ§å¹³åæ¸ï¼ä¹è½ç®åºå¯æ¯è¼çåºæº""]",zh-TW,[],"{""en"": ""https://worthcalc.win/en/average-commuting-cost/"", ""zh-TW"": ""https://worthcalc.win/zh/average-commuting-cost/"", ""x-default"": ""https://worthcalc.win/en/average-commuting-cost/""}",[],"[""https://worthcalc.win/en/average-commuting-cost/"", ""https://worthcalc.win/zh/"", ""https://worthcalc.win/zh/about/"", ""https://worthcalc.win/zh/average-commuting-cost/"", ""https://worthcalc.win/zh/changelog/"", ""https://worthcalc.win/zh/contact/"", ""https://worthcalc.win/zh/disclaimer/"", ""https://worthcalc.win/zh/guides/"", ""https://worthcalc.win/zh/money/"", ""https://worthcalc.win/zh/privacy/"", ""https://worthcalc.win/zh/terms/"", ""https://worthcalc.win/zh/tools/"", ""https://worthcalc.win/zh/tools/commute-cost/"", ""https://worthcalc.win/zh/tools/cost-per-mile/"", ""https://worthcalc.win/zh/topics/transportation/""]",[],[],False,5,[]
https://worthcalc.win/zh/bnpl-vs-credit-card-installments/,200,https://worthcalc.win/zh/bnpl-vs-credit-card-installments/,https://worthcalc.win/zh/bnpl-vs-credit-card-installments/,200,"index, follow, max-image-preview:large",,åè²·å¾ä» vs ä¿¡ç¨å¡åæï¼ç¨ç¸½ææ¬èæ£æ¬¾æéæ¯è¼ | WorthCalc,æ¯è¼ BNPL èä¿¡ç¨å¡åæçç¸½ä»æ¬¾ã30 å¤©ç¾éå£åãéç´éèé²å»¶å©æ¯ãéè²¨æµç¨åå°ç£éç®¡æææ°æéã,"[""åè²·å¾ä» vs ä¿¡ç¨å¡åæï¼ç¨ç¸½ææ¬èæ£æ¬¾æéæ¯è¼""]",zh-TW,[],"{""en"": ""https://worthcalc.win/en/bnpl-vs-credit-card-installments/"", ""zh-TW"": ""https://worthcalc.win/zh/bnpl-vs-credit-card-installments/"", ""x-default"": ""https://worthcalc.win/en/bnpl-vs-credit-card-installments/""}",[],"[""https://worthcalc.win/de/bnpl-vs-credit-card-installments/"", ""https://worthcalc.win/en/bnpl-vs-credit-card-installments/"", ""https://worthcalc.win/es/bnpl-vs-credit-card-installments/"", ""https://worthcalc.win/fr/bnpl-vs-credit-card-installments/"", ""https://worthcalc.win/zh/"", ""https://worthcalc.win/zh/about/"", ""https://worthcalc.win/zh/bnpl-vs-credit-card-installments/"", ""https://worthcalc.win/zh/changelog/"", ""https://worthcalc.win/zh/contact/"", ""https://worthcalc.win/zh/disclaimer/"", ""https://worthcalc.win/zh/guides/"", ""https://worthcalc.win/zh/money/"", ""https://worthcalc.win/zh/privacy/"", ""https://worthcalc.win/zh/terms/"", ""https://worthcalc.win/zh/tools/"", ""https://worthcalc.win/zh/tools/installment-true-apr/"", ""https://worthcalc.win/zh/topics/debt-credit/"", ""https://worthcalc.win/zh/zero-interest-installments-truth/""]",[],[],False,5,[]
https://worthcalc.win/zh/budget-with-irregular-income/,200,https://worthcalc.win/zh/budget-with-irregular-income/,https://worthcalc.win/zh/budget-with-irregular-income/,200,"index, follow, max-image-preview:large",,æ¥æ¡ãæ¥­ç¸¾æ½ææ¶å¥ä¸åºå®ï¼æé ç®è©²æéº¼æï¼ | WorthCalc,æ¶å¥ä¸åºå®çèªç±å·¥ä½èèæ¥­åï¼åé ç®åè¦åæ¤å¹³å¹´ç¹³å¸³å®ï¼ä¸¦ç®é²äºä»£å¥ä¿è£åä¿è²»èç¶æç¨ï¼æä¸ææåºæç¼ç¾é¢ä¸å¤ ã,"[""æ¥æ¡ãæ¥­ç¸¾æ½ææ¶å¥ä¸åºå®ï¼æé ç®è©²æéº¼æï¼""]",zh-TW,[],"{""en"": ""https://worthcalc.win/en/budget-with-irregular-income/"", ""zh-TW"": ""https://worthcalc.win/zh/budget-with-irregular-income/"", ""x-default"": ""https://worthcalc.win/en/budget-with-irregular-income/""}",[],"[""https://worthcalc.win/de/budget-with-irregular-income/"", ""https://worthcalc.win/en/budget-with-irregular-income/"", ""https://worthcalc.win/es/budget-with-irregular-income/"", ""https://worthcalc.win/fr/budget-with-irregular-income/"", ""https://worthcalc.win/zh/"", ""https://worthcalc.win/zh/about/"", ""https://worthcalc.win/zh/budget-with-irregular-income/"", ""https://worthcalc.win/zh/changelog/"", ""https://worthcalc.win/zh/contact/"", ""https://worthcalc.win/zh/disclaimer/"", ""https://worthcalc.win/zh/guides/"", ""https://worthcalc.win/zh/money/"", ""https://worthcalc.win/zh/privacy/"", ""https://worthcalc.win/zh/terms/"", ""https://worthcalc.win/zh/tools/"", ""https://worthcalc.win/zh/tools/budget-builder/"", ""https://worthcalc.win/zh/topics/income-savings/""]",[],[],False,4,[]
https://worthcalc.win/zh/bulk-buying-vs-small-packages/,200,https://worthcalc.win/zh/bulk-buying-vs-small-packages/,https://worthcalc.win/zh/bulk-buying-vs-small-packages/,200,"index, follow, max-image-preview:large",,å¤§åè£ççæ¯è¼çåï¼èæãææãæå¡èä¿å­ææ¬è¨ç®å¨ | WorthCalc,æå°åèå¤§åææèæå¾ææå®å¹ï¼ç´å¥æææ¥æãæå¡åæ¤ãéè²»ãåè£èä¿å­ç©ºéã,"[""å¤§åè£ççæ¯è¼çåï¼èæãææãæå¡èä¿å­ææ¬è¨ç®å¨""]",zh-TW,[],"{""en"": ""https://worthcalc.win/en/bulk-buying-vs-small-packages/"", ""zh-TW"": ""https://worthcalc.win/zh/bulk-buying-vs-small-packages/"", ""x-default"": ""https://worthcalc.win/en/bulk-buying-vs-small-packages/""}",[],"[""https://worthcalc.win/de/bulk-buying-vs-small-packages/"", ""https://worthcalc.win/en/bulk-buying-vs-small-packages/"", ""https://worthcalc.win/es/bulk-buying-vs-small-packages/"", ""https://worthcalc.win/fr/bulk-buying-vs-small-packages/"", ""https://worthcalc.win/zh/"", ""https://worthcalc.win/zh/about/"", ""https://worthcalc.win/zh/bulk-buying-vs-small-packages/"", ""https://worthcalc.win/zh/changelog/"", ""https://worthcalc.win/zh/contact/"", ""https://worthcalc.win/zh/disclaimer/"", ""https://worthcalc.win/zh/guides/"", ""https://worthcalc.win/zh/money/"", ""https://worthcalc.win/zh/privacy/"", ""https://worthcalc.win/zh/terms/"", ""https://worthcalc.win/zh/tools/"", ""https://worthcalc.win/zh/topics/everyday/""]",[],[],False,5,[]
https://worthcalc.win/zh/bulk-buying-waste-math/,200,https://worthcalc.win/zh/bulk-buying-waste-math/,https://worthcalc.win/zh/bulk-buying-waste-math/,200,"index, follow, max-image-preview:large",,å¤§åè£ççä¾¿å®åï¼æãä¸æçé£é¨åãç®é²å»çææå®å¹ | WorthCalc,å¤§ç½å¸³é¢å®å¹ä¾¿å® 25%ï¼ä½ä½ åªç¨å¾å®ä¸åä¹äºââææå®å¹çç®æ³ãææçæéº¼ä¼°ãä»éº¼åé é©åå¤ãä»éº¼æ³¨å®ä¸ä¸åã,"[""å¤§åè£ççä¾¿å®åï¼æãä¸æçé£é¨åãç®é²å»çææå®å¹""]",zh-TW,[],"{""en"": ""https://worthcalc.win/en/bulk-buying-waste-math/"", ""zh-TW"": ""https://worthcalc.win/zh/bulk-buying-waste-math/"", ""x-default"": ""https://worthcalc.win/en/bulk-buying-waste-math/""}",[],"[""https://worthcalc.win/de/bulk-buying-waste-math/"", ""https://worthcalc.win/en/bulk-buying-waste-math/"", ""https://worthcalc.win/es/bulk-buying-waste-math/"", ""https://worthcalc.win/fr/bulk-buying-waste-math/"", ""https://worthcalc.win/zh/"", ""https://worthcalc.win/zh/about/"", ""https://worthcalc.win/zh/bulk-buying-waste-math/"", ""https://worthcalc.win/zh/changelog/"", ""https://worthcalc.win/zh/contact/"", ""https://worthcalc.win/zh/costco-math/"", ""https://worthcalc.win/zh/disclaimer/"", ""https://worthcalc.win/zh/guides/"", ""https://worthcalc.win/zh/money/"", ""https://worthcalc.win/zh/privacy/"", ""https://worthcalc.win/zh/terms/"", ""https://worthcalc.win/zh/tools/"", ""https://worthcalc.win/zh/tools/costco-membership/"", ""https://worthcalc.win/zh/tools/latte-factor/"", ""https://worthcalc.win/zh/topics/everyday/""]",[],[],False,5,[]
https://worthcalc.win/zh/car-lease-vs-buy-total-cost/,200,https://worthcalc.win/zh/car-lease-vs-buy-total-cost/,https://worthcalc.win/zh/car-lease-vs-buy-total-cost/,200,"index, follow, max-image-preview:large",,ç§è³éæ¯è²·è»ï¼ç¸½ææ¬ãéç¨éå¶èè½å®é¢¨éªæéº¼ç® | WorthCalc,ç¨ç¸åæéæ¯è¼æ±½è»é·ç§ï¼ç§è³èè²·è»ï¼ç´å¥ç°½ç´éãæç§ãä¿éªä¿é¤ãè¶éç¨ãéè»è²»ãè²¸æ¬¾å©æ¯ãè½å®èè²·åå¹ã,"[""ç§è³éæ¯è²·è»ï¼ç¸½ææ¬ãéç¨éå¶èè½å®é¢¨éªæéº¼ç®""]",zh-TW,[],"{""en"": ""https://worthcalc.win/en/car-lease-vs-buy-total-cost/"", ""zh-TW"": ""https://worthcalc.win/zh/car-lease-vs-buy-total-cost/"", ""x-default"": ""https://worthcalc.win/en/car-lease-vs-buy-total-cost/""}",[],"[""https://worthcalc.win/de/car-lease-vs-buy-total-cost/"", ""https://worthcalc.win/en/car-lease-vs-buy-total-cost/"", ""https://worthcalc.win/es/car-lease-vs-buy-total-cost/"", ""https://worthcalc.win/fr/car-lease-vs-buy-total-cost/"", ""https://worthcalc.win/zh/"", ""https://worthcalc.win/zh/about/"", ""https://worthcalc.win/zh/car-lease-vs-buy-total-cost/"", ""https://worthcalc.win/zh/changelog/"", ""https://worthcalc.win/zh/contact/"", ""https://worthcalc.win/zh/disclaimer/"", ""https://worthcalc.win/zh/guides/"", ""https://worthcalc.win/zh/money/"", ""https://worthcalc.win/zh/new-vs-used-car-total-cost/"", ""https://worthcalc.win/zh/privacy/"", ""https://worthcalc.win/zh/terms/"", ""https://worthcalc.win/zh/tools/"", ""https://worthcalc.win/zh/topics/transportation/""]",[],[],False,5,[]
https://worthcalc.win/zh/cashback-caps-real-reward-rate/,200,https://worthcalc.win/zh/cashback-caps-real-reward-rate/,https://worthcalc.win/zh/cashback-caps-real-reward-rate/,200,"index, follow, max-image-preview:large",,ä¿¡ç¨å¡åé¥ä¸éæéº¼ç®ï¼æ¾åºçæ­£åé¥ç | WorthCalc,æå ç¢¼åé¥ãæ¯æä¸éãè¶éåºæ¬åé¥ãä¸è¬æ¶è²»ãæé¤é ç®èé»æ¸å¹å¼æéï¼ç®åºæ´æå¸³å®çæ­£åé¥çã,"[""ä¿¡ç¨å¡åé¥ä¸éæéº¼ç®ï¼æ¾åºçæ­£åé¥ç""]",zh-TW,[],"{""en"": ""https://worthcalc.win/en/cashback-caps-real-reward-rate/"", ""zh-TW"": ""https://worthcalc.win/zh/cashback-caps-real-reward-rate/"", ""x-default"": ""https://worthcalc.win/en/cashback-caps-real-reward-rate/""}",[],"[""https://worthcalc.win/de/cashback-caps-real-reward-rate/"", ""https://worthcalc.win/en/cashback-caps-real-reward-rate/"", ""https://worthcalc.win/es/cashback-caps-real-reward-rate/"", ""https://worthcalc.win/fr/cashback-caps-real-reward-rate/"", ""https://worthcalc.win/zh/"", ""https://worthcalc.win/zh/about/"", ""https://worthcalc.win/zh/cashback-caps-real-reward-rate/"", ""https://worthcalc.win/zh/changelog/"", ""https://worthcalc.win/zh/contact/"", ""https://worthcalc.win/zh/disclaimer/"", ""https://worthcalc.win/zh/guides/"", ""https://worthcalc.win/zh/money/"", ""https://worthcalc.win/zh/privacy/"", ""https://worthcalc.win/zh/terms/"", ""https://worthcalc.win/zh/tools/"", ""https://worthcalc.win/zh/tools/cashback-breakeven/"", ""https://worthcalc.win/zh/topics/debt-credit/""]",[],[],False,5,[]
https://worthcalc.win/zh/changelog/,200,https://worthcalc.win/zh/changelog/,https://worthcalc.win/zh/changelog/,200,"index, follow, max-image-preview:large",,æ´æ°ç´é | WorthCalc,WorthCalc å¼ä¸å¼å¾è¨ç®æ©ççæ¬æ´æ°ç´éã,"[""æ´æ°ç´é""]",zh-TW,[],"{""en"": ""https://worthcalc.win/en/changelog/"", ""zh-TW"": ""https://worthcalc.win/zh/changelog/"", ""x-default"": ""https://worthcalc.win/en/changelog/""}",[],"[""https://worthcalc.win/de/changelog/"", ""https://worthcalc.win/en/changelog/"", ""https://worthcalc.win/es/changelog/"", ""https://worthcalc.win/fr/changelog/"", ""https://worthcalc.win/zh/"", ""https://worthcalc.win/zh/about/"", ""https://worthcalc.win/zh/changelog/"", ""https://worthcalc.win/zh/contact/"", ""https://worthcalc.win/zh/disclaimer/"", ""https://worthcalc.win/zh/guides/"", ""https://worthcalc.win/zh/money/"", ""https://worthcalc.win/zh/privacy/"", ""https://worthcalc.win/zh/terms/"", ""https://worthcalc.win/zh/tools/""]",[],[],False,4,[]
https://worthcalc.win/zh/contact/,200,https://worthcalc.win/zh/contact/,https://worthcalc.win/zh/contact/,200,"index, follow, max-image-preview:large",,è¯çµ¡ WorthCalc | WorthCalc,è¨ç®æ©é¯èª¤åå ±ãæ¸å­ä¿®æ­£ãåè½å»ºè­°ï¼æåä½æ´½è©¢ï¼é½å¯ä»¥è WorthCalc åéè¯çµ¡ã,"[""è¯çµ¡ WorthCalc""]",zh-TW,[],"{""en"": ""https://worthcalc.win/en/contact/"", ""zh-TW"": ""https://worthcalc.win/zh/contact/"", ""x-default"": ""https://worthcalc.win/en/contact/""}",[],"[""https://worthcalc.win/de/contact/"", ""https://worthcalc.win/en/contact/"", ""https://worthcalc.win/es/contact/"", ""https://worthcalc.win/fr/contact/"", ""https://worthcalc.win/zh/"", ""https://worthcalc.win/zh/about/"", ""https://worthcalc.win/zh/changelog/"", ""https://worthcalc.win/zh/contact/"", ""https://worthcalc.win/zh/disclaimer/"", ""https://worthcalc.win/zh/guides/"", ""https://worthcalc.win/zh/money/"", ""https://worthcalc.win/zh/privacy/"", ""https://worthcalc.win/zh/terms/"", ""https://worthcalc.win/zh/tools/""]",[],[],False,4,[]
https://worthcalc.win/zh/cost-per-use-expensive-item/,200,https://worthcalc.win/zh/cost-per-use-expensive-item/,https://worthcalc.win/zh/cost-per-use-expensive-item/,200,"index, follow, max-image-preview:large",,é«å¹ç©åæ¯æ¬¡ä½¿ç¨ææ¬ï¼é æãå¯¦éèæçæ¬¡æ¸è¨ç®å¨ | WorthCalc,ç¨è³¼è²·ãç¶­è­·ãèæãæ·¨è½å®ãé æèå¯¦éæ¬¡æ¸ï¼è¨ç®é«å¹ç©åæ¯æ¬¡ææ¬åç§ç¨æ¿ä»£æçé»ã,"[""é«å¹ç©åæ¯æ¬¡ä½¿ç¨ææ¬ï¼é æãå¯¦éèæçæ¬¡æ¸è¨ç®å¨""]",zh-TW,[],"{""zh-TW"": ""https://worthcalc.win/zh/cost-per-use-expensive-item/"", ""x-default"": ""https://worthcalc.win/zh/cost-per-use-expensive-item/""}",[],"[""https://worthcalc.win/de/cost-per-use-expensive-item/"", ""https://worthcalc.win/en/cost-per-use-expensive-item/"", ""https://worthcalc.win/es/cost-per-use-expensive-item/"", ""https://worthcalc.win/fr/cost-per-use-expensive-item/"", ""https://worthcalc.win/zh/"", ""https://worthcalc.win/zh/about/"", ""https://worthcalc.win/zh/changelog/"", ""https://worthcalc.win/zh/contact/"", ""https://worthcalc.win/zh/cost-per-use-expensive-item/"", ""https://worthcalc.win/zh/disclaimer/"", ""https://worthcalc.win/zh/guides/"", ""https://worthcalc.win/zh/money/"", ""https://worthcalc.win/zh/privacy/"", ""https://worthcalc.win/zh/terms/"", ""https://worthcalc.win/zh/tools/"", ""https://worthcalc.win/zh/topics/everyday/""]",[],[],False,5,[]
https://worthcalc.win/zh/costco-math/,200,https://worthcalc.win/zh/costco-math/,https://worthcalc.win/zh/costco-math/,200,"index, follow, max-image-preview:large",,å¥½å¸å¤æå¡çæ¸å­¸ï¼å¹´è²»æéº¼ç®æåæ¬ | WorthCalc,å¥½å¸å¤æå¡å¼å¾åï¼éææå¡ãåæ¥­æå¡ãé»é½å¡æå¡çåæ¬éæª»ä¸æ¬¡ç®æ¸æ¥ï¼2% åé¥çæ¸å­¸ãåé¥ä¸éï¼éåè²»è©¦ç®è¨ç®æ©ã,"[""å¥½å¸å¤æå¡çæ¸å­¸ï¼å¹´è²»æéº¼ç®æåæ¬""]",zh-TW,[],"{""en"": ""https://worthcalc.win/en/costco-math/"", ""zh-TW"": ""https://worthcalc.win/zh/costco-math/"", ""x-default"": ""https://worthcalc.win/en/costco-math/""}",[],"[""https://worthcalc.win/de/costco-math/"", ""https://worthcalc.win/en/costco-math/"", ""https://worthcalc.win/es/costco-math/"", ""https://worthcalc.win/fr/costco-math/"", ""https://worthcalc.win/zh/"", ""https://worthcalc.win/zh/about/"", ""https://worthcalc.win/zh/changelog/"", ""https://worthcalc.win/zh/contact/"", ""https://worthcalc.win/zh/costco-math/"", ""https://worthcalc.win/zh/disclaimer/"", ""https://worthcalc.win/zh/guides/"", ""https://worthcalc.win/zh/money/"", ""https://worthcalc.win/zh/privacy/"", ""https://worthcalc.win/zh/subscription-creep/"", ""https://worthcalc.win/zh/terms/"", ""https://worthcalc.win/zh/tools/"", ""https://worthcalc.win/zh/tools/cashback-breakeven/"", ""https://worthcalc.win/zh/tools/costco-membership/"", ""https://worthcalc.win/zh/topics/memberships/""]",[],[],False,5,[]
https://worthcalc.win/zh/credit-card-minimum-payment-trap/,200,https://worthcalc.win/zh/credit-card-minimum-payment-trap/,https://worthcalc.win/zh/credit-card-minimum-payment-trap/,200,"index, follow, max-image-preview:large",,ä¿¡ç¨å¡åªç¹³æä½æç¹³ï¼å©æ¯æéº¼ç®ï¼å¾ªç°å©ç15%ä¸éæ¯ä»éº¼ | WorthCalc,æè§£å°ç£ä¿¡ç¨å¡æä½æç¹³çè¨ç®å¬å¼ãå¾ªç°å©æ¯æ¥æ¯ç®æ³ï¼ä»¥å15%æ³å®ä¸éçºä»éº¼ä¸ä»£è¡¨ä½ çå¡å©çå°±æ¯15%ã,"[""ä¿¡ç¨å¡åªç¹³æä½æç¹³ï¼å©æ¯æéº¼ç®ï¼å¾ªç°å©ç15%ä¸éæ¯ä»éº¼""]",zh-TW,[],"{""en"": ""https://worthcalc.win/en/credit-card-minimum-payment-trap/"", ""zh-TW"": ""https://worthcalc.win/zh/credit-card-minimum-payment-trap/"", ""x-default"": ""https://worthcalc.win/en/credit-card-minimum-payment-trap/""}",[],"[""https://worthcalc.win/de/credit-card-minimum-payment-trap/"", ""https://worthcalc.win/en/credit-card-minimum-payment-trap/"", ""https://worthcalc.win/es/credit-card-minimum-payment-trap/"", ""https://worthcalc.win/fr/credit-card-minimum-payment-trap/"", ""https://worthcalc.win/zh/"", ""https://worthcalc.win/zh/about/"", ""https://worthcalc.win/zh/changelog/"", ""https://worthcalc.win/zh/contact/"", ""https://worthcalc.win/zh/credit-card-minimum-payment-trap/"", ""https://worthcalc.win/zh/disclaimer/"", ""https://worthcalc.win/zh/guides/"", ""https://worthcalc.win/zh/money/"", ""https://worthcalc.win/zh/privacy/"", ""https://worthcalc.win/zh/terms/"", ""https://worthcalc.win/zh/tools/"", ""https://worthcalc.win/zh/tools/credit-card-payoff/"", ""https://worthcalc.win/zh/topics/debt-credit/""]",[],[],False,4,[]
https://worthcalc.win/zh/delivery-membership-break-even/,200,https://worthcalc.win/zh/delivery-membership-break-even/,https://worthcalc.win/zh/delivery-membership-break-even/,200,"index, follow, max-image-preview:large",,å¤éæå¡ä¸å¹´è¦ç¨å¹¾æ¬¡æåæ¬ | WorthCalc,ç¨åæ ¼è¨å®ãåéå·®é¡ãæåè²»å·®ãæä½æ¶è²»ãæ¹å®èå®å¨ä¸ç¨æä»½ï¼è¨ç®å¤éæå¡ä¸å¹´åæ¬æ¬¡æ¸ã,"[""å¤éæå¡ä¸å¹´è¦ç¨å¹¾æ¬¡æåæ¬""]",zh-TW,[],"{""en"": ""https://worthcalc.win/en/delivery-membership-break-even/"", ""zh-TW"": ""https://worthcalc.win/zh/delivery-membership-break-even/"", ""x-default"": ""https://worthcalc.win/en/delivery-membership-break-even/""}",[],"[""https://worthcalc.win/de/delivery-membership-break-even/"", ""https://worthcalc.win/en/delivery-membership-break-even/"", ""https://worthcalc.win/es/delivery-membership-break-even/"", ""https://worthcalc.win/fr/delivery-membership-break-even/"", ""https://worthcalc.win/zh/"", ""https://worthcalc.win/zh/about/"", ""https://worthcalc.win/zh/changelog/"", ""https://worthcalc.win/zh/contact/"", ""https://worthcalc.win/zh/delivery-membership-break-even/"", ""https://worthcalc.win/zh/disclaimer/"", ""https://worthcalc.win/zh/guides/"", ""https://worthcalc.win/zh/money/"", ""https://worthcalc.win/zh/privacy/"", ""https://worthcalc.win/zh/terms/"", ""https://worthcalc.win/zh/tools/"", ""https://worthcalc.win/zh/topics/memberships/""]",[],[],False,5,[]
https://worthcalc.win/zh/disclaimer/,200,https://worthcalc.win/zh/disclaimer/,https://worthcalc.win/zh/disclaimer/,200,"index, follow, max-image-preview:large",,åè²¬è²æ | WorthCalc,WorthCalc çè¨ç®çµæåä¾ä¸è¬è³è¨åèï¼æ¬ç«åä¾è©¦ç®åèï¼éæè³æè²¡åå»ºè­°ã,"[""åè²¬è²æ""]",zh-TW,[],"{""en"": ""https://worthcalc.win/en/disclaimer/"", ""zh-TW"": ""https://worthcalc.win/zh/disclaimer/"", ""x-default"": ""https://worthcalc.win/en/disclaimer/""}",[],"[""https://worthcalc.win/de/disclaimer/"", ""https://worthcalc.win/en/disclaimer/"", ""https://worthcalc.win/es/disclaimer/"", ""https://worthcalc.win/fr/disclaimer/"", ""https://worthcalc.win/zh/"", ""https://worthcalc.win/zh/about/"", ""https://worthcalc.win/zh/changelog/"", ""https://worthcalc.win/zh/contact/"", ""https://worthcalc.win/zh/disclaimer/"", ""https://worthcalc.win/zh/guides/"", ""https://worthcalc.win/zh/money/"", ""https://worthcalc.win/zh/privacy/"", ""https://worthcalc.win/zh/terms/"", ""https://worthcalc.win/zh/tools/""]",[],[],False,4,[]
https://worthcalc.win/zh/emergency-fund-how-much/,200,https://worthcalc.win/zh/emergency-fund-how-much/,https://worthcalc.win/zh/emergency-fund-how-much/,200,"index,follow",,ç·æ¥é åéè¦å­å¤å°ï¼3 åæ vs 6 åæå®æ´è¨ç®ï½WorthCalc,ç·æ¥é åéä¸æ¯èä¸åææ¸ãç¨å¿è¦æ¯åºãæ¶å¥ç©©å®åº¦ãä¿éªãèªä»é¡ãå®¶åº­è²¬ä»»èå¯åç¨ç¾éï¼ç®åºçæ­£é©åä½ çå®å¨å¢ç¯åã,"[""ç·æ¥é åéè¦å­å¤å°ï¼3 åæã6 åæä¸æ¯å¯ä¸ç­æ¡""]",zh-TW,[],"{""zh-TW"": ""https://worthcalc.win/zh/emergency-fund-how-much/"", ""x-default"": ""https://worthcalc.win/zh/emergency-fund-how-much/""}",[],"[""https://worthcalc.win/zh/"", ""https://worthcalc.win/zh/about/"", ""https://worthcalc.win/zh/changelog/"", ""https://worthcalc.win/zh/contact/"", ""https://worthcalc.win/zh/disclaimer/"", ""https://worthcalc.win/zh/emergency-fund-how-much/"", ""https://worthcalc.win/zh/emergency-fund-vs-sinking-fund/"", ""https://worthcalc.win/zh/guides/"", ""https://worthcalc.win/zh/guides/cash-flow-buffer-vs-emergency-fund/"", ""https://worthcalc.win/zh/guides/emergency-fund-rebuild-after-use/"", ""https://worthcalc.win/zh/guides/insurance-deductible-cash-reserve/"", ""https://worthcalc.win/zh/guides/post-debt-payoff-cashflow-plan/"", ""https://worthcalc.win/zh/guides/single-income-household-stress-test/"", ""https://worthcalc.win/zh/how-to-calculate-net-worth/"", ""https://worthcalc.win/zh/money/"", ""https://worthcalc.win/zh/privacy/"", ""https://worthcalc.win/zh/terms/"", ""https://worthcalc.win/zh/tools/"", ""https://worthcalc.win/zh/tools/budget-builder/"", ""https://worthcalc.win/zh/topics/income-savings/""]",[],[],False,3,[]
https://worthcalc.win/zh/emergency-fund-irregular-income/,200,https://worthcalc.win/zh/emergency-fund-irregular-income/,https://worthcalc.win/zh/emergency-fund-irregular-income/,200,"index,follow",,æ¶å¥ä¸åºå®ç·æ¥é åéæéº¼å­ï¼æ¥æ¡ï¼èªçå®æ´æ¹æ³ï½WorthCalc,æ¶å¥æ³¢åæä¸è¦ç¨å¹³åæèªåè£ç©©å®ãç¨æ¶å¥åºç·ãå¿è¦æ¯åºãæ·¡æºå­£ãç¨æ¬¾èå¤§é¡å¥å¸³è¦åç·æ¥é åéã,"[""æ¶å¥ä¸åºå®ï¼ç·æ¥é åéæéº¼å­ï¼æ¥æ¡ãèªçèçéå¶çç¾éæµåæ³""]",zh-TW,[],"{""en"": ""https://worthcalc.win/en/emergency-fund-irregular-income/"", ""zh-TW"": ""https://worthcalc.win/zh/emergency-fund-irregular-income/"", ""x-default"": ""https://worthcalc.win/en/emergency-fund-irregular-income/""}",[],"[""https://worthcalc.win/en/emergency-fund-irregular-income/"", ""https://worthcalc.win/zh/"", ""https://worthcalc.win/zh/about/"", ""https://worthcalc.win/zh/changelog/"", ""https://worthcalc.win/zh/contact/"", ""https://worthcalc.win/zh/disclaimer/"", ""https://worthcalc.win/zh/emergency-fund-how-much/"", ""https://worthcalc.win/zh/emergency-fund-irregular-income/"", ""https://worthcalc.win/zh/guides/"", ""https://worthcalc.win/zh/guides/commission-income-tax-reserve-cashflow/"", ""https://worthcalc.win/zh/guides/financial-runway-months/"", ""https://worthcalc.win/zh/guides/variable-bonus-income-fixed-obligations/"", ""https://worthcalc.win/zh/how-to-calculate-savings-rate/"", ""https://worthcalc.win/zh/money/"", ""https://worthcalc.win/zh/privacy/"", ""https://worthcalc.win/zh/terms/"", ""https://worthcalc.win/zh/tools/"", ""https://worthcalc.win/zh/tools/budget-builder/"", ""https://worthcalc.win/zh/topics/income-savings/""]",[],[],False,3,[]
https://worthcalc.win/zh/emergency-fund-vs-debt-payoff/,200,https://worthcalc.win/zh/emergency-fund-vs-debt-payoff/,https://worthcalc.win/zh/emergency-fund-vs-debt-payoff/,200,"index,follow",,åå­ç·æ¥é åééæ¯åéåµï¼å®æ´å¤æ·æ¡æ¶ï½WorthCalc,ãå¨é¨æ¿å»éåµãå¯è½è®ä¸ä¸æ¬¡çªç¼æ¯åºååå°åæ¬¾ï¼ãåªå­é¢ä¸èçé«ææ¬åµåãä¹æä»£å¹ãç¨åå±¤ç·©è¡èåµåææ¬ä¸èµ·å¤æ·ã,"[""åå­ç·æ¥é åéï¼éæ¯åéåµï¼ç¨å©çãç¾éæµèååæ¬¾é¢¨éªåå¤æ·""]",zh-TW,[],"{""zh-TW"": ""https://worthcalc.win/zh/emergency-fund-vs-debt-payoff/"", ""x-default"": ""https://worthcalc.win/zh/emergency-fund-vs-debt-payoff/""}",[],"[""https://worthcalc.win/zh/"", ""https://worthcalc.win/zh/about/"", ""https://worthcalc.win/zh/changelog/"", ""https://worthcalc.win/zh/contact/"", ""https://worthcalc.win/zh/disclaimer/"", ""https://worthcalc.win/zh/emergency-fund-how-much/"", ""https://worthcalc.win/zh/emergency-fund-vs-debt-payoff/"", ""https://worthcalc.win/zh/guides/"", ""https://worthcalc.win/zh/guides/debt-paydown-interest-vs-cashflow/"", ""https://worthcalc.win/zh/guides/extra-payment-personal-loan/"", ""https://worthcalc.win/zh/guides/windfall-debt-vs-cash-allocation/"", ""https://worthcalc.win/zh/money/"", ""https://worthcalc.win/zh/privacy/"", ""https://worthcalc.win/zh/terms/"", ""https://worthcalc.win/zh/tools/"", ""https://worthcalc.win/zh/tools/credit-card-payoff/"", ""https://worthcalc.win/zh/tools/debt-strategy/"", ""https://worthcalc.win/zh/topics/debt-credit/""]",[],[],False,3,[]
https://worthcalc.win/zh/emergency-fund-vs-sinking-fund/,200,https://worthcalc.win/zh/emergency-fund-vs-sinking-fund/,https://worthcalc.win/zh/emergency-fund-vs-sinking-fund/,200,"index,follow",,ç·æ¥é åé vs Sinking Fundï¼é ææ¯åºæéº¼åï¼ï½WorthCalc,ä¿éªãç¨ãç¶­ä¿®ãæéãå­¸è²»ä¸æ¯çªç¶ç¼çå°±ç­æ¼ç·æ¥ãå­¸ææ emergency fund è sinking fund åéï¼é¿åå®å¨å¢è¢«å·²ç¥æ¯åºåæã,"[""ç·æ¥é åé vs ç®æ¨åºéï¼åªäºæ¯åºå¶å¯¦ä¸ç®ãç·æ¥ãï¼""]",zh-TW,[],"{""zh-TW"": ""https://worthcalc.win/zh/emergency-fund-vs-sinking-fund/"", ""x-default"": ""https://worthcalc.win/zh/emergency-fund-vs-sinking-fund/""}",[],"[""https://worthcalc.win/zh/"", ""https://worthcalc.win/zh/about/"", ""https://worthcalc.win/zh/changelog/"", ""https://worthcalc.win/zh/contact/"", ""https://worthcalc.win/zh/disclaimer/"", ""https://worthcalc.win/zh/emergency-fund-how-much/"", ""https://worthcalc.win/zh/emergency-fund-irregular-income/"", ""https://worthcalc.win/zh/emergency-fund-vs-sinking-fund/"", ""https://worthcalc.win/zh/guides/"", ""https://worthcalc.win/zh/guides/sinking-fund-by-deadline/"", ""https://worthcalc.win/zh/money/"", ""https://worthcalc.win/zh/privacy/"", ""https://worthcalc.win/zh/terms/"", ""https://worthcalc.win/zh/tools/"", ""https://worthcalc.win/zh/tools/budget-builder/"", ""https://worthcalc.win/zh/topics/income-savings/""]",[],[],False,3,[]
https://worthcalc.win/zh/energy-efficient-appliance-payback/,200,https://worthcalc.win/zh/energy-efficient-appliance-payback/,https://worthcalc.win/zh/energy-efficient-appliance-payback/,200,"index, follow, max-image-preview:large",,ç¯è½å®¶é»å¤ä¹åæ¬ï¼ç¨å¹å·®ãèé»ãä½¿ç¨é »çèé»å¹è©¦ç® | WorthCalc,ç¨ç¯è½å®¶é»æ·¨å¹å·®ãæ¯æ¬¡èé»å·®ãå¹´ä½¿ç¨æ¬¡æ¸ãå°é»ééé»å¹ãè£å©èææå¹´æ¸è¨ç®åæ¬ã,"[""ç¯è½å®¶é»å¤ä¹åæ¬ï¼ç¨å¹å·®ãèé»ãä½¿ç¨é »çèé»å¹è©¦ç®""]",zh-TW,[],"{""en"": ""https://worthcalc.win/en/energy-efficient-appliance-payback/"", ""zh-TW"": ""https://worthcalc.win/zh/energy-efficient-appliance-payback/"", ""x-default"": ""https://worthcalc.win/en/energy-efficient-appliance-payback/""}",[],"[""https://worthcalc.win/de/energy-efficient-appliance-payback/"", ""https://worthcalc.win/en/energy-efficient-appliance-payback/"", ""https://worthcalc.win/es/energy-efficient-appliance-payback/"", ""https://worthcalc.win/fr/energy-efficient-appliance-payback/"", ""https://worthcalc.win/zh/"", ""https://worthcalc.win/zh/about/"", ""https://worthcalc.win/zh/changelog/"", ""https://worthcalc.win/zh/contact/"", ""https://worthcalc.win/zh/disclaimer/"", ""https://worthcalc.win/zh/energy-efficient-appliance-payback/"", ""https://worthcalc.win/zh/guides/"", ""https://worthcalc.win/zh/money/"", ""https://worthcalc.win/zh/privacy/"", ""https://worthcalc.win/zh/terms/"", ""https://worthcalc.win/zh/tools/"", ""https://worthcalc.win/zh/topics/everyday/""]",[],[],False,5,[]
https://worthcalc.win/zh/ev-vs-gas-total-cost/,200,https://worthcalc.win/zh/ev-vs-gas-total-cost/,https://worthcalc.win/zh/ev-vs-gas-total-cost/,200,"index, follow, max-image-preview:large",,é»åè»åæ²¹è»æéº¼æ¯è¼äºå¹´ç¸½ææææ¬ | WorthCalc,ç¨å¯¦éæäº¤å¹ãå®¶åå»ºç½®ãé»è²»ææ²¹é¢ãä¿éªãä¿é¤ãçç§ç¨ãæ±½è»çæä½¿ç¨è²»ãæèèè½å®å¹æ¯è¼é»åè»åæ²¹è»äºå¹´ææ¬ã,"[""é»åè»åæ²¹è»æéº¼æ¯è¼äºå¹´ç¸½ææææ¬""]",zh-TW,[],"{""en"": ""https://worthcalc.win/en/ev-vs-gas-total-cost/"", ""zh-TW"": ""https://worthcalc.win/zh/ev-vs-gas-total-cost/"", ""x-default"": ""https://worthcalc.win/en/ev-vs-gas-total-cost/""}",[],"[""https://worthcalc.win/de/ev-vs-gas-total-cost/"", ""https://worthcalc.win/en/ev-vs-gas-total-cost/"", ""https://worthcalc.win/es/ev-vs-gas-total-cost/"", ""https://worthcalc.win/fr/ev-vs-gas-total-cost/"", ""https://worthcalc.win/zh/"", ""https://worthcalc.win/zh/about/"", ""https://worthcalc.win/zh/changelog/"", ""https://worthcalc.win/zh/contact/"", ""https://worthcalc.win/zh/disclaimer/"", ""https://worthcalc.win/zh/ev-vs-gas-total-cost/"", ""https://worthcalc.win/zh/guides/"", ""https://worthcalc.win/zh/money/"", ""https://worthcalc.win/zh/privacy/"", ""https://worthcalc.win/zh/terms/"", ""https://worthcalc.win/zh/tools/"", ""https://worthcalc.win/zh/topics/transportation/""]",[],[],False,5,[]
https://worthcalc.win/zh/extended-warranty-math/,200,https://worthcalc.win/zh/extended-warranty-math/,https://worthcalc.win/zh/extended-warranty-math/,200,"index, follow, max-image-preview:large",,å»¶é·ä¿åºå¼å¾è²·åï¼ææå¼ç®æ³èä¸åççè©²è²·çä¾å¤ | WorthCalc,å»¶ä¿å®å¹éå¸¸æ¯ååå¹ 10-20%ï¼èå¤æ¸é»å­ç¢åå»¶ä¿ææéçä¸å° 10%ââææå¼ä¸æ¯è§çãä½æä¸ç¨®ææ³è©²è²·ï¼ä¿®ä¸èµ·çãå¸¸å£çãå£ä¸èµ·çãéè¨ç®æµç¨ã,"[""å»¶é·ä¿åºå¼å¾è²·åï¼ææå¼ç®æ³èä¸åççè©²è²·çä¾å¤""]",zh-TW,[],"{""en"": ""https://worthcalc.win/en/extended-warranty-math/"", ""zh-TW"": ""https://worthcalc.win/zh/extended-warranty-math/"", ""x-default"": ""https://worthcalc.win/en/extended-warranty-math/""}",[],"[""https://worthcalc.win/en/extended-warranty-math/"", ""https://worthcalc.win/zh/"", ""https://worthcalc.win/zh/about/"", ""https://worthcalc.win/zh/changelog/"", ""https://worthcalc.win/zh/contact/"", ""https://worthcalc.win/zh/disclaimer/"", ""https://worthcalc.win/zh/extended-warranty-math/"", ""https://worthcalc.win/zh/guides/"", ""https://worthcalc.win/zh/money/"", ""https://worthcalc.win/zh/privacy/"", ""https://worthcalc.win/zh/terms/"", ""https://worthcalc.win/zh/tools/"", ""https://worthcalc.win/zh/tools/latte-factor/"", ""https://worthcalc.win/zh/topics/everyday/""]",[],[],False,5,[]
https://worthcalc.win/zh/extra-mortgage-payments-guide/,200,https://worthcalc.win/zh/extra-mortgage-payments-guide/,https://worthcalc.win/zh/extra-mortgage-payments-guide/,200,"index, follow, max-image-preview:large",,æ¿è²¸å¤ç¹³åä¸åç®ï¼å¯¬éæãæåæ¸åéç´éä¸æ¬¡ææ | WorthCalc,å°ç£æ¿è²¸å¤ç¹³åå¿é åç¢ºèªçä¸ä»¶äºï¼éè¡æéº¼æ²éæ¬éãå¯¬éææ­£å¨ä»ä»éº¼ãæåæ¸åéç´éä¸å¹´å§ææ£å¤å°ã,"[""æ¿è²¸å¤ç¹³åä¸åç®ï¼å¯¬éæãæåæ¸åéç´éä¸æ¬¡ææ""]",zh-TW,[],"{""en"": ""https://worthcalc.win/en/extra-mortgage-payments-guide/"", ""zh-TW"": ""https://worthcalc.win/zh/extra-mortgage-payments-guide/"", ""x-default"": ""https://worthcalc.win/en/extra-mortgage-payments-guide/""}",[],"[""https://worthcalc.win/de/extra-mortgage-payments-guide/"", ""https://worthcalc.win/en/extra-mortgage-payments-guide/"", ""https://worthcalc.win/es/extra-mortgage-payments-guide/"", ""https://worthcalc.win/fr/extra-mortgage-payments-guide/"", ""https://worthcalc.win/zh/"", ""https://worthcalc.win/zh/about/"", ""https://worthcalc.win/zh/changelog/"", ""https://worthcalc.win/zh/contact/"", ""https://worthcalc.win/zh/disclaimer/"", ""https://worthcalc.win/zh/extra-mortgage-payments-guide/"", ""https://worthcalc.win/zh/guides/"", ""https://worthcalc.win/zh/guides/monthly-extra-vs-annual-lump-sum/"", ""https://worthcalc.win/zh/money/"", ""https://worthcalc.win/zh/privacy/"", ""https://worthcalc.win/zh/terms/"", ""https://worthcalc.win/zh/tools/"", ""https://worthcalc.win/zh/tools/mortgage-payoff/"", ""https://worthcalc.win/zh/topics/housing/""]",[],[],False,4,[]
https://worthcalc.win/zh/full-commute-cost-including-time/,200,https://worthcalc.win/zh/full-commute-cost-including-time/,https://worthcalc.win/zh/full-commute-cost-including-time/,200,"index, follow, max-image-preview:large",,éå¤ä¸åªæ²¹é¢ï¼å¦ä½ææéä¹ç®é²æ¯æéå¤ææ¬ | WorthCalc,ç¨è½æºãç¥¨å¹ãåè»ãä¿é¤ãéç¨æèèèªè¨æéå¹å¼è¨ç®æ¯æéå¤ææ¬ï¼ä¸ææéç´æ¥ç­åèªè³ã,"[""éå¤ä¸åªæ²¹é¢ï¼å¦ä½ææéä¹ç®é²æ¯æéå¤ææ¬""]",zh-TW,[],"{""en"": ""https://worthcalc.win/en/full-commute-cost-including-time/"", ""zh-TW"": ""https://worthcalc.win/zh/full-commute-cost-including-time/"", ""x-default"": ""https://worthcalc.win/en/full-commute-cost-including-time/""}",[],"[""https://worthcalc.win/de/full-commute-cost-including-time/"", ""https://worthcalc.win/en/full-commute-cost-including-time/"", ""https://worthcalc.win/es/full-commute-cost-including-time/"", ""https://worthcalc.win/fr/full-commute-cost-including-time/"", ""https://worthcalc.win/zh/"", ""https://worthcalc.win/zh/about/"", ""https://worthcalc.win/zh/changelog/"", ""https://worthcalc.win/zh/contact/"", ""https://worthcalc.win/zh/disclaimer/"", ""https://worthcalc.win/zh/full-commute-cost-including-time/"", ""https://worthcalc.win/zh/guides/"", ""https://worthcalc.win/zh/money/"", ""https://worthcalc.win/zh/privacy/"", ""https://worthcalc.win/zh/terms/"", ""https://worthcalc.win/zh/tools/"", ""https://worthcalc.win/zh/topics/transportation/""]",[],[],False,5,[]
https://worthcalc.win/zh/guides/,200,https://worthcalc.win/zh/guides/,https://worthcalc.win/zh/guides/,200,"index, follow, max-image-preview:large",,å¨é¨æå | WorthCalc,WorthCalc çæææ±ºç­æåï¼ä¾ä¸»é¡åé¡ï¼ä½æ¿ãåµåèä¿¡ç¨ãäº¤éãæ¥å¸¸åæ¬ãè¨é±æå¡ãæ¶å¥èå²èã,"[""å¨é¨æå""]",zh-TW,[],"{""en"": ""https://worthcalc.win/en/guides/"", ""zh-TW"": ""https://worthcalc.win/zh/guides/"", ""x-default"": ""https://worthcalc.win/en/guides/""}",[],"[""https://worthcalc.win/de/guides/"", ""https://worthcalc.win/en/guides/"", ""https://worthcalc.win/es/guides/"", ""https://worthcalc.win/fr/guides/"", ""https://worthcalc.win/zh/"", ""https://worthcalc.win/zh/about/"", ""https://worthcalc.win/zh/annual-fee-card-breakeven/"", ""https://worthcalc.win/zh/annual-vs-monthly-billing/"", ""https://worthcalc.win/zh/apr-vs-apy/"", ""https://worthcalc.win/zh/average-commuting-cost/"", ""https://worthcalc.win/zh/bnpl-vs-credit-card-installments/"", ""https://worthcalc.win/zh/budget-with-irregular-income/"", ""https://worthcalc.win/zh/bulk-buying-vs-small-packages/"", ""https://worthcalc.win/zh/bulk-buying-waste-math/"", ""https://worthcalc.win/zh/car-lease-vs-buy-total-cost/"", ""https://worthcalc.win/zh/cashback-caps-real-reward-rate/"", ""https://worthcalc.win/zh/changelog/"", ""https://worthcalc.win/zh/contact/"", ""https://worthcalc.win/zh/cost-per-use-expensive-item/"", ""https://worthcalc.win/zh/costco-math/"", ""https://worthcalc.win/zh/credit-card-minimum-payment-trap/"", ""https://worthcalc.win/zh/delivery-membership-break-even/"", ""https://worthcalc.win/zh/disclaimer/"", ""https://worthcalc.win/zh/emergency-fund-how-much/"", ""https://worthcalc.win/zh/emergency-fund-irregular-income/"", ""https://worthcalc.win/zh/emergency-fund-vs-debt-payoff/"", ""https://worthcalc.win/zh/emergency-fund-vs-sinking-fund/"", ""https://worthcalc.win/zh/energy-efficient-appliance-payback/"", ""https://worthcalc.win/zh/ev-vs-gas-total-cost/"", ""https://worthcalc.win/zh/extended-warranty-math/"", ""https://worthcalc.win/zh/extra-mortgage-payments-guide/"", ""https://worthcalc.win/zh/free-shipping-threshold/"", ""https://worthcalc.win/zh/freelancer-pricing-decision-engine/"", ""https://worthcalc.win/zh/full-commute-cost-including-time/"", ""https://worthcalc.win/zh/guides/"", ""https://worthcalc.win/zh/guides/ai-tool-realized-time-savings-break-even/"", ""https://worthcalc.win/zh/guides/amortization-schedule-explained/"", ""https://worthcalc.win/zh/guides/annual-bill-cluster-cash-low-point/"", ""https://worthcalc.win/zh/guides/annual-expenses-monthly-equivalent/"", ""https://worthcalc.win/zh/guides/annual-plan-cancellation-risk-break-even/"", ""https://worthcalc.win/zh/guides/auto-loan-negative-equity-rollover-cost/"", ""https://worthcalc.win/zh/guides/balance-transfer-fee-break-even/"", ""https://worthcalc.win/zh/guides/base-salary-vs-bonus-fixed-cost-capacity/"", ""https://worthcalc.win/zh/guides/car-down-payment-vs-liquidity/"", ""https://worthcalc.win/zh/guides/car-loan-60-72-84-early-exit/"", ""https://worthcalc.win/zh/guides/car-major-repair-hold-period-break-even/"", ""https://worthcalc.win/zh/guides/cash-discount-vs-financing/"", ""https://worthcalc.win/zh/guides/cash-flow-buffer-vs-emergency-fund/"", ""https://worthcalc.win/zh/guides/cash-runway-before-quitting-job/"", ""https://worthcalc.win/zh/guides/cash-vs-car-loan-liquidity-adjusted/"", ""https://worthcalc.win/zh/guides/childcare-deposit-enrollment-cashflow/"", ""https://worthcalc.win/zh/guides/childcare-return-to-work-break-even/"", ""https://worthcalc.win/zh/guides/commission-income-tax-reserve-cashflow/"", ""https://worthcalc.win/zh/guides/cost-of-delaying-savings-goal/"", ""https://worthcalc.win/zh/guides/debt-consolidation-break-even/"", ""https://worthcalc.win/zh/guides/debt-free-fixed-cost-creep/"", ""https://worthcalc.win/zh/guides/debt-paydown-interest-vs-cashflow/"", ""https://worthcalc.win/zh/guides/debt-to-assets-ratio-personal/"", ""https://worthcalc.win/zh/guides/down-payment-vs-post-purchase-liquidity/"", ""https://worthcalc.win/zh/guides/effective-interest-rate-explained/"", ""https://worthcalc.win/zh/guides/electricity-cost-per-kwh-used/"", ""https://worthcalc.win/zh/guides/emergency-fund-rebuild-after-move/"", ""https://worthcalc.win/zh/guides/emergency-fund-rebuild-after-use/"", ""https://worthcalc.win/zh/guides/employer-benefits-replacement-cost-vs-cash/"", ""https://worthcalc.win/zh/guides/extra-payment-personal-loan/"", ""https://worthcalc.win/zh/guides/extra-principal-before-car-trade-vs-cash/"", ""https://worthcalc.win/zh/guides/extra-room-home-office-incremental-rent-break-even/"", ""https://worthcalc.win/zh/guides/financial-runway-months/"", ""https://worthcalc.win/zh/guides/fixed-cost-ratio-personal-budget/"", ""https://worthcalc.win/zh/guides/fixed-vs-variable-rate-scenario/"", ""https://worthcalc.win/zh/guides/freelance-minimum-billable-rate/"", ""https://worthcalc.win/zh/guides/high-vs-low-deductible-break-even/"", ""https://worthcalc.win/zh/guides/higher-salary-long-commute-vs-lower-salary-nearby/"", ""https://worthcalc.win/zh/guides/how-much-cash-to-keep/"", ""https://worthcalc.win/zh/guides/inflation-adjusted-savings-goal/"", ""https://worthcalc.win/zh/guides/insurance-annual-vs-monthly-payment/"", ""https://worthcalc.win/zh/guides/insurance-deductible-cash-reserve/"", ""https://worthcalc.win/zh/guides/interest-only-period-total-cost/"", ""https://worthcalc.win/zh/guides/job-change-pay-gap-cashflow/"", ""https://worthcalc.win/zh/guides/joint-account-minimum-cash-floor/"", ""https://worthcalc.win/zh/guides/lifestyle-inflation-raise-capture/"", ""https://worthcalc.win/zh/guides/loan-refinance-break-even/"", ""https://worthcalc.win/zh/guides/minimum-cash-balance-checking/"", ""https://worthcalc.win/zh/guides/monthly-extra-vs-annual-lump-sum/"", ""https://worthcalc.win/zh/guides/monthly-payment-affordability-vs-total-cost/"", ""https://worthcalc.win/zh/guides/mortgage-fee-rate-break-even/"", ""https://worthcalc.win/zh/guides/mortgage-recast-vs-refinance-vs-prepay/"", ""https://worthcalc.win/zh/guides/net-worth-tracking-frequency/"", ""https://worthcalc.win/zh/guides/overtime-marginal-take-home-cost/"", ""https://worthcalc.win/zh/guides/paycheck-budgeting-limitations/"", ""https://worthcalc.win/zh/guides/personal-liquidity-ratio/"", ""https://worthcalc.win/zh/guides/post-debt-payoff-cashflow-plan/"", ""https://worthcalc.win/zh/guides/prepay-rent-discount-vs-liquidity/"", ""https://worthcalc.win/zh/guides/principal-equal-vs-payment-equal-amortization/"", ""https://worthcalc.win/zh/guides/professional-membership-replacement-value-break-even/"", ""https://worthcalc.win/zh/guides/promo-apr-payoff-deadline/"", ""https://worthcalc.win/zh/guides/real-vs-nominal-return/"", ""https://worthcalc.win/zh/guides/relocation-for-higher-salary-break-even/"", ""https://worthcalc.win/zh/guides/remote-work-pay-cut-cash-break-even/"", ""https://worthcalc.win/zh/guides/rent-increase-vs-moving-break-even/"", ""https://worthcalc.win/zh/guides/rental-deposit-liquidity-cost/"", ""https://worthcalc.win/zh/guides/return-to-work-fulltime-vs-parttime/"", ""https://worthcalc.win/zh/guides/save-first-vs-installment-purchase/"", ""https://worthcalc.win/zh/guides/shared-expenses-income-split/"", ""https://worthcalc.win/zh/guides/side-hustle-equipment-billable-utilization-break-even/"", ""https://worthcalc.win/zh/guides/signing-bonus-vs-higher-base-clawback-break-even/"", ""https://worthcalc.win/zh/guides/single-income-household-stress-test/"", ""https://worthcalc.win/zh/guides/sinking-fund-by-deadline/"", ""https://worthcalc.win/zh/guides/step-rate-loan-total-cost/"", ""https://worthcalc.win/zh/guides/subscription-opportunity-cost/"", ""https://worthcalc.win/zh/guides/trade-in-vs-private-sale-net-proceeds/"", ""https://worthcalc.win/zh/guides/training-certification-break-even/"", ""https://worthcalc.win/zh/guides/transit-pass-vs-pay-as-you-go-usage-break-even/"", ""https://worthcalc.win/zh/guides/variable-bonus-income-fixed-obligations/"", ""https://worthcalc.win/zh/guides/windfall-debt-vs-cash-allocation/"", ""https://worthcalc.win/zh/guides/work-equipment-reimbursement-break-even/"", ""https://worthcalc.win/zh/gym-membership-cost-per-visit/"", ""https://worthcalc.win/zh/home-vs-public-ev-charging-cost/"", ""https://worthcalc.win/zh/hourly-vs-annual-salary/"", ""https://worthcalc.win/zh/how-compound-growth-works/"", ""https://worthcalc.win/zh/how-much-home-can-you-afford/"", ""https://worthcalc.win/zh/how-to-calculate-dti/"", ""https://worthcalc.win/zh/how-to-calculate-net-worth/"", ""https://worthcalc.win/zh/how-to-calculate-savings-rate/"", ""https://worthcalc.win/zh/installment-apr-table/"", ""https://worthcalc.win/zh/is-an-extended-warranty-worth-it/"", ""https://worthcalc.win/zh/is-costco-executive-membership-worth-it/"", ""https://worthcalc.win/zh/job-offer-true-value-decision-engine/"", ""https://worthcalc.win/zh/liquid-net-worth-explained/"", ""https://worthcalc.win/zh/loan-term-vs-total-interest/"", ""https://worthcalc.win/zh/meal-prep-vs-takeout-cost/"", ""https://worthcalc.win/zh/money/"", ""https://worthcalc.win/zh/money/credit-card-apr-2026/"", ""https://worthcalc.win/zh/money/electricity-price-per-kwh-2026/"", ""https://worthcalc.win/zh/money/irs-mileage-rate-2026/"", ""https://worthcalc.win/zh/money/mortgage-rate-2026-payment-impact/"", ""https://worthcalc.win/zh/money/streaming-prices-2026/"", ""https://worthcalc.win/zh/monthly-vs-annual-subscription/"", ""https://worthcalc.win/zh/new-vs-used-car-total-cost/"", ""https://worthcalc.win/zh/opportunity-cost-everyday/"", ""https://worthcalc.win/zh/paid-membership-break-even/"", ""https://worthcalc.win/zh/pay-raise-vs-inflation-purchasing-power/"", ""https://worthcalc.win/zh/price-in-work-hours/"", ""https://worthcalc.win/zh/price-per-wear-clothing-shoes/"", ""https://worthcalc.win/zh/privacy/"", ""https://worthcalc.win/zh/rent-vs-buy-breakeven-year/"", ""https://worthcalc.win/zh/rent-vs-buy-guide/"", ""https://worthcalc.win/zh/repair-or-replace-decision-formula/"", ""https://worthcalc.win/zh/return-to-office-cost/"", ""https://worthcalc.win/zh/reusable-vs-disposable-break-even/"", ""https://worthcalc.win/zh/rule-of-72-explained/"", ""https://worthcalc.win/zh/simple-vs-compound-interest/"", ""https://worthcalc.win/zh/snowball-vs-avalanche/"", ""https://worthcalc.win/zh/subscription-creep/"", ""https://worthcalc.win/zh/sunk-cost-fallacy-everyday/"", ""https://worthcalc.win/zh/terms/"", ""https://worthcalc.win/zh/tools/"", ""https://worthcalc.win/zh/topics/debt-credit/"", ""https://worthcalc.win/zh/topics/everyday/"", ""https://worthcalc.win/zh/topics/housing/"", ""https://worthcalc.win/zh/topics/income-savings/"", ""https://worthcalc.win/zh/topics/memberships/"", ""https://worthcalc.win/zh/topics/transportation/"", ""https://worthcalc.win/zh/true-cost-of-car-ownership/"", ""https://worthcalc.win/zh/true-hourly-wage-after-commuting-work-expenses/"", ""https://worthcalc.win/zh/upfront-fees-financing-cost/"", ""https://worthcalc.win/zh/upgrade-your-phone-or-keep-it/"", ""https://worthcalc.win/zh/work-from-home-vs-commuting-hidden-costs/"", ""https://worthcalc.win/zh/zero-interest-installments-truth/""]",[],[],False,3,[]
https://worthcalc.win/zh/gym-membership-cost-per-visit/,200,https://worthcalc.win/zh/gym-membership-cost-per-visit/,https://worthcalc.win/zh/gym-membership-cost-per-visit/,200,"index, follow, max-image-preview:large",,å¥èº«æ¿æå¡æ¯æ¬¡ææ¬æéº¼ç®ï¼ä¸åæè¦å»å¹¾æ¬¡æåç® | WorthCalc,æå¥æè²»ãæè²»ãè¨­æ½è²»ãç¼ºå¸­æä»½ãå¯¦éå°é¤¨æ¬¡æ¸èå®æ¬¡æ¿ä»£å¹æ¾é²åä¸åå¥èº«æ¿åæ¬è¨ç®ã,"[""å¥èº«æ¿æå¡æ¯æ¬¡ææ¬æéº¼ç®ï¼ä¸åæè¦å»å¹¾æ¬¡æåç®""]",zh-TW,[],"{""en"": ""https://worthcalc.win/en/gym-membership-cost-per-visit/"", ""zh-TW"": ""https://worthcalc.win/zh/gym-membership-cost-per-visit/"", ""x-default"": ""https://worthcalc.win/en/gym-membership-cost-per-visit/""}",[],"[""https://worthcalc.win/de/gym-membership-cost-per-visit/"", ""https://worthcalc.win/en/gym-membership-cost-per-visit/"", ""https://worthcalc.win/es/gym-membership-cost-per-visit/"", ""https://worthcalc.win/fr/gym-membership-cost-per-visit/"", ""https://worthcalc.win/zh/"", ""https://worthcalc.win/zh/about/"", ""https://worthcalc.win/zh/changelog/"", ""https://worthcalc.win/zh/contact/"", ""https://worthcalc.win/zh/disclaimer/"", ""https://worthcalc.win/zh/guides/"", ""https://worthcalc.win/zh/gym-membership-cost-per-visit/"", ""https://worthcalc.win/zh/money/"", ""https://worthcalc.win/zh/privacy/"", ""https://worthcalc.win/zh/terms/"", ""https://worthcalc.win/zh/tools/"", ""https://worthcalc.win/zh/topics/memberships/""]",[],[],False,5,[]
https://worthcalc.win/zh/home-vs-public-ev-charging-cost/,200,https://worthcalc.win/zh/home-vs-public-ev-charging-cost/,https://worthcalc.win/zh/home-vs-public-ev-charging-cost/,200,"index, follow, max-image-preview:large",,å®¶ç¨åé»æ¨ä¸åº¦é»å¤å°é¢ï¼å¨å®¶å vs å¤é¢åé»è²»è¨ç®æ©ï¼2026ï¼,ç¨å°é»æéé»å¹åå¬å±åé»ç«çå¹ï¼ç®åºæ¯åº¦é»ææ¬ãæ¯æèæ¯å¹´åé»è²»å·®å¤å°ï¼ä¸¦çå®¶ç¨åé»æ¨å¤ä¹åæ¬ã,"[""åé»æ¨ä¸åº¦é»å¤å°é¢ï¼å®¶ç¨èå¬å±åé»é»è²»æéº¼æ¯ï¼""]",zh-TW,[],"{""en"": ""https://worthcalc.win/en/home-vs-public-ev-charging-cost/"", ""zh-TW"": ""https://worthcalc.win/zh/home-vs-public-ev-charging-cost/"", ""x-default"": ""https://worthcalc.win/en/home-vs-public-ev-charging-cost/""}",[],"[""https://worthcalc.win/de/home-vs-public-ev-charging-cost/"", ""https://worthcalc.win/en/home-vs-public-ev-charging-cost/"", ""https://worthcalc.win/es/home-vs-public-ev-charging-cost/"", ""https://worthcalc.win/fr/home-vs-public-ev-charging-cost/"", ""https://worthcalc.win/zh/"", ""https://worthcalc.win/zh/about/"", ""https://worthcalc.win/zh/changelog/"", ""https://worthcalc.win/zh/contact/"", ""https://worthcalc.win/zh/disclaimer/"", ""https://worthcalc.win/zh/ev-vs-gas-total-cost/"", ""https://worthcalc.win/zh/guides/"", ""https://worthcalc.win/zh/home-vs-public-ev-charging-cost/"", ""https://worthcalc.win/zh/money/"", ""https://worthcalc.win/zh/privacy/"", ""https://worthcalc.win/zh/terms/"", ""https://worthcalc.win/zh/tools/"", ""https://worthcalc.win/zh/topics/transportation/""]",[],[],False,5,[]
https://worthcalc.win/zh/hourly-vs-annual-salary/,200,https://worthcalc.win/zh/hourly-vs-annual-salary/,https://worthcalc.win/zh/hourly-vs-annual-salary/,200,"index, follow, max-image-preview:large",,æèªæç®å¹´èªæéº¼ç®æå¬å¹³ï¼å ç­è²»åçèåºæ¬å·¥è³è¦åææ | WorthCalc,å°ç£æèªãæèªãå¹´èªäºç¸æç®åï¼ååæ¸æ¥ç¨åç¨å¾ãååºæ³å ç­è²»åçèåºæ¬å·¥è³å°æ¿ï¼æä¸æä½ä¼°æé«ä¼°çå¯¦æ¶å¥ã,"[""æèªæç®å¹´èªæéº¼ç®æå¬å¹³ï¼å ç­è²»åçèåºæ¬å·¥è³è¦åææ""]",zh-TW,[],"{""en"": ""https://worthcalc.win/en/hourly-vs-annual-salary/"", ""zh-TW"": ""https://worthcalc.win/zh/hourly-vs-annual-salary/"", ""x-default"": ""https://worthcalc.win/en/hourly-vs-annual-salary/""}",[],"[""https://worthcalc.win/de/hourly-vs-annual-salary/"", ""https://worthcalc.win/en/hourly-vs-annual-salary/"", ""https://worthcalc.win/es/hourly-vs-annual-salary/"", ""https://worthcalc.win/fr/hourly-vs-annual-salary/"", ""https://worthcalc.win/zh/"", ""https://worthcalc.win/zh/about/"", ""https://worthcalc.win/zh/changelog/"", ""https://worthcalc.win/zh/contact/"", ""https://worthcalc.win/zh/disclaimer/"", ""https://worthcalc.win/zh/guides/"", ""https://worthcalc.win/zh/hourly-vs-annual-salary/"", ""https://worthcalc.win/zh/money/"", ""https://worthcalc.win/zh/privacy/"", ""https://worthcalc.win/zh/terms/"", ""https://worthcalc.win/zh/tools/"", ""https://worthcalc.win/zh/tools/salary-converter/"", ""https://worthcalc.win/zh/topics/income-savings/""]",[],[],False,4,[]
https://worthcalc.win/zh/how-compound-growth-works/,200,https://worthcalc.win/zh/how-compound-growth-works/,https://worthcalc.win/zh/how-compound-growth-works/,200,"index, follow, max-image-preview:large",,è¤å©æéº¼ç®ï¼å®å­å©çè¿½ä¸ä¸éè¨æï¼é¢æ¾åªè£¡æææ | WorthCalc,è¤å©å¬å¼èå¾ççç¸ï¼å°ç£å®å­å©çãéè¨èè²»ç¨çå¦ä½ä¸èµ·æ±ºå®ä½ çé¢å¯¦éè½è²·å°å¤å°æ±è¥¿ï¼å ±é¬çæ°¸é æ¯æå¢ä¸æ¯æ¿è«¾ã,"[""è¤å©æéº¼ç®ï¼å®å­å©çè¿½ä¸ä¸éè¨æï¼é¢æ¾åªè£¡æææ""]",zh-TW,[],"{""en"": ""https://worthcalc.win/en/how-compound-growth-works/"", ""zh-TW"": ""https://worthcalc.win/zh/how-compound-growth-works/"", ""x-default"": ""https://worthcalc.win/en/how-compound-growth-works/""}",[],"[""https://worthcalc.win/de/how-compound-growth-works/"", ""https://worthcalc.win/en/how-compound-growth-works/"", ""https://worthcalc.win/es/how-compound-growth-works/"", ""https://worthcalc.win/fr/how-compound-growth-works/"", ""https://worthcalc.win/zh/"", ""https://worthcalc.win/zh/about/"", ""https://worthcalc.win/zh/changelog/"", ""https://worthcalc.win/zh/contact/"", ""https://worthcalc.win/zh/disclaimer/"", ""https://worthcalc.win/zh/guides/"", ""https://worthcalc.win/zh/how-compound-growth-works/"", ""https://worthcalc.win/zh/money/"", ""https://worthcalc.win/zh/privacy/"", ""https://worthcalc.win/zh/terms/"", ""https://worthcalc.win/zh/tools/"", ""https://worthcalc.win/zh/tools/compound-growth/"", ""https://worthcalc.win/zh/topics/income-savings/""]",[],[],False,4,[]
https://worthcalc.win/zh/how-much-home-can-you-afford/,200,https://worthcalc.win/zh/how-much-home-can-you-afford/,https://worthcalc.win/zh/how-much-home-can-you-afford/,200,"index, follow, max-image-preview:large",,è³¼å±è½åæéº¼ç®ï¼æ¿è²¸ææ¸ãæ¿å±ç¨èå°å¹ç¨é½è¦ç®é²å» | WorthCalc,å°ç£è³¼å±è² æè½åä¸è½åªçæ¿è²¸æä»ï¼å¤®è¡é¸ææ§ä¿¡ç¨ç®¡å¶æ±ºå®è²¸æ¬¾ææ¸ï¼æ¿å±ç¨ãå°å¹ç¨ãç®¡çè²»ãä¿®ç¹éé½è¦å¦å¤ä¼°ã,"[""è³¼å±è½åæéº¼ç®ï¼æ¿è²¸ææ¸ãæ¿å±ç¨èå°å¹ç¨é½è¦ç®é²å»""]",zh-TW,[],"{""zh-TW"": ""https://worthcalc.win/zh/how-much-home-can-you-afford/"", ""x-default"": ""https://worthcalc.win/zh/how-much-home-can-you-afford/""}",[],"[""https://worthcalc.win/de/how-much-home-can-you-afford/"", ""https://worthcalc.win/en/how-much-home-can-you-afford/"", ""https://worthcalc.win/es/how-much-home-can-you-afford/"", ""https://worthcalc.win/fr/how-much-home-can-you-afford/"", ""https://worthcalc.win/zh/"", ""https://worthcalc.win/zh/about/"", ""https://worthcalc.win/zh/changelog/"", ""https://worthcalc.win/zh/contact/"", ""https://worthcalc.win/zh/disclaimer/"", ""https://worthcalc.win/zh/guides/"", ""https://worthcalc.win/zh/how-much-home-can-you-afford/"", ""https://worthcalc.win/zh/money/"", ""https://worthcalc.win/zh/privacy/"", ""https://worthcalc.win/zh/terms/"", ""https://worthcalc.win/zh/tools/"", ""https://worthcalc.win/zh/tools/home-affordability/"", ""https://worthcalc.win/zh/topics/housing/""]",[],[],False,4,[]
https://worthcalc.win/zh/how-to-calculate-dti/,200,https://worthcalc.win/zh/how-to-calculate-dti/,https://worthcalc.win/zh/how-to-calculate-dti/,200,"index, follow, max-image-preview:large",,è² åµæ¯æéº¼ç®ï¼DBR22åè·æ¿è²¸æä»æ¯æ¯å©ä»¶äº | WorthCalc,å°ç£æ²æåç¾åé£æ¨£çå®ä¸è² åµæ¯ä¸éï¼ä¿¡è²¸ä¿¡ç¨å¡çDBR22åï¼æ¿è²¸ççæ¯æä»ä½æ¶å¥èæ¶æ¯æ¯ãæè§£å©ç¨®æ¯ççç®æ³èéè¡å¯¦éå¯©æ ¸éè¼¯ã,"[""è² åµæ¯æéº¼ç®ï¼DBR22åè·æ¿è²¸æä»æ¯æ¯å©ä»¶äº""]",zh-TW,[],"{""en"": ""https://worthcalc.win/en/how-to-calculate-dti/"", ""zh-TW"": ""https://worthcalc.win/zh/how-to-calculate-dti/"", ""x-default"": ""https://worthcalc.win/en/how-to-calculate-dti/""}",[],"[""https://worthcalc.win/de/how-to-calculate-dti/"", ""https://worthcalc.win/en/how-to-calculate-dti/"", ""https://worthcalc.win/es/how-to-calculate-dti/"", ""https://worthcalc.win/fr/how-to-calculate-dti/"", ""https://worthcalc.win/zh/"", ""https://worthcalc.win/zh/about/"", ""https://worthcalc.win/zh/changelog/"", ""https://worthcalc.win/zh/contact/"", ""https://worthcalc.win/zh/disclaimer/"", ""https://worthcalc.win/zh/guides/"", ""https://worthcalc.win/zh/how-to-calculate-dti/"", ""https://worthcalc.win/zh/money/"", ""https://worthcalc.win/zh/privacy/"", ""https://worthcalc.win/zh/terms/"", ""https://worthcalc.win/zh/tools/"", ""https://worthcalc.win/zh/tools/dti-calculator/"", ""https://worthcalc.win/zh/topics/debt-credit/""]",[],[],False,4,[]
https://worthcalc.win/zh/how-to-calculate-net-worth/,200,https://worthcalc.win/zh/how-to-calculate-net-worth/,https://worthcalc.win/zh/how-to-calculate-net-worth/,200,"index,follow",,æ·¨è³ç¢æéº¼ç®ï¼è³ç¢è² åµå®æ´æ¸å®èè¨ç®ç¯ä¾ï½WorthCalc,æ·¨è³ç¢ï¼è³ç¢ï¼è² åµï¼ä½çæ­£å®¹æé¯çæ¯åªäºæ±è¥¿è©²åãç¨ä»éº¼å¹å¼ãå±åæææéº¼ç®ãç¨ä¸è´æ¥æå»ºç«å¯è¿½è¹¤çå®¶åº­è³ç¢è² åµè¡¨ã,"[""æ·¨è³ç¢æéº¼ç®ï¼è³ç¢ãè² åµèãçèµ·ä¾æé¢ãçå·®å¥""]",zh-TW,[],"{""zh-TW"": ""https://worthcalc.win/zh/how-to-calculate-net-worth/"", ""x-default"": ""https://worthcalc.win/zh/how-to-calculate-net-worth/""}",[],"[""https://worthcalc.win/zh/"", ""https://worthcalc.win/zh/about/"", ""https://worthcalc.win/zh/changelog/"", ""https://worthcalc.win/zh/contact/"", ""https://worthcalc.win/zh/disclaimer/"", ""https://worthcalc.win/zh/guides/"", ""https://worthcalc.win/zh/guides/net-worth-tracking-frequency/"", ""https://worthcalc.win/zh/how-to-calculate-net-worth/"", ""https://worthcalc.win/zh/how-to-calculate-savings-rate/"", ""https://worthcalc.win/zh/liquid-net-worth-explained/"", ""https://worthcalc.win/zh/money/"", ""https://worthcalc.win/zh/privacy/"", ""https://worthcalc.win/zh/terms/"", ""https://worthcalc.win/zh/tools/"", ""https://worthcalc.win/zh/tools/budget-builder/"", ""https://worthcalc.win/zh/topics/income-savings/""]",[],[],False,3,[]
https://worthcalc.win/zh/how-to-calculate-savings-rate/,200,https://worthcalc.win/zh/how-to-calculate-savings-rate/,https://worthcalc.win/zh/how-to-calculate-savings-rate/,200,"index,follow",,å²èçæéº¼ç®ï¼ç¨åï¼ç¨å¾èæ¿è²¸æ¬éå®æ´èªªæï½WorthCalc,å²èçæ²æå¯ä¸å¨çå¬å¼ãååºå®åæ¯èãå²èãå®ç¾©ï¼åè¿½è¹¤èªå·±çè¶¨å¢ãæ¯è¼ç¨åãç¨å¾ãéä¼ææ¥èéæ¬éçå·®ç°ã,"[""å²èçæéº¼ç®ï¼ç¨ç¨åæ¶å¥éæ¯ç¨å¾æ¶å¥ï¼éæ¬éç®ä¸ç®ï¼""]",zh-TW,[],"{""zh-TW"": ""https://worthcalc.win/zh/how-to-calculate-savings-rate/"", ""x-default"": ""https://worthcalc.win/zh/how-to-calculate-savings-rate/""}",[],"[""https://worthcalc.win/zh/"", ""https://worthcalc.win/zh/about/"", ""https://worthcalc.win/zh/changelog/"", ""https://worthcalc.win/zh/contact/"", ""https://worthcalc.win/zh/disclaimer/"", ""https://worthcalc.win/zh/emergency-fund-irregular-income/"", ""https://worthcalc.win/zh/guides/"", ""https://worthcalc.win/zh/guides/lifestyle-inflation-raise-capture/"", ""https://worthcalc.win/zh/how-to-calculate-savings-rate/"", ""https://worthcalc.win/zh/money/"", ""https://worthcalc.win/zh/privacy/"", ""https://worthcalc.win/zh/terms/"", ""https://worthcalc.win/zh/tools/"", ""https://worthcalc.win/zh/tools/budget-builder/"", ""https://worthcalc.win/zh/tools/compound-growth/"", ""https://worthcalc.win/zh/topics/income-savings/""]",[],[],False,3,[]
https://worthcalc.win/zh/is-an-extended-warranty-worth-it/,200,https://worthcalc.win/zh/is-an-extended-warranty-worth-it/,https://worthcalc.win/zh/is-an-extended-warranty-worth-it/,200,"index, follow, max-image-preview:large",,å»¶é·ä¿åºå¼å¾è²·åï¼æ¯è¼å¹æ ¼ãæéæ©çèç¶­ä¿®è²» | WorthCalc,ç±ä½ è¼¸å¥æéæå¢ãé¤å¤å¾æ ¸åçãèªè² é¡ãç³è«ææ¬èçµ¦ä»ä¸éï¼ç®å»¶é·ä¿åºææææ¬ï¼ä¸æé ç¢åæéçã,"[""å»¶é·ä¿åºå¼å¾è²·åï¼æ¯è¼å¹æ ¼ãæéæ©çèç¶­ä¿®è²»""]",zh-TW,[],"{""en"": ""https://worthcalc.win/en/is-an-extended-warranty-worth-it/"", ""zh-TW"": ""https://worthcalc.win/zh/is-an-extended-warranty-worth-it/"", ""x-default"": ""https://worthcalc.win/en/is-an-extended-warranty-worth-it/""}",[],"[""https://worthcalc.win/de/is-an-extended-warranty-worth-it/"", ""https://worthcalc.win/en/is-an-extended-warranty-worth-it/"", ""https://worthcalc.win/es/is-an-extended-warranty-worth-it/"", ""https://worthcalc.win/fr/is-an-extended-warranty-worth-it/"", ""https://worthcalc.win/zh/"", ""https://worthcalc.win/zh/about/"", ""https://worthcalc.win/zh/changelog/"", ""https://worthcalc.win/zh/contact/"", ""https://worthcalc.win/zh/disclaimer/"", ""https://worthcalc.win/zh/guides/"", ""https://worthcalc.win/zh/is-an-extended-warranty-worth-it/"", ""https://worthcalc.win/zh/money/"", ""https://worthcalc.win/zh/privacy/"", ""https://worthcalc.win/zh/terms/"", ""https://worthcalc.win/zh/tools/"", ""https://worthcalc.win/zh/topics/everyday/""]",[],[],False,5,[]
https://worthcalc.win/zh/is-costco-executive-membership-worth-it/,200,https://worthcalc.win/zh/is-costco-executive-membership-worth-it/,https://worthcalc.win/zh/is-costco-executive-membership-worth-it/,200,"index, follow, max-image-preview:large",,å¥½å¸å¤é»é½å¡æå¡å¼å¾åç´åï¼åæ¬éæª»è 2% æé¤é ç® | WorthCalc,ç¨å°ç£å¥½å¸å¤ç¾è¡å¹´è²»è 2% åé¥è¦åè¨ç®é»é½å¡æå¡åç´éæª»ï¼åæ¸åæ ¼æ¶è²»ãç¨é¡ãå æ²¹ç«èé¤é£²é¨æé¤é ç®ã,"[""å¥½å¸å¤é»é½å¡æå¡å¼å¾åç´åï¼åæ¬éæª»è 2% æé¤é ç®""]",zh-TW,[],"{""en"": ""https://worthcalc.win/en/is-costco-executive-membership-worth-it/"", ""zh-TW"": ""https://worthcalc.win/zh/is-costco-executive-membership-worth-it/"", ""x-default"": ""https://worthcalc.win/en/is-costco-executive-membership-worth-it/""}",[],"[""https://worthcalc.win/de/is-costco-executive-membership-worth-it/"", ""https://worthcalc.win/en/is-costco-executive-membership-worth-it/"", ""https://worthcalc.win/es/is-costco-executive-membership-worth-it/"", ""https://worthcalc.win/fr/is-costco-executive-membership-worth-it/"", ""https://worthcalc.win/zh/"", ""https://worthcalc.win/zh/about/"", ""https://worthcalc.win/zh/changelog/"", ""https://worthcalc.win/zh/contact/"", ""https://worthcalc.win/zh/costco-math/"", ""https://worthcalc.win/zh/disclaimer/"", ""https://worthcalc.win/zh/guides/"", ""https://worthcalc.win/zh/is-costco-executive-membership-worth-it/"", ""https://worthcalc.win/zh/money/"", ""https://worthcalc.win/zh/privacy/"", ""https://worthcalc.win/zh/terms/"", ""https://worthcalc.win/zh/tools/"", ""https://worthcalc.win/zh/topics/memberships/""]",[],[],False,5,[]
https://worthcalc.win/zh/loan-term-vs-total-interest/,200,https://worthcalc.win/zh/loan-term-vs-total-interest/,https://worthcalc.win/zh/loan-term-vs-total-interest/,200,"index,follow",,è²¸æ¬¾ææ¸ vs æä»èç¸½å©æ¯ï¼36ï¼60ï¼84 ææéº¼çï½WorthCalc,å»¶é·è²¸æ¬¾ææ¸éå¸¸è½éä½æä»ï¼ä½å¯è½æé«ç¸½å©æ¯ä¸¦è®è² åµç¶­ææ´ä¹ãç¨ç¸åæ¬éè APR æ¯è¼ä¸åæéï¼èä¸æ¯åªçæ¯æéé¡ã,"[""è²¸æ¬¾ææ¸è¶é·è¶è¼é¬ï¼æä»è®ä½ï¼ç¸½å©æ¯çºä»éº¼å¯è½æ´é«""]",zh-TW,[],"{""zh-TW"": ""https://worthcalc.win/zh/loan-term-vs-total-interest/"", ""x-default"": ""https://worthcalc.win/zh/loan-term-vs-total-interest/""}",[],"[""https://worthcalc.win/zh/"", ""https://worthcalc.win/zh/about/"", ""https://worthcalc.win/zh/changelog/"", ""https://worthcalc.win/zh/contact/"", ""https://worthcalc.win/zh/disclaimer/"", ""https://worthcalc.win/zh/guides/"", ""https://worthcalc.win/zh/guides/amortization-schedule-explained/"", ""https://worthcalc.win/zh/guides/monthly-payment-affordability-vs-total-cost/"", ""https://worthcalc.win/zh/guides/principal-equal-vs-payment-equal-amortization/"", ""https://worthcalc.win/zh/loan-term-vs-total-interest/"", ""https://worthcalc.win/zh/money/"", ""https://worthcalc.win/zh/privacy/"", ""https://worthcalc.win/zh/terms/"", ""https://worthcalc.win/zh/tools/"", ""https://worthcalc.win/zh/tools/car-affordability/"", ""https://worthcalc.win/zh/tools/installment-true-apr/"", ""https://worthcalc.win/zh/tools/mortgage-payoff/"", ""https://worthcalc.win/zh/topics/debt-credit/""]",[],[],False,3,[]
https://worthcalc.win/zh/meal-prep-vs-takeout-cost/,200,https://worthcalc.win/zh/meal-prep-vs-takeout-cost/,https://worthcalc.win/zh/meal-prep-vs-takeout-cost/,200,"index, follow, max-image-preview:large",,èªç®åé¤éæ¯å¤é£ï¼é£æãæéãèæèå¤éè²»è¨ç®å¨ | WorthCalc,ç¨åç­æ¯ä»½æ¯è¼èªç®èå¤é£ï¼ç´å¥é£æèæãæ¹æ¬¡æéãå®¹å¨è½æºãå¤éãäº¤éèç­å¾ã,"[""èªç®åé¤éæ¯å¤é£ï¼é£æãæéãèæèå¤éè²»è¨ç®å¨""]",zh-TW,[],"{""zh-TW"": ""https://worthcalc.win/zh/meal-prep-vs-takeout-cost/"", ""x-default"": ""https://worthcalc.win/zh/meal-prep-vs-takeout-cost/""}",[],"[""https://worthcalc.win/de/meal-prep-vs-takeout-cost/"", ""https://worthcalc.win/en/meal-prep-vs-takeout-cost/"", ""https://worthcalc.win/es/meal-prep-vs-takeout-cost/"", ""https://worthcalc.win/fr/meal-prep-vs-takeout-cost/"", ""https://worthcalc.win/zh/"", ""https://worthcalc.win/zh/about/"", ""https://worthcalc.win/zh/changelog/"", ""https://worthcalc.win/zh/contact/"", ""https://worthcalc.win/zh/disclaimer/"", ""https://worthcalc.win/zh/guides/"", ""https://worthcalc.win/zh/meal-prep-vs-takeout-cost/"", ""https://worthcalc.win/zh/money/"", ""https://worthcalc.win/zh/privacy/"", ""https://worthcalc.win/zh/terms/"", ""https://worthcalc.win/zh/tools/"", ""https://worthcalc.win/zh/topics/everyday/""]",[],[],False,5,[]
https://worthcalc.win/zh/money/,200,https://worthcalc.win/zh/money/,https://worthcalc.win/zh/money/,200,"index, follow, max-image-preview:large",,éé¢éæ¥ | WorthCalc,ææ¥æãæåºèççæ´»éé¢æ±ºç­åèæ¸å­ââ2026 å¹´çå©çãé»å¹ãéç¨è²»çãä¿éªèè¨é±ææ¬ââæ¯ä¸é é½éä¸ææ¸å­è®ææ±ºå®çç®å¼ã,"[""éé¢éæ¥""]",zh-TW,[],"{""en"": ""https://worthcalc.win/en/money/"", ""zh-TW"": ""https://worthcalc.win/zh/money/"", ""x-default"": ""https://worthcalc.win/en/money/""}",[],"[""https://worthcalc.win/en/money/"", ""https://worthcalc.win/zh/"", ""https://worthcalc.win/zh/about/"", ""https://worthcalc.win/zh/changelog/"", ""https://worthcalc.win/zh/contact/"", ""https://worthcalc.win/zh/disclaimer/"", ""https://worthcalc.win/zh/guides/"", ""https://worthcalc.win/zh/money/"", ""https://worthcalc.win/zh/money/credit-card-apr-2026/"", ""https://worthcalc.win/zh/money/electricity-price-per-kwh-2026/"", ""https://worthcalc.win/zh/money/idle-cash-cost-2026/"", ""https://worthcalc.win/zh/money/insurance-deductible-break-even/"", ""https://worthcalc.win/zh/money/irs-mileage-rate-2026/"", ""https://worthcalc.win/zh/money/mortgage-rate-2026-payment-impact/"", ""https://worthcalc.win/zh/money/streaming-prices-2026/"", ""https://worthcalc.win/zh/privacy/"", ""https://worthcalc.win/zh/terms/"", ""https://worthcalc.win/zh/tools/""]",[],[],False,4,[]
https://worthcalc.win/zh/money/credit-card-apr-2026/,200,https://worthcalc.win/zh/money/credit-card-apr-2026/,https://worthcalc.win/zh/money/credit-card-apr-2026/,200,"index, follow, max-image-preview:large",,2026 å¹´ç¾åä¿¡ç¨å¡å¾ªç°å©çé¼è¿ 24%ï¼åºå®æä»ççå¯¦ä»£å¹ | WorthCalc,"2026 å¹´ç¾åæå¾ªç°é¤é¡çä¿¡ç¨å¡å¸³æ¶å©çæ¥è¿ 24%ãä»¥ 6,000 ç¾åé¤é¡è¨ç®ï¼æ¯æä» 150 ç¾åèä¸æ¯ 250 ç¾åï¼å¤è± 47 åæèç´ 3,800 ç¾åå©æ¯ã","[""2026 å¹´ç¾åä¿¡ç¨å¡å¾ªç°å©çé¼è¿ 24%ï¼åºå®æä»ççå¯¦ä»£å¹""]",zh-TW,[],"{""en"": ""https://worthcalc.win/en/money/credit-card-apr-2026/"", ""zh-TW"": ""https://worthcalc.win/zh/money/credit-card-apr-2026/"", ""x-default"": ""https://worthcalc.win/en/money/credit-card-apr-2026/""}",[],"[""https://worthcalc.win/en/money/credit-card-apr-2026/"", ""https://worthcalc.win/zh/"", ""https://worthcalc.win/zh/about/"", ""https://worthcalc.win/zh/changelog/"", ""https://worthcalc.win/zh/contact/"", ""https://worthcalc.win/zh/credit-card-minimum-payment-trap/"", ""https://worthcalc.win/zh/disclaimer/"", ""https://worthcalc.win/zh/guides/"", ""https://worthcalc.win/zh/money/"", ""https://worthcalc.win/zh/money/credit-card-apr-2026/"", ""https://worthcalc.win/zh/money/idle-cash-cost-2026/"", ""https://worthcalc.win/zh/privacy/"", ""https://worthcalc.win/zh/terms/"", ""https://worthcalc.win/zh/tools/"", ""https://worthcalc.win/zh/tools/credit-card-payoff/"", ""https://worthcalc.win/zh/topics/debt-credit/""]",[],[],False,6,[]
https://worthcalc.win/zh/money/electricity-price-per-kwh-2026/,200,https://worthcalc.win/zh/money/electricity-price-per-kwh-2026/,https://worthcalc.win/zh/money/electricity-price-per-kwh-2026/,200,"index, follow, max-image-preview:large",,2026 å¹´ç¾åé»å¹ç´æ¯åº¦ 18.3 ç¾åââæç®æé»å¨å¸³å®æ¯å¤å° | WorthCalc,2026 å¹´ 9 æç¾åä½å®ç¨é»å¹³åç´çºæ¯åº¦ 18.3 ç¾åï¼æ¯ä¸å¹´åä¸æ¼²ç´ 5%ãæ¬é èªªææéº¼æéåæ¸å­æç®ææä¸å°é»å¨çå¯¦ééè½ææ¬ã,"[""2026 å¹´ç¾åé»å¹ç´æ¯åº¦ 18.3 ç¾åââæç®æé»å¨å¸³å®æ¯å¤å°""]",zh-TW,[],"{""en"": ""https://worthcalc.win/en/money/electricity-price-per-kwh-2026/"", ""zh-TW"": ""https://worthcalc.win/zh/money/electricity-price-per-kwh-2026/"", ""x-default"": ""https://worthcalc.win/en/money/electricity-price-per-kwh-2026/""}",[],"[""https://worthcalc.win/en/money/electricity-price-per-kwh-2026/"", ""https://worthcalc.win/zh/"", ""https://worthcalc.win/zh/about/"", ""https://worthcalc.win/zh/changelog/"", ""https://worthcalc.win/zh/contact/"", ""https://worthcalc.win/zh/disclaimer/"", ""https://worthcalc.win/zh/energy-efficient-appliance-payback/"", ""https://worthcalc.win/zh/guides/"", ""https://worthcalc.win/zh/money/"", ""https://worthcalc.win/zh/money/electricity-price-per-kwh-2026/"", ""https://worthcalc.win/zh/privacy/"", ""https://worthcalc.win/zh/terms/"", ""https://worthcalc.win/zh/tools/"", ""https://worthcalc.win/zh/tools/appliance-electricity-cost/"", ""https://worthcalc.win/zh/topics/everyday/""]",[],[],False,6,[]
https://worthcalc.win/zh/money/idle-cash-cost-2026/,200,https://worthcalc.win/zh/money/idle-cash-cost-2026/,https://worthcalc.win/zh/money/idle-cash-cost-2026/,200,"index, follow, max-image-preview:large",,"2026 å¹´å­æ¬¾å©çï¼25,000 ç¾åæ¾é¯æ¶é ­ï¼ä¸å¹´å·®å¤å° | WorthCalc","2026 å¹´ 9 ææåªçé«å©æ´»å­ç´ 4.2%ï¼èå¨åå¹³åç´ 0.38%ãä»¥ 25,000 ç¾åè¨ç®ï¼éåè½å·®ä¸å¹´ç´ 958 ç¾åââåä¸ç­é¢ãåæ¨£å¯é¨æåç¨ãåæ¨£æå­æ¬¾ä¿éªã","[""2026 å¹´å­æ¬¾å©çï¼25,000 ç¾åæ¾é¯æ¶é ­ï¼ä¸å¹´å·®å¤å°""]",zh-TW,[],"{""en"": ""https://worthcalc.win/en/money/idle-cash-cost-2026/"", ""zh-TW"": ""https://worthcalc.win/zh/money/idle-cash-cost-2026/"", ""x-default"": ""https://worthcalc.win/en/money/idle-cash-cost-2026/""}",[],"[""https://worthcalc.win/en/money/idle-cash-cost-2026/"", ""https://worthcalc.win/zh/"", ""https://worthcalc.win/zh/about/"", ""https://worthcalc.win/zh/changelog/"", ""https://worthcalc.win/zh/contact/"", ""https://worthcalc.win/zh/disclaimer/"", ""https://worthcalc.win/zh/guides/"", ""https://worthcalc.win/zh/how-compound-growth-works/"", ""https://worthcalc.win/zh/money/"", ""https://worthcalc.win/zh/money/credit-card-apr-2026/"", ""https://worthcalc.win/zh/money/idle-cash-cost-2026/"", ""https://worthcalc.win/zh/privacy/"", ""https://worthcalc.win/zh/terms/"", ""https://worthcalc.win/zh/tools/"", ""https://worthcalc.win/zh/tools/compound-growth/"", ""https://worthcalc.win/zh/topics/everyday/""]",[],[],False,6,[]
https://worthcalc.win/zh/money/insurance-deductible-break-even/,200,https://worthcalc.win/zh/money/insurance-deductible-break-even/,https://worthcalc.win/zh/money/insurance-deductible-break-even/,200,"index, follow, max-image-preview:large",,èª¿é«èªä»é¡ï¼æ±ºå®åè² çæ¯ãå¤ä¹çè³ ä¸æ¬¡ã | WorthCalc,åªè¦ä½ çè³ çé »çä½æ¼ãå¢å çèªä»é¡ Ã· æ¯å¹´çä¸çä¿è²»ãï¼èª¿é«èªä»é¡å°±åç®ãä»¥å¢å  500 ç¾åèªä»é¡ãæ¯å¹´ç 240 ç¾åçºä¾ï¼åçç·æ¯æ¯ 2.1 å¹´çè³ ä¸æ¬¡ã,"[""èª¿é«èªä»é¡ï¼æ±ºå®åè² çæ¯ãå¤ä¹çè³ ä¸æ¬¡ã""]",zh-TW,[],"{""en"": ""https://worthcalc.win/en/money/insurance-deductible-break-even/"", ""zh-TW"": ""https://worthcalc.win/zh/money/insurance-deductible-break-even/"", ""x-default"": ""https://worthcalc.win/en/money/insurance-deductible-break-even/""}",[],"[""https://worthcalc.win/en/money/insurance-deductible-break-even/"", ""https://worthcalc.win/zh/"", ""https://worthcalc.win/zh/about/"", ""https://worthcalc.win/zh/changelog/"", ""https://worthcalc.win/zh/contact/"", ""https://worthcalc.win/zh/disclaimer/"", ""https://worthcalc.win/zh/guides/"", ""https://worthcalc.win/zh/money/"", ""https://worthcalc.win/zh/money/insurance-deductible-break-even/"", ""https://worthcalc.win/zh/privacy/"", ""https://worthcalc.win/zh/terms/"", ""https://worthcalc.win/zh/tools/"", ""https://worthcalc.win/zh/tools/budget-builder/"", ""https://worthcalc.win/zh/topics/everyday/""]",[],[],False,6,[]
https://worthcalc.win/zh/money/irs-mileage-rate-2026/,200,https://worthcalc.win/zh/money/irs-mileage-rate-2026/,https://worthcalc.win/zh/money/irs-mileage-rate-2026/,200,"index, follow, max-image-preview:large",,2026 å¹´ç¾ååç¨å±éç¨è²»çå¹´ä¸­èª¿æ´ï¼å 72.5 ç¾åï¼å¾ 76 ç¾å | WorthCalc,2026 å¹´ç¾åååéç¨æ¨æºè²»çä¸åå¹´çºæ¯è±é 72.5 ç¾åï¼7 æ 1 æ¥èµ·èª¿çº 76 ç¾åãåä¸åç¨åå¹´åº¦åºç¾å©åè²»çï¼ææ¹è®ä½ çéç¨ç´éãå ±é·èç¨è»ææ¬æ¯è¼æ¹å¼ã,"[""2026 å¹´ç¾ååç¨å±éç¨è²»çå¹´ä¸­èª¿æ´ï¼å 72.5 ç¾åï¼å¾ 76 ç¾å""]",zh-TW,[],"{""en"": ""https://worthcalc.win/en/money/irs-mileage-rate-2026/"", ""zh-TW"": ""https://worthcalc.win/zh/money/irs-mileage-rate-2026/"", ""x-default"": ""https://worthcalc.win/en/money/irs-mileage-rate-2026/""}",[],"[""https://worthcalc.win/en/money/irs-mileage-rate-2026/"", ""https://worthcalc.win/zh/"", ""https://worthcalc.win/zh/about/"", ""https://worthcalc.win/zh/changelog/"", ""https://worthcalc.win/zh/contact/"", ""https://worthcalc.win/zh/disclaimer/"", ""https://worthcalc.win/zh/full-commute-cost-including-time/"", ""https://worthcalc.win/zh/guides/"", ""https://worthcalc.win/zh/money/"", ""https://worthcalc.win/zh/money/electricity-price-per-kwh-2026/"", ""https://worthcalc.win/zh/money/irs-mileage-rate-2026/"", ""https://worthcalc.win/zh/privacy/"", ""https://worthcalc.win/zh/terms/"", ""https://worthcalc.win/zh/tools/"", ""https://worthcalc.win/zh/tools/cost-per-mile/"", ""https://worthcalc.win/zh/topics/transportation/""]",[],[],False,6,[]
https://worthcalc.win/zh/money/mortgage-rate-2026-payment-impact/,200,https://worthcalc.win/zh/money/mortgage-rate-2026-payment-impact/,https://worthcalc.win/zh/money/mortgage-rate-2026-payment-impact/,200,"index, follow, max-image-preview:large",,2026 å¹´ 9 æç¾å 30 å¹´ææ¿è²¸å©çåè³ 6.95%ï¼æ¯ä¸æ¬¡è®åçæä»ä»£å¹ | WorthCalc,Freddie Mac ç 30 å¹´æåºå®å©çå¹³åå¼å¨ 2026 å¹´ 9 æä¸­åè³ 6.95%ï¼ä¸é±åçº 6.76%ãä»¥ 40 è¬ç¾åè²¸æ¬¾è¨ç®ï¼éä¸é±å°±æ¯æ¯æ 50.74 ç¾åï¼èä¸æ´åç¾åé»æ¯æ¯æ 262 ç¾åã,"[""2026 å¹´ 9 æç¾å 30 å¹´ææ¿è²¸å©çåè³ 6.95%ï¼æ¯ä¸æ¬¡è®åçæä»ä»£å¹""]",zh-TW,[],"{""en"": ""https://worthcalc.win/en/money/mortgage-rate-2026-payment-impact/"", ""zh-TW"": ""https://worthcalc.win/zh/money/mortgage-rate-2026-payment-impact/"", ""x-default"": ""https://worthcalc.win/en/money/mortgage-rate-2026-payment-impact/""}",[],"[""https://worthcalc.win/en/money/mortgage-rate-2026-payment-impact/"", ""https://worthcalc.win/zh/"", ""https://worthcalc.win/zh/about/"", ""https://worthcalc.win/zh/changelog/"", ""https://worthcalc.win/zh/contact/"", ""https://worthcalc.win/zh/disclaimer/"", ""https://worthcalc.win/zh/guides/"", ""https://worthcalc.win/zh/money/"", ""https://worthcalc.win/zh/money/mortgage-rate-2026-payment-impact/"", ""https://worthcalc.win/zh/privacy/"", ""https://worthcalc.win/zh/rent-vs-buy-breakeven-year/"", ""https://worthcalc.win/zh/terms/"", ""https://worthcalc.win/zh/tools/"", ""https://worthcalc.win/zh/tools/mortgage-payoff/"", ""https://worthcalc.win/zh/topics/housing/""]",[],[],False,6,[]
https://worthcalc.win/zh/money/streaming-prices-2026/,200,https://worthcalc.win/zh/money/streaming-prices-2026/,https://worthcalc.win/zh/money/streaming-prices-2026/,200,"index, follow, max-image-preview:large",,å«åä¸²æµæåç¾å¨ä¸åæè¦ 139 ç¾åï¼2026 å¹´è¨é±å¥æª¢ | WorthCalc,"2026 å¹´ 9 æï¼è¨é±å«åä¸»è¦ä¸²æµæåçç¡å»£åæ¹æ¡ç´éæ¯æ 139 ç¾åãä¸å¹´ç´ 1,673 ç¾åãæ±ºå®è©²ç åªä¸åçä¸æ¯æè²»ï¼èæ¯æ¯è§çå°æææ¬ã","[""å«åä¸²æµæåç¾å¨ä¸åæè¦ 139 ç¾åï¼2026 å¹´è¨é±å¥æª¢""]",zh-TW,[],"{""en"": ""https://worthcalc.win/en/money/streaming-prices-2026/"", ""zh-TW"": ""https://worthcalc.win/zh/money/streaming-prices-2026/"", ""x-default"": ""https://worthcalc.win/en/money/streaming-prices-2026/""}",[],"[""https://worthcalc.win/en/money/streaming-prices-2026/"", ""https://worthcalc.win/zh/"", ""https://worthcalc.win/zh/about/"", ""https://worthcalc.win/zh/changelog/"", ""https://worthcalc.win/zh/contact/"", ""https://worthcalc.win/zh/disclaimer/"", ""https://worthcalc.win/zh/guides/"", ""https://worthcalc.win/zh/money/"", ""https://worthcalc.win/zh/money/idle-cash-cost-2026/"", ""https://worthcalc.win/zh/money/streaming-prices-2026/"", ""https://worthcalc.win/zh/privacy/"", ""https://worthcalc.win/zh/subscription-creep/"", ""https://worthcalc.win/zh/terms/"", ""https://worthcalc.win/zh/tools/"", ""https://worthcalc.win/zh/tools/subscription-audit/"", ""https://worthcalc.win/zh/topics/memberships/""]",[],[],False,6,[]
https://worthcalc.win/zh/monthly-vs-annual-subscription/,200,https://worthcalc.win/zh/monthly-vs-annual-subscription/,https://worthcalc.win/zh/monthly-vs-annual-subscription/,200,"index, follow, max-image-preview:large",,è¨é±æç¹³éæ¯å¹´ç¹³ï¼ç¨ä½¿ç¨ææ¸èåæ¶é¢¨éªç®åºç­æ¡ | WorthCalc,ç¨æå¹³ææ¸ãææ©åç¨æ©çãä¸å¯éè²»é¢¨éªãçºç´å¹èç¾éæµï¼æ¯è¼å°ç£å¸¸è¦è¨é±çæç¹³åå¹´ç¹³ã,"[""è¨é±æç¹³éæ¯å¹´ç¹³ï¼ç¨ä½¿ç¨ææ¸èåæ¶é¢¨éªç®åºç­æ¡""]",zh-TW,[],"{""en"": ""https://worthcalc.win/en/monthly-vs-annual-subscription/"", ""zh-TW"": ""https://worthcalc.win/zh/monthly-vs-annual-subscription/"", ""x-default"": ""https://worthcalc.win/en/monthly-vs-annual-subscription/""}",[],"[""https://worthcalc.win/de/monthly-vs-annual-subscription/"", ""https://worthcalc.win/en/monthly-vs-annual-subscription/"", ""https://worthcalc.win/es/monthly-vs-annual-subscription/"", ""https://worthcalc.win/fr/monthly-vs-annual-subscription/"", ""https://worthcalc.win/zh/"", ""https://worthcalc.win/zh/about/"", ""https://worthcalc.win/zh/changelog/"", ""https://worthcalc.win/zh/contact/"", ""https://worthcalc.win/zh/disclaimer/"", ""https://worthcalc.win/zh/guides/"", ""https://worthcalc.win/zh/money/"", ""https://worthcalc.win/zh/monthly-vs-annual-subscription/"", ""https://worthcalc.win/zh/privacy/"", ""https://worthcalc.win/zh/terms/"", ""https://worthcalc.win/zh/tools/"", ""https://worthcalc.win/zh/tools/subscription-audit/"", ""https://worthcalc.win/zh/topics/memberships/""]",[],[],False,5,[]
https://worthcalc.win/zh/new-vs-used-car-total-cost/,200,https://worthcalc.win/zh/new-vs-used-car-total-cost/,https://worthcalc.win/zh/new-vs-used-car-total-cost/,200,"index, follow, max-image-preview:large",,æ°è»éæ¯ä¸­å¤è»ï¼æèãç¶­ä¿®ãè²¸æ¬¾èè½å®æéº¼æ¯è¼ | WorthCalc,ä»¥ç¸åææå¹´éæ¯è¼æ°è»åä¸­å¤è»æäº¤å¹ãè¦è²»ãè²¸æ¬¾å©æ¯ãç¶­ä¿®é¢¨éªãè½å®å¹èè³£è»ææªæ¸åé¤é¡ã,"[""æ°è»éæ¯ä¸­å¤è»ï¼æèãç¶­ä¿®ãè²¸æ¬¾èè½å®æéº¼æ¯è¼""]",zh-TW,[],"{""en"": ""https://worthcalc.win/en/new-vs-used-car-total-cost/"", ""zh-TW"": ""https://worthcalc.win/zh/new-vs-used-car-total-cost/"", ""x-default"": ""https://worthcalc.win/en/new-vs-used-car-total-cost/""}",[],"[""https://worthcalc.win/de/new-vs-used-car-total-cost/"", ""https://worthcalc.win/en/new-vs-used-car-total-cost/"", ""https://worthcalc.win/es/new-vs-used-car-total-cost/"", ""https://worthcalc.win/fr/new-vs-used-car-total-cost/"", ""https://worthcalc.win/zh/"", ""https://worthcalc.win/zh/about/"", ""https://worthcalc.win/zh/changelog/"", ""https://worthcalc.win/zh/contact/"", ""https://worthcalc.win/zh/disclaimer/"", ""https://worthcalc.win/zh/ev-vs-gas-total-cost/"", ""https://worthcalc.win/zh/guides/"", ""https://worthcalc.win/zh/money/"", ""https://worthcalc.win/zh/new-vs-used-car-total-cost/"", ""https://worthcalc.win/zh/privacy/"", ""https://worthcalc.win/zh/terms/"", ""https://worthcalc.win/zh/tools/"", ""https://worthcalc.win/zh/topics/transportation/""]",[],[],False,5,[]
https://worthcalc.win/zh/paid-membership-break-even/,200,https://worthcalc.win/zh/paid-membership-break-even/,https://worthcalc.win/zh/paid-membership-break-even/,200,"index, follow, max-image-preview:large",,ä»è²»æå¡è¦ç¨å¹¾æ¬¡æåæ¬ï¼æå¡åæ¬è¨ç®æ¹æ³ | WorthCalc,ç¨æ·¨å¹´è²»ãæ¯æ¬¡åæ ¼åªæ ãåé¥ä¸éãé¡å¤ææ¬èä½¿ç¨æ©çï¼ç®åºä»è²»æå¡æä½åæ¬æ¬¡æ¸ã,"[""ä»è²»æå¡è¦ç¨å¹¾æ¬¡æåæ¬ï¼æå¡åæ¬è¨ç®æ¹æ³""]",zh-TW,[],"{""en"": ""https://worthcalc.win/en/paid-membership-break-even/"", ""zh-TW"": ""https://worthcalc.win/zh/paid-membership-break-even/"", ""x-default"": ""https://worthcalc.win/en/paid-membership-break-even/""}",[],"[""https://worthcalc.win/de/paid-membership-break-even/"", ""https://worthcalc.win/en/paid-membership-break-even/"", ""https://worthcalc.win/es/paid-membership-break-even/"", ""https://worthcalc.win/fr/paid-membership-break-even/"", ""https://worthcalc.win/zh/"", ""https://worthcalc.win/zh/about/"", ""https://worthcalc.win/zh/changelog/"", ""https://worthcalc.win/zh/contact/"", ""https://worthcalc.win/zh/disclaimer/"", ""https://worthcalc.win/zh/guides/"", ""https://worthcalc.win/zh/money/"", ""https://worthcalc.win/zh/paid-membership-break-even/"", ""https://worthcalc.win/zh/privacy/"", ""https://worthcalc.win/zh/terms/"", ""https://worthcalc.win/zh/tools/"", ""https://worthcalc.win/zh/tools/costco-membership/"", ""https://worthcalc.win/zh/topics/memberships/""]",[],[],False,5,[]
https://worthcalc.win/zh/pay-raise-vs-inflation-purchasing-power/,200,https://worthcalc.win/zh/pay-raise-vs-inflation-purchasing-power/,https://worthcalc.win/zh/pay-raise-vs-inflation-purchasing-power/,200,"index, follow, max-image-preview:large",,å èªè¿½å¾ä¸éè¨åï¼å¯¦è³ªè³¼è²·åè¨ç®æ©ï¼2026ï¼,è¼¸å¥å èªå¹åº¦èéè¨çï¼çä½ çå¯¦è³ªæ¶å¥æ¯è®å¤éæ¯è®å°ã,"[""å èªæè¿½ä¸éè¨åï¼è¨ç®å¯¦è³ªè³¼è²·åè®å""]",zh-TW,[],"{""en"": ""https://worthcalc.win/en/pay-raise-vs-inflation-purchasing-power/"", ""zh-TW"": ""https://worthcalc.win/zh/pay-raise-vs-inflation-purchasing-power/"", ""x-default"": ""https://worthcalc.win/en/pay-raise-vs-inflation-purchasing-power/""}",[],"[""https://worthcalc.win/de/pay-raise-vs-inflation-purchasing-power/"", ""https://worthcalc.win/en/pay-raise-vs-inflation-purchasing-power/"", ""https://worthcalc.win/es/pay-raise-vs-inflation-purchasing-power/"", ""https://worthcalc.win/fr/pay-raise-vs-inflation-purchasing-power/"", ""https://worthcalc.win/zh/"", ""https://worthcalc.win/zh/about/"", ""https://worthcalc.win/zh/changelog/"", ""https://worthcalc.win/zh/contact/"", ""https://worthcalc.win/zh/disclaimer/"", ""https://worthcalc.win/zh/guides/"", ""https://worthcalc.win/zh/money/"", ""https://worthcalc.win/zh/pay-raise-vs-inflation-purchasing-power/"", ""https://worthcalc.win/zh/privacy/"", ""https://worthcalc.win/zh/terms/"", ""https://worthcalc.win/zh/tools/"", ""https://worthcalc.win/zh/topics/income-savings/""]",[],[],False,5,[]
https://worthcalc.win/zh/price-per-wear-clothing-shoes/,200,https://worthcalc.win/zh/price-per-wear-clothing-shoes/,https://worthcalc.win/zh/price-per-wear-clothing-shoes/,200,"index, follow, max-image-preview:large",,æ¯æ¬¡ç©¿èææ¬æéº¼ç®ï¼ç¨çå¯¦æ¬¡æ¸æ¯è¼è¡£æåéå­ | WorthCalc,æè³¼å¥ãæ´çãä¿®è£ãæ·¨è½å®èå¯¦éç©¿èæ¬¡æ¸åä½µè¨ç®ï¼ä¸æ¿æ³åå£½å½ç¾åçµæã,"[""æ¯æ¬¡ç©¿èææ¬æéº¼ç®ï¼ç¨çå¯¦æ¬¡æ¸æ¯è¼è¡£æåéå­""]",zh-TW,[],"{""zh-TW"": ""https://worthcalc.win/zh/price-per-wear-clothing-shoes/"", ""x-default"": ""https://worthcalc.win/zh/price-per-wear-clothing-shoes/""}",[],"[""https://worthcalc.win/de/price-per-wear-clothing-shoes/"", ""https://worthcalc.win/en/price-per-wear-clothing-shoes/"", ""https://worthcalc.win/es/price-per-wear-clothing-shoes/"", ""https://worthcalc.win/fr/price-per-wear-clothing-shoes/"", ""https://worthcalc.win/zh/"", ""https://worthcalc.win/zh/about/"", ""https://worthcalc.win/zh/changelog/"", ""https://worthcalc.win/zh/contact/"", ""https://worthcalc.win/zh/disclaimer/"", ""https://worthcalc.win/zh/guides/"", ""https://worthcalc.win/zh/money/"", ""https://worthcalc.win/zh/price-per-wear-clothing-shoes/"", ""https://worthcalc.win/zh/privacy/"", ""https://worthcalc.win/zh/terms/"", ""https://worthcalc.win/zh/tools/"", ""https://worthcalc.win/zh/topics/everyday/""]",[],[],False,5,[]
https://worthcalc.win/zh/privacy/,200,https://worthcalc.win/zh/privacy/,https://worthcalc.win/zh/privacy/,200,"index, follow, max-image-preview:large",,é±ç§æ¬æ¿ç­ | WorthCalc,WorthCalc å¦ä½èçä½ çè³æï¼ææè¨ç®æ©é½å¨çè¦½å¨ç«¯å·è¡ï¼æ¬é ä¹èªªæ Google AdSense èåæ Cookie çä½¿ç¨æ¹å¼ã,"[""é±ç§æ¬æ¿ç­""]",zh-TW,[],"{""en"": ""https://worthcalc.win/en/privacy/"", ""zh-TW"": ""https://worthcalc.win/zh/privacy/"", ""x-default"": ""https://worthcalc.win/en/privacy/""}",[],"[""https://worthcalc.win/de/privacy/"", ""https://worthcalc.win/en/privacy/"", ""https://worthcalc.win/es/privacy/"", ""https://worthcalc.win/fr/privacy/"", ""https://worthcalc.win/zh/"", ""https://worthcalc.win/zh/about/"", ""https://worthcalc.win/zh/changelog/"", ""https://worthcalc.win/zh/contact/"", ""https://worthcalc.win/zh/disclaimer/"", ""https://worthcalc.win/zh/guides/"", ""https://worthcalc.win/zh/money/"", ""https://worthcalc.win/zh/privacy/"", ""https://worthcalc.win/zh/terms/"", ""https://worthcalc.win/zh/tools/""]",[],[],False,4,[]
https://worthcalc.win/zh/rent-vs-buy-breakeven-year/,200,https://worthcalc.win/zh/rent-vs-buy-breakeven-year/,https://worthcalc.win/zh/rent-vs-buy-breakeven-year/,200,"index, follow, max-image-preview:large",,è²·æ¿ä½å¹¾å¹´æå¯è½æ¯ç§å±åç®ï¼æçå¹´åè¨ç® | WorthCalc,éå¹´æ¯è¼æ¿è²¸é¤é¡ãè²·è³£ææ¬ãæ¿å±ç¨èä¿®ç¹ãç§éæé·ãæ¿å¹è®ååé ­ææ¬¾æ©æææ¬ï¼æ¾åºé¦æ¬¡æçäº¤åå¹´ã,"[""è²·æ¿ä½å¹¾å¹´æå¯è½æ¯ç§å±åç®ï¼æçå¹´åè¨ç®""]",zh-TW,[],"{""en"": ""https://worthcalc.win/en/rent-vs-buy-breakeven-year/"", ""zh-TW"": ""https://worthcalc.win/zh/rent-vs-buy-breakeven-year/"", ""x-default"": ""https://worthcalc.win/en/rent-vs-buy-breakeven-year/""}",[],"[""https://worthcalc.win/de/rent-vs-buy-breakeven-year/"", ""https://worthcalc.win/en/rent-vs-buy-breakeven-year/"", ""https://worthcalc.win/es/rent-vs-buy-breakeven-year/"", ""https://worthcalc.win/fr/rent-vs-buy-breakeven-year/"", ""https://worthcalc.win/zh/"", ""https://worthcalc.win/zh/about/"", ""https://worthcalc.win/zh/changelog/"", ""https://worthcalc.win/zh/contact/"", ""https://worthcalc.win/zh/disclaimer/"", ""https://worthcalc.win/zh/guides/"", ""https://worthcalc.win/zh/money/"", ""https://worthcalc.win/zh/privacy/"", ""https://worthcalc.win/zh/rent-vs-buy-breakeven-year/"", ""https://worthcalc.win/zh/terms/"", ""https://worthcalc.win/zh/tools/"", ""https://worthcalc.win/zh/tools/rent-vs-buy/"", ""https://worthcalc.win/zh/topics/housing/""]",[],[],False,5,[]
https://worthcalc.win/zh/rent-vs-buy-guide/,200,https://worthcalc.win/zh/rent-vs-buy-guide/,https://worthcalc.win/zh/rent-vs-buy-guide/,200,"index, follow, max-image-preview:large",,ç§å±éæ¯è²·æ¿ï¼çæ­£ææ¹è®ç­æ¡çééµæ¸å­ | WorthCalc,ç¨ææå¹´éãæ¿è²¸å©æ¯ãè²·è³£ææ¬ãç¨è²»ä¿®ç¹ãç§éæé·ãæ¿å¹è®åèé ­ææ¬¾æ©æææ¬ï¼åå°ç£ç§å±è²·æ¿ææåº¦è©¦ç®ã,"[""ç§å±éæ¯è²·æ¿ï¼çæ­£ææ¹è®ç­æ¡çééµæ¸å­""]",zh-TW,[],"{""en"": ""https://worthcalc.win/en/rent-vs-buy-guide/"", ""zh-TW"": ""https://worthcalc.win/zh/rent-vs-buy-guide/"", ""x-default"": ""https://worthcalc.win/en/rent-vs-buy-guide/""}",[],"[""https://worthcalc.win/de/rent-vs-buy-guide/"", ""https://worthcalc.win/en/rent-vs-buy-guide/"", ""https://worthcalc.win/es/rent-vs-buy-guide/"", ""https://worthcalc.win/fr/rent-vs-buy-guide/"", ""https://worthcalc.win/zh/"", ""https://worthcalc.win/zh/about/"", ""https://worthcalc.win/zh/changelog/"", ""https://worthcalc.win/zh/contact/"", ""https://worthcalc.win/zh/disclaimer/"", ""https://worthcalc.win/zh/guides/"", ""https://worthcalc.win/zh/money/"", ""https://worthcalc.win/zh/privacy/"", ""https://worthcalc.win/zh/rent-vs-buy-guide/"", ""https://worthcalc.win/zh/terms/"", ""https://worthcalc.win/zh/tools/"", ""https://worthcalc.win/zh/tools/commute-cost/"", ""https://worthcalc.win/zh/tools/rent-vs-buy/"", ""https://worthcalc.win/zh/topics/housing/""]",[],[],False,5,[]
https://worthcalc.win/zh/repair-or-replace-decision-formula/,200,https://worthcalc.win/zh/repair-or-replace-decision-formula/,https://worthcalc.win/zh/repair-or-replace-decision-formula/,200,"index, follow, max-image-preview:large",,ç¶­ä¿®éæ¯ææ°ï¼å®¶é»ãææ©èè»è¼çå¯¦ç¨å¤æ·å¬å¼ | WorthCalc,ç¨ç¶­ä¿®å ±å¹ãä¿®å¾å©é¤å£½å½ãæéåç¼ãè½æºå·®èææ°æ·¨ææ¬å¤æ·ï¼ä¸å¥ç¨ãè¶éå¹¾æå°±æãçè¬ç¨å£è¨£ã,"[""ç¶­ä¿®éæ¯ææ°ï¼å®¶é»ãææ©èè»è¼çå¯¦ç¨å¤æ·å¬å¼""]",zh-TW,[],"{""en"": ""https://worthcalc.win/en/repair-or-replace-decision-formula/"", ""zh-TW"": ""https://worthcalc.win/zh/repair-or-replace-decision-formula/"", ""x-default"": ""https://worthcalc.win/en/repair-or-replace-decision-formula/""}",[],"[""https://worthcalc.win/de/repair-or-replace-decision-formula/"", ""https://worthcalc.win/en/repair-or-replace-decision-formula/"", ""https://worthcalc.win/es/repair-or-replace-decision-formula/"", ""https://worthcalc.win/fr/repair-or-replace-decision-formula/"", ""https://worthcalc.win/zh/"", ""https://worthcalc.win/zh/about/"", ""https://worthcalc.win/zh/changelog/"", ""https://worthcalc.win/zh/contact/"", ""https://worthcalc.win/zh/disclaimer/"", ""https://worthcalc.win/zh/guides/"", ""https://worthcalc.win/zh/money/"", ""https://worthcalc.win/zh/privacy/"", ""https://worthcalc.win/zh/repair-or-replace-decision-formula/"", ""https://worthcalc.win/zh/terms/"", ""https://worthcalc.win/zh/tools/"", ""https://worthcalc.win/zh/topics/everyday/""]",[],[],False,5,[]
https://worthcalc.win/zh/reusable-vs-disposable-break-even/,200,https://worthcalc.win/zh/reusable-vs-disposable-break-even/,https://worthcalc.win/zh/reusable-vs-disposable-break-even/,200,"index, follow, max-image-preview:large",,éè¤ä½¿ç¨æä¸æ¬¡æ§ç¨åï¼çæ­£åæ¬æ¬¡æ¸èæ¯æ¬¡ææ¬ | WorthCalc,æè³¼å¥ãæ¸æ´ãèæãå¯¦éå£½å½èä¸æ¬¡æ§å®å¹æ¾å¥åä¸æ¨¡åï¼ä¸åç¡ä¾æºç°å¢çµè«ã,"[""éè¤ä½¿ç¨æä¸æ¬¡æ§ç¨åï¼çæ­£åæ¬æ¬¡æ¸èæ¯æ¬¡ææ¬""]",zh-TW,[],"{""zh-TW"": ""https://worthcalc.win/zh/reusable-vs-disposable-break-even/"", ""x-default"": ""https://worthcalc.win/zh/reusable-vs-disposable-break-even/""}",[],"[""https://worthcalc.win/de/reusable-vs-disposable-break-even/"", ""https://worthcalc.win/en/reusable-vs-disposable-break-even/"", ""https://worthcalc.win/es/reusable-vs-disposable-break-even/"", ""https://worthcalc.win/fr/reusable-vs-disposable-break-even/"", ""https://worthcalc.win/zh/"", ""https://worthcalc.win/zh/about/"", ""https://worthcalc.win/zh/changelog/"", ""https://worthcalc.win/zh/contact/"", ""https://worthcalc.win/zh/disclaimer/"", ""https://worthcalc.win/zh/guides/"", ""https://worthcalc.win/zh/money/"", ""https://worthcalc.win/zh/privacy/"", ""https://worthcalc.win/zh/reusable-vs-disposable-break-even/"", ""https://worthcalc.win/zh/terms/"", ""https://worthcalc.win/zh/tools/"", ""https://worthcalc.win/zh/topics/everyday/""]",[],[],False,5,[]
https://worthcalc.win/zh/simple-vs-compound-interest/,200,https://worthcalc.win/zh/simple-vs-compound-interest/,https://worthcalc.win/zh/simple-vs-compound-interest/,200,"index,follow",,ç°¡å®å©æ¯ vs è¤å©å®æ´è§£éï¼å¬å¼èåæ¬¾ç¯ä¾ï½WorthCalc,ç°¡å®å©æ¯åªå°æ¬éè¨æ¯ï¼è¤å©æè®å·²ç¢ççå©æ¯ä¹é²å¥ä¸ä¸æåºç¤ãç¨å¬å¼ãä¿¡ç¨å¡èé·æå²èæ¡ä¾çå·®è·ã,"[""ç°¡å®å©æ¯ vs è¤å©å·®å¨åªï¼å­æ¬¾ãæè³èåµåçºä»éº¼ä¸è½åªçå¹´å©ç""]",zh-TW,[],"{""zh-TW"": ""https://worthcalc.win/zh/simple-vs-compound-interest/"", ""x-default"": ""https://worthcalc.win/zh/simple-vs-compound-interest/""}",[],"[""https://worthcalc.win/zh/"", ""https://worthcalc.win/zh/about/"", ""https://worthcalc.win/zh/apr-vs-apy/"", ""https://worthcalc.win/zh/changelog/"", ""https://worthcalc.win/zh/contact/"", ""https://worthcalc.win/zh/disclaimer/"", ""https://worthcalc.win/zh/guides/"", ""https://worthcalc.win/zh/guides/real-vs-nominal-return/"", ""https://worthcalc.win/zh/money/"", ""https://worthcalc.win/zh/privacy/"", ""https://worthcalc.win/zh/simple-vs-compound-interest/"", ""https://worthcalc.win/zh/terms/"", ""https://worthcalc.win/zh/tools/"", ""https://worthcalc.win/zh/tools/compound-growth/"", ""https://worthcalc.win/zh/tools/credit-card-payoff/"", ""https://worthcalc.win/zh/topics/income-savings/""]",[],[],False,3,[]
https://worthcalc.win/zh/snowball-vs-avalanche/,200,https://worthcalc.win/zh/snowball-vs-avalanche/,https://worthcalc.win/zh/snowball-vs-avalanche/,200,"index, follow, max-image-preview:large",,å¡åµãä¿¡è²¸ä¸èµ·éï¼éªçæ³éæ¯éªå´©æ³æ¯è¼å¿«æ¸å®ï¼ | WorthCalc,å¤ç­åµååæè¦éæï¼åé¡§ä¿¡å¿çéªçæ³è·åçå©æ¯çéªå´©æ³æéº¼é¸ï¼å°ç£å¾ªç°å©ç15%ä¸éä¸çå¯¦éæåºéè¼¯ã,"[""å¡åµãä¿¡è²¸ä¸èµ·éï¼éªçæ³éæ¯éªå´©æ³æ¯è¼å¿«æ¸å®ï¼""]",zh-TW,[],"{""en"": ""https://worthcalc.win/en/snowball-vs-avalanche/"", ""zh-TW"": ""https://worthcalc.win/zh/snowball-vs-avalanche/"", ""x-default"": ""https://worthcalc.win/en/snowball-vs-avalanche/""}",[],"[""https://worthcalc.win/de/snowball-vs-avalanche/"", ""https://worthcalc.win/en/snowball-vs-avalanche/"", ""https://worthcalc.win/es/snowball-vs-avalanche/"", ""https://worthcalc.win/fr/snowball-vs-avalanche/"", ""https://worthcalc.win/zh/"", ""https://worthcalc.win/zh/about/"", ""https://worthcalc.win/zh/changelog/"", ""https://worthcalc.win/zh/contact/"", ""https://worthcalc.win/zh/disclaimer/"", ""https://worthcalc.win/zh/guides/"", ""https://worthcalc.win/zh/money/"", ""https://worthcalc.win/zh/privacy/"", ""https://worthcalc.win/zh/snowball-vs-avalanche/"", ""https://worthcalc.win/zh/terms/"", ""https://worthcalc.win/zh/tools/"", ""https://worthcalc.win/zh/tools/debt-strategy/"", ""https://worthcalc.win/zh/topics/debt-credit/""]",[],[],False,4,[]
https://worthcalc.win/zh/subscription-creep/,200,https://worthcalc.win/zh/subscription-creep/,https://worthcalc.win/zh/subscription-creep/,200,"index, follow, max-image-preview:large",,è¨é±éè¨ï¼ä½ ä¸å¹´å°åºè±äºå¤å°é¢ï¼ | WorthCalc,NetflixãSpotifyãiCloudãå¥èº« Appâ¯â¯æææè¨é±è±è²»ä¸æ¬¡ç®æ¸æ¥ï¼çæ¯æãä¸å¹´ãäºå¹´ççå¯¦ç¸½é¡ãéåè²»è¨é±è±è²»è¨ç®æ©ã,"[""è¨é±éè¨ï¼ä½ ä¸å¹´å°åºè±äºå¤å°é¢ï¼""]",zh-TW,[],"{""en"": ""https://worthcalc.win/en/subscription-creep/"", ""zh-TW"": ""https://worthcalc.win/zh/subscription-creep/"", ""x-default"": ""https://worthcalc.win/en/subscription-creep/""}",[],"[""https://worthcalc.win/de/subscription-creep/"", ""https://worthcalc.win/en/subscription-creep/"", ""https://worthcalc.win/es/subscription-creep/"", ""https://worthcalc.win/fr/subscription-creep/"", ""https://worthcalc.win/zh/"", ""https://worthcalc.win/zh/about/"", ""https://worthcalc.win/zh/changelog/"", ""https://worthcalc.win/zh/contact/"", ""https://worthcalc.win/zh/disclaimer/"", ""https://worthcalc.win/zh/guides/"", ""https://worthcalc.win/zh/money/"", ""https://worthcalc.win/zh/privacy/"", ""https://worthcalc.win/zh/subscription-creep/"", ""https://worthcalc.win/zh/terms/"", ""https://worthcalc.win/zh/tools/"", ""https://worthcalc.win/zh/tools/latte-factor/"", ""https://worthcalc.win/zh/tools/subscription-audit/"", ""https://worthcalc.win/zh/topics/memberships/"", ""https://worthcalc.win/zh/zero-interest-installments-truth/""]",[],[],False,5,[]
https://worthcalc.win/zh/terms/,200,https://worthcalc.win/zh/terms/,https://worthcalc.win/zh/terms/,200,"index, follow, max-image-preview:large",,ä½¿ç¨æ¢æ¬¾ | WorthCalc,ä½¿ç¨ WorthCalc åè²»çè¦½å¨ç«¯çè²¡è¨ç®æ©æï¼é©ç¨çä½¿ç¨æ¢æ¬¾ã,"[""ä½¿ç¨æ¢æ¬¾""]",zh-TW,[],"{""en"": ""https://worthcalc.win/en/terms/"", ""zh-TW"": ""https://worthcalc.win/zh/terms/"", ""x-default"": ""https://worthcalc.win/en/terms/""}",[],"[""https://worthcalc.win/de/terms/"", ""https://worthcalc.win/en/terms/"", ""https://worthcalc.win/es/terms/"", ""https://worthcalc.win/fr/terms/"", ""https://worthcalc.win/zh/"", ""https://worthcalc.win/zh/about/"", ""https://worthcalc.win/zh/changelog/"", ""https://worthcalc.win/zh/contact/"", ""https://worthcalc.win/zh/disclaimer/"", ""https://worthcalc.win/zh/guides/"", ""https://worthcalc.win/zh/money/"", ""https://worthcalc.win/zh/privacy/"", ""https://worthcalc.win/zh/terms/"", ""https://worthcalc.win/zh/tools/""]",[],[],False,4,[]
https://worthcalc.win/zh/tools/,200,https://worthcalc.win/zh/tools/,https://worthcalc.win/zh/tools/,200,"index, follow, max-image-preview:large",,å¨é¨è¨ç®æ© | WorthCalc,WorthCalc çææè¨ç®æ©ï¼ä¾ç§å®ååç­çæ±ºç­åé¡ï¼ä½æ¿ãåµåèä¿¡ç¨ãäº¤éãæ¥å¸¸åæ¬ãè¨é±æå¡ãæ¶å¥èå²èã,"[""å¨é¨è¨ç®æ©""]",zh-TW,[],"{""en"": ""https://worthcalc.win/en/tools/"", ""zh-TW"": ""https://worthcalc.win/zh/tools/"", ""x-default"": ""https://worthcalc.win/en/tools/""}",[],"[""https://worthcalc.win/de/tools/"", ""https://worthcalc.win/en/tools/"", ""https://worthcalc.win/es/tools/"", ""https://worthcalc.win/fr/tools/"", ""https://worthcalc.win/zh/"", ""https://worthcalc.win/zh/about/"", ""https://worthcalc.win/zh/changelog/"", ""https://worthcalc.win/zh/contact/"", ""https://worthcalc.win/zh/disclaimer/"", ""https://worthcalc.win/zh/guides/"", ""https://worthcalc.win/zh/money/"", ""https://worthcalc.win/zh/privacy/"", ""https://worthcalc.win/zh/terms/"", ""https://worthcalc.win/zh/tools/"", ""https://worthcalc.win/zh/tools/appliance-electricity-cost/"", ""https://worthcalc.win/zh/tools/budget-builder/"", ""https://worthcalc.win/zh/tools/car-affordability/"", ""https://worthcalc.win/zh/tools/cashback-breakeven/"", ""https://worthcalc.win/zh/tools/commute-cost/"", ""https://worthcalc.win/zh/tools/compound-growth/"", ""https://worthcalc.win/zh/tools/cost-per-mile/"", ""https://worthcalc.win/zh/tools/costco-membership/"", ""https://worthcalc.win/zh/tools/credit-card-payoff/"", ""https://worthcalc.win/zh/tools/debt-strategy/"", ""https://worthcalc.win/zh/tools/dti-calculator/"", ""https://worthcalc.win/zh/tools/ev-vs-gas/"", ""https://worthcalc.win/zh/tools/home-affordability/"", ""https://worthcalc.win/zh/tools/installment-true-apr/"", ""https://worthcalc.win/zh/tools/latte-factor/"", ""https://worthcalc.win/zh/tools/mortgage-payoff/"", ""https://worthcalc.win/zh/tools/rent-vs-buy/"", ""https://worthcalc.win/zh/tools/salary-converter/"", ""https://worthcalc.win/zh/tools/subscription-audit/"", ""https://worthcalc.win/zh/topics/debt-credit/"", ""https://worthcalc.win/zh/topics/everyday/"", ""https://worthcalc.win/zh/topics/housing/"", ""https://worthcalc.win/zh/topics/income-savings/"", ""https://worthcalc.win/zh/topics/memberships/"", ""https://worthcalc.win/zh/topics/transportation/""]",[],[],False,4,[]
https://worthcalc.win/zh/tools/appliance-electricity-cost/,200,https://worthcalc.win/zh/tools/appliance-electricity-cost/,https://worthcalc.win/zh/tools/appliance-electricity-cost/,200,"index, follow, max-image-preview:large",,å®¶é»é»è²»æéº¼ç®ï¼å·æ°£ãé¤æ¿æ©ãé»ç±å¨æ¯å°æé»è²»è¨ç®æ©ï¼2026ï¼,é¸å®¶é»èªåå¸¶å¥ç¦æ¸ï¼è¼¸å¥å°é»é»å¹èä½¿ç¨ææ¸ï¼ç®åºæ¯å°æãæ¯å¤©ãæ¯æãæ¯å¹´é»è²»ã40 ç¨®ä»¥ä¸å®¶é»éä¾æºã,"[""å®¶é»ä¸å¤©ç¨å¤å°é»ï¼æ¯å°æãæ¯æé»è²»æéº¼ç®ï¼""]",zh-TW,[],"{""zh-TW"": ""https://worthcalc.win/zh/tools/appliance-electricity-cost/"", ""x-default"": ""https://worthcalc.win/zh/tools/appliance-electricity-cost/""}",[],"[""https://worthcalc.win/zh/"", ""https://worthcalc.win/zh/about/"", ""https://worthcalc.win/zh/changelog/"", ""https://worthcalc.win/zh/contact/"", ""https://worthcalc.win/zh/disclaimer/"", ""https://worthcalc.win/zh/guides/"", ""https://worthcalc.win/zh/guides/electricity-cost-per-kwh-used/"", ""https://worthcalc.win/zh/home-vs-public-ev-charging-cost/"", ""https://worthcalc.win/zh/money/"", ""https://worthcalc.win/zh/privacy/"", ""https://worthcalc.win/zh/terms/"", ""https://worthcalc.win/zh/tools/"", ""https://worthcalc.win/zh/tools/appliance-electricity-cost/"", ""https://worthcalc.win/zh/tools/cost-per-mile/"", ""https://worthcalc.win/zh/topics/everyday/""]",[],[],False,5,[]
https://worthcalc.win/zh/tools/budget-builder/,200,https://worthcalc.win/zh/tools/budget-builder/,https://worthcalc.win/zh/tools/budget-builder/,200,"index, follow, max-image-preview:large",,ä¸åºå®æ¶å¥æé ç®å»ºç«å¨ | WorthCalc,æä¸åºå®æ¶å¥èå¹´ç¹³ãå­£ç¹³å¸³å®çµ±ä¸æç®ææåº¦åºæºï¼ä¸¦æéæ¥æ¡æå®¹ææ¼ç®çç¶æç¨èäºä»£å¥ä¿è£åä¿è²»ã,"[""ä¸åºå®æ¶å¥æé ç®å»ºç«å¨""]",zh-TW,[],"{""en"": ""https://worthcalc.win/en/tools/budget-builder/"", ""zh-TW"": ""https://worthcalc.win/zh/tools/budget-builder/"", ""x-default"": ""https://worthcalc.win/en/tools/budget-builder/""}",[],"[""https://worthcalc.win/de/tools/budget-builder/"", ""https://worthcalc.win/en/guides/cash-runway-before-quitting-job/"", ""https://worthcalc.win/en/guides/freelance-minimum-billable-rate/"", ""https://worthcalc.win/en/guides/prepay-rent-discount-vs-liquidity/"", ""https://worthcalc.win/en/guides/relocation-higher-salary-break-even/"", ""https://worthcalc.win/en/guides/training-certification-break-even/"", ""https://worthcalc.win/en/tools/budget-builder/"", ""https://worthcalc.win/es/tools/budget-builder/"", ""https://worthcalc.win/fr/tools/budget-builder/"", ""https://worthcalc.win/zh/"", ""https://worthcalc.win/zh/about/"", ""https://worthcalc.win/zh/budget-with-irregular-income/"", ""https://worthcalc.win/zh/changelog/"", ""https://worthcalc.win/zh/contact/"", ""https://worthcalc.win/zh/disclaimer/"", ""https://worthcalc.win/zh/emergency-fund-how-much/"", ""https://worthcalc.win/zh/emergency-fund-vs-sinking-fund/"", ""https://worthcalc.win/zh/guides/"", ""https://worthcalc.win/zh/guides/annual-expenses-monthly-equivalent/"", ""https://worthcalc.win/zh/guides/base-salary-vs-bonus-fixed-cost-capacity/"", ""https://worthcalc.win/zh/guides/cash-flow-buffer-vs-emergency-fund/"", ""https://worthcalc.win/zh/guides/cash-runway-before-quitting-job/"", ""https://worthcalc.win/zh/guides/childcare-return-to-work-break-even/"", ""https://worthcalc.win/zh/guides/employer-benefits-replacement-cost-vs-cash/"", ""https://worthcalc.win/zh/guides/extra-room-home-office-incremental-rent-break-even/"", ""https://worthcalc.win/zh/guides/fixed-cost-ratio-personal-budget/"", ""https://worthcalc.win/zh/guides/freelance-minimum-billable-rate/"", ""https://worthcalc.win/zh/guides/higher-salary-long-commute-vs-lower-salary-nearby/"", ""https://worthcalc.win/zh/guides/joint-account-minimum-cash-floor/"", ""https://worthcalc.win/zh/guides/overtime-marginal-take-home-cost/"", ""https://worthcalc.win/zh/guides/paycheck-budgeting-limitations/"", ""https://worthcalc.win/zh/guides/prepay-rent-discount-vs-liquidity/"", ""https://worthcalc.win/zh/guides/professional-membership-replacement-value-break-even/"", ""https://worthcalc.win/zh/guides/relocation-for-higher-salary-break-even/"", ""https://worthcalc.win/zh/guides/rent-increase-vs-moving-break-even/"", ""https://worthcalc.win/zh/guides/shared-expenses-income-split/"", ""https://worthcalc.win/zh/guides/side-hustle-equipment-billable-utilization-break-even/"", ""https://worthcalc.win/zh/guides/signing-bonus-vs-higher-base-clawback-break-even/"", ""https://worthcalc.win/zh/guides/training-certification-break-even/"", ""https://worthcalc.win/zh/guides/work-equipment-reimbursement-break-even/"", ""https://worthcalc.win/zh/money/"", ""https://worthcalc.win/zh/privacy/"", ""https://worthcalc.win/zh/terms/"", ""https://worthcalc.win/zh/tools/"", ""https://worthcalc.win/zh/tools/budget-builder/"", ""https://worthcalc.win/zh/topics/income-savings/""]",[],[],False,4,[]
https://worthcalc.win/zh/tools/car-affordability/,200,https://worthcalc.win/zh/tools/car-affordability/,https://worthcalc.win/zh/tools/car-affordability/,200,"index, follow, max-image-preview:large",,æ±½è»è² æè½åèå®æ´æææ¬è¨ç®æ© | WorthCalc,å¾å¯¦é æ¶å¥åæ¨å¯è² æè»è²¸æä»èè»å¹ï¼ä¸¦æçç§ç¨ãçæä½¿ç¨è²»ãå¼·å¶éªãä»»æéªãä¿é¤ãåè»ä¸ä½µç®é²å®æ´ææææ¬ã,"[""æ±½è»è² æè½åèå®æ´æææ¬è¨ç®æ©""]",zh-TW,[],"{""en"": ""https://worthcalc.win/en/tools/car-affordability/"", ""zh-TW"": ""https://worthcalc.win/zh/tools/car-affordability/"", ""x-default"": ""https://worthcalc.win/en/tools/car-affordability/""}",[],"[""https://worthcalc.win/de/tools/car-affordability/"", ""https://worthcalc.win/en/tools/car-affordability/"", ""https://worthcalc.win/es/tools/car-affordability/"", ""https://worthcalc.win/fr/tools/car-affordability/"", ""https://worthcalc.win/zh/"", ""https://worthcalc.win/zh/about/"", ""https://worthcalc.win/zh/changelog/"", ""https://worthcalc.win/zh/contact/"", ""https://worthcalc.win/zh/disclaimer/"", ""https://worthcalc.win/zh/guides/"", ""https://worthcalc.win/zh/guides/car-down-payment-vs-liquidity/"", ""https://worthcalc.win/zh/guides/car-loan-60-72-84-early-exit/"", ""https://worthcalc.win/zh/guides/car-major-repair-hold-period-break-even/"", ""https://worthcalc.win/zh/guides/cash-vs-car-loan-liquidity-adjusted/"", ""https://worthcalc.win/zh/guides/extra-principal-before-car-trade-vs-cash/"", ""https://worthcalc.win/zh/guides/monthly-payment-affordability-vs-total-cost/"", ""https://worthcalc.win/zh/loan-term-vs-total-interest/"", ""https://worthcalc.win/zh/money/"", ""https://worthcalc.win/zh/privacy/"", ""https://worthcalc.win/zh/terms/"", ""https://worthcalc.win/zh/tools/"", ""https://worthcalc.win/zh/tools/car-affordability/"", ""https://worthcalc.win/zh/topics/transportation/"", ""https://worthcalc.win/zh/true-cost-of-car-ownership/""]",[],[],False,4,[]
https://worthcalc.win/zh/tools/cashback-breakeven/,200,https://worthcalc.win/zh/tools/cashback-breakeven/,https://worthcalc.win/zh/tools/cashback-breakeven/,200,"index, follow, max-image-preview:large",,ä¿¡ç¨å¡å¹´è²»å¼å¾åï¼åé¥åæ¬è¨ç®æ©ï¼2026ï¼,è¼¸å¥å¹´è²»ãåé¥çèæ¯ææ¶è²»ï¼ç®åºå¤å°æ¶è²»é¡æè½æå¹´è²»è³ºåä¾ã,"[""ä¿¡ç¨å¡åé¥æå¹³è¨ç®æ©""]",zh-TW,[],"{""en"": ""https://worthcalc.win/en/tools/cashback-breakeven/"", ""zh-TW"": ""https://worthcalc.win/zh/tools/cashback-breakeven/"", ""x-default"": ""https://worthcalc.win/en/tools/cashback-breakeven/""}",[],"[""https://worthcalc.win/de/tools/cashback-breakeven/"", ""https://worthcalc.win/en/tools/cashback-breakeven/"", ""https://worthcalc.win/es/tools/cashback-breakeven/"", ""https://worthcalc.win/fr/tools/cashback-breakeven/"", ""https://worthcalc.win/zh/"", ""https://worthcalc.win/zh/about/"", ""https://worthcalc.win/zh/annual-fee-card-breakeven/"", ""https://worthcalc.win/zh/changelog/"", ""https://worthcalc.win/zh/contact/"", ""https://worthcalc.win/zh/disclaimer/"", ""https://worthcalc.win/zh/guides/"", ""https://worthcalc.win/zh/money/"", ""https://worthcalc.win/zh/privacy/"", ""https://worthcalc.win/zh/terms/"", ""https://worthcalc.win/zh/tools/"", ""https://worthcalc.win/zh/tools/cashback-breakeven/"", ""https://worthcalc.win/zh/tools/costco-membership/"", ""https://worthcalc.win/zh/tools/installment-true-apr/"", ""https://worthcalc.win/zh/tools/subscription-audit/"", ""https://worthcalc.win/zh/topics/debt-credit/""]",[],[],False,5,[]
https://worthcalc.win/zh/tools/commute-cost/,200,https://worthcalc.win/zh/tools/commute-cost/,https://worthcalc.win/zh/tools/commute-cost/,200,"index, follow, max-image-preview:large",,æ¯å¤©éå¤å°åºè±å¤å°é¢ï¼æ¯å¬éãæ¯å¹´éå¤ææ¬è¨ç®æ©ï¼2026ï¼,æ²¹é¢ï¼æ²¹èæé»èï¼ãåè»ãéè·¯è²»ãæèåä½ çæéææ¬ï¼ç®åºæ¯å¬éèæ¯å¹´ç¸½æ¯åºï¼æ¯è¼éè»ãå¤§ç¾éè¼¸ãæ©è»èå«è»ã,"[""éå¤æ¯å¬éè±å¤å°ï¼æ²¹é¢ãæéèåè¾¦å¬å®¤ææ¬è¨ç®æ©""]",zh-TW,[],"{""en"": ""https://worthcalc.win/en/tools/commute-cost/"", ""zh-TW"": ""https://worthcalc.win/zh/tools/commute-cost/"", ""x-default"": ""https://worthcalc.win/en/tools/commute-cost/""}",[],"[""https://worthcalc.win/de/tools/commute-cost/"", ""https://worthcalc.win/en/tools/commute-cost/"", ""https://worthcalc.win/es/tools/commute-cost/"", ""https://worthcalc.win/fr/tools/commute-cost/"", ""https://worthcalc.win/zh/"", ""https://worthcalc.win/zh/about/"", ""https://worthcalc.win/zh/changelog/"", ""https://worthcalc.win/zh/contact/"", ""https://worthcalc.win/zh/disclaimer/"", ""https://worthcalc.win/zh/guides/"", ""https://worthcalc.win/zh/guides/remote-work-pay-cut-cash-break-even/"", ""https://worthcalc.win/zh/guides/transit-pass-vs-pay-as-you-go-usage-break-even/"", ""https://worthcalc.win/zh/money/"", ""https://worthcalc.win/zh/privacy/"", ""https://worthcalc.win/zh/terms/"", ""https://worthcalc.win/zh/tools/"", ""https://worthcalc.win/zh/tools/commute-cost/"", ""https://worthcalc.win/zh/tools/cost-per-mile/"", ""https://worthcalc.win/zh/tools/costco-membership/"", ""https://worthcalc.win/zh/tools/ev-vs-gas/"", ""https://worthcalc.win/zh/tools/latte-factor/"", ""https://worthcalc.win/zh/tools/rent-vs-buy/"", ""https://worthcalc.win/zh/topics/transportation/""]",[],[],False,5,[]
https://worthcalc.win/zh/tools/compound-growth/,200,https://worthcalc.win/zh/tools/compound-growth/,https://worthcalc.win/zh/tools/compound-growth/,200,"index, follow, max-image-preview:large",,è¤å©æé·èå²èç®æ¨è¨ç®æ© | WorthCalc,æ¨ä¼°æ¬éãæ¯ææå¥ãè²»ç¨çèéè¨æå¢ä¸ççµå¼ï¼ä¸¦å¯åæ¨éæå²èç®æ¨æéçæ¯ææå¥éé¡ã,"[""è¤å©æé·èå²èç®æ¨è¨ç®æ©""]",zh-TW,[],"{""en"": ""https://worthcalc.win/en/tools/compound-growth/"", ""zh-TW"": ""https://worthcalc.win/zh/tools/compound-growth/"", ""x-default"": ""https://worthcalc.win/en/tools/compound-growth/""}",[],"[""https://worthcalc.win/de/tools/compound-growth/"", ""https://worthcalc.win/en/tools/compound-growth/"", ""https://worthcalc.win/es/tools/compound-growth/"", ""https://worthcalc.win/fr/tools/compound-growth/"", ""https://worthcalc.win/zh/"", ""https://worthcalc.win/zh/about/"", ""https://worthcalc.win/zh/changelog/"", ""https://worthcalc.win/zh/contact/"", ""https://worthcalc.win/zh/disclaimer/"", ""https://worthcalc.win/zh/guides/"", ""https://worthcalc.win/zh/guides/cost-of-delaying-savings-goal/"", ""https://worthcalc.win/zh/guides/inflation-adjusted-savings-goal/"", ""https://worthcalc.win/zh/guides/subscription-opportunity-cost/"", ""https://worthcalc.win/zh/how-compound-growth-works/"", ""https://worthcalc.win/zh/how-to-calculate-savings-rate/"", ""https://worthcalc.win/zh/money/"", ""https://worthcalc.win/zh/privacy/"", ""https://worthcalc.win/zh/terms/"", ""https://worthcalc.win/zh/tools/"", ""https://worthcalc.win/zh/tools/compound-growth/"", ""https://worthcalc.win/zh/topics/income-savings/""]",[],[],False,4,[]
https://worthcalc.win/zh/tools/cost-per-mile/,200,https://worthcalc.win/zh/tools/cost-per-mile/,https://worthcalc.win/zh/tools/cost-per-mile/,200,"index, follow, max-image-preview:large",,éè»æ¯å¬éææ¬å¤å°ï¼æ±½æ²¹è» vs é»åè»è¨ç®æ©ï¼2026ï¼,è¼¸å¥æ²¹å¹èæ²¹èï¼æé»å¹èæ¯ç¾å¬éèé»ï¼æ¯è¼æ¯å¬éãæ¯æèæ¯å¹´ææ¬ã,"[""éå°è»æ¯å¬éå°åºè±å¤å°ï¼å®æ´é¤è»ææ¬è¨ç®æ©""]",zh-TW,[],"{""en"": ""https://worthcalc.win/en/tools/cost-per-mile/"", ""zh-TW"": ""https://worthcalc.win/zh/tools/cost-per-mile/"", ""x-default"": ""https://worthcalc.win/en/tools/cost-per-mile/""}",[],"[""https://worthcalc.win/en/tools/cost-per-mile/"", ""https://worthcalc.win/zh/"", ""https://worthcalc.win/zh/about/"", ""https://worthcalc.win/zh/changelog/"", ""https://worthcalc.win/zh/contact/"", ""https://worthcalc.win/zh/disclaimer/"", ""https://worthcalc.win/zh/guides/"", ""https://worthcalc.win/zh/money/"", ""https://worthcalc.win/zh/privacy/"", ""https://worthcalc.win/zh/terms/"", ""https://worthcalc.win/zh/tools/"", ""https://worthcalc.win/zh/tools/commute-cost/"", ""https://worthcalc.win/zh/tools/cost-per-mile/"", ""https://worthcalc.win/zh/tools/ev-vs-gas/"", ""https://worthcalc.win/zh/topics/transportation/"", ""https://worthcalc.win/zh/true-cost-of-car-ownership/""]",[],[],False,5,[]
https://worthcalc.win/zh/tools/costco-membership/,200,https://worthcalc.win/zh/tools/costco-membership/,https://worthcalc.win/zh/tools/costco-membership/,200,"index, follow, max-image-preview:large",,å¥½å¸å¤é»é½å¡å¼å¾åç´åï¼åæ¬éé¡è¨ç®æ©ï¼2026ï¼,è¼¸å¥æ¯æå¨å¥½å¸å¤çæ¶è²»ï¼ç®åº 2% åé¥ä½æè½è£åå¹´è²»å·®é¡ï¼è©²è¾¦éæéæ¯é»é½ä¸ç®äºç¶ã,"[""Costco æå¡åæ¬è¨ç®æ©ï¼éæèé»é½å¡æå¡åªååç®ï¼""]",zh-TW,[],"{""en"": ""https://worthcalc.win/en/tools/costco-membership/"", ""zh-TW"": ""https://worthcalc.win/zh/tools/costco-membership/"", ""x-default"": ""https://worthcalc.win/en/tools/costco-membership/""}",[],"[""https://worthcalc.win/de/tools/costco-membership/"", ""https://worthcalc.win/en/tools/costco-membership/"", ""https://worthcalc.win/es/tools/costco-membership/"", ""https://worthcalc.win/fr/tools/costco-membership/"", ""https://worthcalc.win/zh/"", ""https://worthcalc.win/zh/about/"", ""https://worthcalc.win/zh/changelog/"", ""https://worthcalc.win/zh/contact/"", ""https://worthcalc.win/zh/costco-math/"", ""https://worthcalc.win/zh/disclaimer/"", ""https://worthcalc.win/zh/guides/"", ""https://worthcalc.win/zh/is-costco-executive-membership-worth-it/"", ""https://worthcalc.win/zh/money/"", ""https://worthcalc.win/zh/privacy/"", ""https://worthcalc.win/zh/terms/"", ""https://worthcalc.win/zh/tools/"", ""https://worthcalc.win/zh/tools/cashback-breakeven/"", ""https://worthcalc.win/zh/tools/commute-cost/"", ""https://worthcalc.win/zh/tools/costco-membership/"", ""https://worthcalc.win/zh/tools/latte-factor/"", ""https://worthcalc.win/zh/tools/subscription-audit/"", ""https://worthcalc.win/zh/topics/memberships/""]",[],[],False,5,[]
https://worthcalc.win/zh/tools/credit-card-payoff/,200,https://worthcalc.win/zh/tools/credit-card-payoff/,https://worthcalc.win/zh/tools/credit-card-payoff/,200,"index, follow, max-image-preview:large",,ä¿¡ç¨å¡å¾ªç°å©æ¯èæ¸åæéè¨ç®æ© | WorthCalc,è¼¸å¥å¾ªç°é¤é¡ãå¯¦éå©çèéæ¬¾æ¹å¼ï¼è©¦ç®åºå®éé¡éæ¬¾æåªç¹³æä½æç¹³æï¼è¦å¤ä¹éæ¸ãç¸½å±è¦ä»å¤å°å¾ªç°å©æ¯ã,"[""ä¿¡ç¨å¡å¾ªç°å©æ¯èæ¸åæéè¨ç®æ©""]",zh-TW,[],"{""en"": ""https://worthcalc.win/en/tools/credit-card-payoff/"", ""zh-TW"": ""https://worthcalc.win/zh/tools/credit-card-payoff/"", ""x-default"": ""https://worthcalc.win/en/tools/credit-card-payoff/""}",[],"[""https://worthcalc.win/de/tools/credit-card-payoff/"", ""https://worthcalc.win/en/tools/credit-card-payoff/"", ""https://worthcalc.win/es/tools/credit-card-payoff/"", ""https://worthcalc.win/fr/tools/credit-card-payoff/"", ""https://worthcalc.win/zh/"", ""https://worthcalc.win/zh/about/"", ""https://worthcalc.win/zh/changelog/"", ""https://worthcalc.win/zh/contact/"", ""https://worthcalc.win/zh/credit-card-minimum-payment-trap/"", ""https://worthcalc.win/zh/disclaimer/"", ""https://worthcalc.win/zh/emergency-fund-vs-debt-payoff/"", ""https://worthcalc.win/zh/guides/"", ""https://worthcalc.win/zh/money/"", ""https://worthcalc.win/zh/privacy/"", ""https://worthcalc.win/zh/terms/"", ""https://worthcalc.win/zh/tools/"", ""https://worthcalc.win/zh/tools/credit-card-payoff/"", ""https://worthcalc.win/zh/topics/debt-credit/""]",[],[],False,4,[]
https://worthcalc.win/zh/tools/debt-strategy/,200,https://worthcalc.win/zh/tools/debt-strategy/,https://worthcalc.win/zh/tools/debt-strategy/,200,"index, follow, max-image-preview:large",,éªçæ³éæ¯éªå´©æ³éåµæ¯è¼å¿«ï¼æ¯è¼è¨ç®æ©ï¼2026ï¼,è¼¸å¥åç­é¤é¡ãå©çèæ¯æå¯ééé¡ï¼æ¯è¼å©ç¨®éæ³çæ¸åæ¥æèç¸½å©æ¯å·®å¤å°ã,"[""åµåéªçæ³ vs éªå´©æ³æ¯è¼å·¥å·""]",zh-TW,[],"{""en"": ""https://worthcalc.win/en/tools/debt-strategy/"", ""zh-TW"": ""https://worthcalc.win/zh/tools/debt-strategy/"", ""x-default"": ""https://worthcalc.win/en/tools/debt-strategy/""}",[],"[""https://worthcalc.win/de/tools/debt-strategy/"", ""https://worthcalc.win/en/tools/debt-strategy/"", ""https://worthcalc.win/es/tools/debt-strategy/"", ""https://worthcalc.win/fr/tools/debt-strategy/"", ""https://worthcalc.win/zh/"", ""https://worthcalc.win/zh/about/"", ""https://worthcalc.win/zh/changelog/"", ""https://worthcalc.win/zh/contact/"", ""https://worthcalc.win/zh/disclaimer/"", ""https://worthcalc.win/zh/guides/"", ""https://worthcalc.win/zh/money/"", ""https://worthcalc.win/zh/privacy/"", ""https://worthcalc.win/zh/snowball-vs-avalanche/"", ""https://worthcalc.win/zh/terms/"", ""https://worthcalc.win/zh/tools/"", ""https://worthcalc.win/zh/tools/debt-strategy/"", ""https://worthcalc.win/zh/topics/debt-credit/""]",[],[],False,4,[]
https://worthcalc.win/zh/tools/dti-calculator/,200,https://worthcalc.win/zh/tools/dti-calculator/,https://worthcalc.win/zh/tools/dti-calculator/,200,"index, follow, max-image-preview:large",,è² åµæ¯ DBR èæ¿è²¸æ¶æ¯æ¯è¨ç®æ© | WorthCalc,åéè©¦ç®ç¡æä¿è² åµçDBRåæ¸ï¼ä»¥åæ¿è²¸æä»ä½æ¶å¥æ¯ä¾èæ¶æ¯æ¯ï¼å©ç¨®å°ç£éè¡å¯¦éæç¨å°çæ¯çã,"[""è² åµæ¯ DBR èæ¿è²¸æ¶æ¯æ¯è¨ç®æ©""]",zh-TW,[],"{""en"": ""https://worthcalc.win/en/tools/dti-calculator/"", ""zh-TW"": ""https://worthcalc.win/zh/tools/dti-calculator/"", ""x-default"": ""https://worthcalc.win/en/tools/dti-calculator/""}",[],"[""https://worthcalc.win/de/tools/dti-calculator/"", ""https://worthcalc.win/en/tools/dti-calculator/"", ""https://worthcalc.win/es/tools/dti-calculator/"", ""https://worthcalc.win/fr/tools/dti-calculator/"", ""https://worthcalc.win/zh/"", ""https://worthcalc.win/zh/about/"", ""https://worthcalc.win/zh/changelog/"", ""https://worthcalc.win/zh/contact/"", ""https://worthcalc.win/zh/disclaimer/"", ""https://worthcalc.win/zh/guides/"", ""https://worthcalc.win/zh/guides/debt-to-assets-ratio-personal/"", ""https://worthcalc.win/zh/how-to-calculate-dti/"", ""https://worthcalc.win/zh/money/"", ""https://worthcalc.win/zh/privacy/"", ""https://worthcalc.win/zh/terms/"", ""https://worthcalc.win/zh/tools/"", ""https://worthcalc.win/zh/tools/dti-calculator/"", ""https://worthcalc.win/zh/topics/debt-credit/""]",[],[],False,4,[]
https://worthcalc.win/zh/tools/ev-vs-gas/,200,https://worthcalc.win/zh/tools/ev-vs-gas/,https://worthcalc.win/zh/tools/ev-vs-gas/,200,"index, follow, max-image-preview:large",,é»åè»åæ±½æ²¹è»åªåä¾¿å®ï¼æ¯å¬éææ¬èäºå¹´ç¸½ææ¬è¨ç®æ©ï¼2026ï¼,è¼¸å¥æ²¹å¹ãæ²¹èãé»å¹èæ¯ç¾å¬éèé»ï¼æ¯è¼æ¯å¬éææ¬ãæ¯å¹´æ²¹é»è²»ç¨èäºå¹´ææç¸½ææ¬ã,"[""é»åæ©è» vs æ²¹è»ç¸½ææææ¬è¨ç®æ©""]",zh-TW,[],"{""en"": ""https://worthcalc.win/en/tools/ev-vs-gas/"", ""zh-TW"": ""https://worthcalc.win/zh/tools/ev-vs-gas/"", ""x-default"": ""https://worthcalc.win/en/tools/ev-vs-gas/""}",[],"[""https://worthcalc.win/de/tools/ev-vs-gas/"", ""https://worthcalc.win/en/tools/ev-vs-gas/"", ""https://worthcalc.win/es/tools/ev-vs-gas/"", ""https://worthcalc.win/fr/tools/ev-vs-gas/"", ""https://worthcalc.win/zh/"", ""https://worthcalc.win/zh/about/"", ""https://worthcalc.win/zh/changelog/"", ""https://worthcalc.win/zh/contact/"", ""https://worthcalc.win/zh/disclaimer/"", ""https://worthcalc.win/zh/ev-vs-gas-total-cost/"", ""https://worthcalc.win/zh/guides/"", ""https://worthcalc.win/zh/home-vs-public-ev-charging-cost/"", ""https://worthcalc.win/zh/money/"", ""https://worthcalc.win/zh/privacy/"", ""https://worthcalc.win/zh/terms/"", ""https://worthcalc.win/zh/tools/"", ""https://worthcalc.win/zh/tools/commute-cost/"", ""https://worthcalc.win/zh/tools/cost-per-mile/"", ""https://worthcalc.win/zh/tools/ev-vs-gas/"", ""https://worthcalc.win/zh/tools/installment-true-apr/"", ""https://worthcalc.win/zh/tools/rent-vs-buy/"", ""https://worthcalc.win/zh/topics/transportation/""]",[],[],False,5,[]
https://worthcalc.win/zh/tools/home-affordability/,200,https://worthcalc.win/zh/tools/home-affordability/,https://worthcalc.win/zh/tools/home-affordability/,200,"index, follow, max-image-preview:large",,æ¿å±è² æè½åèå®æ´ææææ¬è¨ç®æ© | WorthCalc,ä¾æ¶å¥ãè² åµãé ­ææ¬¾ãå©çèæ¿å±ç¨ãå°å¹ç¨ãç®¡çè²»ãä¿®ç¹éåæ¨å¯è² ææ¿å¹ï¼ä¸¦æéè²¸æ¬¾ææ¸åå¤®è¡é¸ææ§ä¿¡ç¨ç®¡å¶å½±é¿ã,"[""æ¿å±è² æè½åèå®æ´ææææ¬è¨ç®æ©""]",zh-TW,[],"{""en"": ""https://worthcalc.win/en/tools/home-affordability/"", ""zh-TW"": ""https://worthcalc.win/zh/tools/home-affordability/"", ""x-default"": ""https://worthcalc.win/en/tools/home-affordability/""}",[],"[""https://worthcalc.win/de/tools/home-affordability/"", ""https://worthcalc.win/en/tools/home-affordability/"", ""https://worthcalc.win/es/tools/home-affordability/"", ""https://worthcalc.win/fr/tools/home-affordability/"", ""https://worthcalc.win/zh/"", ""https://worthcalc.win/zh/about/"", ""https://worthcalc.win/zh/changelog/"", ""https://worthcalc.win/zh/contact/"", ""https://worthcalc.win/zh/disclaimer/"", ""https://worthcalc.win/zh/guides/"", ""https://worthcalc.win/zh/how-much-home-can-you-afford/"", ""https://worthcalc.win/zh/money/"", ""https://worthcalc.win/zh/privacy/"", ""https://worthcalc.win/zh/terms/"", ""https://worthcalc.win/zh/tools/"", ""https://worthcalc.win/zh/tools/home-affordability/"", ""https://worthcalc.win/zh/topics/housing/""]",[],[],False,4,[]
https://worthcalc.win/zh/tools/installment-true-apr/,200,https://worthcalc.win/zh/tools/installment-true-apr/,https://worthcalc.win/zh/tools/installment-true-apr/,200,"index, follow, max-image-preview:large",,åæä»æ¬¾çå¯¦ APR è¨ç®æ© | WorthCalc,åæä»æ¬¾çå¯¦ APR è¨ç®æ©ï¼å¹«ä½ çæ 0 å©çåæãæçºè²»åé±èåæ¬¾ææ¬ã,"[""åæä»æ¬¾çå¯¦ APR è¨ç®æ©""]",zh-TW,[],"{""en"": ""https://worthcalc.win/en/tools/installment-true-apr/"", ""zh-TW"": ""https://worthcalc.win/zh/tools/installment-true-apr/"", ""x-default"": ""https://worthcalc.win/en/tools/installment-true-apr/""}",[],"[""https://worthcalc.win/de/tools/installment-true-apr/"", ""https://worthcalc.win/en/tools/installment-true-apr/"", ""https://worthcalc.win/es/tools/installment-true-apr/"", ""https://worthcalc.win/fr/tools/installment-true-apr/"", ""https://worthcalc.win/zh/"", ""https://worthcalc.win/zh/about/"", ""https://worthcalc.win/zh/changelog/"", ""https://worthcalc.win/zh/contact/"", ""https://worthcalc.win/zh/disclaimer/"", ""https://worthcalc.win/zh/guides/"", ""https://worthcalc.win/zh/guides/cash-discount-vs-financing/"", ""https://worthcalc.win/zh/guides/save-first-vs-installment-purchase/"", ""https://worthcalc.win/zh/money/"", ""https://worthcalc.win/zh/privacy/"", ""https://worthcalc.win/zh/terms/"", ""https://worthcalc.win/zh/tools/"", ""https://worthcalc.win/zh/tools/cashback-breakeven/"", ""https://worthcalc.win/zh/tools/installment-true-apr/"", ""https://worthcalc.win/zh/tools/rent-vs-buy/"", ""https://worthcalc.win/zh/tools/subscription-audit/"", ""https://worthcalc.win/zh/topics/debt-credit/"", ""https://worthcalc.win/zh/zero-interest-installments-truth/""]",[],[],False,5,[]
https://worthcalc.win/zh/tools/latte-factor/,200,https://worthcalc.win/zh/tools/latte-factor/,https://worthcalc.win/zh/tools/latte-factor/,200,"index, follow, max-image-preview:large",,æ¯å¤©ä¸æ¯åå¡ï¼åå¹´è±å¤å°ï¼æ¿éµå å­è¨ç®æ©ï¼2026ï¼,è¼¸å¥æ¯æ¥å°é¡è±è²»èå ±é¬çï¼çé·æçå¯¦ææ¬ï¼ä¹çéåèªªæ³åªè£¡è¢«èªå¤§ã,"[""æ¿éµå å­æ¥å¸¸ç¿æ£ææ¬è¨ç®æ©""]",zh-TW,[],"{""en"": ""https://worthcalc.win/en/tools/latte-factor/"", ""zh-TW"": ""https://worthcalc.win/zh/tools/latte-factor/"", ""x-default"": ""https://worthcalc.win/en/tools/latte-factor/""}",[],"[""https://worthcalc.win/de/tools/latte-factor/"", ""https://worthcalc.win/en/tools/latte-factor/"", ""https://worthcalc.win/es/tools/latte-factor/"", ""https://worthcalc.win/fr/tools/latte-factor/"", ""https://worthcalc.win/zh/"", ""https://worthcalc.win/zh/about/"", ""https://worthcalc.win/zh/changelog/"", ""https://worthcalc.win/zh/contact/"", ""https://worthcalc.win/zh/disclaimer/"", ""https://worthcalc.win/zh/guides/"", ""https://worthcalc.win/zh/how-compound-growth-works/"", ""https://worthcalc.win/zh/money/"", ""https://worthcalc.win/zh/opportunity-cost-everyday/"", ""https://worthcalc.win/zh/privacy/"", ""https://worthcalc.win/zh/terms/"", ""https://worthcalc.win/zh/tools/"", ""https://worthcalc.win/zh/tools/cashback-breakeven/"", ""https://worthcalc.win/zh/tools/commute-cost/"", ""https://worthcalc.win/zh/tools/compound-growth/"", ""https://worthcalc.win/zh/tools/latte-factor/"", ""https://worthcalc.win/zh/tools/subscription-audit/"", ""https://worthcalc.win/zh/topics/everyday/""]",[],[],False,5,[]
https://worthcalc.win/zh/tools/mortgage-payoff/,200,https://worthcalc.win/zh/tools/mortgage-payoff/,https://worthcalc.win/zh/tools/mortgage-payoff/,200,"index, follow, max-image-preview:large",,æ¿è²¸å¤ç¹³èæåæ¸åè©¦ç®å·¥å· | WorthCalc,æ¯è¼åæ¬æ¿è²¸èæ¯æå¤ç¹³ãä¸æ¬¡æ§éæ¬éå¾çæ¸åæéãç¸½å©æ¯èç¯çå¹åº¦ï¼ä¸¦æéæåæ¸åéç´éèå¯¬éæçå½±é¿ã,"[""æ¿è²¸å¤ç¹³èæåæ¸åè©¦ç®å·¥å·""]",zh-TW,[],"{""en"": ""https://worthcalc.win/en/tools/mortgage-payoff/"", ""zh-TW"": ""https://worthcalc.win/zh/tools/mortgage-payoff/"", ""x-default"": ""https://worthcalc.win/en/tools/mortgage-payoff/""}",[],"[""https://worthcalc.win/de/tools/mortgage-payoff/"", ""https://worthcalc.win/en/tools/mortgage-payoff/"", ""https://worthcalc.win/es/tools/mortgage-payoff/"", ""https://worthcalc.win/fr/tools/mortgage-payoff/"", ""https://worthcalc.win/zh/"", ""https://worthcalc.win/zh/about/"", ""https://worthcalc.win/zh/changelog/"", ""https://worthcalc.win/zh/contact/"", ""https://worthcalc.win/zh/disclaimer/"", ""https://worthcalc.win/zh/extra-mortgage-payments-guide/"", ""https://worthcalc.win/zh/guides/"", ""https://worthcalc.win/zh/guides/interest-only-period-total-cost/"", ""https://worthcalc.win/zh/guides/loan-refinance-break-even/"", ""https://worthcalc.win/zh/guides/monthly-extra-vs-annual-lump-sum/"", ""https://worthcalc.win/zh/guides/mortgage-recast-vs-refinance-vs-prepay/"", ""https://worthcalc.win/zh/loan-term-vs-total-interest/"", ""https://worthcalc.win/zh/money/"", ""https://worthcalc.win/zh/privacy/"", ""https://worthcalc.win/zh/terms/"", ""https://worthcalc.win/zh/tools/"", ""https://worthcalc.win/zh/tools/mortgage-payoff/"", ""https://worthcalc.win/zh/topics/housing/""]",[],[],False,4,[]
https://worthcalc.win/zh/tools/rent-vs-buy/,200,https://worthcalc.win/zh/tools/rent-vs-buy/,https://worthcalc.win/zh/tools/rent-vs-buy/,200,"index, follow, max-image-preview:large",,ç§å± vs è²·æ¿è¨ç®æ© | WorthCalc,ç§å± vs è²·æ¿è¨ç®æ©ï¼æ¯è¼æ¿è²¸ãç§éæé·ãæ¿å¹å¢å¼ãé ­ææ¬¾æè³å ±é¬èææå¹´éã,"[""ç§å± vs è²·æ¿è¨ç®æ©""]",zh-TW,[],"{""en"": ""https://worthcalc.win/en/tools/rent-vs-buy/"", ""zh-TW"": ""https://worthcalc.win/zh/tools/rent-vs-buy/"", ""x-default"": ""https://worthcalc.win/en/tools/rent-vs-buy/""}",[],"[""https://worthcalc.win/de/tools/rent-vs-buy/"", ""https://worthcalc.win/en/tools/rent-vs-buy/"", ""https://worthcalc.win/es/tools/rent-vs-buy/"", ""https://worthcalc.win/fr/tools/rent-vs-buy/"", ""https://worthcalc.win/zh/"", ""https://worthcalc.win/zh/about/"", ""https://worthcalc.win/zh/changelog/"", ""https://worthcalc.win/zh/contact/"", ""https://worthcalc.win/zh/disclaimer/"", ""https://worthcalc.win/zh/guides/"", ""https://worthcalc.win/zh/money/"", ""https://worthcalc.win/zh/privacy/"", ""https://worthcalc.win/zh/rent-vs-buy-guide/"", ""https://worthcalc.win/zh/terms/"", ""https://worthcalc.win/zh/tools/"", ""https://worthcalc.win/zh/tools/commute-cost/"", ""https://worthcalc.win/zh/tools/ev-vs-gas/"", ""https://worthcalc.win/zh/tools/installment-true-apr/"", ""https://worthcalc.win/zh/tools/rent-vs-buy/"", ""https://worthcalc.win/zh/topics/housing/""]",[],[],False,5,[]
https://worthcalc.win/zh/tools/salary-converter/,200,https://worthcalc.win/zh/tools/salary-converter/,https://worthcalc.win/zh/tools/salary-converter/,200,"index, follow, max-image-preview:large",,æèªæç®æèªæ¯å¤å°ï¼æèªæèªå¹´èªæç®å¨ï¼2026ï¼,è¼¸å¥ä»»ä¸ç¨®èªè³èæ¯é±å·¥æï¼æç®å¶é¤å©ç¨®ï¼ä¸¦å¯çå ç­èå¹´çµå¦ä½å½±é¿å¯¦éæèªã,"[""æèªãæèªèå¹´èªæç®å·¥å·""]",zh-TW,[],"{""en"": ""https://worthcalc.win/en/tools/salary-converter/"", ""zh-TW"": ""https://worthcalc.win/zh/tools/salary-converter/"", ""x-default"": ""https://worthcalc.win/en/tools/salary-converter/""}",[],"[""https://worthcalc.win/de/tools/salary-converter/"", ""https://worthcalc.win/en/tools/salary-converter/"", ""https://worthcalc.win/es/tools/salary-converter/"", ""https://worthcalc.win/fr/tools/salary-converter/"", ""https://worthcalc.win/zh/"", ""https://worthcalc.win/zh/about/"", ""https://worthcalc.win/zh/changelog/"", ""https://worthcalc.win/zh/contact/"", ""https://worthcalc.win/zh/disclaimer/"", ""https://worthcalc.win/zh/freelancer-pricing-decision-engine/"", ""https://worthcalc.win/zh/guides/"", ""https://worthcalc.win/zh/hourly-vs-annual-salary/"", ""https://worthcalc.win/zh/money/"", ""https://worthcalc.win/zh/privacy/"", ""https://worthcalc.win/zh/terms/"", ""https://worthcalc.win/zh/tools/"", ""https://worthcalc.win/zh/tools/salary-converter/"", ""https://worthcalc.win/zh/topics/income-savings/""]",[],[],False,4,[]
https://worthcalc.win/zh/tools/subscription-audit/,200,https://worthcalc.win/zh/tools/subscription-audit/,https://worthcalc.win/zh/tools/subscription-audit/,200,"index, follow, max-image-preview:large",,ä½ çè¨é±ä¸å¹´è±å¤å°ï¼è¨é±ç¤é»è¨ç®æ©ï¼2026ï¼,ååºææå®ææ£æ¬¾ï¼çå¹´åº¦ç¸½é¡èæ¯æ¬¡ä½¿ç¨ææ¬ï¼æ¾åºè©²åæ¶ææ¹å¹´ç¹³çé ç®ã,"[""è¨é±æ¯åºå¥æª¢è¨ç®æ©""]",zh-TW,[],"{""en"": ""https://worthcalc.win/en/tools/subscription-audit/"", ""zh-TW"": ""https://worthcalc.win/zh/tools/subscription-audit/"", ""x-default"": ""https://worthcalc.win/en/tools/subscription-audit/""}",[],"[""https://worthcalc.win/de/tools/subscription-audit/"", ""https://worthcalc.win/en/tools/subscription-audit/"", ""https://worthcalc.win/es/tools/subscription-audit/"", ""https://worthcalc.win/fr/tools/subscription-audit/"", ""https://worthcalc.win/zh/"", ""https://worthcalc.win/zh/about/"", ""https://worthcalc.win/zh/changelog/"", ""https://worthcalc.win/zh/contact/"", ""https://worthcalc.win/zh/disclaimer/"", ""https://worthcalc.win/zh/guides/"", ""https://worthcalc.win/zh/guides/ai-tool-realized-time-savings-break-even/"", ""https://worthcalc.win/zh/guides/annual-plan-cancellation-risk-break-even/"", ""https://worthcalc.win/zh/money/"", ""https://worthcalc.win/zh/privacy/"", ""https://worthcalc.win/zh/subscription-creep/"", ""https://worthcalc.win/zh/terms/"", ""https://worthcalc.win/zh/tools/"", ""https://worthcalc.win/zh/tools/cashback-breakeven/"", ""https://worthcalc.win/zh/tools/costco-membership/"", ""https://worthcalc.win/zh/tools/latte-factor/"", ""https://worthcalc.win/zh/tools/subscription-audit/"", ""https://worthcalc.win/zh/topics/memberships/""]",[],[],False,5,[]
https://worthcalc.win/zh/topics/debt-credit/,200,https://worthcalc.win/zh/topics/debt-credit/,https://worthcalc.win/zh/topics/debt-credit/,200,"index, follow, max-image-preview:large",,åµåèä¿¡ç¨ | WorthCalc,ãé¶å©çãèå¾ççå¯¦å¹´å©çãéæ¬¾é åºãå¡çå¹´è²»ï¼ä»¥åæ¶å¥è½æå¤å°è² åµã,"[""åµåèä¿¡ç¨""]",zh-TW,[],"{""en"": ""https://worthcalc.win/en/topics/debt-credit/"", ""zh-TW"": ""https://worthcalc.win/zh/topics/debt-credit/"", ""x-default"": ""https://worthcalc.win/en/topics/debt-credit/""}",[],"[""https://worthcalc.win/en/topics/debt-credit/"", ""https://worthcalc.win/zh/"", ""https://worthcalc.win/zh/about/"", ""https://worthcalc.win/zh/annual-fee-card-breakeven/"", ""https://worthcalc.win/zh/bnpl-vs-credit-card-installments/"", ""https://worthcalc.win/zh/cashback-caps-real-reward-rate/"", ""https://worthcalc.win/zh/changelog/"", ""https://worthcalc.win/zh/contact/"", ""https://worthcalc.win/zh/credit-card-minimum-payment-trap/"", ""https://worthcalc.win/zh/disclaimer/"", ""https://worthcalc.win/zh/emergency-fund-vs-debt-payoff/"", ""https://worthcalc.win/zh/guides/"", ""https://worthcalc.win/zh/how-to-calculate-dti/"", ""https://worthcalc.win/zh/installment-apr-table/"", ""https://worthcalc.win/zh/loan-term-vs-total-interest/"", ""https://worthcalc.win/zh/money/"", ""https://worthcalc.win/zh/money/credit-card-apr-2026/"", ""https://worthcalc.win/zh/privacy/"", ""https://worthcalc.win/zh/snowball-vs-avalanche/"", ""https://worthcalc.win/zh/terms/"", ""https://worthcalc.win/zh/tools/"", ""https://worthcalc.win/zh/tools/cashback-breakeven/"", ""https://worthcalc.win/zh/tools/credit-card-payoff/"", ""https://worthcalc.win/zh/tools/debt-strategy/"", ""https://worthcalc.win/zh/tools/dti-calculator/"", ""https://worthcalc.win/zh/tools/installment-true-apr/"", ""https://worthcalc.win/zh/topics/debt-credit/"", ""https://worthcalc.win/zh/upfront-fees-financing-cost/"", ""https://worthcalc.win/zh/zero-interest-installments-truth/""]",[],[],False,3,[]
https://worthcalc.win/zh/topics/everyday/,200,https://worthcalc.win/zh/topics/everyday/,https://worthcalc.win/zh/topics/everyday/,200,"index, follow, max-image-preview:large",,æ¥å¸¸åæ¬éæª» | WorthCalc,æ¯æ¬¡ä½¿ç¨ææ¬ãä¿®éæ¯æãéè²©å¤è²¨ï¼ä»¥åå®¶ä¸­æ¢æç©åçå¯¦ééè½ææ¬ã,"[""æ¥å¸¸åæ¬éæª»""]",zh-TW,[],"{""en"": ""https://worthcalc.win/en/topics/everyday/"", ""zh-TW"": ""https://worthcalc.win/zh/topics/everyday/"", ""x-default"": ""https://worthcalc.win/en/topics/everyday/""}",[],"[""https://worthcalc.win/en/topics/everyday/"", ""https://worthcalc.win/zh/"", ""https://worthcalc.win/zh/about/"", ""https://worthcalc.win/zh/bulk-buying-vs-small-packages/"", ""https://worthcalc.win/zh/bulk-buying-waste-math/"", ""https://worthcalc.win/zh/changelog/"", ""https://worthcalc.win/zh/contact/"", ""https://worthcalc.win/zh/cost-per-use-expensive-item/"", ""https://worthcalc.win/zh/disclaimer/"", ""https://worthcalc.win/zh/energy-efficient-appliance-payback/"", ""https://worthcalc.win/zh/free-shipping-threshold/"", ""https://worthcalc.win/zh/guides/"", ""https://worthcalc.win/zh/is-an-extended-warranty-worth-it/"", ""https://worthcalc.win/zh/money/"", ""https://worthcalc.win/zh/money/electricity-price-per-kwh-2026/"", ""https://worthcalc.win/zh/opportunity-cost-everyday/"", ""https://worthcalc.win/zh/price-per-wear-clothing-shoes/"", ""https://worthcalc.win/zh/privacy/"", ""https://worthcalc.win/zh/repair-or-replace-decision-formula/"", ""https://worthcalc.win/zh/sunk-cost-fallacy-everyday/"", ""https://worthcalc.win/zh/terms/"", ""https://worthcalc.win/zh/tools/"", ""https://worthcalc.win/zh/tools/latte-factor/"", ""https://worthcalc.win/zh/topics/everyday/"", ""https://worthcalc.win/zh/upgrade-your-phone-or-keep-it/""]",[],[],False,3,[]
https://worthcalc.win/zh/topics/housing/,200,https://worthcalc.win/zh/topics/housing/,https://worthcalc.win/zh/topics/housing/,200,"index, follow, max-image-preview:large",,ä½æ¿èè² æè½å | WorthCalc,ç§éæ¯è²·ãè² æå¾èµ·å¤å°ãæ¿è²¸å¨ä½ å¯¦éææçå¹´æ¸è£¡å°åºè¦ä»å¤å°ã,"[""ä½æ¿èè² æè½å""]",zh-TW,[],"{""en"": ""https://worthcalc.win/en/topics/housing/"", ""zh-TW"": ""https://worthcalc.win/zh/topics/housing/"", ""x-default"": ""https://worthcalc.win/en/topics/housing/""}",[],"[""https://worthcalc.win/en/topics/housing/"", ""https://worthcalc.win/zh/"", ""https://worthcalc.win/zh/about/"", ""https://worthcalc.win/zh/changelog/"", ""https://worthcalc.win/zh/contact/"", ""https://worthcalc.win/zh/disclaimer/"", ""https://worthcalc.win/zh/extra-mortgage-payments-guide/"", ""https://worthcalc.win/zh/guides/"", ""https://worthcalc.win/zh/guides/extra-room-home-office-incremental-rent-break-even/"", ""https://worthcalc.win/zh/guides/mortgage-fee-rate-break-even/"", ""https://worthcalc.win/zh/guides/mortgage-recast-vs-refinance-vs-prepay/"", ""https://worthcalc.win/zh/guides/prepay-rent-discount-vs-liquidity/"", ""https://worthcalc.win/zh/guides/rent-increase-vs-moving-break-even/"", ""https://worthcalc.win/zh/how-much-home-can-you-afford/"", ""https://worthcalc.win/zh/money/"", ""https://worthcalc.win/zh/money/mortgage-rate-2026-payment-impact/"", ""https://worthcalc.win/zh/privacy/"", ""https://worthcalc.win/zh/rent-vs-buy-breakeven-year/"", ""https://worthcalc.win/zh/rent-vs-buy-guide/"", ""https://worthcalc.win/zh/terms/"", ""https://worthcalc.win/zh/tools/"", ""https://worthcalc.win/zh/tools/home-affordability/"", ""https://worthcalc.win/zh/tools/mortgage-payoff/"", ""https://worthcalc.win/zh/tools/rent-vs-buy/"", ""https://worthcalc.win/zh/topics/housing/""]",[],[],False,3,[]
https://worthcalc.win/zh/topics/income-savings/,200,https://worthcalc.win/zh/topics/income-savings/,https://worthcalc.win/zh/topics/income-savings/,200,"index, follow, max-image-preview:large",,æ¶å¥ãå²èèæé· | WorthCalc,å¯¦è³ªæèªãå èªèéè¨ãå²èçãç·æ¥é åéææ¸ï¼ä»¥åè¤å©æé·ã,"[""æ¶å¥ãå²èèæé·""]",zh-TW,[],"{""en"": ""https://worthcalc.win/en/topics/income-savings/"", ""zh-TW"": ""https://worthcalc.win/zh/topics/income-savings/"", ""x-default"": ""https://worthcalc.win/en/topics/income-savings/""}",[],"[""https://worthcalc.win/en/topics/income-savings/"", ""https://worthcalc.win/zh/"", ""https://worthcalc.win/zh/about/"", ""https://worthcalc.win/zh/budget-with-irregular-income/"", ""https://worthcalc.win/zh/changelog/"", ""https://worthcalc.win/zh/contact/"", ""https://worthcalc.win/zh/disclaimer/"", ""https://worthcalc.win/zh/emergency-fund-how-much/"", ""https://worthcalc.win/zh/emergency-fund-vs-sinking-fund/"", ""https://worthcalc.win/zh/guides/"", ""https://worthcalc.win/zh/hourly-vs-annual-salary/"", ""https://worthcalc.win/zh/how-compound-growth-works/"", ""https://worthcalc.win/zh/how-to-calculate-net-worth/"", ""https://worthcalc.win/zh/how-to-calculate-savings-rate/"", ""https://worthcalc.win/zh/liquid-net-worth-explained/"", ""https://worthcalc.win/zh/money/"", ""https://worthcalc.win/zh/pay-raise-vs-inflation-purchasing-power/"", ""https://worthcalc.win/zh/privacy/"", ""https://worthcalc.win/zh/rule-of-72-explained/"", ""https://worthcalc.win/zh/simple-vs-compound-interest/"", ""https://worthcalc.win/zh/terms/"", ""https://worthcalc.win/zh/tools/"", ""https://worthcalc.win/zh/tools/budget-builder/"", ""https://worthcalc.win/zh/tools/compound-growth/"", ""https://worthcalc.win/zh/tools/salary-converter/"", ""https://worthcalc.win/zh/topics/income-savings/"", ""https://worthcalc.win/zh/true-hourly-wage-after-commuting-work-expenses/""]",[],[],False,3,[]
https://worthcalc.win/zh/topics/memberships/,200,https://worthcalc.win/zh/topics/memberships/,https://worthcalc.win/zh/topics/memberships/,200,"index, follow, max-image-preview:large",,è¨é±èæå¡ | WorthCalc,æå¡è²»ãè¨é±å ç©ãçºç´é·é±ï¼ä»¥åä»è²»æ¹æ¡è¦æ¶è²»å¤å°æåæ¬ã,"[""è¨é±èæå¡""]",zh-TW,[],"{""en"": ""https://worthcalc.win/en/topics/memberships/"", ""zh-TW"": ""https://worthcalc.win/zh/topics/memberships/"", ""x-default"": ""https://worthcalc.win/en/topics/memberships/""}",[],"[""https://worthcalc.win/en/topics/memberships/"", ""https://worthcalc.win/zh/"", ""https://worthcalc.win/zh/about/"", ""https://worthcalc.win/zh/annual-vs-monthly-billing/"", ""https://worthcalc.win/zh/changelog/"", ""https://worthcalc.win/zh/contact/"", ""https://worthcalc.win/zh/costco-math/"", ""https://worthcalc.win/zh/delivery-membership-break-even/"", ""https://worthcalc.win/zh/disclaimer/"", ""https://worthcalc.win/zh/guides/"", ""https://worthcalc.win/zh/guides/annual-plan-cancellation-risk-break-even/"", ""https://worthcalc.win/zh/guides/professional-membership-replacement-value-break-even/"", ""https://worthcalc.win/zh/guides/subscription-opportunity-cost/"", ""https://worthcalc.win/zh/gym-membership-cost-per-visit/"", ""https://worthcalc.win/zh/is-costco-executive-membership-worth-it/"", ""https://worthcalc.win/zh/money/"", ""https://worthcalc.win/zh/money/streaming-prices-2026/"", ""https://worthcalc.win/zh/monthly-vs-annual-subscription/"", ""https://worthcalc.win/zh/paid-membership-break-even/"", ""https://worthcalc.win/zh/privacy/"", ""https://worthcalc.win/zh/subscription-creep/"", ""https://worthcalc.win/zh/terms/"", ""https://worthcalc.win/zh/tools/"", ""https://worthcalc.win/zh/tools/costco-membership/"", ""https://worthcalc.win/zh/tools/subscription-audit/"", ""https://worthcalc.win/zh/topics/memberships/""]",[],[],False,3,[]
https://worthcalc.win/zh/topics/transportation/,200,https://worthcalc.win/zh/topics/transportation/,https://worthcalc.win/zh/topics/transportation/,200,"index, follow, max-image-preview:large",,äº¤éèææææ¬ | WorthCalc,é»è»èæ²¹è»ãæ¯å¬éææ¬ãææéç®é²å»çéå¤ææ¬ï¼ä»¥åé¤ä¸å°è»çæ­£çè±è²»ã,"[""äº¤éèææææ¬""]",zh-TW,[],"{""en"": ""https://worthcalc.win/en/topics/transportation/"", ""zh-TW"": ""https://worthcalc.win/zh/topics/transportation/"", ""x-default"": ""https://worthcalc.win/en/topics/transportation/""}",[],"[""https://worthcalc.win/en/topics/transportation/"", ""https://worthcalc.win/zh/"", ""https://worthcalc.win/zh/about/"", ""https://worthcalc.win/zh/average-commuting-cost/"", ""https://worthcalc.win/zh/car-lease-vs-buy-total-cost/"", ""https://worthcalc.win/zh/changelog/"", ""https://worthcalc.win/zh/contact/"", ""https://worthcalc.win/zh/disclaimer/"", ""https://worthcalc.win/zh/ev-vs-gas-total-cost/"", ""https://worthcalc.win/zh/full-commute-cost-including-time/"", ""https://worthcalc.win/zh/guides/"", ""https://worthcalc.win/zh/guides/car-down-payment-vs-liquidity/"", ""https://worthcalc.win/zh/guides/car-loan-60-72-84-early-exit/"", ""https://worthcalc.win/zh/home-vs-public-ev-charging-cost/"", ""https://worthcalc.win/zh/money/"", ""https://worthcalc.win/zh/money/irs-mileage-rate-2026/"", ""https://worthcalc.win/zh/new-vs-used-car-total-cost/"", ""https://worthcalc.win/zh/privacy/"", ""https://worthcalc.win/zh/return-to-office-cost/"", ""https://worthcalc.win/zh/terms/"", ""https://worthcalc.win/zh/tools/"", ""https://worthcalc.win/zh/tools/car-affordability/"", ""https://worthcalc.win/zh/tools/commute-cost/"", ""https://worthcalc.win/zh/tools/cost-per-mile/"", ""https://worthcalc.win/zh/tools/ev-vs-gas/"", ""https://worthcalc.win/zh/topics/transportation/"", ""https://worthcalc.win/zh/true-cost-of-car-ownership/"", ""https://worthcalc.win/zh/work-from-home-vs-commuting-hidden-costs/""]",[],[],False,3,[]
https://worthcalc.win/zh/true-cost-of-car-ownership/,200,https://worthcalc.win/zh/true-cost-of-car-ownership/,https://worthcalc.win/zh/true-cost-of-car-ownership/,200,"index, follow, max-image-preview:large",,é¤è»ä¸åæå¤å°é¢ï¼çç§ç¨ãçæè²»ãå¼·å¶éªé½ç®é²å»ææ¯çææ¬ | WorthCalc,æ¥­åå ±çè»è²¸æä»ä¸æ¯é¤è»ææ¬ï¼å°ç£è²·è»åè¦å¦å¤ä¼°çç§ç¨ãçæä½¿ç¨è²»ãå¼·å¶éªãä»»æéªèä¿é¤åè»è²»ç¨ã,"[""é¤è»ä¸åæå¤å°é¢ï¼çç§ç¨ãçæè²»ãå¼·å¶éªé½ç®é²å»ææ¯çææ¬""]",zh-TW,[],"{""en"": ""https://worthcalc.win/en/true-cost-of-car-ownership/"", ""zh-TW"": ""https://worthcalc.win/zh/true-cost-of-car-ownership/"", ""x-default"": ""https://worthcalc.win/en/true-cost-of-car-ownership/""}",[],"[""https://worthcalc.win/de/true-cost-of-car-ownership/"", ""https://worthcalc.win/en/true-cost-of-car-ownership/"", ""https://worthcalc.win/es/true-cost-of-car-ownership/"", ""https://worthcalc.win/fr/true-cost-of-car-ownership/"", ""https://worthcalc.win/zh/"", ""https://worthcalc.win/zh/about/"", ""https://worthcalc.win/zh/changelog/"", ""https://worthcalc.win/zh/contact/"", ""https://worthcalc.win/zh/disclaimer/"", ""https://worthcalc.win/zh/guides/"", ""https://worthcalc.win/zh/money/"", ""https://worthcalc.win/zh/privacy/"", ""https://worthcalc.win/zh/terms/"", ""https://worthcalc.win/zh/tools/"", ""https://worthcalc.win/zh/tools/car-affordability/"", ""https://worthcalc.win/zh/topics/transportation/"", ""https://worthcalc.win/zh/true-cost-of-car-ownership/""]",[],[],False,4,[]
https://worthcalc.win/zh/true-hourly-wage-after-commuting-work-expenses/,200,https://worthcalc.win/zh/true-hourly-wage-after-commuting-work-expenses/,https://worthcalc.win/zh/true-hourly-wage-after-commuting-work-expenses/,200,"index, follow, max-image-preview:large",,æ£æéå¤åå·¥ä½æ¯åºå¾ï¼ä½ ççå¯¦æèªæ¯å¤å° | WorthCalc,ç¨åä¸æèªè³å®ï¼æå¯¦é ãæªå ±é·ææ¬ãæèªå·¥æãå¿è¦æéèéå¤æ¾å¥åä¸æ¨¡åã,"[""æ£æéå¤åå·¥ä½æ¯åºå¾ï¼ä½ ççå¯¦æèªæ¯å¤å°""]",zh-TW,[],"{""en"": ""https://worthcalc.win/en/true-hourly-wage-after-commuting-work-expenses/"", ""zh-TW"": ""https://worthcalc.win/zh/true-hourly-wage-after-commuting-work-expenses/"", ""x-default"": ""https://worthcalc.win/en/true-hourly-wage-after-commuting-work-expenses/""}",[],"[""https://worthcalc.win/de/true-hourly-wage-after-commuting-work-expenses/"", ""https://worthcalc.win/en/true-hourly-wage-after-commuting-work-expenses/"", ""https://worthcalc.win/es/true-hourly-wage-after-commuting-work-expenses/"", ""https://worthcalc.win/fr/true-hourly-wage-after-commuting-work-expenses/"", ""https://worthcalc.win/zh/"", ""https://worthcalc.win/zh/about/"", ""https://worthcalc.win/zh/changelog/"", ""https://worthcalc.win/zh/contact/"", ""https://worthcalc.win/zh/disclaimer/"", ""https://worthcalc.win/zh/guides/"", ""https://worthcalc.win/zh/job-offer-true-value-decision-engine/"", ""https://worthcalc.win/zh/money/"", ""https://worthcalc.win/zh/privacy/"", ""https://worthcalc.win/zh/terms/"", ""https://worthcalc.win/zh/tools/"", ""https://worthcalc.win/zh/topics/income-savings/"", ""https://worthcalc.win/zh/true-hourly-wage-after-commuting-work-expenses/""]",[],[],False,5,[]
https://worthcalc.win/zh/upfront-fees-financing-cost/,200,https://worthcalc.win/zh/upfront-fees-financing-cost/,https://worthcalc.win/zh/upfront-fees-financing-cost/,200,"index, follow, max-image-preview:large",,éè¾¦è²»èæçºè²»å¦ä½æé«åæçå¯¦ææ¬ | WorthCalc,ç¨å¯¦æ¿éé¡ãéè¾¦è²»ãç¸½éæ¬¾èç¾éæµå¹´çæ¯è¼æä»ç¸åçè²¸æ¬¾ï¼é¿ååªçå»£åå©çææ¯æéé¡ã,"[""éè¾¦è²»èæçºè²»å¦ä½æé«åæçå¯¦ææ¬""]",zh-TW,[],"{""en"": ""https://worthcalc.win/en/upfront-fees-financing-cost/"", ""zh-TW"": ""https://worthcalc.win/zh/upfront-fees-financing-cost/"", ""x-default"": ""https://worthcalc.win/en/upfront-fees-financing-cost/""}",[],"[""https://worthcalc.win/de/upfront-fees-financing-cost/"", ""https://worthcalc.win/en/upfront-fees-financing-cost/"", ""https://worthcalc.win/es/upfront-fees-financing-cost/"", ""https://worthcalc.win/fr/upfront-fees-financing-cost/"", ""https://worthcalc.win/zh/"", ""https://worthcalc.win/zh/about/"", ""https://worthcalc.win/zh/changelog/"", ""https://worthcalc.win/zh/contact/"", ""https://worthcalc.win/zh/disclaimer/"", ""https://worthcalc.win/zh/guides/"", ""https://worthcalc.win/zh/money/"", ""https://worthcalc.win/zh/privacy/"", ""https://worthcalc.win/zh/terms/"", ""https://worthcalc.win/zh/tools/"", ""https://worthcalc.win/zh/tools/installment-true-apr/"", ""https://worthcalc.win/zh/topics/debt-credit/"", ""https://worthcalc.win/zh/upfront-fees-financing-cost/"", ""https://worthcalc.win/zh/zero-interest-installments-truth/""]",[],[],False,5,[]
https://worthcalc.win/zh/upgrade-your-phone-or-keep-it/,200,https://worthcalc.win/zh/upgrade-your-phone-or-keep-it/,https://worthcalc.win/zh/upgrade-your-phone-or-keep-it/,200,"index, follow, max-image-preview:large",,ææ©è©²æéæ¯ç¹¼çºç¨ï¼æ¯è¼ç¶­ä¿®ãèææ°ãè³è²»èæ¯æææ¬ | WorthCalc,ç¨å©é¤å£½å½ãç¶­ä¿®è²»ãèææ°ææµãè³è²»å·®é¡ãææææ¸ãæ®å¼èè³æç§»è½ææ¬æ¯è¼çºç¨æææ©ã,"[""ææ©è©²æéæ¯ç¹¼çºç¨ï¼æ¯è¼ç¶­ä¿®ãèææ°ãè³è²»èæ¯æææ¬""]",zh-TW,[],"{""en"": ""https://worthcalc.win/en/upgrade-your-phone-or-keep-it/"", ""zh-TW"": ""https://worthcalc.win/zh/upgrade-your-phone-or-keep-it/"", ""x-default"": ""https://worthcalc.win/en/upgrade-your-phone-or-keep-it/""}",[],"[""https://worthcalc.win/de/upgrade-your-phone-or-keep-it/"", ""https://worthcalc.win/en/upgrade-your-phone-or-keep-it/"", ""https://worthcalc.win/es/upgrade-your-phone-or-keep-it/"", ""https://worthcalc.win/fr/upgrade-your-phone-or-keep-it/"", ""https://worthcalc.win/zh/"", ""https://worthcalc.win/zh/about/"", ""https://worthcalc.win/zh/changelog/"", ""https://worthcalc.win/zh/contact/"", ""https://worthcalc.win/zh/disclaimer/"", ""https://worthcalc.win/zh/guides/"", ""https://worthcalc.win/zh/money/"", ""https://worthcalc.win/zh/privacy/"", ""https://worthcalc.win/zh/terms/"", ""https://worthcalc.win/zh/tools/"", ""https://worthcalc.win/zh/topics/everyday/"", ""https://worthcalc.win/zh/upgrade-your-phone-or-keep-it/""]",[],[],False,5,[]
https://worthcalc.win/zh/work-from-home-vs-commuting-hidden-costs/,200,https://worthcalc.win/zh/work-from-home-vs-commuting-hidden-costs/,https://worthcalc.win/zh/work-from-home-vs-commuting-hidden-costs/,200,"index, follow, max-image-preview:large",,å¨å®¶å·¥ä½éæ¯éå¤ï¼æ¯è¼æ¯æé±èææ¬ | WorthCalc,ç¨å¯¦éå±å®¶èé²å¬å¸å¤©æ¸ï¼æ¯è¼äº¤éãé¤é£ãä½å®¶é»è²»ãè¨­åæ¤æãåºå®è²»ãå¬å¸è£å©èé¸ææ§éå¤æéã,"[""å¨å®¶å·¥ä½éæ¯éå¤ï¼æ¯è¼æ¯æé±èææ¬""]",zh-TW,[],"{""en"": ""https://worthcalc.win/en/work-from-home-vs-commuting-hidden-costs/"", ""zh-TW"": ""https://worthcalc.win/zh/work-from-home-vs-commuting-hidden-costs/"", ""x-default"": ""https://worthcalc.win/en/work-from-home-vs-commuting-hidden-costs/""}",[],"[""https://worthcalc.win/de/work-from-home-vs-commuting-hidden-costs/"", ""https://worthcalc.win/en/work-from-home-vs-commuting-hidden-costs/"", ""https://worthcalc.win/es/work-from-home-vs-commuting-hidden-costs/"", ""https://worthcalc.win/fr/work-from-home-vs-commuting-hidden-costs/"", ""https://worthcalc.win/zh/"", ""https://worthcalc.win/zh/about/"", ""https://worthcalc.win/zh/changelog/"", ""https://worthcalc.win/zh/contact/"", ""https://worthcalc.win/zh/disclaimer/"", ""https://worthcalc.win/zh/guides/"", ""https://worthcalc.win/zh/money/"", ""https://worthcalc.win/zh/privacy/"", ""https://worthcalc.win/zh/terms/"", ""https://worthcalc.win/zh/tools/"", ""https://worthcalc.win/zh/topics/transportation/"", ""https://worthcalc.win/zh/work-from-home-vs-commuting-hidden-costs/""]",[],[],False,5,[]
https://worthcalc.win/zh/zero-interest-installments-truth/,200,https://worthcalc.win/zh/zero-interest-installments-truth/,https://worthcalc.win/zh/zero-interest-installments-truth/,200,"index, follow, max-image-preview:large",,0 å©çåæççé¶å©çåï¼åææçºè²»å¹´å©çæéº¼ç® | WorthCalc,ç¨ç¾éå¹ãæçºè²»ãä»æ¬¾æé»è IRR åæ¨ 0 å©çåæçä¼°ç®ææå¹´çï¼å« 12 æå®æ´ç®ä¾ãææåº¦è¡¨èå®æ¹ä¾æºã,"[""0 å©çåæççé¶å©çåï¼åææçºè²»å¹´å©çæéº¼ç®""]",zh-TW,[],"{""en"": ""https://worthcalc.win/en/zero-interest-installments-truth/"", ""zh-TW"": ""https://worthcalc.win/zh/zero-interest-installments-truth/"", ""x-default"": ""https://worthcalc.win/en/zero-interest-installments-truth/""}",[],"[""https://worthcalc.win/de/zero-interest-installments-truth/"", ""https://worthcalc.win/en/zero-interest-installments-truth/"", ""https://worthcalc.win/es/zero-interest-installments-truth/"", ""https://worthcalc.win/fr/zero-interest-installments-truth/"", ""https://worthcalc.win/zh/"", ""https://worthcalc.win/zh/about/"", ""https://worthcalc.win/zh/changelog/"", ""https://worthcalc.win/zh/contact/"", ""https://worthcalc.win/zh/disclaimer/"", ""https://worthcalc.win/zh/guides/"", ""https://worthcalc.win/zh/money/"", ""https://worthcalc.win/zh/privacy/"", ""https://worthcalc.win/zh/subscription-creep/"", ""https://worthcalc.win/zh/terms/"", ""https://worthcalc.win/zh/tools/"", ""https://worthcalc.win/zh/tools/cashback-breakeven/"", ""https://worthcalc.win/zh/tools/installment-true-apr/"", ""https://worthcalc.win/zh/topics/debt-credit/"", ""https://worthcalc.win/zh/zero-interest-installments-truth/""]",[],[],False,5,[]
