url,status,final_url,canonical,canonical_target_status,robots,x_robots_tag,title,description,h1,locale,redirects,hreflang,hreflang_nonreciprocal,links,broken_links,internal_redirects,orphan,schema_count,schema_errors
https://worthcalc.win/,200,https://worthcalc.win/,https://worthcalc.win/,200,"index, follow, max-image-preview:large",,Transparent Calculators for Real Money Decisions | WorthCalc,"WorthCalc turns money decisions into visible arithmetic. Every calculator states its formula, lets you replace the defaults with your own numbers, and says what it leaves out.","[""Transparent calculators for real money decisions""]",en,[],"{""en"": ""https://worthcalc.win/"", ""zh-TW"": ""https://worthcalc.win/zh/"", ""x-default"": ""https://worthcalc.win/""}",[],"[""https://worthcalc.win/"", ""https://worthcalc.win/de/"", ""https://worthcalc.win/en/"", ""https://worthcalc.win/en/about/"", ""https://worthcalc.win/en/annual-fee-card-breakeven/"", ""https://worthcalc.win/en/changelog/"", ""https://worthcalc.win/en/contact/"", ""https://worthcalc.win/en/disclaimer/"", ""https://worthcalc.win/en/ev-vs-gas-total-cost/"", ""https://worthcalc.win/en/guides/"", ""https://worthcalc.win/en/money/"", ""https://worthcalc.win/en/pay-raise-vs-inflation-purchasing-power/"", ""https://worthcalc.win/en/privacy/"", ""https://worthcalc.win/en/rent-vs-buy-guide/"", ""https://worthcalc.win/en/terms/"", ""https://worthcalc.win/en/tools/"", ""https://worthcalc.win/en/tools/cashback-breakeven/"", ""https://worthcalc.win/en/tools/commute-cost/"", ""https://worthcalc.win/en/tools/compound-growth/"", ""https://worthcalc.win/en/tools/costco-membership/"", ""https://worthcalc.win/en/tools/dti-calculator/"", ""https://worthcalc.win/en/tools/ev-vs-gas/"", ""https://worthcalc.win/en/tools/home-affordability/"", ""https://worthcalc.win/en/tools/installment-true-apr/"", ""https://worthcalc.win/en/tools/rent-vs-buy/"", ""https://worthcalc.win/en/tools/subscription-audit/"", ""https://worthcalc.win/en/topics/debt-credit/"", ""https://worthcalc.win/en/topics/everyday/"", ""https://worthcalc.win/en/topics/housing/"", ""https://worthcalc.win/en/topics/income-savings/"", ""https://worthcalc.win/en/topics/memberships/"", ""https://worthcalc.win/en/topics/transportation/"", ""https://worthcalc.win/en/true-hourly-wage-after-commuting-work-expenses/"", ""https://worthcalc.win/en/zero-interest-installments-truth/"", ""https://worthcalc.win/es/"", ""https://worthcalc.win/fr/"", ""https://worthcalc.win/zh/""]",[],[],False,4,[]
https://worthcalc.win/en/about/,200,https://worthcalc.win/en/about/,https://worthcalc.win/en/about/,200,"index, follow, max-image-preview:large",,About WorthCalc | WorthCalc,WorthCalc is a free set of browser-based calculators that answer one question: is it actually worth it?,"[""About WorthCalc""]",en,[],"{""en"": ""https://worthcalc.win/en/about/"", ""zh-TW"": ""https://worthcalc.win/zh/about/"", ""x-default"": ""https://worthcalc.win/en/about/""}",[],"[""https://worthcalc.win/"", ""https://worthcalc.win/de/about/"", ""https://worthcalc.win/en/about/"", ""https://worthcalc.win/en/changelog/"", ""https://worthcalc.win/en/contact/"", ""https://worthcalc.win/en/disclaimer/"", ""https://worthcalc.win/en/guides/"", ""https://worthcalc.win/en/money/"", ""https://worthcalc.win/en/privacy/"", ""https://worthcalc.win/en/terms/"", ""https://worthcalc.win/en/tools/"", ""https://worthcalc.win/es/about/"", ""https://worthcalc.win/fr/about/"", ""https://worthcalc.win/zh/about/""]",[],[],False,4,[]
https://worthcalc.win/en/annual-fee-card-breakeven/,200,https://worthcalc.win/en/annual-fee-card-breakeven/,https://worthcalc.win/en/annual-fee-card-breakeven/,200,"index, follow, max-image-preview:large",,Is a Credit Card Annual Fee Worth It? Break-Even Spend Calculator (2026),"Enter the fee, the rewards rate and your spend to see the exact point where the card pays for itself.","[""Credit Card Annual Fee Break-Even: How Much to Spend on a $95 Fee""]",en,[],"{""en"": ""https://worthcalc.win/en/annual-fee-card-breakeven/"", ""zh-TW"": ""https://worthcalc.win/zh/annual-fee-card-breakeven/"", ""x-default"": ""https://worthcalc.win/en/annual-fee-card-breakeven/""}",[],"[""https://worthcalc.win/"", ""https://worthcalc.win/de/annual-fee-card-breakeven/"", ""https://worthcalc.win/en/about/"", ""https://worthcalc.win/en/annual-fee-card-breakeven/"", ""https://worthcalc.win/en/changelog/"", ""https://worthcalc.win/en/contact/"", ""https://worthcalc.win/en/costco-math/"", ""https://worthcalc.win/en/disclaimer/"", ""https://worthcalc.win/en/guides/"", ""https://worthcalc.win/en/money/"", ""https://worthcalc.win/en/privacy/"", ""https://worthcalc.win/en/terms/"", ""https://worthcalc.win/en/tools/"", ""https://worthcalc.win/en/tools/cashback-breakeven/"", ""https://worthcalc.win/en/topics/debt-credit/"", ""https://worthcalc.win/es/annual-fee-card-breakeven/"", ""https://worthcalc.win/fr/annual-fee-card-breakeven/"", ""https://worthcalc.win/zh/annual-fee-card-breakeven/""]",[],[],False,5,[]
https://worthcalc.win/en/annual-vs-monthly-billing/,200,https://worthcalc.win/en/annual-vs-monthly-billing/,https://worthcalc.win/en/annual-vs-monthly-billing/,200,"index, follow, max-image-preview:large",,Annual or Monthly Billing? The Breakeven Math on Subscription Discounts | WorthCalc,"'Save 17% with annual billing' fully translated: 'prepay and bet you'll still be using this in month 12.' Effective monthly rate, usage odds, refund terms — three steps to the real answer.","[""Annual or Monthly Billing? The Breakeven Math on Subscription Discounts""]",en,[],"{""en"": ""https://worthcalc.win/en/annual-vs-monthly-billing/"", ""zh-TW"": ""https://worthcalc.win/zh/annual-vs-monthly-billing/"", ""x-default"": ""https://worthcalc.win/en/annual-vs-monthly-billing/""}",[],"[""https://worthcalc.win/"", ""https://worthcalc.win/en/about/"", ""https://worthcalc.win/en/annual-fee-card-breakeven/"", ""https://worthcalc.win/en/annual-vs-monthly-billing/"", ""https://worthcalc.win/en/changelog/"", ""https://worthcalc.win/en/contact/"", ""https://worthcalc.win/en/disclaimer/"", ""https://worthcalc.win/en/guides/"", ""https://worthcalc.win/en/money/"", ""https://worthcalc.win/en/privacy/"", ""https://worthcalc.win/en/subscription-creep/"", ""https://worthcalc.win/en/terms/"", ""https://worthcalc.win/en/tools/"", ""https://worthcalc.win/en/tools/subscription-audit/"", ""https://worthcalc.win/en/topics/memberships/"", ""https://worthcalc.win/zh/annual-vs-monthly-billing/""]",[],[],False,5,[]
https://worthcalc.win/en/apr-vs-apy/,200,https://worthcalc.win/en/apr-vs-apy/,https://worthcalc.win/en/apr-vs-apy/,200,"index,follow",,"APR vs APY: Interest Rate, Borrowing Cost & Savings Yield Explained | WorthCalc",APR standardizes borrowing cost; APY reflects deposit interest and compounding. Learn why two percentages that look similar describe opposite sides of the financial system.,"[""APR vs. APY: Why Borrowing Rates and Savings Yields Are Not the Same Number""]",en,[],"{""en"": ""https://worthcalc.win/en/apr-vs-apy/"", ""zh-TW"": ""https://worthcalc.win/zh/apr-vs-apy/"", ""x-default"": ""https://worthcalc.win/en/apr-vs-apy/""}",[],"[""https://worthcalc.win/"", ""https://worthcalc.win/en/about/"", ""https://worthcalc.win/en/apr-vs-apy/"", ""https://worthcalc.win/en/changelog/"", ""https://worthcalc.win/en/contact/"", ""https://worthcalc.win/en/disclaimer/"", ""https://worthcalc.win/en/guides/"", ""https://worthcalc.win/en/loan-term-monthly-payment-vs-total-interest/"", ""https://worthcalc.win/en/money/"", ""https://worthcalc.win/en/privacy/"", ""https://worthcalc.win/en/terms/"", ""https://worthcalc.win/en/tools/"", ""https://worthcalc.win/en/tools/compound-growth/"", ""https://worthcalc.win/en/tools/installment-true-apr/"", ""https://worthcalc.win/en/topics/debt-credit/"", ""https://worthcalc.win/zh/apr-vs-apy/""]",[],[],False,3,[]
https://worthcalc.win/en/average-commuting-cost/,200,https://worthcalc.win/en/average-commuting-cost/,https://worthcalc.win/en/average-commuting-cost/,200,"index, follow, max-image-preview:large",,Average Commuting Cost: Build a Benchmark Without a Misleading National Average | WorthCalc,"Calculate annual and monthly commuting cost from your own distance, workdays, vehicle rate, parking, tolls, and fares—then compare it with benchmarks that actually fit your decision.","[""Average Commuting Cost: Build a Benchmark Without a Misleading National Average""]",en,[],"{""en"": ""https://worthcalc.win/en/average-commuting-cost/"", ""zh-TW"": ""https://worthcalc.win/zh/average-commuting-cost/"", ""x-default"": ""https://worthcalc.win/en/average-commuting-cost/""}",[],"[""https://worthcalc.win/"", ""https://worthcalc.win/en/about/"", ""https://worthcalc.win/en/average-commuting-cost/"", ""https://worthcalc.win/en/changelog/"", ""https://worthcalc.win/en/contact/"", ""https://worthcalc.win/en/disclaimer/"", ""https://worthcalc.win/en/guides/"", ""https://worthcalc.win/en/money/"", ""https://worthcalc.win/en/privacy/"", ""https://worthcalc.win/en/terms/"", ""https://worthcalc.win/en/tools/"", ""https://worthcalc.win/en/tools/commute-cost/"", ""https://worthcalc.win/en/tools/cost-per-mile/"", ""https://worthcalc.win/en/topics/transportation/"", ""https://worthcalc.win/zh/average-commuting-cost/""]",[],[],False,5,[]
https://worthcalc.win/en/bnpl-vs-credit-card-installments/,200,https://worthcalc.win/en/bnpl-vs-credit-card-installments/,https://worthcalc.win/en/bnpl-vs-credit-card-installments/,200,"index, follow, max-image-preview:large",,BNPL vs Credit Card Installments: Which Costs Less? (2026),"Fees, interest, late penalties and credit impact compared, with a calculator for your purchase.","[""Buy now, pay later vs credit-card installments: compare total cost and timing""]",en,[],"{""en"": ""https://worthcalc.win/en/bnpl-vs-credit-card-installments/"", ""zh-TW"": ""https://worthcalc.win/zh/bnpl-vs-credit-card-installments/"", ""x-default"": ""https://worthcalc.win/en/bnpl-vs-credit-card-installments/""}",[],"[""https://worthcalc.win/"", ""https://worthcalc.win/de/bnpl-vs-credit-card-installments/"", ""https://worthcalc.win/en/about/"", ""https://worthcalc.win/en/bnpl-vs-credit-card-installments/"", ""https://worthcalc.win/en/changelog/"", ""https://worthcalc.win/en/contact/"", ""https://worthcalc.win/en/disclaimer/"", ""https://worthcalc.win/en/guides/"", ""https://worthcalc.win/en/money/"", ""https://worthcalc.win/en/privacy/"", ""https://worthcalc.win/en/terms/"", ""https://worthcalc.win/en/tools/"", ""https://worthcalc.win/en/tools/installment-true-apr/"", ""https://worthcalc.win/en/topics/debt-credit/"", ""https://worthcalc.win/en/zero-interest-installments-truth/"", ""https://worthcalc.win/es/bnpl-vs-credit-card-installments/"", ""https://worthcalc.win/fr/bnpl-vs-credit-card-installments/"", ""https://worthcalc.win/zh/bnpl-vs-credit-card-installments/""]",[],[],False,5,[]
https://worthcalc.win/en/budget-with-irregular-income/,200,https://worthcalc.win/en/budget-with-irregular-income/,https://worthcalc.win/en/budget-with-irregular-income/,200,"index, follow, max-image-preview:large",,How to Budget on Irregular Income Without Guessing Next Month | WorthCalc,"A floor-based budgeting method for freelancers and gig workers: turn variable pay and annual bills into one monthly plan, and set aside enough for quarterly estimated taxes.","[""How to Budget on Irregular Income Without Guessing Next Month""]",en,[],"{""en"": ""https://worthcalc.win/en/budget-with-irregular-income/"", ""zh-TW"": ""https://worthcalc.win/zh/budget-with-irregular-income/"", ""x-default"": ""https://worthcalc.win/en/budget-with-irregular-income/""}",[],"[""https://worthcalc.win/"", ""https://worthcalc.win/de/budget-with-irregular-income/"", ""https://worthcalc.win/en/about/"", ""https://worthcalc.win/en/budget-with-irregular-income/"", ""https://worthcalc.win/en/changelog/"", ""https://worthcalc.win/en/contact/"", ""https://worthcalc.win/en/disclaimer/"", ""https://worthcalc.win/en/guides/"", ""https://worthcalc.win/en/guides/prepay-rent-discount-vs-liquidity/"", ""https://worthcalc.win/en/money/"", ""https://worthcalc.win/en/privacy/"", ""https://worthcalc.win/en/terms/"", ""https://worthcalc.win/en/tools/"", ""https://worthcalc.win/en/tools/budget-builder/"", ""https://worthcalc.win/en/topics/income-savings/"", ""https://worthcalc.win/es/budget-with-irregular-income/"", ""https://worthcalc.win/fr/budget-with-irregular-income/"", ""https://worthcalc.win/zh/budget-with-irregular-income/"", ""https://worthcalc.win/zh/guides/joint-account-minimum-cash-floor/"", ""https://worthcalc.win/zh/guides/prepay-rent-discount-vs-liquidity/""]",[],[],False,4,[]
https://worthcalc.win/en/bulk-buying-vs-small-packages/,200,https://worthcalc.win/en/bulk-buying-vs-small-packages/,https://worthcalc.win/en/bulk-buying-vs-small-packages/,200,"index, follow, max-image-preview:large",,Bulk buy or small pack? Effective unit cost after waste and storage | WorthCalc,"Compare bulk and small packs using usable quantity, spoilage, expiry, membership, shipping and storage—not sticker unit price.","[""Bulk buy or small pack? Effective unit cost after waste and storage""]",en,[],"{""en"": ""https://worthcalc.win/en/bulk-buying-vs-small-packages/"", ""zh-TW"": ""https://worthcalc.win/zh/bulk-buying-vs-small-packages/"", ""x-default"": ""https://worthcalc.win/en/bulk-buying-vs-small-packages/""}",[],"[""https://worthcalc.win/"", ""https://worthcalc.win/de/bulk-buying-vs-small-packages/"", ""https://worthcalc.win/en/about/"", ""https://worthcalc.win/en/bulk-buying-vs-small-packages/"", ""https://worthcalc.win/en/changelog/"", ""https://worthcalc.win/en/contact/"", ""https://worthcalc.win/en/disclaimer/"", ""https://worthcalc.win/en/guides/"", ""https://worthcalc.win/en/money/"", ""https://worthcalc.win/en/privacy/"", ""https://worthcalc.win/en/terms/"", ""https://worthcalc.win/en/tools/"", ""https://worthcalc.win/en/topics/everyday/"", ""https://worthcalc.win/es/bulk-buying-vs-small-packages/"", ""https://worthcalc.win/fr/bulk-buying-vs-small-packages/"", ""https://worthcalc.win/zh/bulk-buying-vs-small-packages/""]",[],[],False,5,[]
https://worthcalc.win/en/bulk-buying-waste-math/,200,https://worthcalc.win/en/bulk-buying-waste-math/,https://worthcalc.win/en/bulk-buying-waste-math/,200,"index, follow, max-image-preview:large",,Is Buying in Bulk Actually Cheaper? Price the Part You Throw Away | WorthCalc,"The big jug is 25% cheaper per ounce — but you only finish two-thirds. Effective unit cost, honest waste rates, what belongs in bulk, and what is destined for the trash.","[""Is Buying in Bulk Actually Cheaper? Price the Part You Throw Away""]",en,[],"{""en"": ""https://worthcalc.win/en/bulk-buying-waste-math/"", ""zh-TW"": ""https://worthcalc.win/zh/bulk-buying-waste-math/"", ""x-default"": ""https://worthcalc.win/en/bulk-buying-waste-math/""}",[],"[""https://worthcalc.win/"", ""https://worthcalc.win/de/bulk-buying-waste-math/"", ""https://worthcalc.win/en/about/"", ""https://worthcalc.win/en/bulk-buying-waste-math/"", ""https://worthcalc.win/en/changelog/"", ""https://worthcalc.win/en/contact/"", ""https://worthcalc.win/en/costco-math/"", ""https://worthcalc.win/en/disclaimer/"", ""https://worthcalc.win/en/guides/"", ""https://worthcalc.win/en/money/"", ""https://worthcalc.win/en/privacy/"", ""https://worthcalc.win/en/terms/"", ""https://worthcalc.win/en/tools/"", ""https://worthcalc.win/en/tools/costco-membership/"", ""https://worthcalc.win/en/tools/latte-factor/"", ""https://worthcalc.win/en/topics/everyday/"", ""https://worthcalc.win/es/bulk-buying-waste-math/"", ""https://worthcalc.win/fr/bulk-buying-waste-math/"", ""https://worthcalc.win/zh/bulk-buying-waste-math/""]",[],[],False,5,[]
https://worthcalc.win/en/car-lease-vs-buy-total-cost/,200,https://worthcalc.win/en/car-lease-vs-buy-total-cost/,https://worthcalc.win/en/car-lease-vs-buy-total-cost/,200,"index, follow, max-image-preview:large",,"Lease vs buy a car: compare total cost, mileage, and resale risk | WorthCalc","Compare a car lease return with buying over the same months, including due-at-signing cash, mileage limits, end fees, loan interest, resale and residual risk.","[""Lease vs buy a car: compare total cost, mileage, and resale risk""]",en,[],"{""en"": ""https://worthcalc.win/en/car-lease-vs-buy-total-cost/"", ""zh-TW"": ""https://worthcalc.win/zh/car-lease-vs-buy-total-cost/"", ""x-default"": ""https://worthcalc.win/en/car-lease-vs-buy-total-cost/""}",[],"[""https://worthcalc.win/"", ""https://worthcalc.win/de/car-lease-vs-buy-total-cost/"", ""https://worthcalc.win/en/about/"", ""https://worthcalc.win/en/car-lease-vs-buy-total-cost/"", ""https://worthcalc.win/en/changelog/"", ""https://worthcalc.win/en/contact/"", ""https://worthcalc.win/en/disclaimer/"", ""https://worthcalc.win/en/guides/"", ""https://worthcalc.win/en/money/"", ""https://worthcalc.win/en/new-vs-used-car-total-cost/"", ""https://worthcalc.win/en/privacy/"", ""https://worthcalc.win/en/terms/"", ""https://worthcalc.win/en/tools/"", ""https://worthcalc.win/en/topics/transportation/"", ""https://worthcalc.win/es/car-lease-vs-buy-total-cost/"", ""https://worthcalc.win/fr/car-lease-vs-buy-total-cost/"", ""https://worthcalc.win/zh/car-lease-vs-buy-total-cost/""]",[],[],False,5,[]
https://worthcalc.win/en/cashback-caps-real-reward-rate/,200,https://worthcalc.win/en/cashback-caps-real-reward-rate/,https://worthcalc.win/en/cashback-caps-real-reward-rate/,200,"index, follow, max-image-preview:large",,Cashback caps and bonus categories: calculate your real reward rate | WorthCalc,"Calculate a real cash-back rate after category caps, fallback rates, excluded purchases, returns, activation rules, and mixed spending.","[""Cashback caps and bonus categories: calculate your real reward rate""]",en,[],"{""en"": ""https://worthcalc.win/en/cashback-caps-real-reward-rate/"", ""zh-TW"": ""https://worthcalc.win/zh/cashback-caps-real-reward-rate/"", ""x-default"": ""https://worthcalc.win/en/cashback-caps-real-reward-rate/""}",[],"[""https://worthcalc.win/"", ""https://worthcalc.win/de/cashback-caps-real-reward-rate/"", ""https://worthcalc.win/en/about/"", ""https://worthcalc.win/en/cashback-caps-real-reward-rate/"", ""https://worthcalc.win/en/changelog/"", ""https://worthcalc.win/en/contact/"", ""https://worthcalc.win/en/disclaimer/"", ""https://worthcalc.win/en/guides/"", ""https://worthcalc.win/en/money/"", ""https://worthcalc.win/en/privacy/"", ""https://worthcalc.win/en/terms/"", ""https://worthcalc.win/en/tools/"", ""https://worthcalc.win/en/tools/cashback-breakeven/"", ""https://worthcalc.win/en/topics/debt-credit/"", ""https://worthcalc.win/es/cashback-caps-real-reward-rate/"", ""https://worthcalc.win/fr/cashback-caps-real-reward-rate/"", ""https://worthcalc.win/zh/cashback-caps-real-reward-rate/""]",[],[],False,5,[]
https://worthcalc.win/en/changelog/,200,https://worthcalc.win/en/changelog/,https://worthcalc.win/en/changelog/,200,"index, follow, max-image-preview:large",,Changelog | WorthCalc,Release history for WorthCalc's free money-decision calculators.,"[""Changelog""]",en,[],"{""en"": ""https://worthcalc.win/en/changelog/"", ""zh-TW"": ""https://worthcalc.win/zh/changelog/"", ""x-default"": ""https://worthcalc.win/en/changelog/""}",[],"[""https://worthcalc.win/"", ""https://worthcalc.win/de/changelog/"", ""https://worthcalc.win/en/about/"", ""https://worthcalc.win/en/changelog/"", ""https://worthcalc.win/en/contact/"", ""https://worthcalc.win/en/disclaimer/"", ""https://worthcalc.win/en/guides/"", ""https://worthcalc.win/en/money/"", ""https://worthcalc.win/en/privacy/"", ""https://worthcalc.win/en/terms/"", ""https://worthcalc.win/en/tools/"", ""https://worthcalc.win/es/changelog/"", ""https://worthcalc.win/fr/changelog/"", ""https://worthcalc.win/zh/changelog/""]",[],[],False,4,[]
https://worthcalc.win/en/contact/,200,https://worthcalc.win/en/contact/,https://worthcalc.win/en/contact/,200,"index, follow, max-image-preview:large",,Contact WorthCalc | WorthCalc,"Reach the WorthCalc team about calculator bugs, math corrections, feature requests, or partnership inquiries.","[""Contact WorthCalc""]",en,[],"{""en"": ""https://worthcalc.win/en/contact/"", ""zh-TW"": ""https://worthcalc.win/zh/contact/"", ""x-default"": ""https://worthcalc.win/en/contact/""}",[],"[""https://worthcalc.win/"", ""https://worthcalc.win/cdn-cgi/l/email-protection"", ""https://worthcalc.win/de/contact/"", ""https://worthcalc.win/en/about/"", ""https://worthcalc.win/en/changelog/"", ""https://worthcalc.win/en/contact/"", ""https://worthcalc.win/en/disclaimer/"", ""https://worthcalc.win/en/guides/"", ""https://worthcalc.win/en/money/"", ""https://worthcalc.win/en/privacy/"", ""https://worthcalc.win/en/terms/"", ""https://worthcalc.win/en/tools/"", ""https://worthcalc.win/es/contact/"", ""https://worthcalc.win/fr/contact/"", ""https://worthcalc.win/zh/contact/""]","[""https://worthcalc.win/cdn-cgi/l/email-protection""]",[],False,4,[]
https://worthcalc.win/en/costco-math/,200,https://worthcalc.win/en/costco-math/,https://worthcalc.win/en/costco-math/,200,"index, follow, max-image-preview:large",,Costco Math: When Bulk Buying Actually Saves Money (2026),"Unit price, spoilage and storage, membership fee per trip. The formulas, then a calculator.","[""The Math of Warehouse Club Memberships""]",en,[],"{""en"": ""https://worthcalc.win/en/costco-math/"", ""zh-TW"": ""https://worthcalc.win/zh/costco-math/"", ""x-default"": ""https://worthcalc.win/en/costco-math/""}",[],"[""https://worthcalc.win/"", ""https://worthcalc.win/de/costco-math/"", ""https://worthcalc.win/en/about/"", ""https://worthcalc.win/en/changelog/"", ""https://worthcalc.win/en/contact/"", ""https://worthcalc.win/en/costco-math/"", ""https://worthcalc.win/en/disclaimer/"", ""https://worthcalc.win/en/guides/"", ""https://worthcalc.win/en/money/"", ""https://worthcalc.win/en/privacy/"", ""https://worthcalc.win/en/subscription-creep/"", ""https://worthcalc.win/en/terms/"", ""https://worthcalc.win/en/tools/"", ""https://worthcalc.win/en/tools/cashback-breakeven/"", ""https://worthcalc.win/en/tools/costco-membership/"", ""https://worthcalc.win/en/topics/memberships/"", ""https://worthcalc.win/es/costco-math/"", ""https://worthcalc.win/fr/costco-math/"", ""https://worthcalc.win/zh/costco-math/""]",[],[],False,5,[]
https://worthcalc.win/en/credit-card-minimum-payment-trap/,200,https://worthcalc.win/en/credit-card-minimum-payment-trap/,https://worthcalc.win/en/credit-card-minimum-payment-trap/,200,"index, follow, max-image-preview:large",,Why Your Credit Card Statement Warns You About the Minimum Payment | WorthCalc,"The federal law behind the minimum-payment warning box, how issuers calculate the minimum, and what a fixed payment saves versus letting the balance ride.","[""Why Your Credit Card Statement Warns You About the Minimum Payment""]",en,[],"{""en"": ""https://worthcalc.win/en/credit-card-minimum-payment-trap/"", ""zh-TW"": ""https://worthcalc.win/zh/credit-card-minimum-payment-trap/"", ""x-default"": ""https://worthcalc.win/en/credit-card-minimum-payment-trap/""}",[],"[""https://worthcalc.win/"", ""https://worthcalc.win/de/credit-card-minimum-payment-trap/"", ""https://worthcalc.win/en/about/"", ""https://worthcalc.win/en/changelog/"", ""https://worthcalc.win/en/contact/"", ""https://worthcalc.win/en/credit-card-minimum-payment-trap/"", ""https://worthcalc.win/en/disclaimer/"", ""https://worthcalc.win/en/guides/"", ""https://worthcalc.win/en/money/"", ""https://worthcalc.win/en/privacy/"", ""https://worthcalc.win/en/terms/"", ""https://worthcalc.win/en/tools/"", ""https://worthcalc.win/en/tools/credit-card-payoff/"", ""https://worthcalc.win/en/topics/debt-credit/"", ""https://worthcalc.win/es/credit-card-minimum-payment-trap/"", ""https://worthcalc.win/fr/credit-card-minimum-payment-trap/"", ""https://worthcalc.win/zh/credit-card-minimum-payment-trap/""]",[],[],False,4,[]
https://worthcalc.win/en/delivery-membership-break-even/,200,https://worthcalc.win/en/delivery-membership-break-even/,https://worthcalc.win/en/delivery-membership-break-even/,200,"index, follow, max-image-preview:large",,When is a delivery membership worth the annual fee? | WorthCalc,"Calculate delivery-membership break-even from eligible orders, fee differences, basket minimums, extra spend, and months with no use.","[""When is a delivery membership worth the annual fee?""]",en,[],"{""en"": ""https://worthcalc.win/en/delivery-membership-break-even/"", ""zh-TW"": ""https://worthcalc.win/zh/delivery-membership-break-even/"", ""x-default"": ""https://worthcalc.win/en/delivery-membership-break-even/""}",[],"[""https://worthcalc.win/"", ""https://worthcalc.win/de/delivery-membership-break-even/"", ""https://worthcalc.win/en/about/"", ""https://worthcalc.win/en/changelog/"", ""https://worthcalc.win/en/contact/"", ""https://worthcalc.win/en/delivery-membership-break-even/"", ""https://worthcalc.win/en/disclaimer/"", ""https://worthcalc.win/en/guides/"", ""https://worthcalc.win/en/money/"", ""https://worthcalc.win/en/privacy/"", ""https://worthcalc.win/en/terms/"", ""https://worthcalc.win/en/tools/"", ""https://worthcalc.win/en/topics/memberships/"", ""https://worthcalc.win/es/delivery-membership-break-even/"", ""https://worthcalc.win/fr/delivery-membership-break-even/"", ""https://worthcalc.win/zh/delivery-membership-break-even/""]",[],[],False,5,[]
https://worthcalc.win/en/disclaimer/,200,https://worthcalc.win/en/disclaimer/,https://worthcalc.win/en/disclaimer/,200,"index, follow, max-image-preview:large",,Disclaimer | WorthCalc,WorthCalc's calculators produce estimates for general information only. Not financial or investment advice.,"[""Disclaimer""]",en,[],"{""en"": ""https://worthcalc.win/en/disclaimer/"", ""zh-TW"": ""https://worthcalc.win/zh/disclaimer/"", ""x-default"": ""https://worthcalc.win/en/disclaimer/""}",[],"[""https://worthcalc.win/"", ""https://worthcalc.win/de/disclaimer/"", ""https://worthcalc.win/en/about/"", ""https://worthcalc.win/en/changelog/"", ""https://worthcalc.win/en/contact/"", ""https://worthcalc.win/en/disclaimer/"", ""https://worthcalc.win/en/guides/"", ""https://worthcalc.win/en/money/"", ""https://worthcalc.win/en/privacy/"", ""https://worthcalc.win/en/terms/"", ""https://worthcalc.win/en/tools/"", ""https://worthcalc.win/es/disclaimer/"", ""https://worthcalc.win/fr/disclaimer/"", ""https://worthcalc.win/zh/disclaimer/""]",[],[],False,4,[]
https://worthcalc.win/en/emergency-fund-irregular-income/,200,https://worthcalc.win/en/emergency-fund-irregular-income/,https://worthcalc.win/en/emergency-fund-irregular-income/,200,"index,follow",,Emergency Fund for Irregular Income: Freelancer & Variable-Pay Guide | WorthCalc,"Build an emergency fund around essential expenses, income floors, slow seasons, taxes, and client concentration—not an average monthly paycheck that may never arrive on schedule.","[""Emergency Fund for Irregular Income: A Better Method Than “Six Months of Salary”""]",en,[],"{""en"": ""https://worthcalc.win/en/emergency-fund-irregular-income/"", ""zh-TW"": ""https://worthcalc.win/zh/emergency-fund-irregular-income/"", ""x-default"": ""https://worthcalc.win/en/emergency-fund-irregular-income/""}",[],"[""https://worthcalc.win/"", ""https://worthcalc.win/en/about/"", ""https://worthcalc.win/en/budget-with-irregular-income/"", ""https://worthcalc.win/en/changelog/"", ""https://worthcalc.win/en/contact/"", ""https://worthcalc.win/en/disclaimer/"", ""https://worthcalc.win/en/emergency-fund-irregular-income/"", ""https://worthcalc.win/en/guides/"", ""https://worthcalc.win/en/guides/cash-flow-buffer-vs-emergency-fund/"", ""https://worthcalc.win/en/guides/insurance-deductible-cash-reserve/"", ""https://worthcalc.win/en/guides/windfall-debt-vs-cash-allocation/"", ""https://worthcalc.win/en/money/"", ""https://worthcalc.win/en/net-worth-vs-liquid-net-worth/"", ""https://worthcalc.win/en/privacy/"", ""https://worthcalc.win/en/terms/"", ""https://worthcalc.win/en/tools/"", ""https://worthcalc.win/en/tools/budget-builder/"", ""https://worthcalc.win/en/topics/income-savings/"", ""https://worthcalc.win/zh/emergency-fund-irregular-income/""]",[],[],False,3,[]
https://worthcalc.win/en/energy-efficient-appliance-payback/,200,https://worthcalc.win/en/energy-efficient-appliance-payback/,https://worthcalc.win/en/energy-efficient-appliance-payback/,200,"index, follow, max-image-preview:large",,"Energy-efficient appliance payback: price premium, kWh savings, and break-even | WorthCalc","Calculate appliance payback from purchase-price difference, kWh per use, annual frequency, marginal electricity rate, rebate and holding life.","[""Energy-efficient appliance payback: price premium, kWh savings, and break-even""]",en,[],"{""en"": ""https://worthcalc.win/en/energy-efficient-appliance-payback/"", ""zh-TW"": ""https://worthcalc.win/zh/energy-efficient-appliance-payback/"", ""x-default"": ""https://worthcalc.win/en/energy-efficient-appliance-payback/""}",[],"[""https://worthcalc.win/"", ""https://worthcalc.win/de/energy-efficient-appliance-payback/"", ""https://worthcalc.win/en/about/"", ""https://worthcalc.win/en/changelog/"", ""https://worthcalc.win/en/contact/"", ""https://worthcalc.win/en/disclaimer/"", ""https://worthcalc.win/en/energy-efficient-appliance-payback/"", ""https://worthcalc.win/en/guides/"", ""https://worthcalc.win/en/money/"", ""https://worthcalc.win/en/privacy/"", ""https://worthcalc.win/en/terms/"", ""https://worthcalc.win/en/tools/"", ""https://worthcalc.win/en/topics/everyday/"", ""https://worthcalc.win/es/energy-efficient-appliance-payback/"", ""https://worthcalc.win/fr/energy-efficient-appliance-payback/"", ""https://worthcalc.win/zh/energy-efficient-appliance-payback/""]",[],[],False,5,[]
https://worthcalc.win/en/ev-vs-gas-total-cost/,200,https://worthcalc.win/en/ev-vs-gas-total-cost/,https://worthcalc.win/en/ev-vs-gas-total-cost/,200,"index, follow, max-image-preview:large",,EV vs Gas Total Cost of Ownership: 5-Year Comparison (2026),"Purchase price, fuel or charging, maintenance, insurance and resale, side by side. Sources listed, then a calculator.","[""EV vs gas car: how to compare total cost of ownership""]",en,[],"{""en"": ""https://worthcalc.win/en/ev-vs-gas-total-cost/"", ""zh-TW"": ""https://worthcalc.win/zh/ev-vs-gas-total-cost/"", ""x-default"": ""https://worthcalc.win/en/ev-vs-gas-total-cost/""}",[],"[""https://worthcalc.win/"", ""https://worthcalc.win/de/ev-vs-gas-total-cost/"", ""https://worthcalc.win/en/about/"", ""https://worthcalc.win/en/changelog/"", ""https://worthcalc.win/en/contact/"", ""https://worthcalc.win/en/disclaimer/"", ""https://worthcalc.win/en/ev-vs-gas-total-cost/"", ""https://worthcalc.win/en/guides/"", ""https://worthcalc.win/en/money/"", ""https://worthcalc.win/en/privacy/"", ""https://worthcalc.win/en/terms/"", ""https://worthcalc.win/en/tools/"", ""https://worthcalc.win/en/topics/transportation/"", ""https://worthcalc.win/es/ev-vs-gas-total-cost/"", ""https://worthcalc.win/fr/ev-vs-gas-total-cost/"", ""https://worthcalc.win/zh/ev-vs-gas-total-cost/""]",[],[],False,5,[]
https://worthcalc.win/en/extended-warranty-math/,200,https://worthcalc.win/en/extended-warranty-math/,https://worthcalc.win/en/extended-warranty-math/,200,"index, follow, max-image-preview:large",,Is the Extended Warranty Worth It? The Expected-Value Math and Three Real Exceptions | WorthCalc,"Extended warranties cost 10–20% of the product; most electronics fail under 10% of the time in the window. The expectation says no — except for three cases: can't-afford-to-repair, breaks-often, can't-afford-downtime.","[""Is the Extended Warranty Worth It? The Expected-Value Math and Three Real Exceptions""]",en,[],"{""en"": ""https://worthcalc.win/en/extended-warranty-math/"", ""zh-TW"": ""https://worthcalc.win/zh/extended-warranty-math/"", ""x-default"": ""https://worthcalc.win/en/extended-warranty-math/""}",[],"[""https://worthcalc.win/"", ""https://worthcalc.win/en/about/"", ""https://worthcalc.win/en/changelog/"", ""https://worthcalc.win/en/contact/"", ""https://worthcalc.win/en/disclaimer/"", ""https://worthcalc.win/en/extended-warranty-math/"", ""https://worthcalc.win/en/guides/"", ""https://worthcalc.win/en/money/"", ""https://worthcalc.win/en/privacy/"", ""https://worthcalc.win/en/terms/"", ""https://worthcalc.win/en/tools/"", ""https://worthcalc.win/en/tools/latte-factor/"", ""https://worthcalc.win/en/topics/everyday/"", ""https://worthcalc.win/zh/extended-warranty-math/""]",[],[],False,5,[]
https://worthcalc.win/en/extra-mortgage-payments-guide/,200,https://worthcalc.win/en/extra-mortgage-payments-guide/,https://worthcalc.win/en/extra-mortgage-payments-guide/,200,"index, follow, max-image-preview:large",,Do Extra Mortgage Payments Save Money? Interest and Years Cut (2026),"How one extra payment a year or a bi-weekly schedule changes total interest and payoff date, with a calculator.","[""Extra Mortgage Payments: What They Actually Save You""]",en,[],"{""en"": ""https://worthcalc.win/en/extra-mortgage-payments-guide/"", ""zh-TW"": ""https://worthcalc.win/zh/extra-mortgage-payments-guide/"", ""x-default"": ""https://worthcalc.win/en/extra-mortgage-payments-guide/""}",[],"[""https://worthcalc.win/"", ""https://worthcalc.win/de/extra-mortgage-payments-guide/"", ""https://worthcalc.win/en/about/"", ""https://worthcalc.win/en/changelog/"", ""https://worthcalc.win/en/contact/"", ""https://worthcalc.win/en/disclaimer/"", ""https://worthcalc.win/en/extra-mortgage-payments-guide/"", ""https://worthcalc.win/en/guides/"", ""https://worthcalc.win/en/money/"", ""https://worthcalc.win/en/privacy/"", ""https://worthcalc.win/en/terms/"", ""https://worthcalc.win/en/tools/"", ""https://worthcalc.win/en/tools/mortgage-payoff/"", ""https://worthcalc.win/en/topics/housing/"", ""https://worthcalc.win/es/extra-mortgage-payments-guide/"", ""https://worthcalc.win/fr/extra-mortgage-payments-guide/"", ""https://worthcalc.win/zh/extra-mortgage-payments-guide/""]",[],[],False,4,[]
https://worthcalc.win/en/full-commute-cost-including-time/,200,https://worthcalc.win/en/full-commute-cost-including-time/,https://worthcalc.win/en/full-commute-cost-including-time/,200,"index, follow, max-image-preview:large",,"How to calculate the full cost of commuting, including your time | WorthCalc","Calculate monthly commute cost from energy, fares, parking, maintenance, depreciation and optional personal time value without treating time as salary.","[""How to calculate the full cost of commuting, including your time""]",en,[],"{""en"": ""https://worthcalc.win/en/full-commute-cost-including-time/"", ""zh-TW"": ""https://worthcalc.win/zh/full-commute-cost-including-time/"", ""x-default"": ""https://worthcalc.win/en/full-commute-cost-including-time/""}",[],"[""https://worthcalc.win/"", ""https://worthcalc.win/de/full-commute-cost-including-time/"", ""https://worthcalc.win/en/about/"", ""https://worthcalc.win/en/changelog/"", ""https://worthcalc.win/en/contact/"", ""https://worthcalc.win/en/disclaimer/"", ""https://worthcalc.win/en/full-commute-cost-including-time/"", ""https://worthcalc.win/en/guides/"", ""https://worthcalc.win/en/money/"", ""https://worthcalc.win/en/privacy/"", ""https://worthcalc.win/en/terms/"", ""https://worthcalc.win/en/tools/"", ""https://worthcalc.win/en/topics/transportation/"", ""https://worthcalc.win/es/full-commute-cost-including-time/"", ""https://worthcalc.win/fr/full-commute-cost-including-time/"", ""https://worthcalc.win/zh/full-commute-cost-including-time/""]",[],[],False,5,[]
https://worthcalc.win/en/guides/,200,https://worthcalc.win/en/guides/,https://worthcalc.win/en/guides/,200,"index, follow, max-image-preview:large",,All guides | WorthCalc,"Every WorthCalc decision guide, grouped by topic: housing, debt and credit, transportation, everyday break-evens, memberships, and income and savings.","[""All guides""]",en,[],"{""en"": ""https://worthcalc.win/en/guides/"", ""zh-TW"": ""https://worthcalc.win/zh/guides/"", ""x-default"": ""https://worthcalc.win/en/guides/""}",[],"[""https://worthcalc.win/"", ""https://worthcalc.win/de/guides/"", ""https://worthcalc.win/en/about/"", ""https://worthcalc.win/en/annual-fee-card-breakeven/"", ""https://worthcalc.win/en/annual-vs-monthly-billing/"", ""https://worthcalc.win/en/apr-vs-apy/"", ""https://worthcalc.win/en/average-commuting-cost/"", ""https://worthcalc.win/en/bnpl-vs-credit-card-installments/"", ""https://worthcalc.win/en/budget-with-irregular-income/"", ""https://worthcalc.win/en/bulk-buying-vs-small-packages/"", ""https://worthcalc.win/en/bulk-buying-waste-math/"", ""https://worthcalc.win/en/car-lease-vs-buy-total-cost/"", ""https://worthcalc.win/en/cashback-caps-real-reward-rate/"", ""https://worthcalc.win/en/changelog/"", ""https://worthcalc.win/en/contact/"", ""https://worthcalc.win/en/cost-per-use-expensive-item/"", ""https://worthcalc.win/en/costco-math/"", ""https://worthcalc.win/en/credit-card-minimum-payment-trap/"", ""https://worthcalc.win/en/delivery-membership-break-even/"", ""https://worthcalc.win/en/disclaimer/"", ""https://worthcalc.win/en/emergency-fund-irregular-income/"", ""https://worthcalc.win/en/energy-efficient-appliance-payback/"", ""https://worthcalc.win/en/ev-vs-gas-total-cost/"", ""https://worthcalc.win/en/extended-warranty-math/"", ""https://worthcalc.win/en/extra-mortgage-payments-guide/"", ""https://worthcalc.win/en/free-shipping-threshold/"", ""https://worthcalc.win/en/freelancer-pricing-decision-engine/"", ""https://worthcalc.win/en/full-commute-cost-including-time/"", ""https://worthcalc.win/en/guides/"", ""https://worthcalc.win/en/guides/ai-tool-realized-time-savings-break-even/"", ""https://worthcalc.win/en/guides/amortization-schedule-explained/"", ""https://worthcalc.win/en/guides/annual-bills-cash-flow-low-point/"", ""https://worthcalc.win/en/guides/annual-bills-monthly-equivalent/"", ""https://worthcalc.win/en/guides/annual-cost-savings-calculator/"", ""https://worthcalc.win/en/guides/annual-plan-cancellation-risk-break-even/"", ""https://worthcalc.win/en/guides/annual-vs-monthly-insurance-payment/"", ""https://worthcalc.win/en/guides/auto-loan-negative-equity-rollover-cost/"", ""https://worthcalc.win/en/guides/balance-transfer-break-even/"", ""https://worthcalc.win/en/guides/benefits-replacement-cost-vs-salary/"", ""https://worthcalc.win/en/guides/bonus-volatility-fixed-cost-capacity/"", ""https://worthcalc.win/en/guides/car-down-payment-vs-liquidity/"", ""https://worthcalc.win/en/guides/car-loan-60-vs-72-vs-84-early-exit/"", ""https://worthcalc.win/en/guides/cash-discount-vs-financing/"", ""https://worthcalc.win/en/guides/cash-flow-buffer-vs-emergency-fund/"", ""https://worthcalc.win/en/guides/cash-runway-before-quitting-job/"", ""https://worthcalc.win/en/guides/cash-vs-financing-car-liquidity/"", ""https://worthcalc.win/en/guides/childcare-return-to-work-break-even/"", ""https://worthcalc.win/en/guides/clothes-dryer-cost-per-load-used/"", ""https://worthcalc.win/en/guides/cloud-storage-cost-per-retained-gb/"", ""https://worthcalc.win/en/guides/cost-of-delaying-savings-goal/"", ""https://worthcalc.win/en/guides/debt-consolidation-break-even/"", ""https://worthcalc.win/en/guides/debt-to-assets-ratio-personal/"", ""https://worthcalc.win/en/guides/dishwasher-cost-per-cycle-used/"", ""https://worthcalc.win/en/guides/electricity-cost-per-kwh-used/"", ""https://worthcalc.win/en/guides/event-ticket-cost-per-attended-hour/"", ""https://worthcalc.win/en/guides/financial-runway-months/"", ""https://worthcalc.win/en/guides/fixed-vs-variable-rate/"", ""https://worthcalc.win/en/guides/freelance-minimum-billable-rate/"", ""https://worthcalc.win/en/guides/fulltime-vs-parttime-childcare-break-even/"", ""https://worthcalc.win/en/guides/high-vs-low-insurance-deductible-break-even/"", ""https://worthcalc.win/en/guides/home-internet-cost-per-gb-used/"", ""https://worthcalc.win/en/guides/hvac-cost-per-operating-hour-used/"", ""https://worthcalc.win/en/guides/insurance-deductible-cash-reserve/"", ""https://worthcalc.win/en/guides/introductory-discount-renewal-cost/"", ""https://worthcalc.win/en/guides/language-class-cost-per-completed-session/"", ""https://worthcalc.win/en/guides/laundry-cost-per-load/"", ""https://worthcalc.win/en/guides/led-lighting-cost-per-hour-used/"", ""https://worthcalc.win/en/guides/loan-refinance-break-even/"", ""https://worthcalc.win/en/guides/meal-delivery-plan-cost-per-eaten-meal/"", ""https://worthcalc.win/en/guides/mobile-data-cost-per-gb-used/"", ""https://worthcalc.win/en/guides/monthly-vs-annual-total-cost/"", ""https://worthcalc.win/en/guides/mortgage-points-break-even/"", ""https://worthcalc.win/en/guides/mortgage-recast-vs-refinance-vs-extra-principal/"", ""https://worthcalc.win/en/guides/natural-gas-cost-per-therm-used/"", ""https://worthcalc.win/en/guides/one-time-switching-cost-payback/"", ""https://worthcalc.win/en/guides/oven-stove-cost-per-cooking-hour-used/"", ""https://worthcalc.win/en/guides/personal-liquidity-ratio/"", ""https://worthcalc.win/en/guides/post-debt-payoff-lifestyle-creep/"", ""https://worthcalc.win/en/guides/prepay-rent-discount-vs-liquidity/"", ""https://worthcalc.win/en/guides/real-vs-nominal-return/"", ""https://worthcalc.win/en/guides/recurring-costs-annual-total/"", ""https://worthcalc.win/en/guides/refrigerator-cost-per-day-used/"", ""https://worthcalc.win/en/guides/relocation-higher-salary-break-even/"", ""https://worthcalc.win/en/guides/remote-work-pay-cut-cash-break-even/"", ""https://worthcalc.win/en/guides/rent-increase-vs-moving-break-even/"", ""https://worthcalc.win/en/guides/savings-break-even-use-period/"", ""https://worthcalc.win/en/guides/sinking-fund-by-deadline/"", ""https://worthcalc.win/en/guides/software-add-on-cost-per-active-seat/"", ""https://worthcalc.win/en/guides/trade-in-vs-private-sale-net-proceeds/"", ""https://worthcalc.win/en/guides/training-certification-break-even/"", ""https://worthcalc.win/en/guides/unused-membership-capacity-cost/"", ""https://worthcalc.win/en/guides/water-bill-cost-per-gallon-used/"", ""https://worthcalc.win/en/guides/water-heater-cost-per-gallon-heated/"", ""https://worthcalc.win/en/guides/windfall-debt-vs-cash-allocation/"", ""https://worthcalc.win/en/gym-membership-cost-per-visit/"", ""https://worthcalc.win/en/home-vs-public-ev-charging-cost/"", ""https://worthcalc.win/en/hourly-vs-annual-salary/"", ""https://worthcalc.win/en/how-compound-growth-works/"", ""https://worthcalc.win/en/how-much-home-can-you-afford/"", ""https://worthcalc.win/en/how-to-calculate-dti/"", ""https://worthcalc.win/en/installment-apr-table/"", ""https://worthcalc.win/en/is-an-extended-warranty-worth-it/"", ""https://worthcalc.win/en/is-costco-executive-membership-worth-it/"", ""https://worthcalc.win/en/job-offer-true-value-decision-engine/"", ""https://worthcalc.win/en/loan-term-monthly-payment-vs-total-interest/"", ""https://worthcalc.win/en/meal-prep-vs-takeout-cost/"", ""https://worthcalc.win/en/money/"", ""https://worthcalc.win/en/money/credit-card-apr-2026/"", ""https://worthcalc.win/en/money/electricity-price-per-kwh-2026/"", ""https://worthcalc.win/en/money/irs-mileage-rate-2026/"", ""https://worthcalc.win/en/money/mortgage-rate-2026-payment-impact/"", ""https://worthcalc.win/en/money/streaming-prices-2026/"", ""https://worthcalc.win/en/monthly-vs-annual-subscription/"", ""https://worthcalc.win/en/net-worth-vs-liquid-net-worth/"", ""https://worthcalc.win/en/new-vs-used-car-total-cost/"", ""https://worthcalc.win/en/opportunity-cost-everyday/"", ""https://worthcalc.win/en/paid-membership-break-even/"", ""https://worthcalc.win/en/pay-raise-vs-inflation-purchasing-power/"", ""https://worthcalc.win/en/price-in-work-hours/"", ""https://worthcalc.win/en/price-per-wear-clothing-shoes/"", ""https://worthcalc.win/en/privacy/"", ""https://worthcalc.win/en/rent-vs-buy-breakeven-year/"", ""https://worthcalc.win/en/rent-vs-buy-guide/"", ""https://worthcalc.win/en/repair-or-replace-decision-formula/"", ""https://worthcalc.win/en/return-to-office-cost/"", ""https://worthcalc.win/en/reusable-vs-disposable-break-even/"", ""https://worthcalc.win/en/rule-of-72-explained/"", ""https://worthcalc.win/en/savings-rate-gross-vs-net/"", ""https://worthcalc.win/en/snowball-vs-avalanche/"", ""https://worthcalc.win/en/subscription-creep/"", ""https://worthcalc.win/en/sunk-cost-fallacy-everyday/"", ""https://worthcalc.win/en/terms/"", ""https://worthcalc.win/en/tools/"", ""https://worthcalc.win/en/topics/debt-credit/"", ""https://worthcalc.win/en/topics/everyday/"", ""https://worthcalc.win/en/topics/housing/"", ""https://worthcalc.win/en/topics/income-savings/"", ""https://worthcalc.win/en/topics/memberships/"", ""https://worthcalc.win/en/topics/transportation/"", ""https://worthcalc.win/en/true-cost-of-car-ownership/"", ""https://worthcalc.win/en/true-hourly-wage-after-commuting-work-expenses/"", ""https://worthcalc.win/en/upfront-fees-financing-cost/"", ""https://worthcalc.win/en/upgrade-your-phone-or-keep-it/"", ""https://worthcalc.win/en/work-from-home-vs-commuting-hidden-costs/"", ""https://worthcalc.win/en/zero-interest-installments-truth/"", ""https://worthcalc.win/es/guides/"", ""https://worthcalc.win/fr/guides/"", ""https://worthcalc.win/zh/guides/""]",[],[],False,3,[]
https://worthcalc.win/en/gym-membership-cost-per-visit/,200,https://worthcalc.win/en/gym-membership-cost-per-visit/,https://worthcalc.win/en/gym-membership-cost-per-visit/,200,"index, follow, max-image-preview:large",,Gym membership cost per visit: how often do you need to go? | WorthCalc,"Calculate real gym cost per visit from joining fees, monthly dues, service charges, missed months, attendance, and an equivalent drop-in price.","[""Gym membership cost per visit: how often do you need to go?""]",en,[],"{""en"": ""https://worthcalc.win/en/gym-membership-cost-per-visit/"", ""zh-TW"": ""https://worthcalc.win/zh/gym-membership-cost-per-visit/"", ""x-default"": ""https://worthcalc.win/en/gym-membership-cost-per-visit/""}",[],"[""https://worthcalc.win/"", ""https://worthcalc.win/de/gym-membership-cost-per-visit/"", ""https://worthcalc.win/en/about/"", ""https://worthcalc.win/en/changelog/"", ""https://worthcalc.win/en/contact/"", ""https://worthcalc.win/en/disclaimer/"", ""https://worthcalc.win/en/guides/"", ""https://worthcalc.win/en/gym-membership-cost-per-visit/"", ""https://worthcalc.win/en/money/"", ""https://worthcalc.win/en/privacy/"", ""https://worthcalc.win/en/terms/"", ""https://worthcalc.win/en/tools/"", ""https://worthcalc.win/en/topics/memberships/"", ""https://worthcalc.win/es/gym-membership-cost-per-visit/"", ""https://worthcalc.win/fr/gym-membership-cost-per-visit/"", ""https://worthcalc.win/zh/gym-membership-cost-per-visit/""]",[],[],False,5,[]
https://worthcalc.win/en/home-vs-public-ev-charging-cost/,200,https://worthcalc.win/en/home-vs-public-ev-charging-cost/,https://worthcalc.win/en/home-vs-public-ev-charging-cost/,200,"index, follow, max-image-preview:large",,Home charging vs public charging: what does an EV really cost per mile? | WorthCalc,"Calculate EV charging cost per mile from home, public AC and DC fast-charging rates, charging losses, kWh share, subscriptions and session fees.","[""Home charging vs public charging: what does an EV really cost per mile?""]",en,[],"{""en"": ""https://worthcalc.win/en/home-vs-public-ev-charging-cost/"", ""zh-TW"": ""https://worthcalc.win/zh/home-vs-public-ev-charging-cost/"", ""x-default"": ""https://worthcalc.win/en/home-vs-public-ev-charging-cost/""}",[],"[""https://worthcalc.win/"", ""https://worthcalc.win/de/home-vs-public-ev-charging-cost/"", ""https://worthcalc.win/en/about/"", ""https://worthcalc.win/en/changelog/"", ""https://worthcalc.win/en/contact/"", ""https://worthcalc.win/en/disclaimer/"", ""https://worthcalc.win/en/ev-vs-gas-total-cost/"", ""https://worthcalc.win/en/guides/"", ""https://worthcalc.win/en/home-vs-public-ev-charging-cost/"", ""https://worthcalc.win/en/money/"", ""https://worthcalc.win/en/privacy/"", ""https://worthcalc.win/en/terms/"", ""https://worthcalc.win/en/tools/"", ""https://worthcalc.win/en/topics/transportation/"", ""https://worthcalc.win/es/home-vs-public-ev-charging-cost/"", ""https://worthcalc.win/fr/home-vs-public-ev-charging-cost/"", ""https://worthcalc.win/zh/home-vs-public-ev-charging-cost/""]",[],[],False,5,[]
https://worthcalc.win/en/hourly-vs-annual-salary/,200,https://worthcalc.win/en/hourly-vs-annual-salary/,https://worthcalc.win/en/hourly-vs-annual-salary/,200,"index, follow, max-image-preview:large",,Hourly vs. Annual Salary: How to Compare Two Job Offers Fairly | WorthCalc,"Convert hourly and annual pay using real workweeks, unpaid leave, overtime, and bonuses, and see what federal overtime law actually requires in 2026.","[""Hourly vs. Annual Salary: How to Compare Two Job Offers Fairly""]",en,[],"{""en"": ""https://worthcalc.win/en/hourly-vs-annual-salary/"", ""zh-TW"": ""https://worthcalc.win/zh/hourly-vs-annual-salary/"", ""x-default"": ""https://worthcalc.win/en/hourly-vs-annual-salary/""}",[],"[""https://worthcalc.win/"", ""https://worthcalc.win/de/hourly-vs-annual-salary/"", ""https://worthcalc.win/en/about/"", ""https://worthcalc.win/en/changelog/"", ""https://worthcalc.win/en/contact/"", ""https://worthcalc.win/en/disclaimer/"", ""https://worthcalc.win/en/guides/"", ""https://worthcalc.win/en/hourly-vs-annual-salary/"", ""https://worthcalc.win/en/money/"", ""https://worthcalc.win/en/privacy/"", ""https://worthcalc.win/en/terms/"", ""https://worthcalc.win/en/tools/"", ""https://worthcalc.win/en/tools/salary-converter/"", ""https://worthcalc.win/en/topics/income-savings/"", ""https://worthcalc.win/es/hourly-vs-annual-salary/"", ""https://worthcalc.win/fr/hourly-vs-annual-salary/"", ""https://worthcalc.win/zh/hourly-vs-annual-salary/""]",[],[],False,4,[]
https://worthcalc.win/en/how-compound-growth-works/,200,https://worthcalc.win/en/how-compound-growth-works/,https://worthcalc.win/en/how-compound-growth-works/,200,"index, follow, max-image-preview:large",,How Compound Growth Actually Works (And Why Fees Matter as Much as Returns) | WorthCalc,"The compound growth formula, the Rule of 72 shortcut, and how contribution timing and fees change a savings projection more than most people expect.","[""How Compound Growth Actually Works (And Why Fees Matter as Much as Returns)""]",en,[],"{""en"": ""https://worthcalc.win/en/how-compound-growth-works/"", ""zh-TW"": ""https://worthcalc.win/zh/how-compound-growth-works/"", ""x-default"": ""https://worthcalc.win/en/how-compound-growth-works/""}",[],"[""https://worthcalc.win/"", ""https://worthcalc.win/de/how-compound-growth-works/"", ""https://worthcalc.win/en/about/"", ""https://worthcalc.win/en/changelog/"", ""https://worthcalc.win/en/contact/"", ""https://worthcalc.win/en/disclaimer/"", ""https://worthcalc.win/en/guides/"", ""https://worthcalc.win/en/guides/cost-of-delaying-savings-goal/"", ""https://worthcalc.win/en/guides/real-vs-nominal-return/"", ""https://worthcalc.win/en/how-compound-growth-works/"", ""https://worthcalc.win/en/money/"", ""https://worthcalc.win/en/privacy/"", ""https://worthcalc.win/en/terms/"", ""https://worthcalc.win/en/tools/"", ""https://worthcalc.win/en/tools/compound-growth/"", ""https://worthcalc.win/en/topics/income-savings/"", ""https://worthcalc.win/es/how-compound-growth-works/"", ""https://worthcalc.win/fr/how-compound-growth-works/"", ""https://worthcalc.win/zh/how-compound-growth-works/""]",[],[],False,4,[]
https://worthcalc.win/en/how-to-calculate-dti/,200,https://worthcalc.win/en/how-to-calculate-dti/,https://worthcalc.win/en/how-to-calculate-dti/,200,"index, follow, max-image-preview:large",,How to Calculate DTI (And Why 43% Isn't a Hard Cutoff Anymore) | WorthCalc,"Calculate front-end and back-end debt-to-income ratios the way U.S. lenders do, see the current FHA/VA/conventional limits, and test how paying off a debt changes the result.","[""How to Calculate DTI (And Why 43% Isn't a Hard Cutoff Anymore)""]",en,[],"{""en"": ""https://worthcalc.win/en/how-to-calculate-dti/"", ""zh-TW"": ""https://worthcalc.win/zh/how-to-calculate-dti/"", ""x-default"": ""https://worthcalc.win/en/how-to-calculate-dti/""}",[],"[""https://worthcalc.win/"", ""https://worthcalc.win/de/how-to-calculate-dti/"", ""https://worthcalc.win/en/about/"", ""https://worthcalc.win/en/changelog/"", ""https://worthcalc.win/en/contact/"", ""https://worthcalc.win/en/disclaimer/"", ""https://worthcalc.win/en/guides/"", ""https://worthcalc.win/en/how-to-calculate-dti/"", ""https://worthcalc.win/en/money/"", ""https://worthcalc.win/en/privacy/"", ""https://worthcalc.win/en/terms/"", ""https://worthcalc.win/en/tools/"", ""https://worthcalc.win/en/tools/dti-calculator/"", ""https://worthcalc.win/en/topics/debt-credit/"", ""https://worthcalc.win/es/how-to-calculate-dti/"", ""https://worthcalc.win/fr/how-to-calculate-dti/"", ""https://worthcalc.win/zh/how-to-calculate-dti/""]",[],[],False,4,[]
https://worthcalc.win/en/is-an-extended-warranty-worth-it/,200,https://worthcalc.win/en/is-an-extended-warranty-worth-it/,https://worthcalc.win/en/is-an-extended-warranty-worth-it/,200,"index, follow, max-image-preview:large",,"Is an extended warranty worth it? Compare price, failure risk, and repair cost | WorthCalc","Calculate expected cost using your failure scenario, exclusions, claim approval, deductible, fees and payout cap without inventing a product failure rate.","[""Is an extended warranty worth it? Compare price, failure risk, and repair cost""]",en,[],"{""en"": ""https://worthcalc.win/en/is-an-extended-warranty-worth-it/"", ""zh-TW"": ""https://worthcalc.win/zh/is-an-extended-warranty-worth-it/"", ""x-default"": ""https://worthcalc.win/en/is-an-extended-warranty-worth-it/""}",[],"[""https://worthcalc.win/"", ""https://worthcalc.win/de/is-an-extended-warranty-worth-it/"", ""https://worthcalc.win/en/about/"", ""https://worthcalc.win/en/changelog/"", ""https://worthcalc.win/en/contact/"", ""https://worthcalc.win/en/disclaimer/"", ""https://worthcalc.win/en/guides/"", ""https://worthcalc.win/en/is-an-extended-warranty-worth-it/"", ""https://worthcalc.win/en/money/"", ""https://worthcalc.win/en/privacy/"", ""https://worthcalc.win/en/terms/"", ""https://worthcalc.win/en/tools/"", ""https://worthcalc.win/en/topics/everyday/"", ""https://worthcalc.win/es/is-an-extended-warranty-worth-it/"", ""https://worthcalc.win/fr/is-an-extended-warranty-worth-it/"", ""https://worthcalc.win/zh/is-an-extended-warranty-worth-it/""]",[],[],False,5,[]
https://worthcalc.win/en/is-costco-executive-membership-worth-it/,200,https://worthcalc.win/en/is-costco-executive-membership-worth-it/,https://worthcalc.win/en/is-costco-executive-membership-worth-it/,200,"index, follow, max-image-preview:large",,Is Costco Executive Membership Worth It? The Math for 2026,"The 2% reward, the $130 fee, the refund guarantee and the spend level where Executive wins. Numbers with sources, then a calculator.","[""Is Costco Executive Worth It? $3,250 Break-Even Math""]",en,[],"{""en"": ""https://worthcalc.win/en/is-costco-executive-membership-worth-it/"", ""zh-TW"": ""https://worthcalc.win/zh/is-costco-executive-membership-worth-it/"", ""x-default"": ""https://worthcalc.win/en/is-costco-executive-membership-worth-it/""}",[],"[""https://worthcalc.win/"", ""https://worthcalc.win/de/is-costco-executive-membership-worth-it/"", ""https://worthcalc.win/en/about/"", ""https://worthcalc.win/en/changelog/"", ""https://worthcalc.win/en/contact/"", ""https://worthcalc.win/en/disclaimer/"", ""https://worthcalc.win/en/guides/"", ""https://worthcalc.win/en/is-costco-executive-membership-worth-it/"", ""https://worthcalc.win/en/money/"", ""https://worthcalc.win/en/privacy/"", ""https://worthcalc.win/en/terms/"", ""https://worthcalc.win/en/tools/"", ""https://worthcalc.win/en/tools/costco-membership/"", ""https://worthcalc.win/en/topics/memberships/"", ""https://worthcalc.win/es/is-costco-executive-membership-worth-it/"", ""https://worthcalc.win/fr/is-costco-executive-membership-worth-it/"", ""https://worthcalc.win/zh/is-costco-executive-membership-worth-it/""]",[],[],False,5,[]
https://worthcalc.win/en/loan-term-monthly-payment-vs-total-interest/,200,https://worthcalc.win/en/loan-term-monthly-payment-vs-total-interest/,https://worthcalc.win/en/loan-term-monthly-payment-vs-total-interest/,200,"index,follow",,"Loan Term vs Monthly Payment & Total Interest: 36, 60, 84 Months | WorthCalc","Longer loan terms usually reduce the required monthly payment but can increase total interest and keep you in debt longer. Compare term, APR, finance charge, and total payments together.","[""Loan Term vs. Monthly Payment: Why a Lower Payment Can Cost More Overall""]",en,[],"{""en"": ""https://worthcalc.win/en/loan-term-monthly-payment-vs-total-interest/"", ""x-default"": ""https://worthcalc.win/en/loan-term-monthly-payment-vs-total-interest/""}",[],"[""https://worthcalc.win/"", ""https://worthcalc.win/en/about/"", ""https://worthcalc.win/en/apr-vs-apy/"", ""https://worthcalc.win/en/changelog/"", ""https://worthcalc.win/en/contact/"", ""https://worthcalc.win/en/disclaimer/"", ""https://worthcalc.win/en/guides/"", ""https://worthcalc.win/en/guides/amortization-schedule-explained/"", ""https://worthcalc.win/en/guides/car-down-payment-vs-liquidity/"", ""https://worthcalc.win/en/guides/fixed-vs-variable-rate/"", ""https://worthcalc.win/en/loan-term-monthly-payment-vs-total-interest/"", ""https://worthcalc.win/en/money/"", ""https://worthcalc.win/en/privacy/"", ""https://worthcalc.win/en/terms/"", ""https://worthcalc.win/en/tools/"", ""https://worthcalc.win/en/tools/car-affordability/"", ""https://worthcalc.win/en/tools/mortgage-payoff/"", ""https://worthcalc.win/en/topics/debt-credit/""]",[],[],False,3,[]
https://worthcalc.win/en/money/,200,https://worthcalc.win/en/money/,https://worthcalc.win/en/money/,200,"index, follow, max-image-preview:large",,Money briefs | WorthCalc,"Dated, sourced reference figures for everyday money decisions — 2026 interest rates, electricity prices, mileage rates, insurance and subscription costs — each with the arithmetic that turns the number into a decision.","[""Money briefs""]",en,[],"{""en"": ""https://worthcalc.win/en/money/"", ""zh-TW"": ""https://worthcalc.win/zh/money/"", ""x-default"": ""https://worthcalc.win/en/money/""}",[],"[""https://worthcalc.win/"", ""https://worthcalc.win/en/about/"", ""https://worthcalc.win/en/changelog/"", ""https://worthcalc.win/en/contact/"", ""https://worthcalc.win/en/disclaimer/"", ""https://worthcalc.win/en/guides/"", ""https://worthcalc.win/en/money/"", ""https://worthcalc.win/en/money/credit-card-apr-2026/"", ""https://worthcalc.win/en/money/electricity-price-per-kwh-2026/"", ""https://worthcalc.win/en/money/idle-cash-cost-2026/"", ""https://worthcalc.win/en/money/irs-mileage-rate-2026/"", ""https://worthcalc.win/en/money/mortgage-rate-2026-payment-impact/"", ""https://worthcalc.win/en/money/streaming-prices-2026/"", ""https://worthcalc.win/en/privacy/"", ""https://worthcalc.win/en/terms/"", ""https://worthcalc.win/en/tools/"", ""https://worthcalc.win/zh/money/""]",[],[],False,4,[]
https://worthcalc.win/en/money/credit-card-apr-2026/,200,https://worthcalc.win/en/money/credit-card-apr-2026/,https://worthcalc.win/en/money/credit-card-apr-2026/,200,"index, follow, max-image-preview:large",,Credit Card APRs Near 24% in 2026: What a Fixed Monthly Payment Really Costs | WorthCalc,"US credit card interest is running close to 24% on accounts that carry a balance in 2026. On a $6,000 balance, paying $150 a month instead of $250 costs 47 extra months and about $3,800 more in interest.","[""Credit Card APRs Near 24% in 2026: What a Fixed Monthly Payment Really Costs""]",en,[],"{""en"": ""https://worthcalc.win/en/money/credit-card-apr-2026/"", ""zh-TW"": ""https://worthcalc.win/zh/money/credit-card-apr-2026/"", ""x-default"": ""https://worthcalc.win/en/money/credit-card-apr-2026/""}",[],"[""https://worthcalc.win/"", ""https://worthcalc.win/en/about/"", ""https://worthcalc.win/en/changelog/"", ""https://worthcalc.win/en/contact/"", ""https://worthcalc.win/en/credit-card-minimum-payment-trap/"", ""https://worthcalc.win/en/disclaimer/"", ""https://worthcalc.win/en/guides/"", ""https://worthcalc.win/en/money/"", ""https://worthcalc.win/en/money/credit-card-apr-2026/"", ""https://worthcalc.win/en/money/idle-cash-cost-2026/"", ""https://worthcalc.win/en/privacy/"", ""https://worthcalc.win/en/terms/"", ""https://worthcalc.win/en/tools/"", ""https://worthcalc.win/en/tools/credit-card-payoff/"", ""https://worthcalc.win/en/topics/debt-credit/"", ""https://worthcalc.win/zh/money/credit-card-apr-2026/""]",[],[],False,6,[]
https://worthcalc.win/en/money/electricity-price-per-kwh-2026/,200,https://worthcalc.win/en/money/electricity-price-per-kwh-2026/,https://worthcalc.win/en/money/electricity-price-per-kwh-2026/,200,"index, follow, max-image-preview:large",,US Electricity Is About 18.3¢ per kWh in 2026 — What That Does to an Appliance Bill | WorthCalc,"The US residential average is roughly 18.3 cents per kilowatt-hour in September 2026, up about 5% year on year. Here is how to turn that into the running cost of a specific appliance.","[""US Electricity Is About 18.3¢ per kWh in 2026 — What That Does to an Appliance Bill""]",en,[],"{""en"": ""https://worthcalc.win/en/money/electricity-price-per-kwh-2026/"", ""zh-TW"": ""https://worthcalc.win/zh/money/electricity-price-per-kwh-2026/"", ""x-default"": ""https://worthcalc.win/en/money/electricity-price-per-kwh-2026/""}",[],"[""https://worthcalc.win/"", ""https://worthcalc.win/en/about/"", ""https://worthcalc.win/en/changelog/"", ""https://worthcalc.win/en/contact/"", ""https://worthcalc.win/en/disclaimer/"", ""https://worthcalc.win/en/energy-efficient-appliance-payback/"", ""https://worthcalc.win/en/guides/"", ""https://worthcalc.win/en/money/"", ""https://worthcalc.win/en/money/electricity-price-per-kwh-2026/"", ""https://worthcalc.win/en/privacy/"", ""https://worthcalc.win/en/terms/"", ""https://worthcalc.win/en/tools/"", ""https://worthcalc.win/en/tools/appliance-running-cost/"", ""https://worthcalc.win/en/topics/everyday/"", ""https://worthcalc.win/zh/money/electricity-price-per-kwh-2026/""]",[],[],False,6,[]
https://worthcalc.win/en/money/idle-cash-cost-2026/,200,https://worthcalc.win/en/money/idle-cash-cost-2026/,https://worthcalc.win/en/money/idle-cash-cost-2026/,200,"index, follow, max-image-preview:large",,"Savings Rates in 2026: What Leaving $25,000 in the Wrong Account Costs a Year | WorthCalc","Top high-yield savings accounts pay around 4.2% in September 2026 while the national average sits near 0.38%. On $25,000 that gap is about $958 a year, for the same money, the same access and the same insurance.","[""Savings Rates in 2026: What Leaving $25,000 in the Wrong Account Costs a Year""]",en,[],"{""en"": ""https://worthcalc.win/en/money/idle-cash-cost-2026/"", ""zh-TW"": ""https://worthcalc.win/zh/money/idle-cash-cost-2026/"", ""x-default"": ""https://worthcalc.win/en/money/idle-cash-cost-2026/""}",[],"[""https://worthcalc.win/"", ""https://worthcalc.win/en/about/"", ""https://worthcalc.win/en/changelog/"", ""https://worthcalc.win/en/contact/"", ""https://worthcalc.win/en/disclaimer/"", ""https://worthcalc.win/en/guides/"", ""https://worthcalc.win/en/how-compound-growth-works/"", ""https://worthcalc.win/en/money/"", ""https://worthcalc.win/en/money/credit-card-apr-2026/"", ""https://worthcalc.win/en/money/idle-cash-cost-2026/"", ""https://worthcalc.win/en/privacy/"", ""https://worthcalc.win/en/terms/"", ""https://worthcalc.win/en/tools/"", ""https://worthcalc.win/en/tools/compound-growth/"", ""https://worthcalc.win/en/topics/everyday/"", ""https://worthcalc.win/zh/money/idle-cash-cost-2026/""]",[],[],False,6,[]
https://worthcalc.win/en/money/irs-mileage-rate-2026/,200,https://worthcalc.win/en/money/irs-mileage-rate-2026/,https://worthcalc.win/en/money/irs-mileage-rate-2026/,200,"index, follow, max-image-preview:large",,The 2026 IRS Mileage Rate Changed Mid-Year: 72.5¢ Then 76¢ | WorthCalc,"The IRS business standard mileage rate for 2026 is 72.5 cents per mile through 30 June and 76 cents from 1 July. Two rates in one tax year changes how you log, reimburse and compare driving costs.","[""The 2026 IRS Mileage Rate Changed Mid-Year: 72.5¢ Then 76¢""]",en,[],"{""en"": ""https://worthcalc.win/en/money/irs-mileage-rate-2026/"", ""zh-TW"": ""https://worthcalc.win/zh/money/irs-mileage-rate-2026/"", ""x-default"": ""https://worthcalc.win/en/money/irs-mileage-rate-2026/""}",[],"[""https://worthcalc.win/"", ""https://worthcalc.win/en/about/"", ""https://worthcalc.win/en/changelog/"", ""https://worthcalc.win/en/contact/"", ""https://worthcalc.win/en/disclaimer/"", ""https://worthcalc.win/en/full-commute-cost-including-time/"", ""https://worthcalc.win/en/guides/"", ""https://worthcalc.win/en/money/"", ""https://worthcalc.win/en/money/electricity-price-per-kwh-2026/"", ""https://worthcalc.win/en/money/irs-mileage-rate-2026/"", ""https://worthcalc.win/en/privacy/"", ""https://worthcalc.win/en/terms/"", ""https://worthcalc.win/en/tools/"", ""https://worthcalc.win/en/tools/cost-per-mile/"", ""https://worthcalc.win/en/topics/transportation/"", ""https://worthcalc.win/zh/money/irs-mileage-rate-2026/""]",[],[],False,6,[]
https://worthcalc.win/en/money/mortgage-rate-2026-payment-impact/,200,https://worthcalc.win/en/money/mortgage-rate-2026-payment-impact/,https://worthcalc.win/en/money/mortgage-rate-2026-payment-impact/,200,"index, follow, max-image-preview:large",,30-Year Mortgage Rates Hit 6.95% in September 2026: What Each Move Costs per Month | WorthCalc,"Freddie Mac's 30-year fixed average reached 6.95% in mid-September 2026, up from 6.76% a week earlier. On a $400,000 loan that week cost $50.74 a month, and a full point costs $262.","[""30-Year Mortgage Rates Hit 6.95% in September 2026: What Each Move Costs per Month""]",en,[],"{""en"": ""https://worthcalc.win/en/money/mortgage-rate-2026-payment-impact/"", ""zh-TW"": ""https://worthcalc.win/zh/money/mortgage-rate-2026-payment-impact/"", ""x-default"": ""https://worthcalc.win/en/money/mortgage-rate-2026-payment-impact/""}",[],"[""https://worthcalc.win/"", ""https://worthcalc.win/en/about/"", ""https://worthcalc.win/en/changelog/"", ""https://worthcalc.win/en/contact/"", ""https://worthcalc.win/en/disclaimer/"", ""https://worthcalc.win/en/guides/"", ""https://worthcalc.win/en/money/"", ""https://worthcalc.win/en/money/mortgage-rate-2026-payment-impact/"", ""https://worthcalc.win/en/privacy/"", ""https://worthcalc.win/en/rent-vs-buy-breakeven-year/"", ""https://worthcalc.win/en/terms/"", ""https://worthcalc.win/en/tools/"", ""https://worthcalc.win/en/tools/mortgage-payoff/"", ""https://worthcalc.win/en/topics/housing/"", ""https://worthcalc.win/zh/money/mortgage-rate-2026-payment-impact/""]",[],[],False,6,[]
https://worthcalc.win/en/money/streaming-prices-2026/,200,https://worthcalc.win/en/money/streaming-prices-2026/,https://worthcalc.win/en/money/streaming-prices-2026/,200,"index, follow, max-image-preview:large",,Eight Streaming Services Now Cost About $139 a Month: The 2026 Audit | WorthCalc,"Subscribing to eight major ad-free streaming services costs roughly $139 a month in September 2026 — about $1,673 a year. Cost per hour watched, not the monthly price, is what tells you which ones to cut.","[""Eight Streaming Services Now Cost About $139 a Month: The 2026 Audit""]",en,[],"{""en"": ""https://worthcalc.win/en/money/streaming-prices-2026/"", ""zh-TW"": ""https://worthcalc.win/zh/money/streaming-prices-2026/"", ""x-default"": ""https://worthcalc.win/en/money/streaming-prices-2026/""}",[],"[""https://worthcalc.win/"", ""https://worthcalc.win/en/about/"", ""https://worthcalc.win/en/changelog/"", ""https://worthcalc.win/en/contact/"", ""https://worthcalc.win/en/disclaimer/"", ""https://worthcalc.win/en/guides/"", ""https://worthcalc.win/en/money/"", ""https://worthcalc.win/en/money/idle-cash-cost-2026/"", ""https://worthcalc.win/en/money/streaming-prices-2026/"", ""https://worthcalc.win/en/privacy/"", ""https://worthcalc.win/en/subscription-creep/"", ""https://worthcalc.win/en/terms/"", ""https://worthcalc.win/en/tools/"", ""https://worthcalc.win/en/tools/subscription-audit/"", ""https://worthcalc.win/en/topics/memberships/"", ""https://worthcalc.win/zh/money/streaming-prices-2026/""]",[],[],False,6,[]
https://worthcalc.win/en/monthly-vs-annual-subscription/,200,https://worthcalc.win/en/monthly-vs-annual-subscription/,https://worthcalc.win/en/monthly-vs-annual-subscription/,200,"index, follow, max-image-preview:large",,Monthly or Annual Billing: Which Is Cheaper? Calculator (2026),The annual discount versus the cost of paying upfront and the risk of not using it. Enter the two prices and see the real saving.,"[""Monthly vs annual subscription: when does annual billing save money?""]",en,[],"{""en"": ""https://worthcalc.win/en/monthly-vs-annual-subscription/"", ""zh-TW"": ""https://worthcalc.win/zh/monthly-vs-annual-subscription/"", ""x-default"": ""https://worthcalc.win/en/monthly-vs-annual-subscription/""}",[],"[""https://worthcalc.win/"", ""https://worthcalc.win/de/monthly-vs-annual-subscription/"", ""https://worthcalc.win/en/about/"", ""https://worthcalc.win/en/changelog/"", ""https://worthcalc.win/en/contact/"", ""https://worthcalc.win/en/disclaimer/"", ""https://worthcalc.win/en/guides/"", ""https://worthcalc.win/en/money/"", ""https://worthcalc.win/en/monthly-vs-annual-subscription/"", ""https://worthcalc.win/en/privacy/"", ""https://worthcalc.win/en/terms/"", ""https://worthcalc.win/en/tools/"", ""https://worthcalc.win/en/tools/subscription-audit/"", ""https://worthcalc.win/en/topics/memberships/"", ""https://worthcalc.win/es/monthly-vs-annual-subscription/"", ""https://worthcalc.win/fr/monthly-vs-annual-subscription/"", ""https://worthcalc.win/zh/monthly-vs-annual-subscription/""]",[],[],False,5,[]
https://worthcalc.win/en/net-worth-vs-liquid-net-worth/,200,https://worthcalc.win/en/net-worth-vs-liquid-net-worth/,https://worthcalc.win/en/net-worth-vs-liquid-net-worth/,200,"index,follow",,"Net Worth vs Liquid Net Worth: Assets, Liquidity & Worked Example | WorthCalc",Net worth measures assets minus liabilities. Liquid net worth asks how much of that value can become usable cash quickly. Learn a transparent way to track both without double-counting.,"[""Net Worth vs. Liquid Net Worth: Why a High Net Worth Can Still Feel Cash-Poor""]",en,[],"{""en"": ""https://worthcalc.win/en/net-worth-vs-liquid-net-worth/"", ""x-default"": ""https://worthcalc.win/en/net-worth-vs-liquid-net-worth/""}",[],"[""https://worthcalc.win/"", ""https://worthcalc.win/en/about/"", ""https://worthcalc.win/en/changelog/"", ""https://worthcalc.win/en/contact/"", ""https://worthcalc.win/en/disclaimer/"", ""https://worthcalc.win/en/emergency-fund-irregular-income/"", ""https://worthcalc.win/en/guides/"", ""https://worthcalc.win/en/guides/personal-liquidity-ratio/"", ""https://worthcalc.win/en/money/"", ""https://worthcalc.win/en/net-worth-vs-liquid-net-worth/"", ""https://worthcalc.win/en/privacy/"", ""https://worthcalc.win/en/savings-rate-gross-vs-net/"", ""https://worthcalc.win/en/terms/"", ""https://worthcalc.win/en/tools/"", ""https://worthcalc.win/en/tools/budget-builder/"", ""https://worthcalc.win/en/topics/income-savings/""]",[],[],False,3,[]
https://worthcalc.win/en/new-vs-used-car-total-cost/,200,https://worthcalc.win/en/new-vs-used-car-total-cost/,https://worthcalc.win/en/new-vs-used-car-total-cost/,200,"index, follow, max-image-preview:large",,"New vs used car: compare depreciation, repairs, financing, and resale | WorthCalc","Compare new and used car total cost over the same holding period, including fees, loan interest, repair risk, resale value and remaining balance at sale.","[""New vs used car: compare depreciation, repairs, financing, and resale""]",en,[],"{""en"": ""https://worthcalc.win/en/new-vs-used-car-total-cost/"", ""zh-TW"": ""https://worthcalc.win/zh/new-vs-used-car-total-cost/"", ""x-default"": ""https://worthcalc.win/en/new-vs-used-car-total-cost/""}",[],"[""https://worthcalc.win/"", ""https://worthcalc.win/de/new-vs-used-car-total-cost/"", ""https://worthcalc.win/en/about/"", ""https://worthcalc.win/en/changelog/"", ""https://worthcalc.win/en/contact/"", ""https://worthcalc.win/en/disclaimer/"", ""https://worthcalc.win/en/ev-vs-gas-total-cost/"", ""https://worthcalc.win/en/guides/"", ""https://worthcalc.win/en/money/"", ""https://worthcalc.win/en/new-vs-used-car-total-cost/"", ""https://worthcalc.win/en/privacy/"", ""https://worthcalc.win/en/terms/"", ""https://worthcalc.win/en/tools/"", ""https://worthcalc.win/en/topics/transportation/"", ""https://worthcalc.win/es/new-vs-used-car-total-cost/"", ""https://worthcalc.win/fr/new-vs-used-car-total-cost/"", ""https://worthcalc.win/zh/new-vs-used-car-total-cost/""]",[],[],False,5,[]
https://worthcalc.win/en/paid-membership-break-even/,200,https://worthcalc.win/en/paid-membership-break-even/,https://worthcalc.win/en/paid-membership-break-even/,200,"index, follow, max-image-preview:large",,How to calculate whether a paid membership is worth it | WorthCalc,"Calculate membership break-even uses from the net fee, eligible savings, reward caps, extra costs, and uncertain future use.","[""How to calculate whether a paid membership is worth it""]",en,[],"{""en"": ""https://worthcalc.win/en/paid-membership-break-even/"", ""zh-TW"": ""https://worthcalc.win/zh/paid-membership-break-even/"", ""x-default"": ""https://worthcalc.win/en/paid-membership-break-even/""}",[],"[""https://worthcalc.win/"", ""https://worthcalc.win/de/paid-membership-break-even/"", ""https://worthcalc.win/en/about/"", ""https://worthcalc.win/en/changelog/"", ""https://worthcalc.win/en/contact/"", ""https://worthcalc.win/en/disclaimer/"", ""https://worthcalc.win/en/guides/"", ""https://worthcalc.win/en/money/"", ""https://worthcalc.win/en/paid-membership-break-even/"", ""https://worthcalc.win/en/privacy/"", ""https://worthcalc.win/en/terms/"", ""https://worthcalc.win/en/tools/"", ""https://worthcalc.win/en/tools/costco-membership/"", ""https://worthcalc.win/en/topics/memberships/"", ""https://worthcalc.win/es/paid-membership-break-even/"", ""https://worthcalc.win/fr/paid-membership-break-even/"", ""https://worthcalc.win/zh/paid-membership-break-even/""]",[],[],False,5,[]
https://worthcalc.win/en/pay-raise-vs-inflation-purchasing-power/,200,https://worthcalc.win/en/pay-raise-vs-inflation-purchasing-power/,https://worthcalc.win/en/pay-raise-vs-inflation-purchasing-power/,200,"index, follow, max-image-preview:large",,Did Your Raise Beat Inflation? Real Purchasing Power Calculator (2026),Enter your raise and the inflation rate to see whether your real income went up or down.,"[""Pay raise vs inflation: did purchasing power increase?""]",en,[],"{""en"": ""https://worthcalc.win/en/pay-raise-vs-inflation-purchasing-power/"", ""zh-TW"": ""https://worthcalc.win/zh/pay-raise-vs-inflation-purchasing-power/"", ""x-default"": ""https://worthcalc.win/en/pay-raise-vs-inflation-purchasing-power/""}",[],"[""https://worthcalc.win/"", ""https://worthcalc.win/de/pay-raise-vs-inflation-purchasing-power/"", ""https://worthcalc.win/en/about/"", ""https://worthcalc.win/en/changelog/"", ""https://worthcalc.win/en/contact/"", ""https://worthcalc.win/en/disclaimer/"", ""https://worthcalc.win/en/guides/"", ""https://worthcalc.win/en/money/"", ""https://worthcalc.win/en/pay-raise-vs-inflation-purchasing-power/"", ""https://worthcalc.win/en/privacy/"", ""https://worthcalc.win/en/terms/"", ""https://worthcalc.win/en/tools/"", ""https://worthcalc.win/en/topics/income-savings/"", ""https://worthcalc.win/es/pay-raise-vs-inflation-purchasing-power/"", ""https://worthcalc.win/fr/pay-raise-vs-inflation-purchasing-power/"", ""https://worthcalc.win/zh/pay-raise-vs-inflation-purchasing-power/""]",[],[],False,5,[]
https://worthcalc.win/en/privacy/,200,https://worthcalc.win/en/privacy/,https://worthcalc.win/en/privacy/,200,"index, follow, max-image-preview:large",,Privacy Policy | WorthCalc,"How WorthCalc handles your data: all calculators run client-side, plus details on Google AdSense and analytics cookies.","[""Privacy Policy""]",en,[],"{""en"": ""https://worthcalc.win/en/privacy/"", ""zh-TW"": ""https://worthcalc.win/zh/privacy/"", ""x-default"": ""https://worthcalc.win/en/privacy/""}",[],"[""https://worthcalc.win/"", ""https://worthcalc.win/cdn-cgi/l/email-protection"", ""https://worthcalc.win/de/privacy/"", ""https://worthcalc.win/en/about/"", ""https://worthcalc.win/en/changelog/"", ""https://worthcalc.win/en/contact/"", ""https://worthcalc.win/en/disclaimer/"", ""https://worthcalc.win/en/guides/"", ""https://worthcalc.win/en/money/"", ""https://worthcalc.win/en/privacy/"", ""https://worthcalc.win/en/terms/"", ""https://worthcalc.win/en/tools/"", ""https://worthcalc.win/es/privacy/"", ""https://worthcalc.win/fr/privacy/"", ""https://worthcalc.win/zh/privacy/""]","[""https://worthcalc.win/cdn-cgi/l/email-protection""]",[],False,4,[]
https://worthcalc.win/en/rent-vs-buy-breakeven-year/,200,https://worthcalc.win/en/rent-vs-buy-breakeven-year/,https://worthcalc.win/en/rent-vs-buy-breakeven-year/,200,"index, follow, max-image-preview:large",,How long do you need to stay before buying can beat renting? | WorthCalc,"Find the first rent-vs-buy break-even year after mortgage balance, closing and selling costs, maintenance, rent growth, appreciation and opportunity cost.","[""How long do you need to stay before buying can beat renting?""]",en,[],"{""en"": ""https://worthcalc.win/en/rent-vs-buy-breakeven-year/"", ""zh-TW"": ""https://worthcalc.win/zh/rent-vs-buy-breakeven-year/"", ""x-default"": ""https://worthcalc.win/en/rent-vs-buy-breakeven-year/""}",[],"[""https://worthcalc.win/"", ""https://worthcalc.win/de/rent-vs-buy-breakeven-year/"", ""https://worthcalc.win/en/about/"", ""https://worthcalc.win/en/changelog/"", ""https://worthcalc.win/en/contact/"", ""https://worthcalc.win/en/disclaimer/"", ""https://worthcalc.win/en/guides/"", ""https://worthcalc.win/en/money/"", ""https://worthcalc.win/en/privacy/"", ""https://worthcalc.win/en/rent-vs-buy-breakeven-year/"", ""https://worthcalc.win/en/terms/"", ""https://worthcalc.win/en/tools/"", ""https://worthcalc.win/en/tools/rent-vs-buy/"", ""https://worthcalc.win/en/topics/housing/"", ""https://worthcalc.win/es/rent-vs-buy-breakeven-year/"", ""https://worthcalc.win/fr/rent-vs-buy-breakeven-year/"", ""https://worthcalc.win/zh/rent-vs-buy-breakeven-year/""]",[],[],False,5,[]
https://worthcalc.win/en/rent-vs-buy-guide/,200,https://worthcalc.win/en/rent-vs-buy-guide/,https://worthcalc.win/en/rent-vs-buy-guide/,200,"index, follow, max-image-preview:large",,"Rent vs Buy: How to Decide With Numbers, Not Feelings (2026)","The costs people forget on both sides, the break-even logic and a calculator to run your own case.","[""Rent vs Buy: The Assumptions That Actually Change the Answer""]",en,[],"{""en"": ""https://worthcalc.win/en/rent-vs-buy-guide/"", ""zh-TW"": ""https://worthcalc.win/zh/rent-vs-buy-guide/"", ""x-default"": ""https://worthcalc.win/en/rent-vs-buy-guide/""}",[],"[""https://worthcalc.win/"", ""https://worthcalc.win/de/rent-vs-buy-guide/"", ""https://worthcalc.win/en/about/"", ""https://worthcalc.win/en/changelog/"", ""https://worthcalc.win/en/contact/"", ""https://worthcalc.win/en/disclaimer/"", ""https://worthcalc.win/en/guides/"", ""https://worthcalc.win/en/money/"", ""https://worthcalc.win/en/privacy/"", ""https://worthcalc.win/en/rent-vs-buy-guide/"", ""https://worthcalc.win/en/terms/"", ""https://worthcalc.win/en/tools/"", ""https://worthcalc.win/en/tools/commute-cost/"", ""https://worthcalc.win/en/tools/rent-vs-buy/"", ""https://worthcalc.win/en/topics/housing/"", ""https://worthcalc.win/es/rent-vs-buy-guide/"", ""https://worthcalc.win/fr/rent-vs-buy-guide/"", ""https://worthcalc.win/zh/rent-vs-buy-guide/""]",[],[],False,5,[]
https://worthcalc.win/en/repair-or-replace-decision-formula/,200,https://worthcalc.win/en/repair-or-replace-decision-formula/,https://worthcalc.win/en/repair-or-replace-decision-formula/,200,"index, follow, max-image-preview:large",,"Repair or replace: a practical decision formula for appliances, phones, and cars | WorthCalc","Compare a repair quote with expected remaining life, recurrence risk, energy difference and net replacement cost without relying on a universal percentage rule.","[""Repair or replace: a practical decision formula for appliances, phones, and cars""]",en,[],"{""en"": ""https://worthcalc.win/en/repair-or-replace-decision-formula/"", ""zh-TW"": ""https://worthcalc.win/zh/repair-or-replace-decision-formula/"", ""x-default"": ""https://worthcalc.win/en/repair-or-replace-decision-formula/""}",[],"[""https://worthcalc.win/"", ""https://worthcalc.win/de/repair-or-replace-decision-formula/"", ""https://worthcalc.win/en/about/"", ""https://worthcalc.win/en/changelog/"", ""https://worthcalc.win/en/contact/"", ""https://worthcalc.win/en/disclaimer/"", ""https://worthcalc.win/en/guides/"", ""https://worthcalc.win/en/money/"", ""https://worthcalc.win/en/privacy/"", ""https://worthcalc.win/en/repair-or-replace-decision-formula/"", ""https://worthcalc.win/en/terms/"", ""https://worthcalc.win/en/tools/"", ""https://worthcalc.win/en/topics/everyday/"", ""https://worthcalc.win/es/repair-or-replace-decision-formula/"", ""https://worthcalc.win/fr/repair-or-replace-decision-formula/"", ""https://worthcalc.win/zh/repair-or-replace-decision-formula/""]",[],[],False,5,[]
https://worthcalc.win/en/savings-rate-gross-vs-net/,200,https://worthcalc.win/en/savings-rate-gross-vs-net/,https://worthcalc.win/en/savings-rate-gross-vs-net/,200,"index,follow",,Savings Rate: Gross vs Net Income & What Counts as Saving | WorthCalc,"Your savings rate depends on the denominator and on what you count as saving. Compare gross-income, take-home, cash-savings, retirement, and debt-principal methods transparently.","[""Savings Rate: Gross vs. Net Income, Retirement Contributions, and Debt Principal""]",en,[],"{""en"": ""https://worthcalc.win/en/savings-rate-gross-vs-net/"", ""x-default"": ""https://worthcalc.win/en/savings-rate-gross-vs-net/""}",[],"[""https://worthcalc.win/"", ""https://worthcalc.win/en/about/"", ""https://worthcalc.win/en/changelog/"", ""https://worthcalc.win/en/contact/"", ""https://worthcalc.win/en/disclaimer/"", ""https://worthcalc.win/en/guides/"", ""https://worthcalc.win/en/money/"", ""https://worthcalc.win/en/net-worth-vs-liquid-net-worth/"", ""https://worthcalc.win/en/privacy/"", ""https://worthcalc.win/en/savings-rate-gross-vs-net/"", ""https://worthcalc.win/en/terms/"", ""https://worthcalc.win/en/tools/"", ""https://worthcalc.win/en/tools/budget-builder/"", ""https://worthcalc.win/en/tools/compound-growth/"", ""https://worthcalc.win/en/topics/income-savings/""]",[],[],False,3,[]
https://worthcalc.win/en/snowball-vs-avalanche/,200,https://worthcalc.win/en/snowball-vs-avalanche/,https://worthcalc.win/en/snowball-vs-avalanche/,200,"index, follow, max-image-preview:large",,Debt Snowball vs. Avalanche: What the Math (and the Research) Actually Show | WorthCalc,"Compare payoff order, total interest, and debt-free date for the snowball and avalanche methods, including what behavioral research says about which one people actually finish.","[""Debt Snowball vs. Avalanche: What the Math (and the Research) Actually Show""]",en,[],"{""en"": ""https://worthcalc.win/en/snowball-vs-avalanche/"", ""zh-TW"": ""https://worthcalc.win/zh/snowball-vs-avalanche/"", ""x-default"": ""https://worthcalc.win/en/snowball-vs-avalanche/""}",[],"[""https://worthcalc.win/"", ""https://worthcalc.win/de/snowball-vs-avalanche/"", ""https://worthcalc.win/en/about/"", ""https://worthcalc.win/en/changelog/"", ""https://worthcalc.win/en/contact/"", ""https://worthcalc.win/en/disclaimer/"", ""https://worthcalc.win/en/guides/"", ""https://worthcalc.win/en/money/"", ""https://worthcalc.win/en/privacy/"", ""https://worthcalc.win/en/snowball-vs-avalanche/"", ""https://worthcalc.win/en/terms/"", ""https://worthcalc.win/en/tools/"", ""https://worthcalc.win/en/tools/debt-strategy/"", ""https://worthcalc.win/en/topics/debt-credit/"", ""https://worthcalc.win/es/snowball-vs-avalanche/"", ""https://worthcalc.win/fr/snowball-vs-avalanche/"", ""https://worthcalc.win/zh/snowball-vs-avalanche/""]",[],[],False,4,[]
https://worthcalc.win/en/subscription-creep/,200,https://worthcalc.win/en/subscription-creep/,https://worthcalc.win/en/subscription-creep/,200,"index, follow, max-image-preview:large",,Subscription Creep: How Small Charges Add Up and How to Stop It (2026),"Why recurring costs grow unnoticed, what a yearly audit finds, and a calculator to total yours.","[""Subscription Creep: How Much Are You Really Paying?""]",en,[],"{""en"": ""https://worthcalc.win/en/subscription-creep/"", ""zh-TW"": ""https://worthcalc.win/zh/subscription-creep/"", ""x-default"": ""https://worthcalc.win/en/subscription-creep/""}",[],"[""https://worthcalc.win/"", ""https://worthcalc.win/de/subscription-creep/"", ""https://worthcalc.win/en/about/"", ""https://worthcalc.win/en/changelog/"", ""https://worthcalc.win/en/contact/"", ""https://worthcalc.win/en/disclaimer/"", ""https://worthcalc.win/en/guides/"", ""https://worthcalc.win/en/money/"", ""https://worthcalc.win/en/privacy/"", ""https://worthcalc.win/en/subscription-creep/"", ""https://worthcalc.win/en/terms/"", ""https://worthcalc.win/en/tools/"", ""https://worthcalc.win/en/tools/latte-factor/"", ""https://worthcalc.win/en/tools/subscription-audit/"", ""https://worthcalc.win/en/topics/memberships/"", ""https://worthcalc.win/en/zero-interest-installments-truth/"", ""https://worthcalc.win/es/subscription-creep/"", ""https://worthcalc.win/fr/subscription-creep/"", ""https://worthcalc.win/zh/subscription-creep/""]",[],[],False,5,[]
https://worthcalc.win/en/terms/,200,https://worthcalc.win/en/terms/,https://worthcalc.win/en/terms/,200,"index, follow, max-image-preview:large",,Terms of Use | WorthCalc,The terms that apply to using WorthCalc's free browser-based money calculators.,"[""Terms of Use""]",en,[],"{""en"": ""https://worthcalc.win/en/terms/"", ""zh-TW"": ""https://worthcalc.win/zh/terms/"", ""x-default"": ""https://worthcalc.win/en/terms/""}",[],"[""https://worthcalc.win/"", ""https://worthcalc.win/cdn-cgi/l/email-protection"", ""https://worthcalc.win/de/terms/"", ""https://worthcalc.win/en/about/"", ""https://worthcalc.win/en/changelog/"", ""https://worthcalc.win/en/contact/"", ""https://worthcalc.win/en/disclaimer/"", ""https://worthcalc.win/en/guides/"", ""https://worthcalc.win/en/money/"", ""https://worthcalc.win/en/privacy/"", ""https://worthcalc.win/en/terms/"", ""https://worthcalc.win/en/tools/"", ""https://worthcalc.win/es/terms/"", ""https://worthcalc.win/fr/terms/"", ""https://worthcalc.win/zh/terms/""]","[""https://worthcalc.win/cdn-cgi/l/email-protection""]",[],False,4,[]
https://worthcalc.win/en/tools/,200,https://worthcalc.win/en/tools/,https://worthcalc.win/en/tools/,200,"index, follow, max-image-preview:large",,All calculators | WorthCalc,"Every WorthCalc calculator, grouped by the decision it answers: housing, debt and credit, transportation, everyday break-evens, memberships, and income and savings.","[""All calculators""]",en,[],"{""en"": ""https://worthcalc.win/en/tools/"", ""zh-TW"": ""https://worthcalc.win/zh/tools/"", ""x-default"": ""https://worthcalc.win/en/tools/""}",[],"[""https://worthcalc.win/"", ""https://worthcalc.win/de/tools/"", ""https://worthcalc.win/en/about/"", ""https://worthcalc.win/en/changelog/"", ""https://worthcalc.win/en/contact/"", ""https://worthcalc.win/en/disclaimer/"", ""https://worthcalc.win/en/guides/"", ""https://worthcalc.win/en/money/"", ""https://worthcalc.win/en/privacy/"", ""https://worthcalc.win/en/terms/"", ""https://worthcalc.win/en/tools/"", ""https://worthcalc.win/en/tools/appliance-running-cost/"", ""https://worthcalc.win/en/tools/budget-builder/"", ""https://worthcalc.win/en/tools/car-affordability/"", ""https://worthcalc.win/en/tools/cashback-breakeven/"", ""https://worthcalc.win/en/tools/commute-cost/"", ""https://worthcalc.win/en/tools/compound-growth/"", ""https://worthcalc.win/en/tools/cost-per-mile/"", ""https://worthcalc.win/en/tools/costco-membership/"", ""https://worthcalc.win/en/tools/credit-card-payoff/"", ""https://worthcalc.win/en/tools/debt-strategy/"", ""https://worthcalc.win/en/tools/dti-calculator/"", ""https://worthcalc.win/en/tools/ev-vs-gas/"", ""https://worthcalc.win/en/tools/home-affordability/"", ""https://worthcalc.win/en/tools/installment-true-apr/"", ""https://worthcalc.win/en/tools/latte-factor/"", ""https://worthcalc.win/en/tools/mortgage-payoff/"", ""https://worthcalc.win/en/tools/rent-vs-buy/"", ""https://worthcalc.win/en/tools/salary-converter/"", ""https://worthcalc.win/en/tools/subscription-audit/"", ""https://worthcalc.win/en/topics/debt-credit/"", ""https://worthcalc.win/en/topics/everyday/"", ""https://worthcalc.win/en/topics/housing/"", ""https://worthcalc.win/en/topics/income-savings/"", ""https://worthcalc.win/en/topics/memberships/"", ""https://worthcalc.win/en/topics/transportation/"", ""https://worthcalc.win/es/tools/"", ""https://worthcalc.win/fr/tools/"", ""https://worthcalc.win/zh/tools/""]",[],[],False,4,[]
https://worthcalc.win/en/tools/appliance-running-cost/,200,https://worthcalc.win/en/tools/appliance-running-cost/,https://worthcalc.win/en/tools/appliance-running-cost/,200,"index, follow, max-image-preview:large",,"How Much Does It Cost to Run an Appliance? Per Hour, Day, Month Calculator (2026)","Pick an appliance to load its typical wattage, enter your electricity rate and hours, and see the cost per hour, day, month and year. 40+ appliances with sources.","[""How Much Does Each Appliance Cost to Run?""]",en,[],"{""en"": ""https://worthcalc.win/en/tools/appliance-running-cost/"", ""x-default"": ""https://worthcalc.win/en/tools/appliance-running-cost/""}",[],"[""https://worthcalc.win/"", ""https://worthcalc.win/en/about/"", ""https://worthcalc.win/en/changelog/"", ""https://worthcalc.win/en/contact/"", ""https://worthcalc.win/en/disclaimer/"", ""https://worthcalc.win/en/guides/"", ""https://worthcalc.win/en/guides/electricity-cost-per-kwh-used/"", ""https://worthcalc.win/en/home-vs-public-ev-charging-cost/"", ""https://worthcalc.win/en/money/"", ""https://worthcalc.win/en/privacy/"", ""https://worthcalc.win/en/terms/"", ""https://worthcalc.win/en/tools/"", ""https://worthcalc.win/en/tools/appliance-running-cost/"", ""https://worthcalc.win/en/tools/cost-per-mile/"", ""https://worthcalc.win/en/topics/everyday/""]",[],[],False,5,[]
https://worthcalc.win/en/tools/budget-builder/,200,https://worthcalc.win/en/tools/budget-builder/,https://worthcalc.win/en/tools/budget-builder/,200,"index, follow, max-image-preview:large",,Build a Monthly Budget That Actually Balances: Calculator (2026),"Enter income and expense categories to see what is left, the savings rate and where the money goes.","[""Personal Monthly Budget Builder""]",en,[],"{""en"": ""https://worthcalc.win/en/tools/budget-builder/"", ""zh-TW"": ""https://worthcalc.win/zh/tools/budget-builder/"", ""x-default"": ""https://worthcalc.win/en/tools/budget-builder/""}",[],"[""https://worthcalc.win/"", ""https://worthcalc.win/de/tools/budget-builder/"", ""https://worthcalc.win/en/about/"", ""https://worthcalc.win/en/budget-with-irregular-income/"", ""https://worthcalc.win/en/changelog/"", ""https://worthcalc.win/en/contact/"", ""https://worthcalc.win/en/disclaimer/"", ""https://worthcalc.win/en/emergency-fund-irregular-income/"", ""https://worthcalc.win/en/guides/"", ""https://worthcalc.win/en/guides/annual-bills-monthly-equivalent/"", ""https://worthcalc.win/en/guides/benefits-replacement-cost-vs-salary/"", ""https://worthcalc.win/en/guides/bonus-volatility-fixed-cost-capacity/"", ""https://worthcalc.win/en/guides/childcare-return-to-work-break-even/"", ""https://worthcalc.win/en/money/"", ""https://worthcalc.win/en/privacy/"", ""https://worthcalc.win/en/savings-rate-gross-vs-net/"", ""https://worthcalc.win/en/terms/"", ""https://worthcalc.win/en/tools/"", ""https://worthcalc.win/en/tools/budget-builder/"", ""https://worthcalc.win/en/topics/income-savings/"", ""https://worthcalc.win/es/tools/budget-builder/"", ""https://worthcalc.win/fr/tools/budget-builder/"", ""https://worthcalc.win/zh/tools/budget-builder/""]",[],[],False,4,[]
https://worthcalc.win/en/tools/car-affordability/,200,https://worthcalc.win/en/tools/car-affordability/,https://worthcalc.win/en/tools/car-affordability/,200,"index, follow, max-image-preview:large",,How Much Car Can You Afford? Payment and Total Cost Calculator (2026),"Enter income, down payment, rate and term to see the affordable price and the true monthly cost with insurance and fuel.","[""Car Affordability & Total Monthly Cost Calculator""]",en,[],"{""en"": ""https://worthcalc.win/en/tools/car-affordability/"", ""zh-TW"": ""https://worthcalc.win/zh/tools/car-affordability/"", ""x-default"": ""https://worthcalc.win/en/tools/car-affordability/""}",[],"[""https://worthcalc.win/"", ""https://worthcalc.win/de/tools/car-affordability/"", ""https://worthcalc.win/en/about/"", ""https://worthcalc.win/en/changelog/"", ""https://worthcalc.win/en/contact/"", ""https://worthcalc.win/en/disclaimer/"", ""https://worthcalc.win/en/guides/"", ""https://worthcalc.win/en/guides/car-down-payment-vs-liquidity/"", ""https://worthcalc.win/en/guides/car-loan-60-vs-72-vs-84-early-exit/"", ""https://worthcalc.win/en/guides/cash-vs-financing-car-liquidity/"", ""https://worthcalc.win/en/loan-term-monthly-payment-vs-total-interest/"", ""https://worthcalc.win/en/money/"", ""https://worthcalc.win/en/privacy/"", ""https://worthcalc.win/en/terms/"", ""https://worthcalc.win/en/tools/"", ""https://worthcalc.win/en/tools/car-affordability/"", ""https://worthcalc.win/en/topics/transportation/"", ""https://worthcalc.win/en/true-cost-of-car-ownership/"", ""https://worthcalc.win/es/tools/car-affordability/"", ""https://worthcalc.win/fr/tools/car-affordability/"", ""https://worthcalc.win/zh/tools/car-affordability/""]",[],[],False,4,[]
https://worthcalc.win/en/tools/cashback-breakeven/,200,https://worthcalc.win/en/tools/cashback-breakeven/,https://worthcalc.win/en/tools/cashback-breakeven/,200,"index, follow, max-image-preview:large",,Cashback Break-even Calculator | WorthCalc,"Is annual fee credit card worth it calculator for cashback break-even, welcome bonus, and no-fee 1% baseline comparison.","[""Cashback Break-even Calculator""]",en,[],"{""en"": ""https://worthcalc.win/en/tools/cashback-breakeven/"", ""zh-TW"": ""https://worthcalc.win/zh/tools/cashback-breakeven/"", ""x-default"": ""https://worthcalc.win/en/tools/cashback-breakeven/""}",[],"[""https://worthcalc.win/"", ""https://worthcalc.win/de/tools/cashback-breakeven/"", ""https://worthcalc.win/en/about/"", ""https://worthcalc.win/en/annual-fee-card-breakeven/"", ""https://worthcalc.win/en/changelog/"", ""https://worthcalc.win/en/contact/"", ""https://worthcalc.win/en/disclaimer/"", ""https://worthcalc.win/en/guides/"", ""https://worthcalc.win/en/money/"", ""https://worthcalc.win/en/privacy/"", ""https://worthcalc.win/en/terms/"", ""https://worthcalc.win/en/tools/"", ""https://worthcalc.win/en/tools/cashback-breakeven/"", ""https://worthcalc.win/en/tools/costco-membership/"", ""https://worthcalc.win/en/tools/installment-true-apr/"", ""https://worthcalc.win/en/tools/subscription-audit/"", ""https://worthcalc.win/en/topics/debt-credit/"", ""https://worthcalc.win/es/tools/cashback-breakeven/"", ""https://worthcalc.win/fr/tools/cashback-breakeven/"", ""https://worthcalc.win/zh/tools/cashback-breakeven/""]",[],[],False,5,[]
https://worthcalc.win/en/tools/commute-cost/,200,https://worthcalc.win/en/tools/commute-cost/,https://worthcalc.win/en/tools/commute-cost/,200,"index, follow, max-image-preview:large",,"How Much Does Your Commute Really Cost? Per Mile, Per Year Calculator (2026)","Fuel (MPG or EV), parking, tolls, wear and the value of your time, in miles or km. Compare driving with transit, rideshare and bike, and see the yearly total.","[""How Much Does Your Commute Cost Per Mile and Per Year?""]",en,[],"{""en"": ""https://worthcalc.win/en/tools/commute-cost/"", ""zh-TW"": ""https://worthcalc.win/zh/tools/commute-cost/"", ""x-default"": ""https://worthcalc.win/en/tools/commute-cost/""}",[],"[""https://worthcalc.win/"", ""https://worthcalc.win/de/tools/commute-cost/"", ""https://worthcalc.win/en/about/"", ""https://worthcalc.win/en/changelog/"", ""https://worthcalc.win/en/contact/"", ""https://worthcalc.win/en/disclaimer/"", ""https://worthcalc.win/en/guides/"", ""https://worthcalc.win/en/guides/remote-work-pay-cut-cash-break-even/"", ""https://worthcalc.win/en/money/"", ""https://worthcalc.win/en/privacy/"", ""https://worthcalc.win/en/terms/"", ""https://worthcalc.win/en/tools/"", ""https://worthcalc.win/en/tools/commute-cost/"", ""https://worthcalc.win/en/tools/cost-per-mile/"", ""https://worthcalc.win/en/tools/costco-membership/"", ""https://worthcalc.win/en/tools/ev-vs-gas/"", ""https://worthcalc.win/en/tools/latte-factor/"", ""https://worthcalc.win/en/tools/rent-vs-buy/"", ""https://worthcalc.win/en/topics/transportation/"", ""https://worthcalc.win/es/tools/commute-cost/"", ""https://worthcalc.win/fr/tools/commute-cost/"", ""https://worthcalc.win/zh/tools/commute-cost/""]",[],[],False,5,[]
https://worthcalc.win/en/tools/compound-growth/,200,https://worthcalc.win/en/tools/compound-growth/,https://worthcalc.win/en/tools/compound-growth/,200,"index, follow, max-image-preview:large",,Compound Growth Calculator: How Money Grows Over Time (2026),"Enter a starting amount, contributions, rate and years to see the growth path and the share that came from compounding.","[""Compound Growth & Savings Goal Calculator""]",en,[],"{""en"": ""https://worthcalc.win/en/tools/compound-growth/"", ""zh-TW"": ""https://worthcalc.win/zh/tools/compound-growth/"", ""x-default"": ""https://worthcalc.win/en/tools/compound-growth/""}",[],"[""https://worthcalc.win/"", ""https://worthcalc.win/de/tools/compound-growth/"", ""https://worthcalc.win/en/about/"", ""https://worthcalc.win/en/changelog/"", ""https://worthcalc.win/en/contact/"", ""https://worthcalc.win/en/disclaimer/"", ""https://worthcalc.win/en/guides/"", ""https://worthcalc.win/en/guides/real-vs-nominal-return/"", ""https://worthcalc.win/en/how-compound-growth-works/"", ""https://worthcalc.win/en/money/"", ""https://worthcalc.win/en/privacy/"", ""https://worthcalc.win/en/savings-rate-gross-vs-net/"", ""https://worthcalc.win/en/terms/"", ""https://worthcalc.win/en/tools/"", ""https://worthcalc.win/en/tools/compound-growth/"", ""https://worthcalc.win/en/topics/income-savings/"", ""https://worthcalc.win/es/tools/compound-growth/"", ""https://worthcalc.win/fr/tools/compound-growth/"", ""https://worthcalc.win/zh/tools/compound-growth/""]",[],[],False,4,[]
https://worthcalc.win/en/tools/cost-per-mile/,200,https://worthcalc.win/en/tools/cost-per-mile/,https://worthcalc.win/en/tools/cost-per-mile/,200,"index, follow, max-image-preview:large",,Cost Per Mile to Drive: Gas vs EV Calculator (2026),"Enter fuel price and MPG, or electricity rate and kWh/100 mi, to see cost per mile, per month and per year for each.","[""What Does Your Car Really Cost Per Mile?""]",en,[],"{""en"": ""https://worthcalc.win/en/tools/cost-per-mile/"", ""zh-TW"": ""https://worthcalc.win/zh/tools/cost-per-mile/"", ""x-default"": ""https://worthcalc.win/en/tools/cost-per-mile/""}",[],"[""https://worthcalc.win/"", ""https://worthcalc.win/en/about/"", ""https://worthcalc.win/en/changelog/"", ""https://worthcalc.win/en/contact/"", ""https://worthcalc.win/en/disclaimer/"", ""https://worthcalc.win/en/guides/"", ""https://worthcalc.win/en/money/"", ""https://worthcalc.win/en/privacy/"", ""https://worthcalc.win/en/terms/"", ""https://worthcalc.win/en/tools/"", ""https://worthcalc.win/en/tools/commute-cost/"", ""https://worthcalc.win/en/tools/cost-per-mile/"", ""https://worthcalc.win/en/tools/ev-vs-gas/"", ""https://worthcalc.win/en/topics/transportation/"", ""https://worthcalc.win/en/true-cost-of-car-ownership/"", ""https://worthcalc.win/zh/tools/cost-per-mile/""]",[],[],False,5,[]
https://worthcalc.win/en/tools/costco-membership/,200,https://worthcalc.win/en/tools/costco-membership/,https://worthcalc.win/en/tools/costco-membership/,200,"index, follow, max-image-preview:large",,Is Costco Executive Membership Worth It? Break-Even Calculator (2026),Executive pays 2% back on most purchases. Enter your monthly Costco spend to see the exact break-even point and whether the $130 tier beats Gold Star for you.,"[""Costco Membership Calculator: Gold Star vs Executive""]",en,[],"{""en"": ""https://worthcalc.win/en/tools/costco-membership/"", ""zh-TW"": ""https://worthcalc.win/zh/tools/costco-membership/"", ""x-default"": ""https://worthcalc.win/en/tools/costco-membership/""}",[],"[""https://worthcalc.win/"", ""https://worthcalc.win/de/tools/costco-membership/"", ""https://worthcalc.win/en/about/"", ""https://worthcalc.win/en/changelog/"", ""https://worthcalc.win/en/contact/"", ""https://worthcalc.win/en/costco-math/"", ""https://worthcalc.win/en/disclaimer/"", ""https://worthcalc.win/en/guides/"", ""https://worthcalc.win/en/is-costco-executive-membership-worth-it/"", ""https://worthcalc.win/en/money/"", ""https://worthcalc.win/en/privacy/"", ""https://worthcalc.win/en/terms/"", ""https://worthcalc.win/en/tools/"", ""https://worthcalc.win/en/tools/cashback-breakeven/"", ""https://worthcalc.win/en/tools/commute-cost/"", ""https://worthcalc.win/en/tools/costco-membership/"", ""https://worthcalc.win/en/tools/latte-factor/"", ""https://worthcalc.win/en/tools/subscription-audit/"", ""https://worthcalc.win/en/topics/memberships/"", ""https://worthcalc.win/es/tools/costco-membership/"", ""https://worthcalc.win/fr/tools/costco-membership/"", ""https://worthcalc.win/zh/tools/costco-membership/""]",[],[],False,5,[]
https://worthcalc.win/en/tools/credit-card-payoff/,200,https://worthcalc.win/en/tools/credit-card-payoff/,https://worthcalc.win/en/tools/credit-card-payoff/,200,"index, follow, max-image-preview:large",,Credit Card Payoff Calculator: Months and Interest at Your Payment (2026),"Enter balance, APR and monthly payment to see the payoff date and total interest, and what paying more changes.","[""Credit Card Payoff & Interest Calculator""]",en,[],"{""en"": ""https://worthcalc.win/en/tools/credit-card-payoff/"", ""zh-TW"": ""https://worthcalc.win/zh/tools/credit-card-payoff/"", ""x-default"": ""https://worthcalc.win/en/tools/credit-card-payoff/""}",[],"[""https://worthcalc.win/"", ""https://worthcalc.win/de/tools/credit-card-payoff/"", ""https://worthcalc.win/en/about/"", ""https://worthcalc.win/en/changelog/"", ""https://worthcalc.win/en/contact/"", ""https://worthcalc.win/en/credit-card-minimum-payment-trap/"", ""https://worthcalc.win/en/disclaimer/"", ""https://worthcalc.win/en/guides/"", ""https://worthcalc.win/en/guides/post-debt-payoff-lifestyle-creep/"", ""https://worthcalc.win/en/money/"", ""https://worthcalc.win/en/privacy/"", ""https://worthcalc.win/en/terms/"", ""https://worthcalc.win/en/tools/"", ""https://worthcalc.win/en/tools/credit-card-payoff/"", ""https://worthcalc.win/en/topics/debt-credit/"", ""https://worthcalc.win/es/tools/credit-card-payoff/"", ""https://worthcalc.win/fr/tools/credit-card-payoff/"", ""https://worthcalc.win/zh/tools/credit-card-payoff/""]",[],[],False,4,[]
https://worthcalc.win/en/tools/debt-strategy/,200,https://worthcalc.win/en/tools/debt-strategy/,https://worthcalc.win/en/tools/debt-strategy/,200,"index, follow, max-image-preview:large",,Snowball vs Avalanche: Which Pays Off Debt Faster? Calculator (2026),"Enter your balances, rates and monthly budget to compare payoff date and total interest under both methods.","[""Debt Snowball vs Avalanche Calculator""]",en,[],"{""en"": ""https://worthcalc.win/en/tools/debt-strategy/"", ""zh-TW"": ""https://worthcalc.win/zh/tools/debt-strategy/"", ""x-default"": ""https://worthcalc.win/en/tools/debt-strategy/""}",[],"[""https://worthcalc.win/"", ""https://worthcalc.win/de/tools/debt-strategy/"", ""https://worthcalc.win/en/about/"", ""https://worthcalc.win/en/changelog/"", ""https://worthcalc.win/en/contact/"", ""https://worthcalc.win/en/disclaimer/"", ""https://worthcalc.win/en/guides/"", ""https://worthcalc.win/en/money/"", ""https://worthcalc.win/en/privacy/"", ""https://worthcalc.win/en/snowball-vs-avalanche/"", ""https://worthcalc.win/en/terms/"", ""https://worthcalc.win/en/tools/"", ""https://worthcalc.win/en/tools/debt-strategy/"", ""https://worthcalc.win/en/topics/debt-credit/"", ""https://worthcalc.win/es/tools/debt-strategy/"", ""https://worthcalc.win/fr/tools/debt-strategy/"", ""https://worthcalc.win/zh/tools/debt-strategy/""]",[],[],False,4,[]
https://worthcalc.win/en/tools/dti-calculator/,200,https://worthcalc.win/en/tools/dti-calculator/,https://worthcalc.win/en/tools/dti-calculator/,200,"index, follow, max-image-preview:large",,Debt-to-Income (DTI) Ratio Calculator | WorthCalc,"Calculate front-end and back-end debt-to-income ratios, compare against FHA/VA/conventional benchmarks, and test how paying off one debt changes the result.","[""Debt-to-Income (DTI) Ratio Calculator""]",en,[],"{""en"": ""https://worthcalc.win/en/tools/dti-calculator/"", ""zh-TW"": ""https://worthcalc.win/zh/tools/dti-calculator/"", ""x-default"": ""https://worthcalc.win/en/tools/dti-calculator/""}",[],"[""https://worthcalc.win/"", ""https://worthcalc.win/de/tools/dti-calculator/"", ""https://worthcalc.win/en/about/"", ""https://worthcalc.win/en/changelog/"", ""https://worthcalc.win/en/contact/"", ""https://worthcalc.win/en/disclaimer/"", ""https://worthcalc.win/en/guides/"", ""https://worthcalc.win/en/guides/debt-to-assets-ratio-personal/"", ""https://worthcalc.win/en/how-to-calculate-dti/"", ""https://worthcalc.win/en/money/"", ""https://worthcalc.win/en/privacy/"", ""https://worthcalc.win/en/terms/"", ""https://worthcalc.win/en/tools/"", ""https://worthcalc.win/en/tools/dti-calculator/"", ""https://worthcalc.win/en/topics/debt-credit/"", ""https://worthcalc.win/es/tools/dti-calculator/"", ""https://worthcalc.win/fr/tools/dti-calculator/"", ""https://worthcalc.win/zh/tools/dti-calculator/""]",[],[],False,4,[]
https://worthcalc.win/en/tools/ev-vs-gas/,200,https://worthcalc.win/en/tools/ev-vs-gas/,https://worthcalc.win/en/tools/ev-vs-gas/,200,"index, follow, max-image-preview:large",,EV vs Gas Car: Which Is Cheaper Per Mile and Over 5 Years? Calculator (2026),"Enter fuel price, MPG, electricity rate and kWh/100 mi to compare cost per mile, annual running cost and 5-year total ownership.","[""EV vs Gas Car TCO Calculator""]",en,[],"{""en"": ""https://worthcalc.win/en/tools/ev-vs-gas/"", ""zh-TW"": ""https://worthcalc.win/zh/tools/ev-vs-gas/"", ""x-default"": ""https://worthcalc.win/en/tools/ev-vs-gas/""}",[],"[""https://worthcalc.win/"", ""https://worthcalc.win/de/tools/ev-vs-gas/"", ""https://worthcalc.win/en/about/"", ""https://worthcalc.win/en/changelog/"", ""https://worthcalc.win/en/contact/"", ""https://worthcalc.win/en/disclaimer/"", ""https://worthcalc.win/en/ev-vs-gas-total-cost/"", ""https://worthcalc.win/en/guides/"", ""https://worthcalc.win/en/money/"", ""https://worthcalc.win/en/privacy/"", ""https://worthcalc.win/en/terms/"", ""https://worthcalc.win/en/tools/"", ""https://worthcalc.win/en/tools/commute-cost/"", ""https://worthcalc.win/en/tools/cost-per-mile/"", ""https://worthcalc.win/en/tools/ev-vs-gas/"", ""https://worthcalc.win/en/tools/installment-true-apr/"", ""https://worthcalc.win/en/tools/rent-vs-buy/"", ""https://worthcalc.win/en/topics/transportation/"", ""https://worthcalc.win/es/tools/ev-vs-gas/"", ""https://worthcalc.win/fr/tools/ev-vs-gas/"", ""https://worthcalc.win/zh/tools/ev-vs-gas/""]",[],[],False,5,[]
https://worthcalc.win/en/tools/home-affordability/,200,https://worthcalc.win/en/tools/home-affordability/,https://worthcalc.win/en/tools/home-affordability/,200,"index, follow, max-image-preview:large",,How Much House Can You Afford? Full Cost Calculator (2026),"Income, down payment, rate and term give a price range. Adds taxes, insurance and maintenance so the monthly number is the real one.","[""Home Affordability & Full Housing Cost Calculator""]",en,[],"{""en"": ""https://worthcalc.win/en/tools/home-affordability/"", ""zh-TW"": ""https://worthcalc.win/zh/tools/home-affordability/"", ""x-default"": ""https://worthcalc.win/en/tools/home-affordability/""}",[],"[""https://worthcalc.win/"", ""https://worthcalc.win/de/tools/home-affordability/"", ""https://worthcalc.win/en/about/"", ""https://worthcalc.win/en/changelog/"", ""https://worthcalc.win/en/contact/"", ""https://worthcalc.win/en/disclaimer/"", ""https://worthcalc.win/en/guides/"", ""https://worthcalc.win/en/how-much-home-can-you-afford/"", ""https://worthcalc.win/en/money/"", ""https://worthcalc.win/en/privacy/"", ""https://worthcalc.win/en/terms/"", ""https://worthcalc.win/en/tools/"", ""https://worthcalc.win/en/tools/home-affordability/"", ""https://worthcalc.win/en/topics/housing/"", ""https://worthcalc.win/es/tools/home-affordability/"", ""https://worthcalc.win/fr/tools/home-affordability/"", ""https://worthcalc.win/zh/tools/home-affordability/""]",[],[],False,4,[]
https://worthcalc.win/en/tools/installment-true-apr/,200,https://worthcalc.win/en/tools/installment-true-apr/,https://worthcalc.win/en/tools/installment-true-apr/,200,"index, follow, max-image-preview:large",,What Is the True APR of an Installment Plan? Calculator (2026),"Fees, add-ons and timing can turn a ""0%"" plan into double-digit APR. Enter the payments and see the real annual rate.","[""Installment True APR Calculator""]",en,[],"{""en"": ""https://worthcalc.win/en/tools/installment-true-apr/"", ""zh-TW"": ""https://worthcalc.win/zh/tools/installment-true-apr/"", ""x-default"": ""https://worthcalc.win/en/tools/installment-true-apr/""}",[],"[""https://worthcalc.win/"", ""https://worthcalc.win/de/tools/installment-true-apr/"", ""https://worthcalc.win/en/about/"", ""https://worthcalc.win/en/changelog/"", ""https://worthcalc.win/en/contact/"", ""https://worthcalc.win/en/disclaimer/"", ""https://worthcalc.win/en/guides/"", ""https://worthcalc.win/en/guides/cash-discount-vs-financing/"", ""https://worthcalc.win/en/money/"", ""https://worthcalc.win/en/privacy/"", ""https://worthcalc.win/en/terms/"", ""https://worthcalc.win/en/tools/"", ""https://worthcalc.win/en/tools/cashback-breakeven/"", ""https://worthcalc.win/en/tools/installment-true-apr/"", ""https://worthcalc.win/en/tools/rent-vs-buy/"", ""https://worthcalc.win/en/tools/subscription-audit/"", ""https://worthcalc.win/en/topics/debt-credit/"", ""https://worthcalc.win/en/zero-interest-installments-truth/"", ""https://worthcalc.win/es/tools/installment-true-apr/"", ""https://worthcalc.win/fr/tools/installment-true-apr/"", ""https://worthcalc.win/zh/tools/installment-true-apr/""]",[],[],False,5,[]
https://worthcalc.win/en/tools/latte-factor/,200,https://worthcalc.win/en/tools/latte-factor/,https://worthcalc.win/en/tools/latte-factor/,200,"index, follow, max-image-preview:large",,Latte Factor Calculator: What Small Daily Spending Costs Over Time (2026),"Enter a daily habit and a return rate to see the honest long-term cost, with the trade-offs most latte-factor articles skip.","[""Latte Factor Calculator: Daily Coffee Cost & Savings""]",en,[],"{""en"": ""https://worthcalc.win/en/tools/latte-factor/"", ""zh-TW"": ""https://worthcalc.win/zh/tools/latte-factor/"", ""x-default"": ""https://worthcalc.win/en/tools/latte-factor/""}",[],"[""https://worthcalc.win/"", ""https://worthcalc.win/de/tools/latte-factor/"", ""https://worthcalc.win/en/about/"", ""https://worthcalc.win/en/changelog/"", ""https://worthcalc.win/en/contact/"", ""https://worthcalc.win/en/disclaimer/"", ""https://worthcalc.win/en/guides/"", ""https://worthcalc.win/en/how-compound-growth-works/"", ""https://worthcalc.win/en/money/"", ""https://worthcalc.win/en/opportunity-cost-everyday/"", ""https://worthcalc.win/en/privacy/"", ""https://worthcalc.win/en/terms/"", ""https://worthcalc.win/en/tools/"", ""https://worthcalc.win/en/tools/cashback-breakeven/"", ""https://worthcalc.win/en/tools/commute-cost/"", ""https://worthcalc.win/en/tools/latte-factor/"", ""https://worthcalc.win/en/tools/subscription-audit/"", ""https://worthcalc.win/en/topics/everyday/"", ""https://worthcalc.win/es/tools/latte-factor/"", ""https://worthcalc.win/fr/tools/latte-factor/"", ""https://worthcalc.win/zh/tools/latte-factor/""]",[],[],False,5,[]
https://worthcalc.win/en/tools/mortgage-payoff/,200,https://worthcalc.win/en/tools/mortgage-payoff/,https://worthcalc.win/en/tools/mortgage-payoff/,200,"index, follow, max-image-preview:large",,Do Extra Mortgage Payments Save Money? Payoff Calculator (2026),"Enter balance, rate and any extra payment to see the new payoff date and how much total interest you avoid.","[""Mortgage Payoff & Extra Payment Calculator""]",en,[],"{""en"": ""https://worthcalc.win/en/tools/mortgage-payoff/"", ""zh-TW"": ""https://worthcalc.win/zh/tools/mortgage-payoff/"", ""x-default"": ""https://worthcalc.win/en/tools/mortgage-payoff/""}",[],"[""https://worthcalc.win/"", ""https://worthcalc.win/de/tools/mortgage-payoff/"", ""https://worthcalc.win/en/about/"", ""https://worthcalc.win/en/changelog/"", ""https://worthcalc.win/en/contact/"", ""https://worthcalc.win/en/disclaimer/"", ""https://worthcalc.win/en/extra-mortgage-payments-guide/"", ""https://worthcalc.win/en/guides/"", ""https://worthcalc.win/en/guides/mortgage-recast-vs-refinance-vs-extra-principal/"", ""https://worthcalc.win/en/money/"", ""https://worthcalc.win/en/privacy/"", ""https://worthcalc.win/en/terms/"", ""https://worthcalc.win/en/tools/"", ""https://worthcalc.win/en/tools/mortgage-payoff/"", ""https://worthcalc.win/en/topics/housing/"", ""https://worthcalc.win/es/tools/mortgage-payoff/"", ""https://worthcalc.win/fr/tools/mortgage-payoff/"", ""https://worthcalc.win/zh/tools/mortgage-payoff/""]",[],[],False,4,[]
https://worthcalc.win/en/tools/rent-vs-buy/,200,https://worthcalc.win/en/tools/rent-vs-buy/,https://worthcalc.win/en/tools/rent-vs-buy/,200,"index, follow, max-image-preview:large",,Should You Rent or Buy? Break-Even Year Calculator (2026),"Compare total cost of renting against buying, including down payment, maintenance, taxes and opportunity cost, and see the break-even year.","[""Rent vs Buy Calculator""]",en,[],"{""en"": ""https://worthcalc.win/en/tools/rent-vs-buy/"", ""zh-TW"": ""https://worthcalc.win/zh/tools/rent-vs-buy/"", ""x-default"": ""https://worthcalc.win/en/tools/rent-vs-buy/""}",[],"[""https://worthcalc.win/"", ""https://worthcalc.win/de/tools/rent-vs-buy/"", ""https://worthcalc.win/en/about/"", ""https://worthcalc.win/en/changelog/"", ""https://worthcalc.win/en/contact/"", ""https://worthcalc.win/en/disclaimer/"", ""https://worthcalc.win/en/guides/"", ""https://worthcalc.win/en/money/"", ""https://worthcalc.win/en/privacy/"", ""https://worthcalc.win/en/rent-vs-buy-guide/"", ""https://worthcalc.win/en/terms/"", ""https://worthcalc.win/en/tools/"", ""https://worthcalc.win/en/tools/commute-cost/"", ""https://worthcalc.win/en/tools/costco-membership/"", ""https://worthcalc.win/en/tools/ev-vs-gas/"", ""https://worthcalc.win/en/tools/installment-true-apr/"", ""https://worthcalc.win/en/tools/rent-vs-buy/"", ""https://worthcalc.win/en/topics/housing/"", ""https://worthcalc.win/es/tools/rent-vs-buy/"", ""https://worthcalc.win/fr/tools/rent-vs-buy/"", ""https://worthcalc.win/zh/tools/rent-vs-buy/""]",[],[],False,5,[]
https://worthcalc.win/en/tools/salary-converter/,200,https://worthcalc.win/en/tools/salary-converter/,https://worthcalc.win/en/tools/salary-converter/,200,"index, follow, max-image-preview:large",,"Hourly, Monthly & Annual Salary Converter | WorthCalc","Convert hourly and annual gross pay using real workweeks, unpaid leave, overtime, and bonuses, so two job offers can be compared on the same basis.","[""Hourly, Monthly & Annual Salary Converter""]",en,[],"{""en"": ""https://worthcalc.win/en/tools/salary-converter/"", ""zh-TW"": ""https://worthcalc.win/zh/tools/salary-converter/"", ""x-default"": ""https://worthcalc.win/en/tools/salary-converter/""}",[],"[""https://worthcalc.win/"", ""https://worthcalc.win/de/tools/salary-converter/"", ""https://worthcalc.win/en/about/"", ""https://worthcalc.win/en/changelog/"", ""https://worthcalc.win/en/contact/"", ""https://worthcalc.win/en/disclaimer/"", ""https://worthcalc.win/en/freelancer-pricing-decision-engine/"", ""https://worthcalc.win/en/guides/"", ""https://worthcalc.win/en/hourly-vs-annual-salary/"", ""https://worthcalc.win/en/money/"", ""https://worthcalc.win/en/privacy/"", ""https://worthcalc.win/en/terms/"", ""https://worthcalc.win/en/tools/"", ""https://worthcalc.win/en/tools/salary-converter/"", ""https://worthcalc.win/en/topics/income-savings/"", ""https://worthcalc.win/es/tools/salary-converter/"", ""https://worthcalc.win/fr/tools/salary-converter/"", ""https://worthcalc.win/zh/tools/salary-converter/""]",[],[],False,4,[]
https://worthcalc.win/en/tools/subscription-audit/,200,https://worthcalc.win/en/tools/subscription-audit/,https://worthcalc.win/en/tools/subscription-audit/,200,"index, follow, max-image-preview:large",,How Much Do Your Subscriptions Cost Per Year? Audit Calculator (2026),"List every recurring charge, see the annual total and cost per use, and find which ones to cancel or switch to annual billing.","[""Subscription Audit Calculator""]",en,[],"{""en"": ""https://worthcalc.win/en/tools/subscription-audit/"", ""zh-TW"": ""https://worthcalc.win/zh/tools/subscription-audit/"", ""x-default"": ""https://worthcalc.win/en/tools/subscription-audit/""}",[],"[""https://worthcalc.win/"", ""https://worthcalc.win/de/tools/subscription-audit/"", ""https://worthcalc.win/en/about/"", ""https://worthcalc.win/en/changelog/"", ""https://worthcalc.win/en/contact/"", ""https://worthcalc.win/en/disclaimer/"", ""https://worthcalc.win/en/guides/"", ""https://worthcalc.win/en/money/"", ""https://worthcalc.win/en/privacy/"", ""https://worthcalc.win/en/subscription-creep/"", ""https://worthcalc.win/en/terms/"", ""https://worthcalc.win/en/tools/"", ""https://worthcalc.win/en/tools/cashback-breakeven/"", ""https://worthcalc.win/en/tools/costco-membership/"", ""https://worthcalc.win/en/tools/latte-factor/"", ""https://worthcalc.win/en/tools/subscription-audit/"", ""https://worthcalc.win/en/topics/memberships/"", ""https://worthcalc.win/es/tools/subscription-audit/"", ""https://worthcalc.win/fr/tools/subscription-audit/"", ""https://worthcalc.win/zh/tools/subscription-audit/""]",[],[],False,5,[]
https://worthcalc.win/en/topics/debt-credit/,200,https://worthcalc.win/en/topics/debt-credit/,https://worthcalc.win/en/topics/debt-credit/,200,"index, follow, max-image-preview:large",,Debt & credit | WorthCalc,"True APR behind ""0%"" offers, payoff order, card fees, and how much debt your income supports.","[""Debt & credit""]",en,[],"{""en"": ""https://worthcalc.win/en/topics/debt-credit/"", ""zh-TW"": ""https://worthcalc.win/zh/topics/debt-credit/"", ""x-default"": ""https://worthcalc.win/en/topics/debt-credit/""}",[],"[""https://worthcalc.win/"", ""https://worthcalc.win/en/about/"", ""https://worthcalc.win/en/annual-fee-card-breakeven/"", ""https://worthcalc.win/en/apr-vs-apy/"", ""https://worthcalc.win/en/bnpl-vs-credit-card-installments/"", ""https://worthcalc.win/en/cashback-caps-real-reward-rate/"", ""https://worthcalc.win/en/changelog/"", ""https://worthcalc.win/en/contact/"", ""https://worthcalc.win/en/credit-card-minimum-payment-trap/"", ""https://worthcalc.win/en/disclaimer/"", ""https://worthcalc.win/en/guides/"", ""https://worthcalc.win/en/how-to-calculate-dti/"", ""https://worthcalc.win/en/installment-apr-table/"", ""https://worthcalc.win/en/loan-term-monthly-payment-vs-total-interest/"", ""https://worthcalc.win/en/money/"", ""https://worthcalc.win/en/money/credit-card-apr-2026/"", ""https://worthcalc.win/en/privacy/"", ""https://worthcalc.win/en/snowball-vs-avalanche/"", ""https://worthcalc.win/en/terms/"", ""https://worthcalc.win/en/tools/"", ""https://worthcalc.win/en/tools/cashback-breakeven/"", ""https://worthcalc.win/en/tools/credit-card-payoff/"", ""https://worthcalc.win/en/tools/debt-strategy/"", ""https://worthcalc.win/en/tools/dti-calculator/"", ""https://worthcalc.win/en/tools/installment-true-apr/"", ""https://worthcalc.win/en/topics/debt-credit/"", ""https://worthcalc.win/en/upfront-fees-financing-cost/"", ""https://worthcalc.win/en/zero-interest-installments-truth/"", ""https://worthcalc.win/zh/topics/debt-credit/""]",[],[],False,3,[]
https://worthcalc.win/en/topics/everyday/,200,https://worthcalc.win/en/topics/everyday/,https://worthcalc.win/en/topics/everyday/,200,"index, follow, max-image-preview:large",,Everyday break-even | WorthCalc,"Cost per use, repair or replace, bulk buying, and the running cost of the things you already own.","[""Everyday break-even""]",en,[],"{""en"": ""https://worthcalc.win/en/topics/everyday/"", ""zh-TW"": ""https://worthcalc.win/zh/topics/everyday/"", ""x-default"": ""https://worthcalc.win/en/topics/everyday/""}",[],"[""https://worthcalc.win/"", ""https://worthcalc.win/en/about/"", ""https://worthcalc.win/en/bulk-buying-vs-small-packages/"", ""https://worthcalc.win/en/bulk-buying-waste-math/"", ""https://worthcalc.win/en/changelog/"", ""https://worthcalc.win/en/contact/"", ""https://worthcalc.win/en/cost-per-use-expensive-item/"", ""https://worthcalc.win/en/disclaimer/"", ""https://worthcalc.win/en/energy-efficient-appliance-payback/"", ""https://worthcalc.win/en/extended-warranty-math/"", ""https://worthcalc.win/en/free-shipping-threshold/"", ""https://worthcalc.win/en/freelancer-pricing-decision-engine/"", ""https://worthcalc.win/en/guides/"", ""https://worthcalc.win/en/is-an-extended-warranty-worth-it/"", ""https://worthcalc.win/en/job-offer-true-value-decision-engine/"", ""https://worthcalc.win/en/meal-prep-vs-takeout-cost/"", ""https://worthcalc.win/en/money/"", ""https://worthcalc.win/en/price-in-work-hours/"", ""https://worthcalc.win/en/price-per-wear-clothing-shoes/"", ""https://worthcalc.win/en/privacy/"", ""https://worthcalc.win/en/terms/"", ""https://worthcalc.win/en/tools/"", ""https://worthcalc.win/en/tools/latte-factor/"", ""https://worthcalc.win/en/topics/everyday/"", ""https://worthcalc.win/zh/topics/everyday/""]",[],[],False,3,[]
https://worthcalc.win/en/topics/housing/,200,https://worthcalc.win/en/topics/housing/,https://worthcalc.win/en/topics/housing/,200,"index, follow, max-image-preview:large",,Housing & affordability | WorthCalc,"Rent or buy, what you can carry, and what a mortgage actually costs over the years you hold it.","[""Housing & affordability""]",en,[],"{""en"": ""https://worthcalc.win/en/topics/housing/"", ""zh-TW"": ""https://worthcalc.win/zh/topics/housing/"", ""x-default"": ""https://worthcalc.win/en/topics/housing/""}",[],"[""https://worthcalc.win/"", ""https://worthcalc.win/en/about/"", ""https://worthcalc.win/en/changelog/"", ""https://worthcalc.win/en/contact/"", ""https://worthcalc.win/en/disclaimer/"", ""https://worthcalc.win/en/extra-mortgage-payments-guide/"", ""https://worthcalc.win/en/guides/"", ""https://worthcalc.win/en/guides/mortgage-points-break-even/"", ""https://worthcalc.win/en/guides/mortgage-recast-vs-refinance-vs-extra-principal/"", ""https://worthcalc.win/en/guides/prepay-rent-discount-vs-liquidity/"", ""https://worthcalc.win/en/guides/rent-increase-vs-moving-break-even/"", ""https://worthcalc.win/en/how-much-home-can-you-afford/"", ""https://worthcalc.win/en/money/"", ""https://worthcalc.win/en/money/mortgage-rate-2026-payment-impact/"", ""https://worthcalc.win/en/privacy/"", ""https://worthcalc.win/en/rent-vs-buy-breakeven-year/"", ""https://worthcalc.win/en/rent-vs-buy-guide/"", ""https://worthcalc.win/en/terms/"", ""https://worthcalc.win/en/tools/"", ""https://worthcalc.win/en/tools/home-affordability/"", ""https://worthcalc.win/en/tools/mortgage-payoff/"", ""https://worthcalc.win/en/tools/rent-vs-buy/"", ""https://worthcalc.win/en/topics/housing/"", ""https://worthcalc.win/zh/topics/housing/""]",[],[],False,3,[]
https://worthcalc.win/en/topics/income-savings/,200,https://worthcalc.win/en/topics/income-savings/,https://worthcalc.win/en/topics/income-savings/,200,"index, follow, max-image-preview:large",,"Income, savings & growth | WorthCalc","Real hourly wage, raises against inflation, savings rate, emergency runway, and compound growth.","[""Income, savings & growth""]",en,[],"{""en"": ""https://worthcalc.win/en/topics/income-savings/"", ""zh-TW"": ""https://worthcalc.win/zh/topics/income-savings/"", ""x-default"": ""https://worthcalc.win/en/topics/income-savings/""}",[],"[""https://worthcalc.win/"", ""https://worthcalc.win/en/about/"", ""https://worthcalc.win/en/budget-with-irregular-income/"", ""https://worthcalc.win/en/changelog/"", ""https://worthcalc.win/en/contact/"", ""https://worthcalc.win/en/disclaimer/"", ""https://worthcalc.win/en/emergency-fund-irregular-income/"", ""https://worthcalc.win/en/guides/"", ""https://worthcalc.win/en/guides/annual-bills-cash-flow-low-point/"", ""https://worthcalc.win/en/guides/annual-bills-monthly-equivalent/"", ""https://worthcalc.win/en/guides/annual-cost-savings-calculator/"", ""https://worthcalc.win/en/hourly-vs-annual-salary/"", ""https://worthcalc.win/en/how-compound-growth-works/"", ""https://worthcalc.win/en/money/"", ""https://worthcalc.win/en/net-worth-vs-liquid-net-worth/"", ""https://worthcalc.win/en/pay-raise-vs-inflation-purchasing-power/"", ""https://worthcalc.win/en/privacy/"", ""https://worthcalc.win/en/rule-of-72-explained/"", ""https://worthcalc.win/en/savings-rate-gross-vs-net/"", ""https://worthcalc.win/en/terms/"", ""https://worthcalc.win/en/tools/"", ""https://worthcalc.win/en/tools/budget-builder/"", ""https://worthcalc.win/en/tools/compound-growth/"", ""https://worthcalc.win/en/tools/salary-converter/"", ""https://worthcalc.win/en/topics/income-savings/"", ""https://worthcalc.win/en/true-hourly-wage-after-commuting-work-expenses/"", ""https://worthcalc.win/zh/topics/income-savings/""]",[],[],False,3,[]
https://worthcalc.win/en/topics/memberships/,200,https://worthcalc.win/en/topics/memberships/,https://worthcalc.win/en/topics/memberships/,200,"index, follow, max-image-preview:large",,Subscriptions & memberships | WorthCalc,"Membership fees, subscription creep, renewal traps, and the spend where a paid tier pays for itself.","[""Subscriptions & memberships""]",en,[],"{""en"": ""https://worthcalc.win/en/topics/memberships/"", ""zh-TW"": ""https://worthcalc.win/zh/topics/memberships/"", ""x-default"": ""https://worthcalc.win/en/topics/memberships/""}",[],"[""https://worthcalc.win/"", ""https://worthcalc.win/en/about/"", ""https://worthcalc.win/en/annual-vs-monthly-billing/"", ""https://worthcalc.win/en/changelog/"", ""https://worthcalc.win/en/contact/"", ""https://worthcalc.win/en/costco-math/"", ""https://worthcalc.win/en/delivery-membership-break-even/"", ""https://worthcalc.win/en/disclaimer/"", ""https://worthcalc.win/en/guides/"", ""https://worthcalc.win/en/guides/ai-tool-realized-time-savings-break-even/"", ""https://worthcalc.win/en/guides/annual-plan-cancellation-risk-break-even/"", ""https://worthcalc.win/en/guides/event-ticket-cost-per-attended-hour/"", ""https://worthcalc.win/en/gym-membership-cost-per-visit/"", ""https://worthcalc.win/en/is-costco-executive-membership-worth-it/"", ""https://worthcalc.win/en/money/"", ""https://worthcalc.win/en/money/streaming-prices-2026/"", ""https://worthcalc.win/en/monthly-vs-annual-subscription/"", ""https://worthcalc.win/en/paid-membership-break-even/"", ""https://worthcalc.win/en/privacy/"", ""https://worthcalc.win/en/subscription-creep/"", ""https://worthcalc.win/en/terms/"", ""https://worthcalc.win/en/tools/"", ""https://worthcalc.win/en/tools/costco-membership/"", ""https://worthcalc.win/en/tools/subscription-audit/"", ""https://worthcalc.win/en/topics/memberships/"", ""https://worthcalc.win/zh/topics/memberships/""]",[],[],False,3,[]
https://worthcalc.win/en/topics/transportation/,200,https://worthcalc.win/en/topics/transportation/,https://worthcalc.win/en/topics/transportation/,200,"index, follow, max-image-preview:large",,Transportation & ownership cost | WorthCalc,"EV against petrol, cost per mile, commuting including time, and what a car really costs to keep.","[""Transportation & ownership cost""]",en,[],"{""en"": ""https://worthcalc.win/en/topics/transportation/"", ""zh-TW"": ""https://worthcalc.win/zh/topics/transportation/"", ""x-default"": ""https://worthcalc.win/en/topics/transportation/""}",[],"[""https://worthcalc.win/"", ""https://worthcalc.win/en/about/"", ""https://worthcalc.win/en/average-commuting-cost/"", ""https://worthcalc.win/en/car-lease-vs-buy-total-cost/"", ""https://worthcalc.win/en/changelog/"", ""https://worthcalc.win/en/contact/"", ""https://worthcalc.win/en/disclaimer/"", ""https://worthcalc.win/en/ev-vs-gas-total-cost/"", ""https://worthcalc.win/en/full-commute-cost-including-time/"", ""https://worthcalc.win/en/guides/"", ""https://worthcalc.win/en/guides/car-down-payment-vs-liquidity/"", ""https://worthcalc.win/en/guides/car-loan-60-vs-72-vs-84-early-exit/"", ""https://worthcalc.win/en/home-vs-public-ev-charging-cost/"", ""https://worthcalc.win/en/money/"", ""https://worthcalc.win/en/money/irs-mileage-rate-2026/"", ""https://worthcalc.win/en/new-vs-used-car-total-cost/"", ""https://worthcalc.win/en/privacy/"", ""https://worthcalc.win/en/return-to-office-cost/"", ""https://worthcalc.win/en/terms/"", ""https://worthcalc.win/en/tools/"", ""https://worthcalc.win/en/tools/car-affordability/"", ""https://worthcalc.win/en/tools/commute-cost/"", ""https://worthcalc.win/en/tools/cost-per-mile/"", ""https://worthcalc.win/en/tools/ev-vs-gas/"", ""https://worthcalc.win/en/topics/transportation/"", ""https://worthcalc.win/en/true-cost-of-car-ownership/"", ""https://worthcalc.win/en/work-from-home-vs-commuting-hidden-costs/"", ""https://worthcalc.win/zh/topics/transportation/""]",[],[],False,3,[]
https://worthcalc.win/en/true-cost-of-car-ownership/,200,https://worthcalc.win/en/true-cost-of-car-ownership/,https://worthcalc.win/en/true-cost-of-car-ownership/,200,"index, follow, max-image-preview:large",,The 20/4/10 Rule: How Much Car You Can Actually Afford | WorthCalc,"Why the loan payment isn't the cost of a car, the 20/4/10 affordability rule, first-year depreciation, and total cost of ownership beyond the sticker price.","[""The 20/4/10 Rule: How Much Car You Can Actually Afford""]",en,[],"{""en"": ""https://worthcalc.win/en/true-cost-of-car-ownership/"", ""zh-TW"": ""https://worthcalc.win/zh/true-cost-of-car-ownership/"", ""x-default"": ""https://worthcalc.win/en/true-cost-of-car-ownership/""}",[],"[""https://worthcalc.win/"", ""https://worthcalc.win/de/true-cost-of-car-ownership/"", ""https://worthcalc.win/en/about/"", ""https://worthcalc.win/en/changelog/"", ""https://worthcalc.win/en/contact/"", ""https://worthcalc.win/en/disclaimer/"", ""https://worthcalc.win/en/guides/"", ""https://worthcalc.win/en/money/"", ""https://worthcalc.win/en/privacy/"", ""https://worthcalc.win/en/terms/"", ""https://worthcalc.win/en/tools/"", ""https://worthcalc.win/en/tools/car-affordability/"", ""https://worthcalc.win/en/topics/transportation/"", ""https://worthcalc.win/en/true-cost-of-car-ownership/"", ""https://worthcalc.win/es/true-cost-of-car-ownership/"", ""https://worthcalc.win/fr/true-cost-of-car-ownership/"", ""https://worthcalc.win/zh/true-cost-of-car-ownership/""]",[],[],False,4,[]
https://worthcalc.win/en/true-hourly-wage-after-commuting-work-expenses/,200,https://worthcalc.win/en/true-hourly-wage-after-commuting-work-expenses/,https://worthcalc.win/en/true-hourly-wage-after-commuting-work-expenses/,200,"index, follow, max-image-preview:large",,True hourly wage after commuting and work expenses | WorthCalc,"Compare jobs with take-home pay, paid and unpaid time, commute, supplies and incremental meals—without confusing labor law.","[""True hourly wage after commuting and work expenses""]",en,[],"{""en"": ""https://worthcalc.win/en/true-hourly-wage-after-commuting-work-expenses/"", ""zh-TW"": ""https://worthcalc.win/zh/true-hourly-wage-after-commuting-work-expenses/"", ""x-default"": ""https://worthcalc.win/en/true-hourly-wage-after-commuting-work-expenses/""}",[],"[""https://worthcalc.win/"", ""https://worthcalc.win/de/true-hourly-wage-after-commuting-work-expenses/"", ""https://worthcalc.win/en/about/"", ""https://worthcalc.win/en/changelog/"", ""https://worthcalc.win/en/contact/"", ""https://worthcalc.win/en/disclaimer/"", ""https://worthcalc.win/en/guides/"", ""https://worthcalc.win/en/job-offer-true-value-decision-engine/"", ""https://worthcalc.win/en/money/"", ""https://worthcalc.win/en/privacy/"", ""https://worthcalc.win/en/terms/"", ""https://worthcalc.win/en/tools/"", ""https://worthcalc.win/en/topics/income-savings/"", ""https://worthcalc.win/en/true-hourly-wage-after-commuting-work-expenses/"", ""https://worthcalc.win/es/true-hourly-wage-after-commuting-work-expenses/"", ""https://worthcalc.win/fr/true-hourly-wage-after-commuting-work-expenses/"", ""https://worthcalc.win/zh/true-hourly-wage-after-commuting-work-expenses/""]",[],[],False,5,[]
https://worthcalc.win/en/upfront-fees-financing-cost/,200,https://worthcalc.win/en/upfront-fees-financing-cost/,https://worthcalc.win/en/upfront-fees-financing-cost/,200,"index, follow, max-image-preview:large",,Should You Pay an Upfront Fee to Get a Lower Rate? Calculator (2026),Compare paying a fee now against a higher rate later. See the break-even month and the total cost of each option.,"[""How upfront fees change the true cost of financing""]",en,[],"{""en"": ""https://worthcalc.win/en/upfront-fees-financing-cost/"", ""zh-TW"": ""https://worthcalc.win/zh/upfront-fees-financing-cost/"", ""x-default"": ""https://worthcalc.win/en/upfront-fees-financing-cost/""}",[],"[""https://worthcalc.win/"", ""https://worthcalc.win/de/upfront-fees-financing-cost/"", ""https://worthcalc.win/en/about/"", ""https://worthcalc.win/en/changelog/"", ""https://worthcalc.win/en/contact/"", ""https://worthcalc.win/en/disclaimer/"", ""https://worthcalc.win/en/guides/"", ""https://worthcalc.win/en/money/"", ""https://worthcalc.win/en/privacy/"", ""https://worthcalc.win/en/terms/"", ""https://worthcalc.win/en/tools/"", ""https://worthcalc.win/en/tools/installment-true-apr/"", ""https://worthcalc.win/en/topics/debt-credit/"", ""https://worthcalc.win/en/upfront-fees-financing-cost/"", ""https://worthcalc.win/en/zero-interest-installments-truth/"", ""https://worthcalc.win/es/upfront-fees-financing-cost/"", ""https://worthcalc.win/fr/upfront-fees-financing-cost/"", ""https://worthcalc.win/zh/upfront-fees-financing-cost/""]",[],[],False,5,[]
https://worthcalc.win/en/upgrade-your-phone-or-keep-it/,200,https://worthcalc.win/en/upgrade-your-phone-or-keep-it/,https://worthcalc.win/en/upgrade-your-phone-or-keep-it/,200,"index, follow, max-image-preview:large",,"Upgrade your phone or keep it? Compare repair, trade-in, and monthly cost | WorthCalc","Compare repairing a phone with upgrading using remaining life, trade-in value, plan difference, holding months, resale and data-transfer cost.","[""Upgrade your phone or keep it? Compare repair, trade-in, and monthly cost""]",en,[],"{""en"": ""https://worthcalc.win/en/upgrade-your-phone-or-keep-it/"", ""zh-TW"": ""https://worthcalc.win/zh/upgrade-your-phone-or-keep-it/"", ""x-default"": ""https://worthcalc.win/en/upgrade-your-phone-or-keep-it/""}",[],"[""https://worthcalc.win/"", ""https://worthcalc.win/de/upgrade-your-phone-or-keep-it/"", ""https://worthcalc.win/en/about/"", ""https://worthcalc.win/en/changelog/"", ""https://worthcalc.win/en/contact/"", ""https://worthcalc.win/en/disclaimer/"", ""https://worthcalc.win/en/guides/"", ""https://worthcalc.win/en/money/"", ""https://worthcalc.win/en/privacy/"", ""https://worthcalc.win/en/terms/"", ""https://worthcalc.win/en/tools/"", ""https://worthcalc.win/en/topics/everyday/"", ""https://worthcalc.win/en/upgrade-your-phone-or-keep-it/"", ""https://worthcalc.win/es/upgrade-your-phone-or-keep-it/"", ""https://worthcalc.win/fr/upgrade-your-phone-or-keep-it/"", ""https://worthcalc.win/zh/upgrade-your-phone-or-keep-it/""]",[],[],False,5,[]
https://worthcalc.win/en/work-from-home-vs-commuting-hidden-costs/,200,https://worthcalc.win/en/work-from-home-vs-commuting-hidden-costs/,https://worthcalc.win/en/work-from-home-vs-commuting-hidden-costs/,200,"index, follow, max-image-preview:large",,Work from home vs commuting: compare the hidden monthly costs | WorthCalc,"Compare remote, office and hybrid work from commute, meals, home energy, equipment, fixed costs, reimbursements and optional commute time.","[""Work from home vs commuting: compare the hidden monthly costs""]",en,[],"{""en"": ""https://worthcalc.win/en/work-from-home-vs-commuting-hidden-costs/"", ""zh-TW"": ""https://worthcalc.win/zh/work-from-home-vs-commuting-hidden-costs/"", ""x-default"": ""https://worthcalc.win/en/work-from-home-vs-commuting-hidden-costs/""}",[],"[""https://worthcalc.win/"", ""https://worthcalc.win/de/work-from-home-vs-commuting-hidden-costs/"", ""https://worthcalc.win/en/about/"", ""https://worthcalc.win/en/changelog/"", ""https://worthcalc.win/en/contact/"", ""https://worthcalc.win/en/disclaimer/"", ""https://worthcalc.win/en/guides/"", ""https://worthcalc.win/en/money/"", ""https://worthcalc.win/en/privacy/"", ""https://worthcalc.win/en/terms/"", ""https://worthcalc.win/en/tools/"", ""https://worthcalc.win/en/topics/transportation/"", ""https://worthcalc.win/en/work-from-home-vs-commuting-hidden-costs/"", ""https://worthcalc.win/es/work-from-home-vs-commuting-hidden-costs/"", ""https://worthcalc.win/fr/work-from-home-vs-commuting-hidden-costs/"", ""https://worthcalc.win/zh/work-from-home-vs-commuting-hidden-costs/""]",[],[],False,5,[]
https://worthcalc.win/en/zero-interest-installments-truth/,200,https://worthcalc.win/en/zero-interest-installments-truth/,https://worthcalc.win/en/zero-interest-installments-truth/,200,"index, follow, max-image-preview:large",,Is 0% Installment Really Free? What It Actually Costs (2026),"Fees, lost discounts and cash-flow risk behind ""interest-free"" plans, with a true-APR calculator.","[""How to Calculate the Real APR of a 0% Installment Plan""]",en,[],"{""en"": ""https://worthcalc.win/en/zero-interest-installments-truth/"", ""zh-TW"": ""https://worthcalc.win/zh/zero-interest-installments-truth/"", ""x-default"": ""https://worthcalc.win/en/zero-interest-installments-truth/""}",[],"[""https://worthcalc.win/"", ""https://worthcalc.win/de/zero-interest-installments-truth/"", ""https://worthcalc.win/en/about/"", ""https://worthcalc.win/en/changelog/"", ""https://worthcalc.win/en/contact/"", ""https://worthcalc.win/en/disclaimer/"", ""https://worthcalc.win/en/guides/"", ""https://worthcalc.win/en/money/"", ""https://worthcalc.win/en/privacy/"", ""https://worthcalc.win/en/subscription-creep/"", ""https://worthcalc.win/en/terms/"", ""https://worthcalc.win/en/tools/"", ""https://worthcalc.win/en/tools/cashback-breakeven/"", ""https://worthcalc.win/en/tools/installment-true-apr/"", ""https://worthcalc.win/en/topics/debt-credit/"", ""https://worthcalc.win/en/zero-interest-installments-truth/"", ""https://worthcalc.win/es/zero-interest-installments-truth/"", ""https://worthcalc.win/fr/zero-interest-installments-truth/"", ""https://worthcalc.win/zh/zero-interest-installments-truth/""]",[],[],False,5,[]
https://worthcalc.win/zh/,200,https://worthcalc.win/zh/,https://worthcalc.win/zh/,200,"index, follow, max-image-preview:large",,算得出來的金錢決策：公式透明的計算機 | WorthCalc,WorthCalc 把金錢決策變成看得見的算式。每個計算機都寫出公式、讓你用自己的數字取代預設值，並說明它刻意不納入什麼。,"[""算得出來的 金錢決策 ：公式透明、假設可調""]",zh-TW,[],"{""en"": ""https://worthcalc.win/"", ""zh-TW"": ""https://worthcalc.win/zh/"", ""x-default"": ""https://worthcalc.win/""}",[],"[""https://worthcalc.win/"", ""https://worthcalc.win/de/"", ""https://worthcalc.win/en/"", ""https://worthcalc.win/es/"", ""https://worthcalc.win/fr/"", ""https://worthcalc.win/zh/"", ""https://worthcalc.win/zh/about/"", ""https://worthcalc.win/zh/annual-fee-card-breakeven/"", ""https://worthcalc.win/zh/changelog/"", ""https://worthcalc.win/zh/contact/"", ""https://worthcalc.win/zh/disclaimer/"", ""https://worthcalc.win/zh/ev-vs-gas-total-cost/"", ""https://worthcalc.win/zh/guides/"", ""https://worthcalc.win/zh/money/"", ""https://worthcalc.win/zh/pay-raise-vs-inflation-purchasing-power/"", ""https://worthcalc.win/zh/privacy/"", ""https://worthcalc.win/zh/rent-vs-buy-guide/"", ""https://worthcalc.win/zh/terms/"", ""https://worthcalc.win/zh/tools/"", ""https://worthcalc.win/zh/tools/cashback-breakeven/"", ""https://worthcalc.win/zh/tools/commute-cost/"", ""https://worthcalc.win/zh/tools/compound-growth/"", ""https://worthcalc.win/zh/tools/costco-membership/"", ""https://worthcalc.win/zh/tools/dti-calculator/"", ""https://worthcalc.win/zh/tools/ev-vs-gas/"", ""https://worthcalc.win/zh/tools/home-affordability/"", ""https://worthcalc.win/zh/tools/installment-true-apr/"", ""https://worthcalc.win/zh/tools/rent-vs-buy/"", ""https://worthcalc.win/zh/tools/subscription-audit/"", ""https://worthcalc.win/zh/topics/debt-credit/"", ""https://worthcalc.win/zh/topics/everyday/"", ""https://worthcalc.win/zh/topics/housing/"", ""https://worthcalc.win/zh/topics/income-savings/"", ""https://worthcalc.win/zh/topics/memberships/"", ""https://worthcalc.win/zh/topics/transportation/"", ""https://worthcalc.win/zh/true-hourly-wage-after-commuting-work-expenses/"", ""https://worthcalc.win/zh/zero-interest-installments-truth/""]",[],[],False,4,[]
https://worthcalc.win/zh/about/,200,https://worthcalc.win/zh/about/,https://worthcalc.win/zh/about/,200,"index, follow, max-image-preview:large",,關於 WorthCalc | WorthCalc,WorthCalc 是一組免費的瀏覽器端計算機，專門回答一個問題：這樣做到底值不值得？,"[""關於 WorthCalc""]",zh-TW,[],"{""en"": ""https://worthcalc.win/en/about/"", ""zh-TW"": ""https://worthcalc.win/zh/about/"", ""x-default"": ""https://worthcalc.win/en/about/""}",[],"[""https://worthcalc.win/de/about/"", ""https://worthcalc.win/en/about/"", ""https://worthcalc.win/es/about/"", ""https://worthcalc.win/fr/about/"", ""https://worthcalc.win/zh/"", ""https://worthcalc.win/zh/about/"", ""https://worthcalc.win/zh/changelog/"", ""https://worthcalc.win/zh/contact/"", ""https://worthcalc.win/zh/disclaimer/"", ""https://worthcalc.win/zh/guides/"", ""https://worthcalc.win/zh/money/"", ""https://worthcalc.win/zh/privacy/"", ""https://worthcalc.win/zh/terms/"", ""https://worthcalc.win/zh/tools/""]",[],[],False,4,[]
https://worthcalc.win/zh/annual-fee-card-breakeven/,200,https://worthcalc.win/zh/annual-fee-card-breakeven/,https://worthcalc.win/zh/annual-fee-card-breakeven/,200,"index, follow, max-image-preview:large",,信用卡年費要刷多少才回本？用增量回饋算真正門檻 | WorthCalc,不要只拿總回饋除年費。用免年費替代卡、一般消費定義、回饋上限與確定權益，算出信用卡年費真正回本刷卡額。,"[""信用卡年費要刷多少才回本？用增量回饋算真正門檻""]",zh-TW,[],"{""en"": ""https://worthcalc.win/en/annual-fee-card-breakeven/"", ""zh-TW"": ""https://worthcalc.win/zh/annual-fee-card-breakeven/"", ""x-default"": ""https://worthcalc.win/en/annual-fee-card-breakeven/""}",[],"[""https://worthcalc.win/de/annual-fee-card-breakeven/"", ""https://worthcalc.win/en/annual-fee-card-breakeven/"", ""https://worthcalc.win/es/annual-fee-card-breakeven/"", ""https://worthcalc.win/fr/annual-fee-card-breakeven/"", ""https://worthcalc.win/zh/"", ""https://worthcalc.win/zh/about/"", ""https://worthcalc.win/zh/annual-fee-card-breakeven/"", ""https://worthcalc.win/zh/changelog/"", ""https://worthcalc.win/zh/contact/"", ""https://worthcalc.win/zh/costco-math/"", ""https://worthcalc.win/zh/disclaimer/"", ""https://worthcalc.win/zh/guides/"", ""https://worthcalc.win/zh/money/"", ""https://worthcalc.win/zh/privacy/"", ""https://worthcalc.win/zh/terms/"", ""https://worthcalc.win/zh/tools/"", ""https://worthcalc.win/zh/tools/cashback-breakeven/"", ""https://worthcalc.win/zh/topics/debt-credit/""]",[],[],False,5,[]
https://worthcalc.win/zh/annual-vs-monthly-billing/,200,https://worthcalc.win/zh/annual-vs-monthly-billing/,https://worthcalc.win/zh/annual-vs-monthly-billing/,200,"index, follow, max-image-preview:large",,年繳還是月繳？訂閱折扣的損益兩平算法 | WorthCalc,「年繳現省 17%」的完整版是「年繳押注你 12 個月都在用」。等效月費、使用把握折現、退訂條款——三步算清年繳到底划不划算。,"[""年繳還是月繳？訂閱折扣的損益兩平算法""]",zh-TW,[],"{""en"": ""https://worthcalc.win/en/annual-vs-monthly-billing/"", ""zh-TW"": ""https://worthcalc.win/zh/annual-vs-monthly-billing/"", ""x-default"": ""https://worthcalc.win/en/annual-vs-monthly-billing/""}",[],"[""https://worthcalc.win/en/annual-vs-monthly-billing/"", ""https://worthcalc.win/zh/"", ""https://worthcalc.win/zh/about/"", ""https://worthcalc.win/zh/annual-fee-card-breakeven/"", ""https://worthcalc.win/zh/annual-vs-monthly-billing/"", ""https://worthcalc.win/zh/changelog/"", ""https://worthcalc.win/zh/contact/"", ""https://worthcalc.win/zh/disclaimer/"", ""https://worthcalc.win/zh/guides/"", ""https://worthcalc.win/zh/money/"", ""https://worthcalc.win/zh/privacy/"", ""https://worthcalc.win/zh/subscription-creep/"", ""https://worthcalc.win/zh/terms/"", ""https://worthcalc.win/zh/tools/"", ""https://worthcalc.win/zh/tools/subscription-audit/"", ""https://worthcalc.win/zh/topics/memberships/""]",[],[],False,5,[]
https://worthcalc.win/zh/apr-vs-apy/,200,https://worthcalc.win/zh/apr-vs-apy/,https://worthcalc.win/zh/apr-vs-apy/,200,"index,follow",,APR vs APY vs 利率：借款與存款怎麼比較｜WorthCalc,APR 是年化借款成本指標，APY 反映存款利息與複利頻率；兩者不能直接當同一個「利率」看。用公式與範例拆解。,"[""APR、APY、利率差在哪？借錢看 APR，存錢看 APY 的完整原因""]",zh-TW,[],"{""en"": ""https://worthcalc.win/en/apr-vs-apy/"", ""zh-TW"": ""https://worthcalc.win/zh/apr-vs-apy/"", ""x-default"": ""https://worthcalc.win/en/apr-vs-apy/""}",[],"[""https://worthcalc.win/en/apr-vs-apy/"", ""https://worthcalc.win/zh/"", ""https://worthcalc.win/zh/about/"", ""https://worthcalc.win/zh/apr-vs-apy/"", ""https://worthcalc.win/zh/changelog/"", ""https://worthcalc.win/zh/contact/"", ""https://worthcalc.win/zh/disclaimer/"", ""https://worthcalc.win/zh/guides/"", ""https://worthcalc.win/zh/guides/effective-interest-rate-explained/"", ""https://worthcalc.win/zh/loan-term-vs-total-interest/"", ""https://worthcalc.win/zh/money/"", ""https://worthcalc.win/zh/privacy/"", ""https://worthcalc.win/zh/simple-vs-compound-interest/"", ""https://worthcalc.win/zh/terms/"", ""https://worthcalc.win/zh/tools/"", ""https://worthcalc.win/zh/tools/installment-true-apr/"", ""https://worthcalc.win/zh/topics/debt-credit/""]",[],[],False,3,[]
https://worthcalc.win/zh/average-commuting-cost/,200,https://worthcalc.win/zh/average-commuting-cost/,https://worthcalc.win/zh/average-commuting-cost/,200,"index, follow, max-image-preview:large",,平均通勤成本與車馬費行情：不用虛構平均數，也能算出可比較的基準 | WorthCalc,用自己的公里數、通勤日、機車油耗、折舊、停車與車票，算出每年及每月通勤成本，再用真正適合台灣讀者的方式比較車馬費與替代方案。,"[""平均通勤成本與車馬費行情：不用虛構平均數，也能算出可比較的基準""]",zh-TW,[],"{""en"": ""https://worthcalc.win/en/average-commuting-cost/"", ""zh-TW"": ""https://worthcalc.win/zh/average-commuting-cost/"", ""x-default"": ""https://worthcalc.win/en/average-commuting-cost/""}",[],"[""https://worthcalc.win/en/average-commuting-cost/"", ""https://worthcalc.win/zh/"", ""https://worthcalc.win/zh/about/"", ""https://worthcalc.win/zh/average-commuting-cost/"", ""https://worthcalc.win/zh/changelog/"", ""https://worthcalc.win/zh/contact/"", ""https://worthcalc.win/zh/disclaimer/"", ""https://worthcalc.win/zh/guides/"", ""https://worthcalc.win/zh/money/"", ""https://worthcalc.win/zh/privacy/"", ""https://worthcalc.win/zh/terms/"", ""https://worthcalc.win/zh/tools/"", ""https://worthcalc.win/zh/tools/commute-cost/"", ""https://worthcalc.win/zh/tools/cost-per-mile/"", ""https://worthcalc.win/zh/topics/transportation/""]",[],[],False,5,[]
https://worthcalc.win/zh/bnpl-vs-credit-card-installments/,200,https://worthcalc.win/zh/bnpl-vs-credit-card-installments/,https://worthcalc.win/zh/bnpl-vs-credit-card-installments/,200,"index, follow, max-image-preview:large",,先買後付 vs 信用卡分期：用總成本與扣款時間比較 | WorthCalc,比較 BNPL 與信用卡分期的總付款、30 天現金壓力、違約金與遲延利息、退貨流程及台灣金管會最新提醒。,"[""先買後付 vs 信用卡分期：用總成本與扣款時間比較""]",zh-TW,[],"{""en"": ""https://worthcalc.win/en/bnpl-vs-credit-card-installments/"", ""zh-TW"": ""https://worthcalc.win/zh/bnpl-vs-credit-card-installments/"", ""x-default"": ""https://worthcalc.win/en/bnpl-vs-credit-card-installments/""}",[],"[""https://worthcalc.win/de/bnpl-vs-credit-card-installments/"", ""https://worthcalc.win/en/bnpl-vs-credit-card-installments/"", ""https://worthcalc.win/es/bnpl-vs-credit-card-installments/"", ""https://worthcalc.win/fr/bnpl-vs-credit-card-installments/"", ""https://worthcalc.win/zh/"", ""https://worthcalc.win/zh/about/"", ""https://worthcalc.win/zh/bnpl-vs-credit-card-installments/"", ""https://worthcalc.win/zh/changelog/"", ""https://worthcalc.win/zh/contact/"", ""https://worthcalc.win/zh/disclaimer/"", ""https://worthcalc.win/zh/guides/"", ""https://worthcalc.win/zh/money/"", ""https://worthcalc.win/zh/privacy/"", ""https://worthcalc.win/zh/terms/"", ""https://worthcalc.win/zh/tools/"", ""https://worthcalc.win/zh/tools/installment-true-apr/"", ""https://worthcalc.win/zh/topics/debt-credit/"", ""https://worthcalc.win/zh/zero-interest-installments-truth/""]",[],[],False,5,[]
https://worthcalc.win/zh/budget-with-irregular-income/,200,https://worthcalc.win/zh/budget-with-irregular-income/,https://worthcalc.win/zh/budget-with-irregular-income/,200,"index, follow, max-image-preview:large",,接案、業績抽成收入不固定，月預算該怎麼抓？ | WorthCalc,收入不固定的自由工作者與業務，做預算前要先攤平年繳帳單，並算進二代健保補充保費與綜所稅，才不會月底才發現錢不夠。,"[""接案、業績抽成收入不固定，月預算該怎麼抓？""]",zh-TW,[],"{""en"": ""https://worthcalc.win/en/budget-with-irregular-income/"", ""zh-TW"": ""https://worthcalc.win/zh/budget-with-irregular-income/"", ""x-default"": ""https://worthcalc.win/en/budget-with-irregular-income/""}",[],"[""https://worthcalc.win/de/budget-with-irregular-income/"", ""https://worthcalc.win/en/budget-with-irregular-income/"", ""https://worthcalc.win/es/budget-with-irregular-income/"", ""https://worthcalc.win/fr/budget-with-irregular-income/"", ""https://worthcalc.win/zh/"", ""https://worthcalc.win/zh/about/"", ""https://worthcalc.win/zh/budget-with-irregular-income/"", ""https://worthcalc.win/zh/changelog/"", ""https://worthcalc.win/zh/contact/"", ""https://worthcalc.win/zh/disclaimer/"", ""https://worthcalc.win/zh/guides/"", ""https://worthcalc.win/zh/money/"", ""https://worthcalc.win/zh/privacy/"", ""https://worthcalc.win/zh/terms/"", ""https://worthcalc.win/zh/tools/"", ""https://worthcalc.win/zh/tools/budget-builder/"", ""https://worthcalc.win/zh/topics/income-savings/""]",[],[],False,4,[]
https://worthcalc.win/zh/bulk-buying-vs-small-packages/,200,https://worthcalc.win/zh/bulk-buying-vs-small-packages/,https://worthcalc.win/zh/bulk-buying-vs-small-packages/,200,"index, follow, max-image-preview:large",,大包裝真的比較省嗎？耗損、效期、會員與保存成本計算器 | WorthCalc,把小包與大包換成耗損後有效單價，納入有效日期、會員分攤、運費、分裝與保存空間。,"[""大包裝真的比較省嗎？耗損、效期、會員與保存成本計算器""]",zh-TW,[],"{""en"": ""https://worthcalc.win/en/bulk-buying-vs-small-packages/"", ""zh-TW"": ""https://worthcalc.win/zh/bulk-buying-vs-small-packages/"", ""x-default"": ""https://worthcalc.win/en/bulk-buying-vs-small-packages/""}",[],"[""https://worthcalc.win/de/bulk-buying-vs-small-packages/"", ""https://worthcalc.win/en/bulk-buying-vs-small-packages/"", ""https://worthcalc.win/es/bulk-buying-vs-small-packages/"", ""https://worthcalc.win/fr/bulk-buying-vs-small-packages/"", ""https://worthcalc.win/zh/"", ""https://worthcalc.win/zh/about/"", ""https://worthcalc.win/zh/bulk-buying-vs-small-packages/"", ""https://worthcalc.win/zh/changelog/"", ""https://worthcalc.win/zh/contact/"", ""https://worthcalc.win/zh/disclaimer/"", ""https://worthcalc.win/zh/guides/"", ""https://worthcalc.win/zh/money/"", ""https://worthcalc.win/zh/privacy/"", ""https://worthcalc.win/zh/terms/"", ""https://worthcalc.win/zh/tools/"", ""https://worthcalc.win/zh/topics/everyday/""]",[],[],False,5,[]
https://worthcalc.win/zh/bulk-buying-waste-math/,200,https://worthcalc.win/zh/bulk-buying-waste-math/,https://worthcalc.win/zh/bulk-buying-waste-math/,200,"index, follow, max-image-preview:large",,大包裝真的便宜嗎？把「丟掉的那部分」算進去的有效單價 | WorthCalc,大罐帳面單價便宜 25%，但你只用得完三分之二——有效單價的算法、折損率怎麼估、什麼品項適合囤、什麼注定丟一半。,"[""大包裝真的便宜嗎？把「丟掉的那部分」算進去的有效單價""]",zh-TW,[],"{""en"": ""https://worthcalc.win/en/bulk-buying-waste-math/"", ""zh-TW"": ""https://worthcalc.win/zh/bulk-buying-waste-math/"", ""x-default"": ""https://worthcalc.win/en/bulk-buying-waste-math/""}",[],"[""https://worthcalc.win/de/bulk-buying-waste-math/"", ""https://worthcalc.win/en/bulk-buying-waste-math/"", ""https://worthcalc.win/es/bulk-buying-waste-math/"", ""https://worthcalc.win/fr/bulk-buying-waste-math/"", ""https://worthcalc.win/zh/"", ""https://worthcalc.win/zh/about/"", ""https://worthcalc.win/zh/bulk-buying-waste-math/"", ""https://worthcalc.win/zh/changelog/"", ""https://worthcalc.win/zh/contact/"", ""https://worthcalc.win/zh/costco-math/"", ""https://worthcalc.win/zh/disclaimer/"", ""https://worthcalc.win/zh/guides/"", ""https://worthcalc.win/zh/money/"", ""https://worthcalc.win/zh/privacy/"", ""https://worthcalc.win/zh/terms/"", ""https://worthcalc.win/zh/tools/"", ""https://worthcalc.win/zh/tools/costco-membership/"", ""https://worthcalc.win/zh/tools/latte-factor/"", ""https://worthcalc.win/zh/topics/everyday/""]",[],[],False,5,[]
https://worthcalc.win/zh/car-lease-vs-buy-total-cost/,200,https://worthcalc.win/zh/car-lease-vs-buy-total-cost/,https://worthcalc.win/zh/car-lease-vs-buy-total-cost/,200,"index, follow, max-image-preview:large",,租賃還是買車？總成本、里程限制與轉售風險怎麼算 | WorthCalc,用相同期間比較汽車長租／租賃與買車，納入簽約金、月租、保險保養、超里程、還車費、貸款利息、轉售與買回價。,"[""租賃還是買車？總成本、里程限制與轉售風險怎麼算""]",zh-TW,[],"{""en"": ""https://worthcalc.win/en/car-lease-vs-buy-total-cost/"", ""zh-TW"": ""https://worthcalc.win/zh/car-lease-vs-buy-total-cost/"", ""x-default"": ""https://worthcalc.win/en/car-lease-vs-buy-total-cost/""}",[],"[""https://worthcalc.win/de/car-lease-vs-buy-total-cost/"", ""https://worthcalc.win/en/car-lease-vs-buy-total-cost/"", ""https://worthcalc.win/es/car-lease-vs-buy-total-cost/"", ""https://worthcalc.win/fr/car-lease-vs-buy-total-cost/"", ""https://worthcalc.win/zh/"", ""https://worthcalc.win/zh/about/"", ""https://worthcalc.win/zh/car-lease-vs-buy-total-cost/"", ""https://worthcalc.win/zh/changelog/"", ""https://worthcalc.win/zh/contact/"", ""https://worthcalc.win/zh/disclaimer/"", ""https://worthcalc.win/zh/guides/"", ""https://worthcalc.win/zh/money/"", ""https://worthcalc.win/zh/new-vs-used-car-total-cost/"", ""https://worthcalc.win/zh/privacy/"", ""https://worthcalc.win/zh/terms/"", ""https://worthcalc.win/zh/tools/"", ""https://worthcalc.win/zh/topics/transportation/""]",[],[],False,5,[]
https://worthcalc.win/zh/cashback-caps-real-reward-rate/,200,https://worthcalc.win/zh/cashback-caps-real-reward-rate/,https://worthcalc.win/zh/cashback-caps-real-reward-rate/,200,"index, follow, max-image-preview:large",,信用卡回饋上限怎麼算？找出真正回饋率 | WorthCalc,把加碼回饋、每期上限、超限基本回饋、一般消費、排除項目與點數價值拆開，算出整期帳單真正回饋率。,"[""信用卡回饋上限怎麼算？找出真正回饋率""]",zh-TW,[],"{""en"": ""https://worthcalc.win/en/cashback-caps-real-reward-rate/"", ""zh-TW"": ""https://worthcalc.win/zh/cashback-caps-real-reward-rate/"", ""x-default"": ""https://worthcalc.win/en/cashback-caps-real-reward-rate/""}",[],"[""https://worthcalc.win/de/cashback-caps-real-reward-rate/"", ""https://worthcalc.win/en/cashback-caps-real-reward-rate/"", ""https://worthcalc.win/es/cashback-caps-real-reward-rate/"", ""https://worthcalc.win/fr/cashback-caps-real-reward-rate/"", ""https://worthcalc.win/zh/"", ""https://worthcalc.win/zh/about/"", ""https://worthcalc.win/zh/cashback-caps-real-reward-rate/"", ""https://worthcalc.win/zh/changelog/"", ""https://worthcalc.win/zh/contact/"", ""https://worthcalc.win/zh/disclaimer/"", ""https://worthcalc.win/zh/guides/"", ""https://worthcalc.win/zh/money/"", ""https://worthcalc.win/zh/privacy/"", ""https://worthcalc.win/zh/terms/"", ""https://worthcalc.win/zh/tools/"", ""https://worthcalc.win/zh/tools/cashback-breakeven/"", ""https://worthcalc.win/zh/topics/debt-credit/""]",[],[],False,5,[]
https://worthcalc.win/zh/changelog/,200,https://worthcalc.win/zh/changelog/,https://worthcalc.win/zh/changelog/,200,"index, follow, max-image-preview:large",,更新紀錄 | WorthCalc,WorthCalc 值不值得計算機的版本更新紀錄。,"[""更新紀錄""]",zh-TW,[],"{""en"": ""https://worthcalc.win/en/changelog/"", ""zh-TW"": ""https://worthcalc.win/zh/changelog/"", ""x-default"": ""https://worthcalc.win/en/changelog/""}",[],"[""https://worthcalc.win/de/changelog/"", ""https://worthcalc.win/en/changelog/"", ""https://worthcalc.win/es/changelog/"", ""https://worthcalc.win/fr/changelog/"", ""https://worthcalc.win/zh/"", ""https://worthcalc.win/zh/about/"", ""https://worthcalc.win/zh/changelog/"", ""https://worthcalc.win/zh/contact/"", ""https://worthcalc.win/zh/disclaimer/"", ""https://worthcalc.win/zh/guides/"", ""https://worthcalc.win/zh/money/"", ""https://worthcalc.win/zh/privacy/"", ""https://worthcalc.win/zh/terms/"", ""https://worthcalc.win/zh/tools/""]",[],[],False,4,[]
https://worthcalc.win/zh/contact/,200,https://worthcalc.win/zh/contact/,https://worthcalc.win/zh/contact/,200,"index, follow, max-image-preview:large",,聯絡 WorthCalc | WorthCalc,計算機錯誤回報、數字修正、功能建議，或合作洽詢，都可以與 WorthCalc 團隊聯絡。,"[""聯絡 WorthCalc""]",zh-TW,[],"{""en"": ""https://worthcalc.win/en/contact/"", ""zh-TW"": ""https://worthcalc.win/zh/contact/"", ""x-default"": ""https://worthcalc.win/en/contact/""}",[],"[""https://worthcalc.win/cdn-cgi/l/email-protection"", ""https://worthcalc.win/de/contact/"", ""https://worthcalc.win/en/contact/"", ""https://worthcalc.win/es/contact/"", ""https://worthcalc.win/fr/contact/"", ""https://worthcalc.win/zh/"", ""https://worthcalc.win/zh/about/"", ""https://worthcalc.win/zh/changelog/"", ""https://worthcalc.win/zh/contact/"", ""https://worthcalc.win/zh/disclaimer/"", ""https://worthcalc.win/zh/guides/"", ""https://worthcalc.win/zh/money/"", ""https://worthcalc.win/zh/privacy/"", ""https://worthcalc.win/zh/terms/"", ""https://worthcalc.win/zh/tools/""]","[""https://worthcalc.win/cdn-cgi/l/email-protection""]",[],False,4,[]
https://worthcalc.win/zh/cost-per-use-expensive-item/,200,https://worthcalc.win/zh/cost-per-use-expensive-item/,https://worthcalc.win/zh/cost-per-use-expensive-item/,200,"index, follow, max-image-preview:large",,高價物品每次使用成本：預期、實際與損益次數計算器 | WorthCalc,用購買、維護、耗材、淨轉售、預期與實際次數，計算高價物品每次成本及租用替代損益點。,"[""高價物品每次使用成本：預期、實際與損益次數計算器""]",zh-TW,[],"{""zh-TW"": ""https://worthcalc.win/zh/cost-per-use-expensive-item/"", ""x-default"": ""https://worthcalc.win/zh/cost-per-use-expensive-item/""}",[],"[""https://worthcalc.win/de/cost-per-use-expensive-item/"", ""https://worthcalc.win/en/cost-per-use-expensive-item/"", ""https://worthcalc.win/es/cost-per-use-expensive-item/"", ""https://worthcalc.win/fr/cost-per-use-expensive-item/"", ""https://worthcalc.win/zh/"", ""https://worthcalc.win/zh/about/"", ""https://worthcalc.win/zh/changelog/"", ""https://worthcalc.win/zh/contact/"", ""https://worthcalc.win/zh/cost-per-use-expensive-item/"", ""https://worthcalc.win/zh/disclaimer/"", ""https://worthcalc.win/zh/guides/"", ""https://worthcalc.win/zh/money/"", ""https://worthcalc.win/zh/privacy/"", ""https://worthcalc.win/zh/terms/"", ""https://worthcalc.win/zh/tools/"", ""https://worthcalc.win/zh/topics/everyday/""]",[],[],False,5,[]
https://worthcalc.win/zh/costco-math/,200,https://worthcalc.win/zh/costco-math/,https://worthcalc.win/zh/costco-math/,200,"index, follow, max-image-preview:large",,好市多會員的數學：年費怎麼算才回本 | WorthCalc,好市多會員值得嗎？金星會員、商業會員、黑鑽卡會員的回本門檻一次算清楚，2% 回饋的數學、回饋上限，附免費試算計算機。,"[""好市多會員的數學：年費怎麼算才回本""]",zh-TW,[],"{""en"": ""https://worthcalc.win/en/costco-math/"", ""zh-TW"": ""https://worthcalc.win/zh/costco-math/"", ""x-default"": ""https://worthcalc.win/en/costco-math/""}",[],"[""https://worthcalc.win/de/costco-math/"", ""https://worthcalc.win/en/costco-math/"", ""https://worthcalc.win/es/costco-math/"", ""https://worthcalc.win/fr/costco-math/"", ""https://worthcalc.win/zh/"", ""https://worthcalc.win/zh/about/"", ""https://worthcalc.win/zh/changelog/"", ""https://worthcalc.win/zh/contact/"", ""https://worthcalc.win/zh/costco-math/"", ""https://worthcalc.win/zh/disclaimer/"", ""https://worthcalc.win/zh/guides/"", ""https://worthcalc.win/zh/money/"", ""https://worthcalc.win/zh/privacy/"", ""https://worthcalc.win/zh/subscription-creep/"", ""https://worthcalc.win/zh/terms/"", ""https://worthcalc.win/zh/tools/"", ""https://worthcalc.win/zh/tools/cashback-breakeven/"", ""https://worthcalc.win/zh/tools/costco-membership/"", ""https://worthcalc.win/zh/topics/memberships/""]",[],[],False,5,[]
https://worthcalc.win/zh/credit-card-minimum-payment-trap/,200,https://worthcalc.win/zh/credit-card-minimum-payment-trap/,https://worthcalc.win/zh/credit-card-minimum-payment-trap/,200,"index, follow, max-image-preview:large",,信用卡只繳最低應繳，利息怎麼算？循環利率15%上限是什麼 | WorthCalc,拆解台灣信用卡最低應繳的計算公式、循環利息日息算法，以及15%法定上限為什麼不代表你的卡利率就是15%。,"[""信用卡只繳最低應繳，利息怎麼算？循環利率15%上限是什麼""]",zh-TW,[],"{""en"": ""https://worthcalc.win/en/credit-card-minimum-payment-trap/"", ""zh-TW"": ""https://worthcalc.win/zh/credit-card-minimum-payment-trap/"", ""x-default"": ""https://worthcalc.win/en/credit-card-minimum-payment-trap/""}",[],"[""https://worthcalc.win/de/credit-card-minimum-payment-trap/"", ""https://worthcalc.win/en/credit-card-minimum-payment-trap/"", ""https://worthcalc.win/es/credit-card-minimum-payment-trap/"", ""https://worthcalc.win/fr/credit-card-minimum-payment-trap/"", ""https://worthcalc.win/zh/"", ""https://worthcalc.win/zh/about/"", ""https://worthcalc.win/zh/changelog/"", ""https://worthcalc.win/zh/contact/"", ""https://worthcalc.win/zh/credit-card-minimum-payment-trap/"", ""https://worthcalc.win/zh/disclaimer/"", ""https://worthcalc.win/zh/guides/"", ""https://worthcalc.win/zh/money/"", ""https://worthcalc.win/zh/privacy/"", ""https://worthcalc.win/zh/terms/"", ""https://worthcalc.win/zh/tools/"", ""https://worthcalc.win/zh/tools/credit-card-payoff/"", ""https://worthcalc.win/zh/topics/debt-credit/""]",[],[],False,4,[]
https://worthcalc.win/zh/delivery-membership-break-even/,200,https://worthcalc.win/zh/delivery-membership-break-even/,https://worthcalc.win/zh/delivery-membership-break-even/,200,"index, follow, max-image-preview:large",,外送會員一年要用幾次才回本 | WorthCalc,用合格訂單、免運差額、服務費差、最低消費、湊單與完全不用月份，計算外送會員一年回本次數。,"[""外送會員一年要用幾次才回本""]",zh-TW,[],"{""en"": ""https://worthcalc.win/en/delivery-membership-break-even/"", ""zh-TW"": ""https://worthcalc.win/zh/delivery-membership-break-even/"", ""x-default"": ""https://worthcalc.win/en/delivery-membership-break-even/""}",[],"[""https://worthcalc.win/de/delivery-membership-break-even/"", ""https://worthcalc.win/en/delivery-membership-break-even/"", ""https://worthcalc.win/es/delivery-membership-break-even/"", ""https://worthcalc.win/fr/delivery-membership-break-even/"", ""https://worthcalc.win/zh/"", ""https://worthcalc.win/zh/about/"", ""https://worthcalc.win/zh/changelog/"", ""https://worthcalc.win/zh/contact/"", ""https://worthcalc.win/zh/delivery-membership-break-even/"", ""https://worthcalc.win/zh/disclaimer/"", ""https://worthcalc.win/zh/guides/"", ""https://worthcalc.win/zh/money/"", ""https://worthcalc.win/zh/privacy/"", ""https://worthcalc.win/zh/terms/"", ""https://worthcalc.win/zh/tools/"", ""https://worthcalc.win/zh/topics/memberships/""]",[],[],False,5,[]
https://worthcalc.win/zh/disclaimer/,200,https://worthcalc.win/zh/disclaimer/,https://worthcalc.win/zh/disclaimer/,200,"index, follow, max-image-preview:large",,免責聲明 | WorthCalc,WorthCalc 的計算結果僅供一般資訊參考，本站僅供試算參考，非投資或財務建議。,"[""免責聲明""]",zh-TW,[],"{""en"": ""https://worthcalc.win/en/disclaimer/"", ""zh-TW"": ""https://worthcalc.win/zh/disclaimer/"", ""x-default"": ""https://worthcalc.win/en/disclaimer/""}",[],"[""https://worthcalc.win/de/disclaimer/"", ""https://worthcalc.win/en/disclaimer/"", ""https://worthcalc.win/es/disclaimer/"", ""https://worthcalc.win/fr/disclaimer/"", ""https://worthcalc.win/zh/"", ""https://worthcalc.win/zh/about/"", ""https://worthcalc.win/zh/changelog/"", ""https://worthcalc.win/zh/contact/"", ""https://worthcalc.win/zh/disclaimer/"", ""https://worthcalc.win/zh/guides/"", ""https://worthcalc.win/zh/money/"", ""https://worthcalc.win/zh/privacy/"", ""https://worthcalc.win/zh/terms/"", ""https://worthcalc.win/zh/tools/""]",[],[],False,4,[]
https://worthcalc.win/zh/emergency-fund-how-much/,200,https://worthcalc.win/zh/emergency-fund-how-much/,https://worthcalc.win/zh/emergency-fund-how-much/,200,"index,follow",,緊急預備金要存多少？3 個月 vs 6 個月完整計算｜WorthCalc,緊急預備金不是背一個月數。用必要支出、收入穩定度、保險、自付額、家庭責任與可動用現金，算出真正適合你的安全墊範圍。,"[""緊急預備金要存多少？3 個月、6 個月不是唯一答案""]",zh-TW,[],"{""zh-TW"": ""https://worthcalc.win/zh/emergency-fund-how-much/"", ""x-default"": ""https://worthcalc.win/zh/emergency-fund-how-much/""}",[],"[""https://worthcalc.win/zh/"", ""https://worthcalc.win/zh/about/"", ""https://worthcalc.win/zh/changelog/"", ""https://worthcalc.win/zh/contact/"", ""https://worthcalc.win/zh/disclaimer/"", ""https://worthcalc.win/zh/emergency-fund-how-much/"", ""https://worthcalc.win/zh/emergency-fund-vs-sinking-fund/"", ""https://worthcalc.win/zh/guides/"", ""https://worthcalc.win/zh/guides/cash-flow-buffer-vs-emergency-fund/"", ""https://worthcalc.win/zh/guides/emergency-fund-rebuild-after-use/"", ""https://worthcalc.win/zh/guides/insurance-deductible-cash-reserve/"", ""https://worthcalc.win/zh/guides/post-debt-payoff-cashflow-plan/"", ""https://worthcalc.win/zh/guides/single-income-household-stress-test/"", ""https://worthcalc.win/zh/how-to-calculate-net-worth/"", ""https://worthcalc.win/zh/money/"", ""https://worthcalc.win/zh/privacy/"", ""https://worthcalc.win/zh/terms/"", ""https://worthcalc.win/zh/tools/"", ""https://worthcalc.win/zh/tools/budget-builder/"", ""https://worthcalc.win/zh/topics/income-savings/""]",[],[],False,3,[]
https://worthcalc.win/zh/emergency-fund-irregular-income/,200,https://worthcalc.win/zh/emergency-fund-irregular-income/,https://worthcalc.win/zh/emergency-fund-irregular-income/,200,"index,follow",,收入不固定緊急預備金怎麼存？接案／自營完整方法｜WorthCalc,收入波動時不要用平均月薪假裝穩定。用收入底線、必要支出、淡旺季、稅款與大額入帳規劃緊急預備金。,"[""收入不固定，緊急預備金怎麼存？接案、自營與獎金制的現金流做法""]",zh-TW,[],"{""en"": ""https://worthcalc.win/en/emergency-fund-irregular-income/"", ""zh-TW"": ""https://worthcalc.win/zh/emergency-fund-irregular-income/"", ""x-default"": ""https://worthcalc.win/en/emergency-fund-irregular-income/""}",[],"[""https://worthcalc.win/en/emergency-fund-irregular-income/"", ""https://worthcalc.win/zh/"", ""https://worthcalc.win/zh/about/"", ""https://worthcalc.win/zh/changelog/"", ""https://worthcalc.win/zh/contact/"", ""https://worthcalc.win/zh/disclaimer/"", ""https://worthcalc.win/zh/emergency-fund-how-much/"", ""https://worthcalc.win/zh/emergency-fund-irregular-income/"", ""https://worthcalc.win/zh/guides/"", ""https://worthcalc.win/zh/guides/commission-income-tax-reserve-cashflow/"", ""https://worthcalc.win/zh/guides/financial-runway-months/"", ""https://worthcalc.win/zh/guides/variable-bonus-income-fixed-obligations/"", ""https://worthcalc.win/zh/how-to-calculate-savings-rate/"", ""https://worthcalc.win/zh/money/"", ""https://worthcalc.win/zh/privacy/"", ""https://worthcalc.win/zh/terms/"", ""https://worthcalc.win/zh/tools/"", ""https://worthcalc.win/zh/tools/budget-builder/"", ""https://worthcalc.win/zh/topics/income-savings/""]",[],[],False,3,[]
https://worthcalc.win/zh/emergency-fund-vs-debt-payoff/,200,https://worthcalc.win/zh/emergency-fund-vs-debt-payoff/,https://worthcalc.win/zh/emergency-fund-vs-debt-payoff/,200,"index,follow",,先存緊急預備金還是先還債？完整判斷框架｜WorthCalc,「全部拿去還債」可能讓下一次突發支出又回到借款；「只存錢不處理高成本債務」也有代價。用分層緩衝與債務成本一起判斷。,"[""先存緊急預備金，還是先還債？用利率、現金流與再借款風險做判斷""]",zh-TW,[],"{""zh-TW"": ""https://worthcalc.win/zh/emergency-fund-vs-debt-payoff/"", ""x-default"": ""https://worthcalc.win/zh/emergency-fund-vs-debt-payoff/""}",[],"[""https://worthcalc.win/zh/"", ""https://worthcalc.win/zh/about/"", ""https://worthcalc.win/zh/changelog/"", ""https://worthcalc.win/zh/contact/"", ""https://worthcalc.win/zh/disclaimer/"", ""https://worthcalc.win/zh/emergency-fund-how-much/"", ""https://worthcalc.win/zh/emergency-fund-vs-debt-payoff/"", ""https://worthcalc.win/zh/guides/"", ""https://worthcalc.win/zh/guides/debt-paydown-interest-vs-cashflow/"", ""https://worthcalc.win/zh/guides/extra-payment-personal-loan/"", ""https://worthcalc.win/zh/guides/windfall-debt-vs-cash-allocation/"", ""https://worthcalc.win/zh/money/"", ""https://worthcalc.win/zh/privacy/"", ""https://worthcalc.win/zh/terms/"", ""https://worthcalc.win/zh/tools/"", ""https://worthcalc.win/zh/tools/credit-card-payoff/"", ""https://worthcalc.win/zh/tools/debt-strategy/"", ""https://worthcalc.win/zh/topics/debt-credit/""]",[],[],False,3,[]
https://worthcalc.win/zh/emergency-fund-vs-sinking-fund/,200,https://worthcalc.win/zh/emergency-fund-vs-sinking-fund/,https://worthcalc.win/zh/emergency-fund-vs-sinking-fund/,200,"index,follow",,緊急預備金 vs Sinking Fund：預期支出怎麼分？｜WorthCalc,保險、稅、維修、旅遊、學費不是突然發生就等於緊急。學會把 emergency fund 與 sinking fund 分開，避免安全墊被已知支出吃掉。,"[""緊急預備金 vs 目標基金：哪些支出其實不算「緊急」？""]",zh-TW,[],"{""zh-TW"": ""https://worthcalc.win/zh/emergency-fund-vs-sinking-fund/"", ""x-default"": ""https://worthcalc.win/zh/emergency-fund-vs-sinking-fund/""}",[],"[""https://worthcalc.win/zh/"", ""https://worthcalc.win/zh/about/"", ""https://worthcalc.win/zh/changelog/"", ""https://worthcalc.win/zh/contact/"", ""https://worthcalc.win/zh/disclaimer/"", ""https://worthcalc.win/zh/emergency-fund-how-much/"", ""https://worthcalc.win/zh/emergency-fund-irregular-income/"", ""https://worthcalc.win/zh/emergency-fund-vs-sinking-fund/"", ""https://worthcalc.win/zh/guides/"", ""https://worthcalc.win/zh/guides/sinking-fund-by-deadline/"", ""https://worthcalc.win/zh/money/"", ""https://worthcalc.win/zh/privacy/"", ""https://worthcalc.win/zh/terms/"", ""https://worthcalc.win/zh/tools/"", ""https://worthcalc.win/zh/tools/budget-builder/"", ""https://worthcalc.win/zh/topics/income-savings/""]",[],[],False,3,[]
https://worthcalc.win/zh/energy-efficient-appliance-payback/,200,https://worthcalc.win/zh/energy-efficient-appliance-payback/,https://worthcalc.win/zh/energy-efficient-appliance-payback/,200,"index, follow, max-image-preview:large",,節能家電多久回本？用價差、耗電、使用頻率與電價試算 | WorthCalc,用節能家電淨價差、每次耗電差、年使用次數、台電邊際電價、補助與持有年數計算回本。,"[""節能家電多久回本？用價差、耗電、使用頻率與電價試算""]",zh-TW,[],"{""en"": ""https://worthcalc.win/en/energy-efficient-appliance-payback/"", ""zh-TW"": ""https://worthcalc.win/zh/energy-efficient-appliance-payback/"", ""x-default"": ""https://worthcalc.win/en/energy-efficient-appliance-payback/""}",[],"[""https://worthcalc.win/de/energy-efficient-appliance-payback/"", ""https://worthcalc.win/en/energy-efficient-appliance-payback/"", ""https://worthcalc.win/es/energy-efficient-appliance-payback/"", ""https://worthcalc.win/fr/energy-efficient-appliance-payback/"", ""https://worthcalc.win/zh/"", ""https://worthcalc.win/zh/about/"", ""https://worthcalc.win/zh/changelog/"", ""https://worthcalc.win/zh/contact/"", ""https://worthcalc.win/zh/disclaimer/"", ""https://worthcalc.win/zh/energy-efficient-appliance-payback/"", ""https://worthcalc.win/zh/guides/"", ""https://worthcalc.win/zh/money/"", ""https://worthcalc.win/zh/privacy/"", ""https://worthcalc.win/zh/terms/"", ""https://worthcalc.win/zh/tools/"", ""https://worthcalc.win/zh/topics/everyday/""]",[],[],False,5,[]
https://worthcalc.win/zh/ev-vs-gas-total-cost/,200,https://worthcalc.win/zh/ev-vs-gas-total-cost/,https://worthcalc.win/zh/ev-vs-gas-total-cost/,200,"index, follow, max-image-preview:large",,電動車和油車怎麼比較五年總持有成本 | WorthCalc,用實際成交價、家充建置、電費或油錢、保險、保養、牌照稅、汽車燃料使用費、折舊與轉售價比較電動車和油車五年成本。,"[""電動車和油車怎麼比較五年總持有成本""]",zh-TW,[],"{""en"": ""https://worthcalc.win/en/ev-vs-gas-total-cost/"", ""zh-TW"": ""https://worthcalc.win/zh/ev-vs-gas-total-cost/"", ""x-default"": ""https://worthcalc.win/en/ev-vs-gas-total-cost/""}",[],"[""https://worthcalc.win/de/ev-vs-gas-total-cost/"", ""https://worthcalc.win/en/ev-vs-gas-total-cost/"", ""https://worthcalc.win/es/ev-vs-gas-total-cost/"", ""https://worthcalc.win/fr/ev-vs-gas-total-cost/"", ""https://worthcalc.win/zh/"", ""https://worthcalc.win/zh/about/"", ""https://worthcalc.win/zh/changelog/"", ""https://worthcalc.win/zh/contact/"", ""https://worthcalc.win/zh/disclaimer/"", ""https://worthcalc.win/zh/ev-vs-gas-total-cost/"", ""https://worthcalc.win/zh/guides/"", ""https://worthcalc.win/zh/money/"", ""https://worthcalc.win/zh/privacy/"", ""https://worthcalc.win/zh/terms/"", ""https://worthcalc.win/zh/tools/"", ""https://worthcalc.win/zh/topics/transportation/""]",[],[],False,5,[]
https://worthcalc.win/zh/extended-warranty-math/,200,https://worthcalc.win/zh/extended-warranty-math/,https://worthcalc.win/zh/extended-warranty-math/,200,"index, follow, max-image-preview:large",,延長保固值得買嗎？期望值算法與三個真的該買的例外 | WorthCalc,延保定價通常是商品價 10-20%，而多數電子產品延保期故障率不到 10%——期望值上是虧的。但有三種情況該買：修不起的、常壞的、壞不起的。附計算流程。,"[""延長保固值得買嗎？期望值算法與三個真的該買的例外""]",zh-TW,[],"{""en"": ""https://worthcalc.win/en/extended-warranty-math/"", ""zh-TW"": ""https://worthcalc.win/zh/extended-warranty-math/"", ""x-default"": ""https://worthcalc.win/en/extended-warranty-math/""}",[],"[""https://worthcalc.win/en/extended-warranty-math/"", ""https://worthcalc.win/zh/"", ""https://worthcalc.win/zh/about/"", ""https://worthcalc.win/zh/changelog/"", ""https://worthcalc.win/zh/contact/"", ""https://worthcalc.win/zh/disclaimer/"", ""https://worthcalc.win/zh/extended-warranty-math/"", ""https://worthcalc.win/zh/guides/"", ""https://worthcalc.win/zh/money/"", ""https://worthcalc.win/zh/privacy/"", ""https://worthcalc.win/zh/terms/"", ""https://worthcalc.win/zh/tools/"", ""https://worthcalc.win/zh/tools/latte-factor/"", ""https://worthcalc.win/zh/topics/everyday/""]",[],[],False,5,[]
https://worthcalc.win/zh/extra-mortgage-payments-guide/,200,https://worthcalc.win/zh/extra-mortgage-payments-guide/,https://worthcalc.win/zh/extra-mortgage-payments-guide/,200,"index, follow, max-image-preview:large",,房貸多繳划不划算？寬限期、提前清償違約金一次搞懂 | WorthCalc,台灣房貸多繳前必須先確認的三件事：銀行怎麼沖還本金、寬限期正在付什麼、提前清償違約金三年內會扣多少。,"[""房貸多繳划不划算？寬限期、提前清償違約金一次搞懂""]",zh-TW,[],"{""en"": ""https://worthcalc.win/en/extra-mortgage-payments-guide/"", ""zh-TW"": ""https://worthcalc.win/zh/extra-mortgage-payments-guide/"", ""x-default"": ""https://worthcalc.win/en/extra-mortgage-payments-guide/""}",[],"[""https://worthcalc.win/de/extra-mortgage-payments-guide/"", ""https://worthcalc.win/en/extra-mortgage-payments-guide/"", ""https://worthcalc.win/es/extra-mortgage-payments-guide/"", ""https://worthcalc.win/fr/extra-mortgage-payments-guide/"", ""https://worthcalc.win/zh/"", ""https://worthcalc.win/zh/about/"", ""https://worthcalc.win/zh/changelog/"", ""https://worthcalc.win/zh/contact/"", ""https://worthcalc.win/zh/disclaimer/"", ""https://worthcalc.win/zh/extra-mortgage-payments-guide/"", ""https://worthcalc.win/zh/guides/"", ""https://worthcalc.win/zh/guides/monthly-extra-vs-annual-lump-sum/"", ""https://worthcalc.win/zh/money/"", ""https://worthcalc.win/zh/privacy/"", ""https://worthcalc.win/zh/terms/"", ""https://worthcalc.win/zh/tools/"", ""https://worthcalc.win/zh/tools/mortgage-payoff/"", ""https://worthcalc.win/zh/topics/housing/""]",[],[],False,4,[]
https://worthcalc.win/zh/full-commute-cost-including-time/,200,https://worthcalc.win/zh/full-commute-cost-including-time/,https://worthcalc.win/zh/full-commute-cost-including-time/,200,"index, follow, max-image-preview:large",,通勤不只油錢：如何把時間也算進每月通勤成本 | WorthCalc,用能源、票價、停車、保養、里程折舊與自訂時間價值計算每月通勤成本，不把時間直接等同薪資。,"[""通勤不只油錢：如何把時間也算進每月通勤成本""]",zh-TW,[],"{""en"": ""https://worthcalc.win/en/full-commute-cost-including-time/"", ""zh-TW"": ""https://worthcalc.win/zh/full-commute-cost-including-time/"", ""x-default"": ""https://worthcalc.win/en/full-commute-cost-including-time/""}",[],"[""https://worthcalc.win/de/full-commute-cost-including-time/"", ""https://worthcalc.win/en/full-commute-cost-including-time/"", ""https://worthcalc.win/es/full-commute-cost-including-time/"", ""https://worthcalc.win/fr/full-commute-cost-including-time/"", ""https://worthcalc.win/zh/"", ""https://worthcalc.win/zh/about/"", ""https://worthcalc.win/zh/changelog/"", ""https://worthcalc.win/zh/contact/"", ""https://worthcalc.win/zh/disclaimer/"", ""https://worthcalc.win/zh/full-commute-cost-including-time/"", ""https://worthcalc.win/zh/guides/"", ""https://worthcalc.win/zh/money/"", ""https://worthcalc.win/zh/privacy/"", ""https://worthcalc.win/zh/terms/"", ""https://worthcalc.win/zh/tools/"", ""https://worthcalc.win/zh/topics/transportation/""]",[],[],False,5,[]
https://worthcalc.win/zh/guides/,200,https://worthcalc.win/zh/guides/,https://worthcalc.win/zh/guides/,200,"index, follow, max-image-preview:large",,全部指南 | WorthCalc,WorthCalc 的所有決策指南，依主題分類：住房、債務與信用、交通、日常回本、訂閱會員、收入與儲蓄。,"[""全部指南""]",zh-TW,[],"{""en"": ""https://worthcalc.win/en/guides/"", ""zh-TW"": ""https://worthcalc.win/zh/guides/"", ""x-default"": ""https://worthcalc.win/en/guides/""}",[],"[""https://worthcalc.win/de/guides/"", ""https://worthcalc.win/en/guides/"", ""https://worthcalc.win/es/guides/"", ""https://worthcalc.win/fr/guides/"", ""https://worthcalc.win/zh/"", ""https://worthcalc.win/zh/about/"", ""https://worthcalc.win/zh/annual-fee-card-breakeven/"", ""https://worthcalc.win/zh/annual-vs-monthly-billing/"", ""https://worthcalc.win/zh/apr-vs-apy/"", ""https://worthcalc.win/zh/average-commuting-cost/"", ""https://worthcalc.win/zh/bnpl-vs-credit-card-installments/"", ""https://worthcalc.win/zh/budget-with-irregular-income/"", ""https://worthcalc.win/zh/bulk-buying-vs-small-packages/"", ""https://worthcalc.win/zh/bulk-buying-waste-math/"", ""https://worthcalc.win/zh/car-lease-vs-buy-total-cost/"", ""https://worthcalc.win/zh/cashback-caps-real-reward-rate/"", ""https://worthcalc.win/zh/changelog/"", ""https://worthcalc.win/zh/contact/"", ""https://worthcalc.win/zh/cost-per-use-expensive-item/"", ""https://worthcalc.win/zh/costco-math/"", ""https://worthcalc.win/zh/credit-card-minimum-payment-trap/"", ""https://worthcalc.win/zh/delivery-membership-break-even/"", ""https://worthcalc.win/zh/disclaimer/"", ""https://worthcalc.win/zh/emergency-fund-how-much/"", ""https://worthcalc.win/zh/emergency-fund-irregular-income/"", ""https://worthcalc.win/zh/emergency-fund-vs-debt-payoff/"", ""https://worthcalc.win/zh/emergency-fund-vs-sinking-fund/"", ""https://worthcalc.win/zh/energy-efficient-appliance-payback/"", ""https://worthcalc.win/zh/ev-vs-gas-total-cost/"", ""https://worthcalc.win/zh/extended-warranty-math/"", ""https://worthcalc.win/zh/extra-mortgage-payments-guide/"", ""https://worthcalc.win/zh/free-shipping-threshold/"", ""https://worthcalc.win/zh/freelancer-pricing-decision-engine/"", ""https://worthcalc.win/zh/full-commute-cost-including-time/"", ""https://worthcalc.win/zh/guides/"", ""https://worthcalc.win/zh/guides/ai-tool-realized-time-savings-break-even/"", ""https://worthcalc.win/zh/guides/amortization-schedule-explained/"", ""https://worthcalc.win/zh/guides/annual-bill-cluster-cash-low-point/"", ""https://worthcalc.win/zh/guides/annual-expenses-monthly-equivalent/"", ""https://worthcalc.win/zh/guides/annual-plan-cancellation-risk-break-even/"", ""https://worthcalc.win/zh/guides/auto-loan-negative-equity-rollover-cost/"", ""https://worthcalc.win/zh/guides/balance-transfer-fee-break-even/"", ""https://worthcalc.win/zh/guides/base-salary-vs-bonus-fixed-cost-capacity/"", ""https://worthcalc.win/zh/guides/car-down-payment-vs-liquidity/"", ""https://worthcalc.win/zh/guides/car-loan-60-72-84-early-exit/"", ""https://worthcalc.win/zh/guides/car-major-repair-hold-period-break-even/"", ""https://worthcalc.win/zh/guides/cash-discount-vs-financing/"", ""https://worthcalc.win/zh/guides/cash-flow-buffer-vs-emergency-fund/"", ""https://worthcalc.win/zh/guides/cash-runway-before-quitting-job/"", ""https://worthcalc.win/zh/guides/cash-vs-car-loan-liquidity-adjusted/"", ""https://worthcalc.win/zh/guides/childcare-deposit-enrollment-cashflow/"", ""https://worthcalc.win/zh/guides/childcare-return-to-work-break-even/"", ""https://worthcalc.win/zh/guides/commission-income-tax-reserve-cashflow/"", ""https://worthcalc.win/zh/guides/cost-of-delaying-savings-goal/"", ""https://worthcalc.win/zh/guides/debt-consolidation-break-even/"", ""https://worthcalc.win/zh/guides/debt-free-fixed-cost-creep/"", ""https://worthcalc.win/zh/guides/debt-paydown-interest-vs-cashflow/"", ""https://worthcalc.win/zh/guides/debt-to-assets-ratio-personal/"", ""https://worthcalc.win/zh/guides/down-payment-vs-post-purchase-liquidity/"", ""https://worthcalc.win/zh/guides/effective-interest-rate-explained/"", ""https://worthcalc.win/zh/guides/electricity-cost-per-kwh-used/"", ""https://worthcalc.win/zh/guides/emergency-fund-rebuild-after-move/"", ""https://worthcalc.win/zh/guides/emergency-fund-rebuild-after-use/"", ""https://worthcalc.win/zh/guides/employer-benefits-replacement-cost-vs-cash/"", ""https://worthcalc.win/zh/guides/extra-payment-personal-loan/"", ""https://worthcalc.win/zh/guides/extra-principal-before-car-trade-vs-cash/"", ""https://worthcalc.win/zh/guides/extra-room-home-office-incremental-rent-break-even/"", ""https://worthcalc.win/zh/guides/financial-runway-months/"", ""https://worthcalc.win/zh/guides/fixed-cost-ratio-personal-budget/"", ""https://worthcalc.win/zh/guides/fixed-vs-variable-rate-scenario/"", ""https://worthcalc.win/zh/guides/freelance-minimum-billable-rate/"", ""https://worthcalc.win/zh/guides/high-vs-low-deductible-break-even/"", ""https://worthcalc.win/zh/guides/higher-salary-long-commute-vs-lower-salary-nearby/"", ""https://worthcalc.win/zh/guides/how-much-cash-to-keep/"", ""https://worthcalc.win/zh/guides/inflation-adjusted-savings-goal/"", ""https://worthcalc.win/zh/guides/insurance-annual-vs-monthly-payment/"", ""https://worthcalc.win/zh/guides/insurance-deductible-cash-reserve/"", ""https://worthcalc.win/zh/guides/interest-only-period-total-cost/"", ""https://worthcalc.win/zh/guides/job-change-pay-gap-cashflow/"", ""https://worthcalc.win/zh/guides/joint-account-minimum-cash-floor/"", ""https://worthcalc.win/zh/guides/lifestyle-inflation-raise-capture/"", ""https://worthcalc.win/zh/guides/loan-refinance-break-even/"", ""https://worthcalc.win/zh/guides/minimum-cash-balance-checking/"", ""https://worthcalc.win/zh/guides/monthly-extra-vs-annual-lump-sum/"", ""https://worthcalc.win/zh/guides/monthly-payment-affordability-vs-total-cost/"", ""https://worthcalc.win/zh/guides/mortgage-fee-rate-break-even/"", ""https://worthcalc.win/zh/guides/mortgage-recast-vs-refinance-vs-prepay/"", ""https://worthcalc.win/zh/guides/net-worth-tracking-frequency/"", ""https://worthcalc.win/zh/guides/overtime-marginal-take-home-cost/"", ""https://worthcalc.win/zh/guides/paycheck-budgeting-limitations/"", ""https://worthcalc.win/zh/guides/personal-liquidity-ratio/"", ""https://worthcalc.win/zh/guides/post-debt-payoff-cashflow-plan/"", ""https://worthcalc.win/zh/guides/prepay-rent-discount-vs-liquidity/"", ""https://worthcalc.win/zh/guides/principal-equal-vs-payment-equal-amortization/"", ""https://worthcalc.win/zh/guides/professional-membership-replacement-value-break-even/"", ""https://worthcalc.win/zh/guides/promo-apr-payoff-deadline/"", ""https://worthcalc.win/zh/guides/real-vs-nominal-return/"", ""https://worthcalc.win/zh/guides/relocation-for-higher-salary-break-even/"", ""https://worthcalc.win/zh/guides/remote-work-pay-cut-cash-break-even/"", ""https://worthcalc.win/zh/guides/rent-increase-vs-moving-break-even/"", ""https://worthcalc.win/zh/guides/rental-deposit-liquidity-cost/"", ""https://worthcalc.win/zh/guides/return-to-work-fulltime-vs-parttime/"", ""https://worthcalc.win/zh/guides/save-first-vs-installment-purchase/"", ""https://worthcalc.win/zh/guides/shared-expenses-income-split/"", ""https://worthcalc.win/zh/guides/side-hustle-equipment-billable-utilization-break-even/"", ""https://worthcalc.win/zh/guides/signing-bonus-vs-higher-base-clawback-break-even/"", ""https://worthcalc.win/zh/guides/single-income-household-stress-test/"", ""https://worthcalc.win/zh/guides/sinking-fund-by-deadline/"", ""https://worthcalc.win/zh/guides/step-rate-loan-total-cost/"", ""https://worthcalc.win/zh/guides/subscription-opportunity-cost/"", ""https://worthcalc.win/zh/guides/trade-in-vs-private-sale-net-proceeds/"", ""https://worthcalc.win/zh/guides/training-certification-break-even/"", ""https://worthcalc.win/zh/guides/transit-pass-vs-pay-as-you-go-usage-break-even/"", ""https://worthcalc.win/zh/guides/variable-bonus-income-fixed-obligations/"", ""https://worthcalc.win/zh/guides/windfall-debt-vs-cash-allocation/"", ""https://worthcalc.win/zh/guides/work-equipment-reimbursement-break-even/"", ""https://worthcalc.win/zh/gym-membership-cost-per-visit/"", ""https://worthcalc.win/zh/home-vs-public-ev-charging-cost/"", ""https://worthcalc.win/zh/hourly-vs-annual-salary/"", ""https://worthcalc.win/zh/how-compound-growth-works/"", ""https://worthcalc.win/zh/how-much-home-can-you-afford/"", ""https://worthcalc.win/zh/how-to-calculate-dti/"", ""https://worthcalc.win/zh/how-to-calculate-net-worth/"", ""https://worthcalc.win/zh/how-to-calculate-savings-rate/"", ""https://worthcalc.win/zh/installment-apr-table/"", ""https://worthcalc.win/zh/is-an-extended-warranty-worth-it/"", ""https://worthcalc.win/zh/is-costco-executive-membership-worth-it/"", ""https://worthcalc.win/zh/job-offer-true-value-decision-engine/"", ""https://worthcalc.win/zh/liquid-net-worth-explained/"", ""https://worthcalc.win/zh/loan-term-vs-total-interest/"", ""https://worthcalc.win/zh/meal-prep-vs-takeout-cost/"", ""https://worthcalc.win/zh/money/"", ""https://worthcalc.win/zh/money/credit-card-apr-2026/"", ""https://worthcalc.win/zh/money/electricity-price-per-kwh-2026/"", ""https://worthcalc.win/zh/money/irs-mileage-rate-2026/"", ""https://worthcalc.win/zh/money/mortgage-rate-2026-payment-impact/"", ""https://worthcalc.win/zh/money/streaming-prices-2026/"", ""https://worthcalc.win/zh/monthly-vs-annual-subscription/"", ""https://worthcalc.win/zh/new-vs-used-car-total-cost/"", ""https://worthcalc.win/zh/opportunity-cost-everyday/"", ""https://worthcalc.win/zh/paid-membership-break-even/"", ""https://worthcalc.win/zh/pay-raise-vs-inflation-purchasing-power/"", ""https://worthcalc.win/zh/price-in-work-hours/"", ""https://worthcalc.win/zh/price-per-wear-clothing-shoes/"", ""https://worthcalc.win/zh/privacy/"", ""https://worthcalc.win/zh/rent-vs-buy-breakeven-year/"", ""https://worthcalc.win/zh/rent-vs-buy-guide/"", ""https://worthcalc.win/zh/repair-or-replace-decision-formula/"", ""https://worthcalc.win/zh/return-to-office-cost/"", ""https://worthcalc.win/zh/reusable-vs-disposable-break-even/"", ""https://worthcalc.win/zh/rule-of-72-explained/"", ""https://worthcalc.win/zh/simple-vs-compound-interest/"", ""https://worthcalc.win/zh/snowball-vs-avalanche/"", ""https://worthcalc.win/zh/subscription-creep/"", ""https://worthcalc.win/zh/sunk-cost-fallacy-everyday/"", ""https://worthcalc.win/zh/terms/"", ""https://worthcalc.win/zh/tools/"", ""https://worthcalc.win/zh/topics/debt-credit/"", ""https://worthcalc.win/zh/topics/everyday/"", ""https://worthcalc.win/zh/topics/housing/"", ""https://worthcalc.win/zh/topics/income-savings/"", ""https://worthcalc.win/zh/topics/memberships/"", ""https://worthcalc.win/zh/topics/transportation/"", ""https://worthcalc.win/zh/true-cost-of-car-ownership/"", ""https://worthcalc.win/zh/true-hourly-wage-after-commuting-work-expenses/"", ""https://worthcalc.win/zh/upfront-fees-financing-cost/"", ""https://worthcalc.win/zh/upgrade-your-phone-or-keep-it/"", ""https://worthcalc.win/zh/work-from-home-vs-commuting-hidden-costs/"", ""https://worthcalc.win/zh/zero-interest-installments-truth/""]",[],[],False,3,[]
https://worthcalc.win/zh/gym-membership-cost-per-visit/,200,https://worthcalc.win/zh/gym-membership-cost-per-visit/,https://worthcalc.win/zh/gym-membership-cost-per-visit/,200,"index, follow, max-image-preview:large",,健身房會員每次成本怎麼算？一個月要去幾次才划算 | WorthCalc,把入會費、月費、設施費、缺席月份、實際到館次數與單次替代價放進同一個健身房回本計算。,"[""健身房會員每次成本怎麼算？一個月要去幾次才划算""]",zh-TW,[],"{""en"": ""https://worthcalc.win/en/gym-membership-cost-per-visit/"", ""zh-TW"": ""https://worthcalc.win/zh/gym-membership-cost-per-visit/"", ""x-default"": ""https://worthcalc.win/en/gym-membership-cost-per-visit/""}",[],"[""https://worthcalc.win/de/gym-membership-cost-per-visit/"", ""https://worthcalc.win/en/gym-membership-cost-per-visit/"", ""https://worthcalc.win/es/gym-membership-cost-per-visit/"", ""https://worthcalc.win/fr/gym-membership-cost-per-visit/"", ""https://worthcalc.win/zh/"", ""https://worthcalc.win/zh/about/"", ""https://worthcalc.win/zh/changelog/"", ""https://worthcalc.win/zh/contact/"", ""https://worthcalc.win/zh/disclaimer/"", ""https://worthcalc.win/zh/guides/"", ""https://worthcalc.win/zh/gym-membership-cost-per-visit/"", ""https://worthcalc.win/zh/money/"", ""https://worthcalc.win/zh/privacy/"", ""https://worthcalc.win/zh/terms/"", ""https://worthcalc.win/zh/tools/"", ""https://worthcalc.win/zh/topics/memberships/""]",[],[],False,5,[]
https://worthcalc.win/zh/home-vs-public-ev-charging-cost/,200,https://worthcalc.win/zh/home-vs-public-ev-charging-cost/,https://worthcalc.win/zh/home-vs-public-ev-charging-cost/,200,"index, follow, max-image-preview:large",,家用充電樁一度電多少錢？在家充 vs 外面充電費計算機（2026）,用台電時間電價和公共充電站牌價，算出每度電成本、每月與每年充電費差多少，並看家用充電樁多久回本。,"[""充電樁一度電多少錢？家用與公共充電電費怎麼比？""]",zh-TW,[],"{""en"": ""https://worthcalc.win/en/home-vs-public-ev-charging-cost/"", ""zh-TW"": ""https://worthcalc.win/zh/home-vs-public-ev-charging-cost/"", ""x-default"": ""https://worthcalc.win/en/home-vs-public-ev-charging-cost/""}",[],"[""https://worthcalc.win/de/home-vs-public-ev-charging-cost/"", ""https://worthcalc.win/en/home-vs-public-ev-charging-cost/"", ""https://worthcalc.win/es/home-vs-public-ev-charging-cost/"", ""https://worthcalc.win/fr/home-vs-public-ev-charging-cost/"", ""https://worthcalc.win/zh/"", ""https://worthcalc.win/zh/about/"", ""https://worthcalc.win/zh/changelog/"", ""https://worthcalc.win/zh/contact/"", ""https://worthcalc.win/zh/disclaimer/"", ""https://worthcalc.win/zh/ev-vs-gas-total-cost/"", ""https://worthcalc.win/zh/guides/"", ""https://worthcalc.win/zh/home-vs-public-ev-charging-cost/"", ""https://worthcalc.win/zh/money/"", ""https://worthcalc.win/zh/privacy/"", ""https://worthcalc.win/zh/terms/"", ""https://worthcalc.win/zh/tools/"", ""https://worthcalc.win/zh/topics/transportation/""]",[],[],False,5,[]
https://worthcalc.win/zh/hourly-vs-annual-salary/,200,https://worthcalc.win/zh/hourly-vs-annual-salary/,https://worthcalc.win/zh/hourly-vs-annual-salary/,200,"index, follow, max-image-preview:large",,時薪換算年薪怎麼算才公平？加班費倍率與基本工資要先搞懂 | WorthCalc,台灣時薪、月薪、年薪互相換算前，先分清楚稅前稅後、勞基法加班費倍率與基本工資地板，才不會低估或高估真實收入。,"[""時薪換算年薪怎麼算才公平？加班費倍率與基本工資要先搞懂""]",zh-TW,[],"{""en"": ""https://worthcalc.win/en/hourly-vs-annual-salary/"", ""zh-TW"": ""https://worthcalc.win/zh/hourly-vs-annual-salary/"", ""x-default"": ""https://worthcalc.win/en/hourly-vs-annual-salary/""}",[],"[""https://worthcalc.win/de/hourly-vs-annual-salary/"", ""https://worthcalc.win/en/hourly-vs-annual-salary/"", ""https://worthcalc.win/es/hourly-vs-annual-salary/"", ""https://worthcalc.win/fr/hourly-vs-annual-salary/"", ""https://worthcalc.win/zh/"", ""https://worthcalc.win/zh/about/"", ""https://worthcalc.win/zh/changelog/"", ""https://worthcalc.win/zh/contact/"", ""https://worthcalc.win/zh/disclaimer/"", ""https://worthcalc.win/zh/guides/"", ""https://worthcalc.win/zh/hourly-vs-annual-salary/"", ""https://worthcalc.win/zh/money/"", ""https://worthcalc.win/zh/privacy/"", ""https://worthcalc.win/zh/terms/"", ""https://worthcalc.win/zh/tools/"", ""https://worthcalc.win/zh/tools/salary-converter/"", ""https://worthcalc.win/zh/topics/income-savings/""]",[],[],False,4,[]
https://worthcalc.win/zh/how-compound-growth-works/,200,https://worthcalc.win/zh/how-compound-growth-works/,https://worthcalc.win/zh/how-compound-growth-works/,200,"index, follow, max-image-preview:large",,複利怎麼算？定存利率追不上通膨時，錢放哪裡才有感 | WorthCalc,複利公式背後的真相：台灣定存利率、通膨與費用率如何一起決定你的錢實際能買到多少東西，報酬率永遠是情境不是承諾。,"[""複利怎麼算？定存利率追不上通膨時，錢放哪裡才有感""]",zh-TW,[],"{""en"": ""https://worthcalc.win/en/how-compound-growth-works/"", ""zh-TW"": ""https://worthcalc.win/zh/how-compound-growth-works/"", ""x-default"": ""https://worthcalc.win/en/how-compound-growth-works/""}",[],"[""https://worthcalc.win/de/how-compound-growth-works/"", ""https://worthcalc.win/en/how-compound-growth-works/"", ""https://worthcalc.win/es/how-compound-growth-works/"", ""https://worthcalc.win/fr/how-compound-growth-works/"", ""https://worthcalc.win/zh/"", ""https://worthcalc.win/zh/about/"", ""https://worthcalc.win/zh/changelog/"", ""https://worthcalc.win/zh/contact/"", ""https://worthcalc.win/zh/disclaimer/"", ""https://worthcalc.win/zh/guides/"", ""https://worthcalc.win/zh/how-compound-growth-works/"", ""https://worthcalc.win/zh/money/"", ""https://worthcalc.win/zh/privacy/"", ""https://worthcalc.win/zh/terms/"", ""https://worthcalc.win/zh/tools/"", ""https://worthcalc.win/zh/tools/compound-growth/"", ""https://worthcalc.win/zh/topics/income-savings/""]",[],[],False,4,[]
https://worthcalc.win/zh/how-much-home-can-you-afford/,200,https://worthcalc.win/zh/how-much-home-can-you-afford/,https://worthcalc.win/zh/how-much-home-can-you-afford/,200,"index, follow, max-image-preview:large",,購屋能力怎麼算？房貸成數、房屋稅與地價稅都要算進去 | WorthCalc,台灣購屋負擔能力不能只看房貸月付：央行選擇性信用管制決定貸款成數，房屋稅、地價稅、管理費、修繕金都要另外估。,"[""購屋能力怎麼算？房貸成數、房屋稅與地價稅都要算進去""]",zh-TW,[],"{""zh-TW"": ""https://worthcalc.win/zh/how-much-home-can-you-afford/"", ""x-default"": ""https://worthcalc.win/zh/how-much-home-can-you-afford/""}",[],"[""https://worthcalc.win/de/how-much-home-can-you-afford/"", ""https://worthcalc.win/en/how-much-home-can-you-afford/"", ""https://worthcalc.win/es/how-much-home-can-you-afford/"", ""https://worthcalc.win/fr/how-much-home-can-you-afford/"", ""https://worthcalc.win/zh/"", ""https://worthcalc.win/zh/about/"", ""https://worthcalc.win/zh/changelog/"", ""https://worthcalc.win/zh/contact/"", ""https://worthcalc.win/zh/disclaimer/"", ""https://worthcalc.win/zh/guides/"", ""https://worthcalc.win/zh/how-much-home-can-you-afford/"", ""https://worthcalc.win/zh/money/"", ""https://worthcalc.win/zh/privacy/"", ""https://worthcalc.win/zh/terms/"", ""https://worthcalc.win/zh/tools/"", ""https://worthcalc.win/zh/tools/home-affordability/"", ""https://worthcalc.win/zh/topics/housing/""]",[],[],False,4,[]
https://worthcalc.win/zh/how-to-calculate-dti/,200,https://worthcalc.win/zh/how-to-calculate-dti/,https://worthcalc.win/zh/how-to-calculate-dti/,200,"index, follow, max-image-preview:large",,負債比怎麼算？DBR22倍跟房貸月付比是兩件事 | WorthCalc,台灣沒有像美國那樣的單一負債比上限：信貸信用卡看DBR22倍，房貸看的是月付佔收入與收支比。拆解兩種比率的算法與銀行實際審核邏輯。,"[""負債比怎麼算？DBR22倍跟房貸月付比是兩件事""]",zh-TW,[],"{""en"": ""https://worthcalc.win/en/how-to-calculate-dti/"", ""zh-TW"": ""https://worthcalc.win/zh/how-to-calculate-dti/"", ""x-default"": ""https://worthcalc.win/en/how-to-calculate-dti/""}",[],"[""https://worthcalc.win/de/how-to-calculate-dti/"", ""https://worthcalc.win/en/how-to-calculate-dti/"", ""https://worthcalc.win/es/how-to-calculate-dti/"", ""https://worthcalc.win/fr/how-to-calculate-dti/"", ""https://worthcalc.win/zh/"", ""https://worthcalc.win/zh/about/"", ""https://worthcalc.win/zh/changelog/"", ""https://worthcalc.win/zh/contact/"", ""https://worthcalc.win/zh/disclaimer/"", ""https://worthcalc.win/zh/guides/"", ""https://worthcalc.win/zh/how-to-calculate-dti/"", ""https://worthcalc.win/zh/money/"", ""https://worthcalc.win/zh/privacy/"", ""https://worthcalc.win/zh/terms/"", ""https://worthcalc.win/zh/tools/"", ""https://worthcalc.win/zh/tools/dti-calculator/"", ""https://worthcalc.win/zh/topics/debt-credit/""]",[],[],False,4,[]
https://worthcalc.win/zh/how-to-calculate-net-worth/,200,https://worthcalc.win/zh/how-to-calculate-net-worth/,https://worthcalc.win/zh/how-to-calculate-net-worth/,200,"index,follow",,淨資產怎麼算？資產負債完整清單與計算範例｜WorthCalc,淨資產＝資產－負債，但真正容易錯的是哪些東西該列、用什麼價值、共同持有怎麼算。用一致日期建立可追蹤的家庭資產負債表。,"[""淨資產怎麼算？資產、負債與「看起來有錢」的差別""]",zh-TW,[],"{""zh-TW"": ""https://worthcalc.win/zh/how-to-calculate-net-worth/"", ""x-default"": ""https://worthcalc.win/zh/how-to-calculate-net-worth/""}",[],"[""https://worthcalc.win/zh/"", ""https://worthcalc.win/zh/about/"", ""https://worthcalc.win/zh/changelog/"", ""https://worthcalc.win/zh/contact/"", ""https://worthcalc.win/zh/disclaimer/"", ""https://worthcalc.win/zh/guides/"", ""https://worthcalc.win/zh/guides/net-worth-tracking-frequency/"", ""https://worthcalc.win/zh/how-to-calculate-net-worth/"", ""https://worthcalc.win/zh/how-to-calculate-savings-rate/"", ""https://worthcalc.win/zh/liquid-net-worth-explained/"", ""https://worthcalc.win/zh/money/"", ""https://worthcalc.win/zh/privacy/"", ""https://worthcalc.win/zh/terms/"", ""https://worthcalc.win/zh/tools/"", ""https://worthcalc.win/zh/tools/budget-builder/"", ""https://worthcalc.win/zh/topics/income-savings/""]",[],[],False,3,[]
https://worthcalc.win/zh/how-to-calculate-savings-rate/,200,https://worthcalc.win/zh/how-to-calculate-savings-rate/,https://worthcalc.win/zh/how-to-calculate-savings-rate/,200,"index,follow",,儲蓄率怎麼算？稅前／稅後與房貸本金完整說明｜WorthCalc,儲蓄率沒有唯一全球公式。先固定分母與「儲蓄」定義，再追蹤自己的趨勢。比較稅前、稅後、退休提撥與還本金的差異。,"[""儲蓄率怎麼算？用稅前收入還是稅後收入，還本金算不算？""]",zh-TW,[],"{""zh-TW"": ""https://worthcalc.win/zh/how-to-calculate-savings-rate/"", ""x-default"": ""https://worthcalc.win/zh/how-to-calculate-savings-rate/""}",[],"[""https://worthcalc.win/zh/"", ""https://worthcalc.win/zh/about/"", ""https://worthcalc.win/zh/changelog/"", ""https://worthcalc.win/zh/contact/"", ""https://worthcalc.win/zh/disclaimer/"", ""https://worthcalc.win/zh/emergency-fund-irregular-income/"", ""https://worthcalc.win/zh/guides/"", ""https://worthcalc.win/zh/guides/lifestyle-inflation-raise-capture/"", ""https://worthcalc.win/zh/how-to-calculate-savings-rate/"", ""https://worthcalc.win/zh/money/"", ""https://worthcalc.win/zh/privacy/"", ""https://worthcalc.win/zh/terms/"", ""https://worthcalc.win/zh/tools/"", ""https://worthcalc.win/zh/tools/budget-builder/"", ""https://worthcalc.win/zh/tools/compound-growth/"", ""https://worthcalc.win/zh/topics/income-savings/""]",[],[],False,3,[]
https://worthcalc.win/zh/is-an-extended-warranty-worth-it/,200,https://worthcalc.win/zh/is-an-extended-warranty-worth-it/,https://worthcalc.win/zh/is-an-extended-warranty-worth-it/,200,"index, follow, max-image-preview:large",,延長保固值得買嗎？比較價格、故障機率與維修費 | WorthCalc,由你輸入故障情境、除外後核准率、自負額、申請成本與給付上限，算延長保固期望成本，不捏造產品故障率。,"[""延長保固值得買嗎？比較價格、故障機率與維修費""]",zh-TW,[],"{""en"": ""https://worthcalc.win/en/is-an-extended-warranty-worth-it/"", ""zh-TW"": ""https://worthcalc.win/zh/is-an-extended-warranty-worth-it/"", ""x-default"": ""https://worthcalc.win/en/is-an-extended-warranty-worth-it/""}",[],"[""https://worthcalc.win/de/is-an-extended-warranty-worth-it/"", ""https://worthcalc.win/en/is-an-extended-warranty-worth-it/"", ""https://worthcalc.win/es/is-an-extended-warranty-worth-it/"", ""https://worthcalc.win/fr/is-an-extended-warranty-worth-it/"", ""https://worthcalc.win/zh/"", ""https://worthcalc.win/zh/about/"", ""https://worthcalc.win/zh/changelog/"", ""https://worthcalc.win/zh/contact/"", ""https://worthcalc.win/zh/disclaimer/"", ""https://worthcalc.win/zh/guides/"", ""https://worthcalc.win/zh/is-an-extended-warranty-worth-it/"", ""https://worthcalc.win/zh/money/"", ""https://worthcalc.win/zh/privacy/"", ""https://worthcalc.win/zh/terms/"", ""https://worthcalc.win/zh/tools/"", ""https://worthcalc.win/zh/topics/everyday/""]",[],[],False,5,[]
https://worthcalc.win/zh/is-costco-executive-membership-worth-it/,200,https://worthcalc.win/zh/is-costco-executive-membership-worth-it/,https://worthcalc.win/zh/is-costco-executive-membership-worth-it/,200,"index, follow, max-image-preview:large",,好市多黑鑽卡會員值得升級嗎？回本門檻與 2% 排除項目 | WorthCalc,用台灣好市多現行年費與 2% 回饋規則計算黑鑽卡會員升級門檻，分清合格消費、稅額、加油站與餐飲部排除項目。,"[""好市多黑鑽卡會員值得升級嗎？回本門檻與 2% 排除項目""]",zh-TW,[],"{""en"": ""https://worthcalc.win/en/is-costco-executive-membership-worth-it/"", ""zh-TW"": ""https://worthcalc.win/zh/is-costco-executive-membership-worth-it/"", ""x-default"": ""https://worthcalc.win/en/is-costco-executive-membership-worth-it/""}",[],"[""https://worthcalc.win/de/is-costco-executive-membership-worth-it/"", ""https://worthcalc.win/en/is-costco-executive-membership-worth-it/"", ""https://worthcalc.win/es/is-costco-executive-membership-worth-it/"", ""https://worthcalc.win/fr/is-costco-executive-membership-worth-it/"", ""https://worthcalc.win/zh/"", ""https://worthcalc.win/zh/about/"", ""https://worthcalc.win/zh/changelog/"", ""https://worthcalc.win/zh/contact/"", ""https://worthcalc.win/zh/costco-math/"", ""https://worthcalc.win/zh/disclaimer/"", ""https://worthcalc.win/zh/guides/"", ""https://worthcalc.win/zh/is-costco-executive-membership-worth-it/"", ""https://worthcalc.win/zh/money/"", ""https://worthcalc.win/zh/privacy/"", ""https://worthcalc.win/zh/terms/"", ""https://worthcalc.win/zh/tools/"", ""https://worthcalc.win/zh/topics/memberships/""]",[],[],False,5,[]
https://worthcalc.win/zh/loan-term-vs-total-interest/,200,https://worthcalc.win/zh/loan-term-vs-total-interest/,https://worthcalc.win/zh/loan-term-vs-total-interest/,200,"index,follow",,貸款期數 vs 月付與總利息：36／60／84 期怎麼看｜WorthCalc,延長貸款期數通常能降低月付，但可能提高總利息並讓負債維持更久。用相同本金與 APR 比較不同期限，而不是只看每月金額。,"[""貸款期數越長越輕鬆？月付變低，總利息為什麼可能更高""]",zh-TW,[],"{""zh-TW"": ""https://worthcalc.win/zh/loan-term-vs-total-interest/"", ""x-default"": ""https://worthcalc.win/zh/loan-term-vs-total-interest/""}",[],"[""https://worthcalc.win/zh/"", ""https://worthcalc.win/zh/about/"", ""https://worthcalc.win/zh/changelog/"", ""https://worthcalc.win/zh/contact/"", ""https://worthcalc.win/zh/disclaimer/"", ""https://worthcalc.win/zh/guides/"", ""https://worthcalc.win/zh/guides/amortization-schedule-explained/"", ""https://worthcalc.win/zh/guides/monthly-payment-affordability-vs-total-cost/"", ""https://worthcalc.win/zh/guides/principal-equal-vs-payment-equal-amortization/"", ""https://worthcalc.win/zh/loan-term-vs-total-interest/"", ""https://worthcalc.win/zh/money/"", ""https://worthcalc.win/zh/privacy/"", ""https://worthcalc.win/zh/terms/"", ""https://worthcalc.win/zh/tools/"", ""https://worthcalc.win/zh/tools/car-affordability/"", ""https://worthcalc.win/zh/tools/installment-true-apr/"", ""https://worthcalc.win/zh/tools/mortgage-payoff/"", ""https://worthcalc.win/zh/topics/debt-credit/""]",[],[],False,3,[]
https://worthcalc.win/zh/meal-prep-vs-takeout-cost/,200,https://worthcalc.win/zh/meal-prep-vs-takeout-cost/,https://worthcalc.win/zh/meal-prep-vs-takeout-cost/,200,"index, follow, max-image-preview:large",,自煮備餐還是外食？食材、時間、耗損與外送費計算器 | WorthCalc,用同等每份比較自煮與外食，納入食材耗損、批次時間、容器能源、外送、交通與等待。,"[""自煮備餐還是外食？食材、時間、耗損與外送費計算器""]",zh-TW,[],"{""zh-TW"": ""https://worthcalc.win/zh/meal-prep-vs-takeout-cost/"", ""x-default"": ""https://worthcalc.win/zh/meal-prep-vs-takeout-cost/""}",[],"[""https://worthcalc.win/de/meal-prep-vs-takeout-cost/"", ""https://worthcalc.win/en/meal-prep-vs-takeout-cost/"", ""https://worthcalc.win/es/meal-prep-vs-takeout-cost/"", ""https://worthcalc.win/fr/meal-prep-vs-takeout-cost/"", ""https://worthcalc.win/zh/"", ""https://worthcalc.win/zh/about/"", ""https://worthcalc.win/zh/changelog/"", ""https://worthcalc.win/zh/contact/"", ""https://worthcalc.win/zh/disclaimer/"", ""https://worthcalc.win/zh/guides/"", ""https://worthcalc.win/zh/meal-prep-vs-takeout-cost/"", ""https://worthcalc.win/zh/money/"", ""https://worthcalc.win/zh/privacy/"", ""https://worthcalc.win/zh/terms/"", ""https://worthcalc.win/zh/tools/"", ""https://worthcalc.win/zh/topics/everyday/""]",[],[],False,5,[]
https://worthcalc.win/zh/money/,200,https://worthcalc.win/zh/money/,https://worthcalc.win/zh/money/,200,"index, follow, max-image-preview:large",,金錢速查 | WorthCalc,有日期、有出處的生活金錢決策參考數字——2026 年的利率、電價、里程費率、保險與訂閱成本——每一頁都附上把數字變成決定的算式。,"[""金錢速查""]",zh-TW,[],"{""en"": ""https://worthcalc.win/en/money/"", ""zh-TW"": ""https://worthcalc.win/zh/money/"", ""x-default"": ""https://worthcalc.win/en/money/""}",[],"[""https://worthcalc.win/en/money/"", ""https://worthcalc.win/zh/"", ""https://worthcalc.win/zh/about/"", ""https://worthcalc.win/zh/changelog/"", ""https://worthcalc.win/zh/contact/"", ""https://worthcalc.win/zh/disclaimer/"", ""https://worthcalc.win/zh/guides/"", ""https://worthcalc.win/zh/money/"", ""https://worthcalc.win/zh/money/credit-card-apr-2026/"", ""https://worthcalc.win/zh/money/electricity-price-per-kwh-2026/"", ""https://worthcalc.win/zh/money/idle-cash-cost-2026/"", ""https://worthcalc.win/zh/money/irs-mileage-rate-2026/"", ""https://worthcalc.win/zh/money/mortgage-rate-2026-payment-impact/"", ""https://worthcalc.win/zh/money/streaming-prices-2026/"", ""https://worthcalc.win/zh/privacy/"", ""https://worthcalc.win/zh/terms/"", ""https://worthcalc.win/zh/tools/""]",[],[],False,4,[]
https://worthcalc.win/zh/money/credit-card-apr-2026/,200,https://worthcalc.win/zh/money/credit-card-apr-2026/,https://worthcalc.win/zh/money/credit-card-apr-2026/,200,"index, follow, max-image-preview:large",,2026 年美國信用卡循環利率逼近 24%：固定月付的真實代價 | WorthCalc,"2026 年美國有循環餘額的信用卡帳戶利率接近 24%。以 6,000 美元餘額計算，每月付 150 美元而不是 250 美元，多花 47 個月與約 3,800 美元利息。","[""2026 年美國信用卡循環利率逼近 24%：固定月付的真實代價""]",zh-TW,[],"{""en"": ""https://worthcalc.win/en/money/credit-card-apr-2026/"", ""zh-TW"": ""https://worthcalc.win/zh/money/credit-card-apr-2026/"", ""x-default"": ""https://worthcalc.win/en/money/credit-card-apr-2026/""}",[],"[""https://worthcalc.win/en/money/credit-card-apr-2026/"", ""https://worthcalc.win/zh/"", ""https://worthcalc.win/zh/about/"", ""https://worthcalc.win/zh/changelog/"", ""https://worthcalc.win/zh/contact/"", ""https://worthcalc.win/zh/credit-card-minimum-payment-trap/"", ""https://worthcalc.win/zh/disclaimer/"", ""https://worthcalc.win/zh/guides/"", ""https://worthcalc.win/zh/money/"", ""https://worthcalc.win/zh/money/credit-card-apr-2026/"", ""https://worthcalc.win/zh/money/idle-cash-cost-2026/"", ""https://worthcalc.win/zh/privacy/"", ""https://worthcalc.win/zh/terms/"", ""https://worthcalc.win/zh/tools/"", ""https://worthcalc.win/zh/tools/credit-card-payoff/"", ""https://worthcalc.win/zh/topics/debt-credit/""]",[],[],False,6,[]
https://worthcalc.win/zh/money/electricity-price-per-kwh-2026/,200,https://worthcalc.win/zh/money/electricity-price-per-kwh-2026/,https://worthcalc.win/zh/money/electricity-price-per-kwh-2026/,200,"index, follow, max-image-preview:large",,2026 年美國電價約每度 18.3 美分——換算成電器帳單是多少 | WorthCalc,2026 年 9 月美國住宅用電平均約為每度 18.3 美分，比一年前上漲約 5%。本頁說明怎麼把這個數字換算成某一台電器的實際運轉成本。,"[""2026 年美國電價約每度 18.3 美分——換算成電器帳單是多少""]",zh-TW,[],"{""en"": ""https://worthcalc.win/en/money/electricity-price-per-kwh-2026/"", ""zh-TW"": ""https://worthcalc.win/zh/money/electricity-price-per-kwh-2026/"", ""x-default"": ""https://worthcalc.win/en/money/electricity-price-per-kwh-2026/""}",[],"[""https://worthcalc.win/en/money/electricity-price-per-kwh-2026/"", ""https://worthcalc.win/zh/"", ""https://worthcalc.win/zh/about/"", ""https://worthcalc.win/zh/changelog/"", ""https://worthcalc.win/zh/contact/"", ""https://worthcalc.win/zh/disclaimer/"", ""https://worthcalc.win/zh/energy-efficient-appliance-payback/"", ""https://worthcalc.win/zh/guides/"", ""https://worthcalc.win/zh/money/"", ""https://worthcalc.win/zh/money/electricity-price-per-kwh-2026/"", ""https://worthcalc.win/zh/privacy/"", ""https://worthcalc.win/zh/terms/"", ""https://worthcalc.win/zh/tools/"", ""https://worthcalc.win/zh/tools/appliance-electricity-cost/"", ""https://worthcalc.win/zh/topics/everyday/""]",[],[],False,6,[]
https://worthcalc.win/zh/money/idle-cash-cost-2026/,200,https://worthcalc.win/zh/money/idle-cash-cost-2026/,https://worthcalc.win/zh/money/idle-cash-cost-2026/,200,"index, follow, max-image-preview:large",,"2026 年存款利率：25,000 美元放錯戶頭，一年差多少 | WorthCalc","2026 年 9 月最優的高利活存約 4.2%，而全國平均約 0.38%。以 25,000 美元計算，這個落差一年約 958 美元——同一筆錢、同樣可隨時動用、同樣有存款保險。","[""2026 年存款利率：25,000 美元放錯戶頭，一年差多少""]",zh-TW,[],"{""en"": ""https://worthcalc.win/en/money/idle-cash-cost-2026/"", ""zh-TW"": ""https://worthcalc.win/zh/money/idle-cash-cost-2026/"", ""x-default"": ""https://worthcalc.win/en/money/idle-cash-cost-2026/""}",[],"[""https://worthcalc.win/en/money/idle-cash-cost-2026/"", ""https://worthcalc.win/zh/"", ""https://worthcalc.win/zh/about/"", ""https://worthcalc.win/zh/changelog/"", ""https://worthcalc.win/zh/contact/"", ""https://worthcalc.win/zh/disclaimer/"", ""https://worthcalc.win/zh/guides/"", ""https://worthcalc.win/zh/how-compound-growth-works/"", ""https://worthcalc.win/zh/money/"", ""https://worthcalc.win/zh/money/credit-card-apr-2026/"", ""https://worthcalc.win/zh/money/idle-cash-cost-2026/"", ""https://worthcalc.win/zh/privacy/"", ""https://worthcalc.win/zh/terms/"", ""https://worthcalc.win/zh/tools/"", ""https://worthcalc.win/zh/tools/compound-growth/"", ""https://worthcalc.win/zh/topics/everyday/""]",[],[],False,6,[]
https://worthcalc.win/zh/money/irs-mileage-rate-2026/,200,https://worthcalc.win/zh/money/irs-mileage-rate-2026/,https://worthcalc.win/zh/money/irs-mileage-rate-2026/,200,"index, follow, max-image-preview:large",,2026 年美國國稅局里程費率年中調整：先 72.5 美分，後 76 美分 | WorthCalc,2026 年美國商務里程標準費率上半年為每英里 72.5 美分，7 月 1 日起調為 76 美分。同一個稅務年度出現兩個費率，會改變你的里程紀錄、報銷與用車成本比較方式。,"[""2026 年美國國稅局里程費率年中調整：先 72.5 美分，後 76 美分""]",zh-TW,[],"{""en"": ""https://worthcalc.win/en/money/irs-mileage-rate-2026/"", ""zh-TW"": ""https://worthcalc.win/zh/money/irs-mileage-rate-2026/"", ""x-default"": ""https://worthcalc.win/en/money/irs-mileage-rate-2026/""}",[],"[""https://worthcalc.win/en/money/irs-mileage-rate-2026/"", ""https://worthcalc.win/zh/"", ""https://worthcalc.win/zh/about/"", ""https://worthcalc.win/zh/changelog/"", ""https://worthcalc.win/zh/contact/"", ""https://worthcalc.win/zh/disclaimer/"", ""https://worthcalc.win/zh/full-commute-cost-including-time/"", ""https://worthcalc.win/zh/guides/"", ""https://worthcalc.win/zh/money/"", ""https://worthcalc.win/zh/money/electricity-price-per-kwh-2026/"", ""https://worthcalc.win/zh/money/irs-mileage-rate-2026/"", ""https://worthcalc.win/zh/privacy/"", ""https://worthcalc.win/zh/terms/"", ""https://worthcalc.win/zh/tools/"", ""https://worthcalc.win/zh/tools/cost-per-mile/"", ""https://worthcalc.win/zh/topics/transportation/""]",[],[],False,6,[]
https://worthcalc.win/zh/money/mortgage-rate-2026-payment-impact/,200,https://worthcalc.win/zh/money/mortgage-rate-2026-payment-impact/,https://worthcalc.win/zh/money/mortgage-rate-2026-payment-impact/,200,"index, follow, max-image-preview:large",,2026 年 9 月美國 30 年期房貸利率升至 6.95%：每一次變動的月付代價 | WorthCalc,Freddie Mac 的 30 年期固定利率平均值在 2026 年 9 月中升至 6.95%，一週前為 6.76%。以 40 萬美元貸款計算，這一週就是每月 50.74 美元，而一整個百分點是每月 262 美元。,"[""2026 年 9 月美國 30 年期房貸利率升至 6.95%：每一次變動的月付代價""]",zh-TW,[],"{""en"": ""https://worthcalc.win/en/money/mortgage-rate-2026-payment-impact/"", ""zh-TW"": ""https://worthcalc.win/zh/money/mortgage-rate-2026-payment-impact/"", ""x-default"": ""https://worthcalc.win/en/money/mortgage-rate-2026-payment-impact/""}",[],"[""https://worthcalc.win/en/money/mortgage-rate-2026-payment-impact/"", ""https://worthcalc.win/zh/"", ""https://worthcalc.win/zh/about/"", ""https://worthcalc.win/zh/changelog/"", ""https://worthcalc.win/zh/contact/"", ""https://worthcalc.win/zh/disclaimer/"", ""https://worthcalc.win/zh/guides/"", ""https://worthcalc.win/zh/money/"", ""https://worthcalc.win/zh/money/mortgage-rate-2026-payment-impact/"", ""https://worthcalc.win/zh/privacy/"", ""https://worthcalc.win/zh/rent-vs-buy-breakeven-year/"", ""https://worthcalc.win/zh/terms/"", ""https://worthcalc.win/zh/tools/"", ""https://worthcalc.win/zh/tools/mortgage-payoff/"", ""https://worthcalc.win/zh/topics/housing/""]",[],[],False,6,[]
https://worthcalc.win/zh/money/streaming-prices-2026/,200,https://worthcalc.win/zh/money/streaming-prices-2026/,https://worthcalc.win/zh/money/streaming-prices-2026/,200,"index, follow, max-image-preview:large",,八個串流服務現在一個月要 139 美元：2026 年訂閱健檢 | WorthCalc,"2026 年 9 月，訂閱八個主要串流服務的無廣告方案約需每月 139 美元、一年約 1,673 美元。決定該砍哪一個的不是月費，而是每觀看小時成本。","[""八個串流服務現在一個月要 139 美元：2026 年訂閱健檢""]",zh-TW,[],"{""en"": ""https://worthcalc.win/en/money/streaming-prices-2026/"", ""zh-TW"": ""https://worthcalc.win/zh/money/streaming-prices-2026/"", ""x-default"": ""https://worthcalc.win/en/money/streaming-prices-2026/""}",[],"[""https://worthcalc.win/en/money/streaming-prices-2026/"", ""https://worthcalc.win/zh/"", ""https://worthcalc.win/zh/about/"", ""https://worthcalc.win/zh/changelog/"", ""https://worthcalc.win/zh/contact/"", ""https://worthcalc.win/zh/disclaimer/"", ""https://worthcalc.win/zh/guides/"", ""https://worthcalc.win/zh/money/"", ""https://worthcalc.win/zh/money/idle-cash-cost-2026/"", ""https://worthcalc.win/zh/money/streaming-prices-2026/"", ""https://worthcalc.win/zh/privacy/"", ""https://worthcalc.win/zh/subscription-creep/"", ""https://worthcalc.win/zh/terms/"", ""https://worthcalc.win/zh/tools/"", ""https://worthcalc.win/zh/tools/subscription-audit/"", ""https://worthcalc.win/zh/topics/memberships/""]",[],[],False,6,[]
https://worthcalc.win/zh/monthly-vs-annual-subscription/,200,https://worthcalc.win/zh/monthly-vs-annual-subscription/,https://worthcalc.win/zh/monthly-vs-annual-subscription/,200,"index, follow, max-image-preview:large",,訂閱月繳還是年繳？用使用月數與取消風險算出答案 | WorthCalc,用打平月數、提早停用機率、不可退費風險、續約價與現金流，比較台灣常見訂閱的月繳和年繳。,"[""訂閱月繳還是年繳？用使用月數與取消風險算出答案""]",zh-TW,[],"{""en"": ""https://worthcalc.win/en/monthly-vs-annual-subscription/"", ""zh-TW"": ""https://worthcalc.win/zh/monthly-vs-annual-subscription/"", ""x-default"": ""https://worthcalc.win/en/monthly-vs-annual-subscription/""}",[],"[""https://worthcalc.win/de/monthly-vs-annual-subscription/"", ""https://worthcalc.win/en/monthly-vs-annual-subscription/"", ""https://worthcalc.win/es/monthly-vs-annual-subscription/"", ""https://worthcalc.win/fr/monthly-vs-annual-subscription/"", ""https://worthcalc.win/zh/"", ""https://worthcalc.win/zh/about/"", ""https://worthcalc.win/zh/changelog/"", ""https://worthcalc.win/zh/contact/"", ""https://worthcalc.win/zh/disclaimer/"", ""https://worthcalc.win/zh/guides/"", ""https://worthcalc.win/zh/money/"", ""https://worthcalc.win/zh/monthly-vs-annual-subscription/"", ""https://worthcalc.win/zh/privacy/"", ""https://worthcalc.win/zh/terms/"", ""https://worthcalc.win/zh/tools/"", ""https://worthcalc.win/zh/tools/subscription-audit/"", ""https://worthcalc.win/zh/topics/memberships/""]",[],[],False,5,[]
https://worthcalc.win/zh/new-vs-used-car-total-cost/,200,https://worthcalc.win/zh/new-vs-used-car-total-cost/,https://worthcalc.win/zh/new-vs-used-car-total-cost/,200,"index, follow, max-image-preview:large",,新車還是中古車？折舊、維修、貸款與轉售怎麼比較 | WorthCalc,以相同持有年限比較新車和中古車成交價、規費、貸款利息、維修風險、轉售價與賣車時未清償餘額。,"[""新車還是中古車？折舊、維修、貸款與轉售怎麼比較""]",zh-TW,[],"{""en"": ""https://worthcalc.win/en/new-vs-used-car-total-cost/"", ""zh-TW"": ""https://worthcalc.win/zh/new-vs-used-car-total-cost/"", ""x-default"": ""https://worthcalc.win/en/new-vs-used-car-total-cost/""}",[],"[""https://worthcalc.win/de/new-vs-used-car-total-cost/"", ""https://worthcalc.win/en/new-vs-used-car-total-cost/"", ""https://worthcalc.win/es/new-vs-used-car-total-cost/"", ""https://worthcalc.win/fr/new-vs-used-car-total-cost/"", ""https://worthcalc.win/zh/"", ""https://worthcalc.win/zh/about/"", ""https://worthcalc.win/zh/changelog/"", ""https://worthcalc.win/zh/contact/"", ""https://worthcalc.win/zh/disclaimer/"", ""https://worthcalc.win/zh/ev-vs-gas-total-cost/"", ""https://worthcalc.win/zh/guides/"", ""https://worthcalc.win/zh/money/"", ""https://worthcalc.win/zh/new-vs-used-car-total-cost/"", ""https://worthcalc.win/zh/privacy/"", ""https://worthcalc.win/zh/terms/"", ""https://worthcalc.win/zh/tools/"", ""https://worthcalc.win/zh/topics/transportation/""]",[],[],False,5,[]
https://worthcalc.win/zh/paid-membership-break-even/,200,https://worthcalc.win/zh/paid-membership-break-even/,https://worthcalc.win/zh/paid-membership-break-even/,200,"index, follow, max-image-preview:large",,付費會員要用幾次才回本？會員回本計算方法 | WorthCalc,用淨年費、每次合格優惠、回饋上限、額外成本與使用機率，算出付費會員最低回本次數。,"[""付費會員要用幾次才回本？會員回本計算方法""]",zh-TW,[],"{""en"": ""https://worthcalc.win/en/paid-membership-break-even/"", ""zh-TW"": ""https://worthcalc.win/zh/paid-membership-break-even/"", ""x-default"": ""https://worthcalc.win/en/paid-membership-break-even/""}",[],"[""https://worthcalc.win/de/paid-membership-break-even/"", ""https://worthcalc.win/en/paid-membership-break-even/"", ""https://worthcalc.win/es/paid-membership-break-even/"", ""https://worthcalc.win/fr/paid-membership-break-even/"", ""https://worthcalc.win/zh/"", ""https://worthcalc.win/zh/about/"", ""https://worthcalc.win/zh/changelog/"", ""https://worthcalc.win/zh/contact/"", ""https://worthcalc.win/zh/disclaimer/"", ""https://worthcalc.win/zh/guides/"", ""https://worthcalc.win/zh/money/"", ""https://worthcalc.win/zh/paid-membership-break-even/"", ""https://worthcalc.win/zh/privacy/"", ""https://worthcalc.win/zh/terms/"", ""https://worthcalc.win/zh/tools/"", ""https://worthcalc.win/zh/tools/costco-membership/"", ""https://worthcalc.win/zh/topics/memberships/""]",[],[],False,5,[]
https://worthcalc.win/zh/pay-raise-vs-inflation-purchasing-power/,200,https://worthcalc.win/zh/pay-raise-vs-inflation-purchasing-power/,https://worthcalc.win/zh/pay-raise-vs-inflation-purchasing-power/,200,"index, follow, max-image-preview:large",,加薪追得上通膨嗎？實質購買力計算機（2026）,輸入加薪幅度與通膨率，看你的實質收入是變多還是變少。,"[""加薪有追上通膨嗎？計算實質購買力變化""]",zh-TW,[],"{""en"": ""https://worthcalc.win/en/pay-raise-vs-inflation-purchasing-power/"", ""zh-TW"": ""https://worthcalc.win/zh/pay-raise-vs-inflation-purchasing-power/"", ""x-default"": ""https://worthcalc.win/en/pay-raise-vs-inflation-purchasing-power/""}",[],"[""https://worthcalc.win/de/pay-raise-vs-inflation-purchasing-power/"", ""https://worthcalc.win/en/pay-raise-vs-inflation-purchasing-power/"", ""https://worthcalc.win/es/pay-raise-vs-inflation-purchasing-power/"", ""https://worthcalc.win/fr/pay-raise-vs-inflation-purchasing-power/"", ""https://worthcalc.win/zh/"", ""https://worthcalc.win/zh/about/"", ""https://worthcalc.win/zh/changelog/"", ""https://worthcalc.win/zh/contact/"", ""https://worthcalc.win/zh/disclaimer/"", ""https://worthcalc.win/zh/guides/"", ""https://worthcalc.win/zh/money/"", ""https://worthcalc.win/zh/pay-raise-vs-inflation-purchasing-power/"", ""https://worthcalc.win/zh/privacy/"", ""https://worthcalc.win/zh/terms/"", ""https://worthcalc.win/zh/tools/"", ""https://worthcalc.win/zh/topics/income-savings/""]",[],[],False,5,[]
https://worthcalc.win/zh/price-per-wear-clothing-shoes/,200,https://worthcalc.win/zh/price-per-wear-clothing-shoes/,https://worthcalc.win/zh/price-per-wear-clothing-shoes/,200,"index, follow, max-image-preview:large",,每次穿著成本怎麼算？用真實次數比較衣服和鞋子 | WorthCalc,把購入、洗燙、修補、淨轉售與實際穿著次數合併計算，不拿想像壽命美化結果。,"[""每次穿著成本怎麼算？用真實次數比較衣服和鞋子""]",zh-TW,[],"{""zh-TW"": ""https://worthcalc.win/zh/price-per-wear-clothing-shoes/"", ""x-default"": ""https://worthcalc.win/zh/price-per-wear-clothing-shoes/""}",[],"[""https://worthcalc.win/de/price-per-wear-clothing-shoes/"", ""https://worthcalc.win/en/price-per-wear-clothing-shoes/"", ""https://worthcalc.win/es/price-per-wear-clothing-shoes/"", ""https://worthcalc.win/fr/price-per-wear-clothing-shoes/"", ""https://worthcalc.win/zh/"", ""https://worthcalc.win/zh/about/"", ""https://worthcalc.win/zh/changelog/"", ""https://worthcalc.win/zh/contact/"", ""https://worthcalc.win/zh/disclaimer/"", ""https://worthcalc.win/zh/guides/"", ""https://worthcalc.win/zh/money/"", ""https://worthcalc.win/zh/price-per-wear-clothing-shoes/"", ""https://worthcalc.win/zh/privacy/"", ""https://worthcalc.win/zh/terms/"", ""https://worthcalc.win/zh/tools/"", ""https://worthcalc.win/zh/topics/everyday/""]",[],[],False,5,[]
https://worthcalc.win/zh/privacy/,200,https://worthcalc.win/zh/privacy/,https://worthcalc.win/zh/privacy/,200,"index, follow, max-image-preview:large",,隱私權政策 | WorthCalc,WorthCalc 如何處理你的資料：所有計算機都在瀏覽器端執行，本頁也說明 Google AdSense 與分析 Cookie 的使用方式。,"[""隱私權政策""]",zh-TW,[],"{""en"": ""https://worthcalc.win/en/privacy/"", ""zh-TW"": ""https://worthcalc.win/zh/privacy/"", ""x-default"": ""https://worthcalc.win/en/privacy/""}",[],"[""https://worthcalc.win/cdn-cgi/l/email-protection"", ""https://worthcalc.win/de/privacy/"", ""https://worthcalc.win/en/privacy/"", ""https://worthcalc.win/es/privacy/"", ""https://worthcalc.win/fr/privacy/"", ""https://worthcalc.win/zh/"", ""https://worthcalc.win/zh/about/"", ""https://worthcalc.win/zh/changelog/"", ""https://worthcalc.win/zh/contact/"", ""https://worthcalc.win/zh/disclaimer/"", ""https://worthcalc.win/zh/guides/"", ""https://worthcalc.win/zh/money/"", ""https://worthcalc.win/zh/privacy/"", ""https://worthcalc.win/zh/terms/"", ""https://worthcalc.win/zh/tools/""]","[""https://worthcalc.win/cdn-cgi/l/email-protection""]",[],False,4,[]
https://worthcalc.win/zh/rent-vs-buy-breakeven-year/,200,https://worthcalc.win/zh/rent-vs-buy-breakeven-year/,https://worthcalc.win/zh/rent-vs-buy-breakeven-year/,200,"index, follow, max-image-preview:large",,買房住幾年才可能比租屋划算？損益年分計算 | WorthCalc,逐年比較房貸餘額、買賣成本、房屋稅與修繕、租金成長、房價變動及頭期款機會成本，找出首次損益交叉年。,"[""買房住幾年才可能比租屋划算？損益年分計算""]",zh-TW,[],"{""en"": ""https://worthcalc.win/en/rent-vs-buy-breakeven-year/"", ""zh-TW"": ""https://worthcalc.win/zh/rent-vs-buy-breakeven-year/"", ""x-default"": ""https://worthcalc.win/en/rent-vs-buy-breakeven-year/""}",[],"[""https://worthcalc.win/de/rent-vs-buy-breakeven-year/"", ""https://worthcalc.win/en/rent-vs-buy-breakeven-year/"", ""https://worthcalc.win/es/rent-vs-buy-breakeven-year/"", ""https://worthcalc.win/fr/rent-vs-buy-breakeven-year/"", ""https://worthcalc.win/zh/"", ""https://worthcalc.win/zh/about/"", ""https://worthcalc.win/zh/changelog/"", ""https://worthcalc.win/zh/contact/"", ""https://worthcalc.win/zh/disclaimer/"", ""https://worthcalc.win/zh/guides/"", ""https://worthcalc.win/zh/money/"", ""https://worthcalc.win/zh/privacy/"", ""https://worthcalc.win/zh/rent-vs-buy-breakeven-year/"", ""https://worthcalc.win/zh/terms/"", ""https://worthcalc.win/zh/tools/"", ""https://worthcalc.win/zh/tools/rent-vs-buy/"", ""https://worthcalc.win/zh/topics/housing/""]",[],[],False,5,[]
https://worthcalc.win/zh/rent-vs-buy-guide/,200,https://worthcalc.win/zh/rent-vs-buy-guide/,https://worthcalc.win/zh/rent-vs-buy-guide/,200,"index, follow, max-image-preview:large",,租屋還是買房？真正會改變答案的關鍵數字 | WorthCalc,用持有年限、房貸利息、買賣成本、稅費修繕、租金成長、房價變動與頭期款機會成本，做台灣租屋買房敏感度試算。,"[""租屋還是買房？真正會改變答案的關鍵數字""]",zh-TW,[],"{""en"": ""https://worthcalc.win/en/rent-vs-buy-guide/"", ""zh-TW"": ""https://worthcalc.win/zh/rent-vs-buy-guide/"", ""x-default"": ""https://worthcalc.win/en/rent-vs-buy-guide/""}",[],"[""https://worthcalc.win/de/rent-vs-buy-guide/"", ""https://worthcalc.win/en/rent-vs-buy-guide/"", ""https://worthcalc.win/es/rent-vs-buy-guide/"", ""https://worthcalc.win/fr/rent-vs-buy-guide/"", ""https://worthcalc.win/zh/"", ""https://worthcalc.win/zh/about/"", ""https://worthcalc.win/zh/changelog/"", ""https://worthcalc.win/zh/contact/"", ""https://worthcalc.win/zh/disclaimer/"", ""https://worthcalc.win/zh/guides/"", ""https://worthcalc.win/zh/money/"", ""https://worthcalc.win/zh/privacy/"", ""https://worthcalc.win/zh/rent-vs-buy-guide/"", ""https://worthcalc.win/zh/terms/"", ""https://worthcalc.win/zh/tools/"", ""https://worthcalc.win/zh/tools/commute-cost/"", ""https://worthcalc.win/zh/tools/rent-vs-buy/"", ""https://worthcalc.win/zh/topics/housing/""]",[],[],False,5,[]
https://worthcalc.win/zh/repair-or-replace-decision-formula/,200,https://worthcalc.win/zh/repair-or-replace-decision-formula/,https://worthcalc.win/zh/repair-or-replace-decision-formula/,200,"index, follow, max-image-preview:large",,維修還是換新？家電、手機與車輛的實用判斷公式 | WorthCalc,用維修報價、修後剩餘壽命、故障再發、能源差與換新淨成本判斷，不套用「超過幾成就換」的萬用口訣。,"[""維修還是換新？家電、手機與車輛的實用判斷公式""]",zh-TW,[],"{""en"": ""https://worthcalc.win/en/repair-or-replace-decision-formula/"", ""zh-TW"": ""https://worthcalc.win/zh/repair-or-replace-decision-formula/"", ""x-default"": ""https://worthcalc.win/en/repair-or-replace-decision-formula/""}",[],"[""https://worthcalc.win/de/repair-or-replace-decision-formula/"", ""https://worthcalc.win/en/repair-or-replace-decision-formula/"", ""https://worthcalc.win/es/repair-or-replace-decision-formula/"", ""https://worthcalc.win/fr/repair-or-replace-decision-formula/"", ""https://worthcalc.win/zh/"", ""https://worthcalc.win/zh/about/"", ""https://worthcalc.win/zh/changelog/"", ""https://worthcalc.win/zh/contact/"", ""https://worthcalc.win/zh/disclaimer/"", ""https://worthcalc.win/zh/guides/"", ""https://worthcalc.win/zh/money/"", ""https://worthcalc.win/zh/privacy/"", ""https://worthcalc.win/zh/repair-or-replace-decision-formula/"", ""https://worthcalc.win/zh/terms/"", ""https://worthcalc.win/zh/tools/"", ""https://worthcalc.win/zh/topics/everyday/""]",[],[],False,5,[]
https://worthcalc.win/zh/reusable-vs-disposable-break-even/,200,https://worthcalc.win/zh/reusable-vs-disposable-break-even/,https://worthcalc.win/zh/reusable-vs-disposable-break-even/,200,"index, follow, max-image-preview:large",,重複使用或一次性用品：真正回本次數與每次成本 | WorthCalc,把購入、清洗、耗材、實際壽命與一次性單價放入同一模型；不做無來源環境結論。,"[""重複使用或一次性用品：真正回本次數與每次成本""]",zh-TW,[],"{""zh-TW"": ""https://worthcalc.win/zh/reusable-vs-disposable-break-even/"", ""x-default"": ""https://worthcalc.win/zh/reusable-vs-disposable-break-even/""}",[],"[""https://worthcalc.win/de/reusable-vs-disposable-break-even/"", ""https://worthcalc.win/en/reusable-vs-disposable-break-even/"", ""https://worthcalc.win/es/reusable-vs-disposable-break-even/"", ""https://worthcalc.win/fr/reusable-vs-disposable-break-even/"", ""https://worthcalc.win/zh/"", ""https://worthcalc.win/zh/about/"", ""https://worthcalc.win/zh/changelog/"", ""https://worthcalc.win/zh/contact/"", ""https://worthcalc.win/zh/disclaimer/"", ""https://worthcalc.win/zh/guides/"", ""https://worthcalc.win/zh/money/"", ""https://worthcalc.win/zh/privacy/"", ""https://worthcalc.win/zh/reusable-vs-disposable-break-even/"", ""https://worthcalc.win/zh/terms/"", ""https://worthcalc.win/zh/tools/"", ""https://worthcalc.win/zh/topics/everyday/""]",[],[],False,5,[]
https://worthcalc.win/zh/simple-vs-compound-interest/,200,https://worthcalc.win/zh/simple-vs-compound-interest/,https://worthcalc.win/zh/simple-vs-compound-interest/,200,"index,follow",,簡單利息 vs 複利完整解釋：公式與借款範例｜WorthCalc,簡單利息只對本金計息；複利會讓已產生的利息也進入下一期基礎。用公式、信用卡與長期儲蓄案例看差距。,"[""簡單利息 vs 複利差在哪？存款、投資與債務為什麼不能只看年利率""]",zh-TW,[],"{""zh-TW"": ""https://worthcalc.win/zh/simple-vs-compound-interest/"", ""x-default"": ""https://worthcalc.win/zh/simple-vs-compound-interest/""}",[],"[""https://worthcalc.win/zh/"", ""https://worthcalc.win/zh/about/"", ""https://worthcalc.win/zh/apr-vs-apy/"", ""https://worthcalc.win/zh/changelog/"", ""https://worthcalc.win/zh/contact/"", ""https://worthcalc.win/zh/disclaimer/"", ""https://worthcalc.win/zh/guides/"", ""https://worthcalc.win/zh/guides/real-vs-nominal-return/"", ""https://worthcalc.win/zh/money/"", ""https://worthcalc.win/zh/privacy/"", ""https://worthcalc.win/zh/simple-vs-compound-interest/"", ""https://worthcalc.win/zh/terms/"", ""https://worthcalc.win/zh/tools/"", ""https://worthcalc.win/zh/tools/compound-growth/"", ""https://worthcalc.win/zh/tools/credit-card-payoff/"", ""https://worthcalc.win/zh/topics/income-savings/""]",[],[],False,3,[]
https://worthcalc.win/zh/snowball-vs-avalanche/,200,https://worthcalc.win/zh/snowball-vs-avalanche/,https://worthcalc.win/zh/snowball-vs-avalanche/,200,"index, follow, max-image-preview:large",,卡債、信貸一起還：雪球法還是雪崩法比較快清完？ | WorthCalc,多筆債務同時要還時，先顧信心的雪球法跟先省利息的雪崩法怎麼選，台灣循環利率15%上限下的實際排序邏輯。,"[""卡債、信貸一起還：雪球法還是雪崩法比較快清完？""]",zh-TW,[],"{""en"": ""https://worthcalc.win/en/snowball-vs-avalanche/"", ""zh-TW"": ""https://worthcalc.win/zh/snowball-vs-avalanche/"", ""x-default"": ""https://worthcalc.win/en/snowball-vs-avalanche/""}",[],"[""https://worthcalc.win/de/snowball-vs-avalanche/"", ""https://worthcalc.win/en/snowball-vs-avalanche/"", ""https://worthcalc.win/es/snowball-vs-avalanche/"", ""https://worthcalc.win/fr/snowball-vs-avalanche/"", ""https://worthcalc.win/zh/"", ""https://worthcalc.win/zh/about/"", ""https://worthcalc.win/zh/changelog/"", ""https://worthcalc.win/zh/contact/"", ""https://worthcalc.win/zh/disclaimer/"", ""https://worthcalc.win/zh/guides/"", ""https://worthcalc.win/zh/money/"", ""https://worthcalc.win/zh/privacy/"", ""https://worthcalc.win/zh/snowball-vs-avalanche/"", ""https://worthcalc.win/zh/terms/"", ""https://worthcalc.win/zh/tools/"", ""https://worthcalc.win/zh/tools/debt-strategy/"", ""https://worthcalc.win/zh/topics/debt-credit/""]",[],[],False,4,[]
https://worthcalc.win/zh/subscription-creep/,200,https://worthcalc.win/zh/subscription-creep/,https://worthcalc.win/zh/subscription-creep/,200,"index, follow, max-image-preview:large",,訂閱通膨：你一年到底花了多少錢？ | WorthCalc,Netflix、Spotify、iCloud、健身 App⋯⋯把所有訂閱花費一次算清楚，看每月、一年、五年的真實總額。附免費訂閱花費計算機。,"[""訂閱通膨：你一年到底花了多少錢？""]",zh-TW,[],"{""en"": ""https://worthcalc.win/en/subscription-creep/"", ""zh-TW"": ""https://worthcalc.win/zh/subscription-creep/"", ""x-default"": ""https://worthcalc.win/en/subscription-creep/""}",[],"[""https://worthcalc.win/de/subscription-creep/"", ""https://worthcalc.win/en/subscription-creep/"", ""https://worthcalc.win/es/subscription-creep/"", ""https://worthcalc.win/fr/subscription-creep/"", ""https://worthcalc.win/zh/"", ""https://worthcalc.win/zh/about/"", ""https://worthcalc.win/zh/changelog/"", ""https://worthcalc.win/zh/contact/"", ""https://worthcalc.win/zh/disclaimer/"", ""https://worthcalc.win/zh/guides/"", ""https://worthcalc.win/zh/money/"", ""https://worthcalc.win/zh/privacy/"", ""https://worthcalc.win/zh/subscription-creep/"", ""https://worthcalc.win/zh/terms/"", ""https://worthcalc.win/zh/tools/"", ""https://worthcalc.win/zh/tools/latte-factor/"", ""https://worthcalc.win/zh/tools/subscription-audit/"", ""https://worthcalc.win/zh/topics/memberships/"", ""https://worthcalc.win/zh/zero-interest-installments-truth/""]",[],[],False,5,[]
https://worthcalc.win/zh/terms/,200,https://worthcalc.win/zh/terms/,https://worthcalc.win/zh/terms/,200,"index, follow, max-image-preview:large",,使用條款 | WorthCalc,使用 WorthCalc 免費瀏覽器端理財計算機時，適用的使用條款。,"[""使用條款""]",zh-TW,[],"{""en"": ""https://worthcalc.win/en/terms/"", ""zh-TW"": ""https://worthcalc.win/zh/terms/"", ""x-default"": ""https://worthcalc.win/en/terms/""}",[],"[""https://worthcalc.win/cdn-cgi/l/email-protection"", ""https://worthcalc.win/de/terms/"", ""https://worthcalc.win/en/terms/"", ""https://worthcalc.win/es/terms/"", ""https://worthcalc.win/fr/terms/"", ""https://worthcalc.win/zh/"", ""https://worthcalc.win/zh/about/"", ""https://worthcalc.win/zh/changelog/"", ""https://worthcalc.win/zh/contact/"", ""https://worthcalc.win/zh/disclaimer/"", ""https://worthcalc.win/zh/guides/"", ""https://worthcalc.win/zh/money/"", ""https://worthcalc.win/zh/privacy/"", ""https://worthcalc.win/zh/terms/"", ""https://worthcalc.win/zh/tools/""]","[""https://worthcalc.win/cdn-cgi/l/email-protection""]",[],False,4,[]
https://worthcalc.win/zh/tools/,200,https://worthcalc.win/zh/tools/,https://worthcalc.win/zh/tools/,200,"index, follow, max-image-preview:large",,全部計算機 | WorthCalc,WorthCalc 的所有計算機，依照它們回答的決策分類：住房、債務與信用、交通、日常回本、訂閱會員、收入與儲蓄。,"[""全部計算機""]",zh-TW,[],"{""en"": ""https://worthcalc.win/en/tools/"", ""zh-TW"": ""https://worthcalc.win/zh/tools/"", ""x-default"": ""https://worthcalc.win/en/tools/""}",[],"[""https://worthcalc.win/de/tools/"", ""https://worthcalc.win/en/tools/"", ""https://worthcalc.win/es/tools/"", ""https://worthcalc.win/fr/tools/"", ""https://worthcalc.win/zh/"", ""https://worthcalc.win/zh/about/"", ""https://worthcalc.win/zh/changelog/"", ""https://worthcalc.win/zh/contact/"", ""https://worthcalc.win/zh/disclaimer/"", ""https://worthcalc.win/zh/guides/"", ""https://worthcalc.win/zh/money/"", ""https://worthcalc.win/zh/privacy/"", ""https://worthcalc.win/zh/terms/"", ""https://worthcalc.win/zh/tools/"", ""https://worthcalc.win/zh/tools/appliance-electricity-cost/"", ""https://worthcalc.win/zh/tools/budget-builder/"", ""https://worthcalc.win/zh/tools/car-affordability/"", ""https://worthcalc.win/zh/tools/cashback-breakeven/"", ""https://worthcalc.win/zh/tools/commute-cost/"", ""https://worthcalc.win/zh/tools/compound-growth/"", ""https://worthcalc.win/zh/tools/cost-per-mile/"", ""https://worthcalc.win/zh/tools/costco-membership/"", ""https://worthcalc.win/zh/tools/credit-card-payoff/"", ""https://worthcalc.win/zh/tools/debt-strategy/"", ""https://worthcalc.win/zh/tools/dti-calculator/"", ""https://worthcalc.win/zh/tools/ev-vs-gas/"", ""https://worthcalc.win/zh/tools/home-affordability/"", ""https://worthcalc.win/zh/tools/installment-true-apr/"", ""https://worthcalc.win/zh/tools/latte-factor/"", ""https://worthcalc.win/zh/tools/mortgage-payoff/"", ""https://worthcalc.win/zh/tools/rent-vs-buy/"", ""https://worthcalc.win/zh/tools/salary-converter/"", ""https://worthcalc.win/zh/tools/subscription-audit/"", ""https://worthcalc.win/zh/topics/debt-credit/"", ""https://worthcalc.win/zh/topics/everyday/"", ""https://worthcalc.win/zh/topics/housing/"", ""https://worthcalc.win/zh/topics/income-savings/"", ""https://worthcalc.win/zh/topics/memberships/"", ""https://worthcalc.win/zh/topics/transportation/""]",[],[],False,4,[]
https://worthcalc.win/zh/tools/appliance-electricity-cost/,200,https://worthcalc.win/zh/tools/appliance-electricity-cost/,https://worthcalc.win/zh/tools/appliance-electricity-cost/,200,"index, follow, max-image-preview:large",,家電電費怎麼算？冷氣、除濕機、電熱器每小時電費計算機（2026）,選家電自動帶入瓦數，輸入台電電價與使用時數，算出每小時、每天、每月、每年電費。40 種以上家電附來源。,"[""家電一天用多少電？每小時、每月電費怎麼算？""]",zh-TW,[],"{""zh-TW"": ""https://worthcalc.win/zh/tools/appliance-electricity-cost/"", ""x-default"": ""https://worthcalc.win/zh/tools/appliance-electricity-cost/""}",[],"[""https://worthcalc.win/zh/"", ""https://worthcalc.win/zh/about/"", ""https://worthcalc.win/zh/changelog/"", ""https://worthcalc.win/zh/contact/"", ""https://worthcalc.win/zh/disclaimer/"", ""https://worthcalc.win/zh/guides/"", ""https://worthcalc.win/zh/guides/electricity-cost-per-kwh-used/"", ""https://worthcalc.win/zh/home-vs-public-ev-charging-cost/"", ""https://worthcalc.win/zh/money/"", ""https://worthcalc.win/zh/privacy/"", ""https://worthcalc.win/zh/terms/"", ""https://worthcalc.win/zh/tools/"", ""https://worthcalc.win/zh/tools/appliance-electricity-cost/"", ""https://worthcalc.win/zh/tools/cost-per-mile/"", ""https://worthcalc.win/zh/topics/everyday/""]",[],[],False,5,[]
https://worthcalc.win/zh/tools/budget-builder/,200,https://worthcalc.win/zh/tools/budget-builder/,https://worthcalc.win/zh/tools/budget-builder/,200,"index, follow, max-image-preview:large",,不固定收入月預算建立器 | WorthCalc,把不固定收入與年繳、季繳帳單統一換算成月度基準，並提醒接案族容易漏算的綜所稅與二代健保補充保費。,"[""不固定收入月預算建立器""]",zh-TW,[],"{""en"": ""https://worthcalc.win/en/tools/budget-builder/"", ""zh-TW"": ""https://worthcalc.win/zh/tools/budget-builder/"", ""x-default"": ""https://worthcalc.win/en/tools/budget-builder/""}",[],"[""https://worthcalc.win/de/tools/budget-builder/"", ""https://worthcalc.win/en/guides/cash-runway-before-quitting-job/"", ""https://worthcalc.win/en/guides/freelance-minimum-billable-rate/"", ""https://worthcalc.win/en/guides/prepay-rent-discount-vs-liquidity/"", ""https://worthcalc.win/en/guides/relocation-higher-salary-break-even/"", ""https://worthcalc.win/en/guides/training-certification-break-even/"", ""https://worthcalc.win/en/tools/budget-builder/"", ""https://worthcalc.win/es/tools/budget-builder/"", ""https://worthcalc.win/fr/tools/budget-builder/"", ""https://worthcalc.win/zh/"", ""https://worthcalc.win/zh/about/"", ""https://worthcalc.win/zh/budget-with-irregular-income/"", ""https://worthcalc.win/zh/changelog/"", ""https://worthcalc.win/zh/contact/"", ""https://worthcalc.win/zh/disclaimer/"", ""https://worthcalc.win/zh/emergency-fund-how-much/"", ""https://worthcalc.win/zh/emergency-fund-vs-sinking-fund/"", ""https://worthcalc.win/zh/guides/"", ""https://worthcalc.win/zh/guides/annual-expenses-monthly-equivalent/"", ""https://worthcalc.win/zh/guides/base-salary-vs-bonus-fixed-cost-capacity/"", ""https://worthcalc.win/zh/guides/cash-flow-buffer-vs-emergency-fund/"", ""https://worthcalc.win/zh/guides/cash-runway-before-quitting-job/"", ""https://worthcalc.win/zh/guides/childcare-return-to-work-break-even/"", ""https://worthcalc.win/zh/guides/employer-benefits-replacement-cost-vs-cash/"", ""https://worthcalc.win/zh/guides/extra-room-home-office-incremental-rent-break-even/"", ""https://worthcalc.win/zh/guides/fixed-cost-ratio-personal-budget/"", ""https://worthcalc.win/zh/guides/freelance-minimum-billable-rate/"", ""https://worthcalc.win/zh/guides/higher-salary-long-commute-vs-lower-salary-nearby/"", ""https://worthcalc.win/zh/guides/joint-account-minimum-cash-floor/"", ""https://worthcalc.win/zh/guides/overtime-marginal-take-home-cost/"", ""https://worthcalc.win/zh/guides/paycheck-budgeting-limitations/"", ""https://worthcalc.win/zh/guides/prepay-rent-discount-vs-liquidity/"", ""https://worthcalc.win/zh/guides/professional-membership-replacement-value-break-even/"", ""https://worthcalc.win/zh/guides/relocation-for-higher-salary-break-even/"", ""https://worthcalc.win/zh/guides/rent-increase-vs-moving-break-even/"", ""https://worthcalc.win/zh/guides/shared-expenses-income-split/"", ""https://worthcalc.win/zh/guides/side-hustle-equipment-billable-utilization-break-even/"", ""https://worthcalc.win/zh/guides/signing-bonus-vs-higher-base-clawback-break-even/"", ""https://worthcalc.win/zh/guides/training-certification-break-even/"", ""https://worthcalc.win/zh/guides/work-equipment-reimbursement-break-even/"", ""https://worthcalc.win/zh/money/"", ""https://worthcalc.win/zh/privacy/"", ""https://worthcalc.win/zh/terms/"", ""https://worthcalc.win/zh/tools/"", ""https://worthcalc.win/zh/tools/budget-builder/"", ""https://worthcalc.win/zh/topics/income-savings/""]",[],[],False,4,[]
https://worthcalc.win/zh/tools/car-affordability/,200,https://worthcalc.win/zh/tools/car-affordability/,https://worthcalc.win/zh/tools/car-affordability/,200,"index, follow, max-image-preview:large",,汽車負擔能力與完整月成本計算機 | WorthCalc,從實領收入反推可負擔車貸月付與車價，並把牌照稅、燃料使用費、強制險、任意險、保養、停車一併算進完整持有成本。,"[""汽車負擔能力與完整月成本計算機""]",zh-TW,[],"{""en"": ""https://worthcalc.win/en/tools/car-affordability/"", ""zh-TW"": ""https://worthcalc.win/zh/tools/car-affordability/"", ""x-default"": ""https://worthcalc.win/en/tools/car-affordability/""}",[],"[""https://worthcalc.win/de/tools/car-affordability/"", ""https://worthcalc.win/en/tools/car-affordability/"", ""https://worthcalc.win/es/tools/car-affordability/"", ""https://worthcalc.win/fr/tools/car-affordability/"", ""https://worthcalc.win/zh/"", ""https://worthcalc.win/zh/about/"", ""https://worthcalc.win/zh/changelog/"", ""https://worthcalc.win/zh/contact/"", ""https://worthcalc.win/zh/disclaimer/"", ""https://worthcalc.win/zh/guides/"", ""https://worthcalc.win/zh/guides/car-down-payment-vs-liquidity/"", ""https://worthcalc.win/zh/guides/car-loan-60-72-84-early-exit/"", ""https://worthcalc.win/zh/guides/car-major-repair-hold-period-break-even/"", ""https://worthcalc.win/zh/guides/cash-vs-car-loan-liquidity-adjusted/"", ""https://worthcalc.win/zh/guides/extra-principal-before-car-trade-vs-cash/"", ""https://worthcalc.win/zh/guides/monthly-payment-affordability-vs-total-cost/"", ""https://worthcalc.win/zh/loan-term-vs-total-interest/"", ""https://worthcalc.win/zh/money/"", ""https://worthcalc.win/zh/privacy/"", ""https://worthcalc.win/zh/terms/"", ""https://worthcalc.win/zh/tools/"", ""https://worthcalc.win/zh/tools/car-affordability/"", ""https://worthcalc.win/zh/topics/transportation/"", ""https://worthcalc.win/zh/true-cost-of-car-ownership/""]",[],[],False,4,[]
https://worthcalc.win/zh/tools/cashback-breakeven/,200,https://worthcalc.win/zh/tools/cashback-breakeven/,https://worthcalc.win/zh/tools/cashback-breakeven/,200,"index, follow, max-image-preview:large",,信用卡年費值得嗎？回饋回本計算機（2026）,輸入年費、回饋率與每月消費，算出多少消費額才能把年費賺回來。,"[""信用卡回饋打平計算機""]",zh-TW,[],"{""en"": ""https://worthcalc.win/en/tools/cashback-breakeven/"", ""zh-TW"": ""https://worthcalc.win/zh/tools/cashback-breakeven/"", ""x-default"": ""https://worthcalc.win/en/tools/cashback-breakeven/""}",[],"[""https://worthcalc.win/de/tools/cashback-breakeven/"", ""https://worthcalc.win/en/tools/cashback-breakeven/"", ""https://worthcalc.win/es/tools/cashback-breakeven/"", ""https://worthcalc.win/fr/tools/cashback-breakeven/"", ""https://worthcalc.win/zh/"", ""https://worthcalc.win/zh/about/"", ""https://worthcalc.win/zh/annual-fee-card-breakeven/"", ""https://worthcalc.win/zh/changelog/"", ""https://worthcalc.win/zh/contact/"", ""https://worthcalc.win/zh/disclaimer/"", ""https://worthcalc.win/zh/guides/"", ""https://worthcalc.win/zh/money/"", ""https://worthcalc.win/zh/privacy/"", ""https://worthcalc.win/zh/terms/"", ""https://worthcalc.win/zh/tools/"", ""https://worthcalc.win/zh/tools/cashback-breakeven/"", ""https://worthcalc.win/zh/tools/costco-membership/"", ""https://worthcalc.win/zh/tools/installment-true-apr/"", ""https://worthcalc.win/zh/tools/subscription-audit/"", ""https://worthcalc.win/zh/topics/debt-credit/""]",[],[],False,5,[]
https://worthcalc.win/zh/tools/commute-cost/,200,https://worthcalc.win/zh/tools/commute-cost/,https://worthcalc.win/zh/tools/commute-cost/,200,"index, follow, max-image-preview:large",,每天通勤到底花多少錢？每公里、每年通勤成本計算機（2026）,油錢（油耗或電耗）、停車、過路費、折舊和你的時間成本，算出每公里與每年總支出，比較開車、大眾運輸、機車與叫車。,"[""通勤每公里花多少？油錢、時間與回辦公室成本計算機""]",zh-TW,[],"{""en"": ""https://worthcalc.win/en/tools/commute-cost/"", ""zh-TW"": ""https://worthcalc.win/zh/tools/commute-cost/"", ""x-default"": ""https://worthcalc.win/en/tools/commute-cost/""}",[],"[""https://worthcalc.win/de/tools/commute-cost/"", ""https://worthcalc.win/en/tools/commute-cost/"", ""https://worthcalc.win/es/tools/commute-cost/"", ""https://worthcalc.win/fr/tools/commute-cost/"", ""https://worthcalc.win/zh/"", ""https://worthcalc.win/zh/about/"", ""https://worthcalc.win/zh/changelog/"", ""https://worthcalc.win/zh/contact/"", ""https://worthcalc.win/zh/disclaimer/"", ""https://worthcalc.win/zh/guides/"", ""https://worthcalc.win/zh/guides/remote-work-pay-cut-cash-break-even/"", ""https://worthcalc.win/zh/guides/transit-pass-vs-pay-as-you-go-usage-break-even/"", ""https://worthcalc.win/zh/money/"", ""https://worthcalc.win/zh/privacy/"", ""https://worthcalc.win/zh/terms/"", ""https://worthcalc.win/zh/tools/"", ""https://worthcalc.win/zh/tools/commute-cost/"", ""https://worthcalc.win/zh/tools/cost-per-mile/"", ""https://worthcalc.win/zh/tools/costco-membership/"", ""https://worthcalc.win/zh/tools/ev-vs-gas/"", ""https://worthcalc.win/zh/tools/latte-factor/"", ""https://worthcalc.win/zh/tools/rent-vs-buy/"", ""https://worthcalc.win/zh/topics/transportation/""]",[],[],False,5,[]
https://worthcalc.win/zh/tools/compound-growth/,200,https://worthcalc.win/zh/tools/compound-growth/,https://worthcalc.win/zh/tools/compound-growth/,200,"index, follow, max-image-preview:large",,複利成長與儲蓄目標計算機 | WorthCalc,推估本金、每月投入、費用率與通膨情境下的終值，並可反推達成儲蓄目標所需的每月投入金額。,"[""複利成長與儲蓄目標計算機""]",zh-TW,[],"{""en"": ""https://worthcalc.win/en/tools/compound-growth/"", ""zh-TW"": ""https://worthcalc.win/zh/tools/compound-growth/"", ""x-default"": ""https://worthcalc.win/en/tools/compound-growth/""}",[],"[""https://worthcalc.win/de/tools/compound-growth/"", ""https://worthcalc.win/en/tools/compound-growth/"", ""https://worthcalc.win/es/tools/compound-growth/"", ""https://worthcalc.win/fr/tools/compound-growth/"", ""https://worthcalc.win/zh/"", ""https://worthcalc.win/zh/about/"", ""https://worthcalc.win/zh/changelog/"", ""https://worthcalc.win/zh/contact/"", ""https://worthcalc.win/zh/disclaimer/"", ""https://worthcalc.win/zh/guides/"", ""https://worthcalc.win/zh/guides/cost-of-delaying-savings-goal/"", ""https://worthcalc.win/zh/guides/inflation-adjusted-savings-goal/"", ""https://worthcalc.win/zh/guides/subscription-opportunity-cost/"", ""https://worthcalc.win/zh/how-compound-growth-works/"", ""https://worthcalc.win/zh/how-to-calculate-savings-rate/"", ""https://worthcalc.win/zh/money/"", ""https://worthcalc.win/zh/privacy/"", ""https://worthcalc.win/zh/terms/"", ""https://worthcalc.win/zh/tools/"", ""https://worthcalc.win/zh/tools/compound-growth/"", ""https://worthcalc.win/zh/topics/income-savings/""]",[],[],False,4,[]
https://worthcalc.win/zh/tools/cost-per-mile/,200,https://worthcalc.win/zh/tools/cost-per-mile/,https://worthcalc.win/zh/tools/cost-per-mile/,200,"index, follow, max-image-preview:large",,開車每公里成本多少？汽油車 vs 電動車計算機（2026）,輸入油價與油耗，或電價與每百公里耗電，比較每公里、每月與每年成本。,"[""這台車每公里到底花多少？完整養車成本計算機""]",zh-TW,[],"{""en"": ""https://worthcalc.win/en/tools/cost-per-mile/"", ""zh-TW"": ""https://worthcalc.win/zh/tools/cost-per-mile/"", ""x-default"": ""https://worthcalc.win/en/tools/cost-per-mile/""}",[],"[""https://worthcalc.win/en/tools/cost-per-mile/"", ""https://worthcalc.win/zh/"", ""https://worthcalc.win/zh/about/"", ""https://worthcalc.win/zh/changelog/"", ""https://worthcalc.win/zh/contact/"", ""https://worthcalc.win/zh/disclaimer/"", ""https://worthcalc.win/zh/guides/"", ""https://worthcalc.win/zh/money/"", ""https://worthcalc.win/zh/privacy/"", ""https://worthcalc.win/zh/terms/"", ""https://worthcalc.win/zh/tools/"", ""https://worthcalc.win/zh/tools/commute-cost/"", ""https://worthcalc.win/zh/tools/cost-per-mile/"", ""https://worthcalc.win/zh/tools/ev-vs-gas/"", ""https://worthcalc.win/zh/topics/transportation/"", ""https://worthcalc.win/zh/true-cost-of-car-ownership/""]",[],[],False,5,[]
https://worthcalc.win/zh/tools/costco-membership/,200,https://worthcalc.win/zh/tools/costco-membership/,https://worthcalc.win/zh/tools/costco-membership/,200,"index, follow, max-image-preview:large",,好市多黑鑽卡值得升級嗎？回本金額計算機（2026）,輸入每月在好市多的消費，算出 2% 回饋何時能補回年費差額，該辦金星還是黑鑽一目了然。,"[""Costco 會員回本計算機：金星與黑鑽卡會員哪個划算？""]",zh-TW,[],"{""en"": ""https://worthcalc.win/en/tools/costco-membership/"", ""zh-TW"": ""https://worthcalc.win/zh/tools/costco-membership/"", ""x-default"": ""https://worthcalc.win/en/tools/costco-membership/""}",[],"[""https://worthcalc.win/de/tools/costco-membership/"", ""https://worthcalc.win/en/tools/costco-membership/"", ""https://worthcalc.win/es/tools/costco-membership/"", ""https://worthcalc.win/fr/tools/costco-membership/"", ""https://worthcalc.win/zh/"", ""https://worthcalc.win/zh/about/"", ""https://worthcalc.win/zh/changelog/"", ""https://worthcalc.win/zh/contact/"", ""https://worthcalc.win/zh/costco-math/"", ""https://worthcalc.win/zh/disclaimer/"", ""https://worthcalc.win/zh/guides/"", ""https://worthcalc.win/zh/is-costco-executive-membership-worth-it/"", ""https://worthcalc.win/zh/money/"", ""https://worthcalc.win/zh/privacy/"", ""https://worthcalc.win/zh/terms/"", ""https://worthcalc.win/zh/tools/"", ""https://worthcalc.win/zh/tools/cashback-breakeven/"", ""https://worthcalc.win/zh/tools/commute-cost/"", ""https://worthcalc.win/zh/tools/costco-membership/"", ""https://worthcalc.win/zh/tools/latte-factor/"", ""https://worthcalc.win/zh/tools/subscription-audit/"", ""https://worthcalc.win/zh/topics/memberships/""]",[],[],False,5,[]
https://worthcalc.win/zh/tools/credit-card-payoff/,200,https://worthcalc.win/zh/tools/credit-card-payoff/,https://worthcalc.win/zh/tools/credit-card-payoff/,200,"index, follow, max-image-preview:large",,信用卡循環利息與清償時間計算機 | WorthCalc,輸入循環餘額、實際利率與還款方式，試算固定金額還款或只繳最低應繳時，要多久還清、總共要付多少循環利息。,"[""信用卡循環利息與清償時間計算機""]",zh-TW,[],"{""en"": ""https://worthcalc.win/en/tools/credit-card-payoff/"", ""zh-TW"": ""https://worthcalc.win/zh/tools/credit-card-payoff/"", ""x-default"": ""https://worthcalc.win/en/tools/credit-card-payoff/""}",[],"[""https://worthcalc.win/de/tools/credit-card-payoff/"", ""https://worthcalc.win/en/tools/credit-card-payoff/"", ""https://worthcalc.win/es/tools/credit-card-payoff/"", ""https://worthcalc.win/fr/tools/credit-card-payoff/"", ""https://worthcalc.win/zh/"", ""https://worthcalc.win/zh/about/"", ""https://worthcalc.win/zh/changelog/"", ""https://worthcalc.win/zh/contact/"", ""https://worthcalc.win/zh/credit-card-minimum-payment-trap/"", ""https://worthcalc.win/zh/disclaimer/"", ""https://worthcalc.win/zh/emergency-fund-vs-debt-payoff/"", ""https://worthcalc.win/zh/guides/"", ""https://worthcalc.win/zh/money/"", ""https://worthcalc.win/zh/privacy/"", ""https://worthcalc.win/zh/terms/"", ""https://worthcalc.win/zh/tools/"", ""https://worthcalc.win/zh/tools/credit-card-payoff/"", ""https://worthcalc.win/zh/topics/debt-credit/""]",[],[],False,4,[]
https://worthcalc.win/zh/tools/debt-strategy/,200,https://worthcalc.win/zh/tools/debt-strategy/,https://worthcalc.win/zh/tools/debt-strategy/,200,"index, follow, max-image-preview:large",,雪球法還是雪崩法還債比較快？比較計算機（2026）,輸入各筆餘額、利率與每月可還金額，比較兩種還法的清償日期與總利息差多少。,"[""債務雪球法 vs 雪崩法比較工具""]",zh-TW,[],"{""en"": ""https://worthcalc.win/en/tools/debt-strategy/"", ""zh-TW"": ""https://worthcalc.win/zh/tools/debt-strategy/"", ""x-default"": ""https://worthcalc.win/en/tools/debt-strategy/""}",[],"[""https://worthcalc.win/de/tools/debt-strategy/"", ""https://worthcalc.win/en/tools/debt-strategy/"", ""https://worthcalc.win/es/tools/debt-strategy/"", ""https://worthcalc.win/fr/tools/debt-strategy/"", ""https://worthcalc.win/zh/"", ""https://worthcalc.win/zh/about/"", ""https://worthcalc.win/zh/changelog/"", ""https://worthcalc.win/zh/contact/"", ""https://worthcalc.win/zh/disclaimer/"", ""https://worthcalc.win/zh/guides/"", ""https://worthcalc.win/zh/money/"", ""https://worthcalc.win/zh/privacy/"", ""https://worthcalc.win/zh/snowball-vs-avalanche/"", ""https://worthcalc.win/zh/terms/"", ""https://worthcalc.win/zh/tools/"", ""https://worthcalc.win/zh/tools/debt-strategy/"", ""https://worthcalc.win/zh/topics/debt-credit/""]",[],[],False,4,[]
https://worthcalc.win/zh/tools/dti-calculator/,200,https://worthcalc.win/zh/tools/dti-calculator/,https://worthcalc.win/zh/tools/dti-calculator/,200,"index, follow, max-image-preview:large",,負債比 DBR 與房貸收支比計算機 | WorthCalc,分開試算無擔保負債的DBR倍數，以及房貸月付佔收入比例與收支比，兩種台灣銀行實際會用到的比率。,"[""負債比 DBR 與房貸收支比計算機""]",zh-TW,[],"{""en"": ""https://worthcalc.win/en/tools/dti-calculator/"", ""zh-TW"": ""https://worthcalc.win/zh/tools/dti-calculator/"", ""x-default"": ""https://worthcalc.win/en/tools/dti-calculator/""}",[],"[""https://worthcalc.win/de/tools/dti-calculator/"", ""https://worthcalc.win/en/tools/dti-calculator/"", ""https://worthcalc.win/es/tools/dti-calculator/"", ""https://worthcalc.win/fr/tools/dti-calculator/"", ""https://worthcalc.win/zh/"", ""https://worthcalc.win/zh/about/"", ""https://worthcalc.win/zh/changelog/"", ""https://worthcalc.win/zh/contact/"", ""https://worthcalc.win/zh/disclaimer/"", ""https://worthcalc.win/zh/guides/"", ""https://worthcalc.win/zh/guides/debt-to-assets-ratio-personal/"", ""https://worthcalc.win/zh/how-to-calculate-dti/"", ""https://worthcalc.win/zh/money/"", ""https://worthcalc.win/zh/privacy/"", ""https://worthcalc.win/zh/terms/"", ""https://worthcalc.win/zh/tools/"", ""https://worthcalc.win/zh/tools/dti-calculator/"", ""https://worthcalc.win/zh/topics/debt-credit/""]",[],[],False,4,[]
https://worthcalc.win/zh/tools/ev-vs-gas/,200,https://worthcalc.win/zh/tools/ev-vs-gas/,https://worthcalc.win/zh/tools/ev-vs-gas/,200,"index, follow, max-image-preview:large",,電動車和汽油車哪個便宜？每公里成本與五年總成本計算機（2026）,輸入油價、油耗、電價與每百公里耗電，比較每公里成本、每年油電費用與五年持有總成本。,"[""電動機車 vs 油車總持有成本計算機""]",zh-TW,[],"{""en"": ""https://worthcalc.win/en/tools/ev-vs-gas/"", ""zh-TW"": ""https://worthcalc.win/zh/tools/ev-vs-gas/"", ""x-default"": ""https://worthcalc.win/en/tools/ev-vs-gas/""}",[],"[""https://worthcalc.win/de/tools/ev-vs-gas/"", ""https://worthcalc.win/en/tools/ev-vs-gas/"", ""https://worthcalc.win/es/tools/ev-vs-gas/"", ""https://worthcalc.win/fr/tools/ev-vs-gas/"", ""https://worthcalc.win/zh/"", ""https://worthcalc.win/zh/about/"", ""https://worthcalc.win/zh/changelog/"", ""https://worthcalc.win/zh/contact/"", ""https://worthcalc.win/zh/disclaimer/"", ""https://worthcalc.win/zh/ev-vs-gas-total-cost/"", ""https://worthcalc.win/zh/guides/"", ""https://worthcalc.win/zh/home-vs-public-ev-charging-cost/"", ""https://worthcalc.win/zh/money/"", ""https://worthcalc.win/zh/privacy/"", ""https://worthcalc.win/zh/terms/"", ""https://worthcalc.win/zh/tools/"", ""https://worthcalc.win/zh/tools/commute-cost/"", ""https://worthcalc.win/zh/tools/cost-per-mile/"", ""https://worthcalc.win/zh/tools/ev-vs-gas/"", ""https://worthcalc.win/zh/tools/installment-true-apr/"", ""https://worthcalc.win/zh/tools/rent-vs-buy/"", ""https://worthcalc.win/zh/topics/transportation/""]",[],[],False,5,[]
https://worthcalc.win/zh/tools/home-affordability/,200,https://worthcalc.win/zh/tools/home-affordability/,https://worthcalc.win/zh/tools/home-affordability/,200,"index, follow, max-image-preview:large",,房屋負擔能力與完整持有成本計算機 | WorthCalc,依收入、負債、頭期款、利率與房屋稅、地價稅、管理費、修繕金反推可負擔房價，並提醒貸款成數受央行選擇性信用管制影響。,"[""房屋負擔能力與完整持有成本計算機""]",zh-TW,[],"{""en"": ""https://worthcalc.win/en/tools/home-affordability/"", ""zh-TW"": ""https://worthcalc.win/zh/tools/home-affordability/"", ""x-default"": ""https://worthcalc.win/en/tools/home-affordability/""}",[],"[""https://worthcalc.win/de/tools/home-affordability/"", ""https://worthcalc.win/en/tools/home-affordability/"", ""https://worthcalc.win/es/tools/home-affordability/"", ""https://worthcalc.win/fr/tools/home-affordability/"", ""https://worthcalc.win/zh/"", ""https://worthcalc.win/zh/about/"", ""https://worthcalc.win/zh/changelog/"", ""https://worthcalc.win/zh/contact/"", ""https://worthcalc.win/zh/disclaimer/"", ""https://worthcalc.win/zh/guides/"", ""https://worthcalc.win/zh/how-much-home-can-you-afford/"", ""https://worthcalc.win/zh/money/"", ""https://worthcalc.win/zh/privacy/"", ""https://worthcalc.win/zh/terms/"", ""https://worthcalc.win/zh/tools/"", ""https://worthcalc.win/zh/tools/home-affordability/"", ""https://worthcalc.win/zh/topics/housing/""]",[],[],False,4,[]
https://worthcalc.win/zh/tools/installment-true-apr/,200,https://worthcalc.win/zh/tools/installment-true-apr/,https://worthcalc.win/zh/tools/installment-true-apr/,200,"index, follow, max-image-preview:large",,分期付款真實 APR 計算機 | WorthCalc,分期付款真實 APR 計算機，幫你看懂 0 利率分期、手續費和隱藏借款成本。,"[""分期付款真實 APR 計算機""]",zh-TW,[],"{""en"": ""https://worthcalc.win/en/tools/installment-true-apr/"", ""zh-TW"": ""https://worthcalc.win/zh/tools/installment-true-apr/"", ""x-default"": ""https://worthcalc.win/en/tools/installment-true-apr/""}",[],"[""https://worthcalc.win/de/tools/installment-true-apr/"", ""https://worthcalc.win/en/tools/installment-true-apr/"", ""https://worthcalc.win/es/tools/installment-true-apr/"", ""https://worthcalc.win/fr/tools/installment-true-apr/"", ""https://worthcalc.win/zh/"", ""https://worthcalc.win/zh/about/"", ""https://worthcalc.win/zh/changelog/"", ""https://worthcalc.win/zh/contact/"", ""https://worthcalc.win/zh/disclaimer/"", ""https://worthcalc.win/zh/guides/"", ""https://worthcalc.win/zh/guides/cash-discount-vs-financing/"", ""https://worthcalc.win/zh/guides/save-first-vs-installment-purchase/"", ""https://worthcalc.win/zh/money/"", ""https://worthcalc.win/zh/privacy/"", ""https://worthcalc.win/zh/terms/"", ""https://worthcalc.win/zh/tools/"", ""https://worthcalc.win/zh/tools/cashback-breakeven/"", ""https://worthcalc.win/zh/tools/installment-true-apr/"", ""https://worthcalc.win/zh/tools/rent-vs-buy/"", ""https://worthcalc.win/zh/tools/subscription-audit/"", ""https://worthcalc.win/zh/topics/debt-credit/"", ""https://worthcalc.win/zh/zero-interest-installments-truth/""]",[],[],False,5,[]
https://worthcalc.win/zh/tools/latte-factor/,200,https://worthcalc.win/zh/tools/latte-factor/,https://worthcalc.win/zh/tools/latte-factor/,200,"index, follow, max-image-preview:large",,每天一杯咖啡，十年花多少？拿鐵因子計算機（2026）,輸入每日小額花費與報酬率，看長期真實成本，也看這個說法哪裡被誇大。,"[""拿鐵因子日常習慣成本計算機""]",zh-TW,[],"{""en"": ""https://worthcalc.win/en/tools/latte-factor/"", ""zh-TW"": ""https://worthcalc.win/zh/tools/latte-factor/"", ""x-default"": ""https://worthcalc.win/en/tools/latte-factor/""}",[],"[""https://worthcalc.win/de/tools/latte-factor/"", ""https://worthcalc.win/en/tools/latte-factor/"", ""https://worthcalc.win/es/tools/latte-factor/"", ""https://worthcalc.win/fr/tools/latte-factor/"", ""https://worthcalc.win/zh/"", ""https://worthcalc.win/zh/about/"", ""https://worthcalc.win/zh/changelog/"", ""https://worthcalc.win/zh/contact/"", ""https://worthcalc.win/zh/disclaimer/"", ""https://worthcalc.win/zh/guides/"", ""https://worthcalc.win/zh/how-compound-growth-works/"", ""https://worthcalc.win/zh/money/"", ""https://worthcalc.win/zh/opportunity-cost-everyday/"", ""https://worthcalc.win/zh/privacy/"", ""https://worthcalc.win/zh/terms/"", ""https://worthcalc.win/zh/tools/"", ""https://worthcalc.win/zh/tools/cashback-breakeven/"", ""https://worthcalc.win/zh/tools/commute-cost/"", ""https://worthcalc.win/zh/tools/compound-growth/"", ""https://worthcalc.win/zh/tools/latte-factor/"", ""https://worthcalc.win/zh/tools/subscription-audit/"", ""https://worthcalc.win/zh/topics/everyday/""]",[],[],False,5,[]
https://worthcalc.win/zh/tools/mortgage-payoff/,200,https://worthcalc.win/zh/tools/mortgage-payoff/,https://worthcalc.win/zh/tools/mortgage-payoff/,200,"index, follow, max-image-preview:large",,房貸多繳與提前清償試算工具 | WorthCalc,比較原本房貸與每月多繳、一次性還本金後的清償時間、總利息與節省幅度，並提醒提前清償違約金與寬限期的影響。,"[""房貸多繳與提前清償試算工具""]",zh-TW,[],"{""en"": ""https://worthcalc.win/en/tools/mortgage-payoff/"", ""zh-TW"": ""https://worthcalc.win/zh/tools/mortgage-payoff/"", ""x-default"": ""https://worthcalc.win/en/tools/mortgage-payoff/""}",[],"[""https://worthcalc.win/de/tools/mortgage-payoff/"", ""https://worthcalc.win/en/tools/mortgage-payoff/"", ""https://worthcalc.win/es/tools/mortgage-payoff/"", ""https://worthcalc.win/fr/tools/mortgage-payoff/"", ""https://worthcalc.win/zh/"", ""https://worthcalc.win/zh/about/"", ""https://worthcalc.win/zh/changelog/"", ""https://worthcalc.win/zh/contact/"", ""https://worthcalc.win/zh/disclaimer/"", ""https://worthcalc.win/zh/extra-mortgage-payments-guide/"", ""https://worthcalc.win/zh/guides/"", ""https://worthcalc.win/zh/guides/interest-only-period-total-cost/"", ""https://worthcalc.win/zh/guides/loan-refinance-break-even/"", ""https://worthcalc.win/zh/guides/monthly-extra-vs-annual-lump-sum/"", ""https://worthcalc.win/zh/guides/mortgage-recast-vs-refinance-vs-prepay/"", ""https://worthcalc.win/zh/loan-term-vs-total-interest/"", ""https://worthcalc.win/zh/money/"", ""https://worthcalc.win/zh/privacy/"", ""https://worthcalc.win/zh/terms/"", ""https://worthcalc.win/zh/tools/"", ""https://worthcalc.win/zh/tools/mortgage-payoff/"", ""https://worthcalc.win/zh/topics/housing/""]",[],[],False,4,[]
https://worthcalc.win/zh/tools/rent-vs-buy/,200,https://worthcalc.win/zh/tools/rent-vs-buy/,https://worthcalc.win/zh/tools/rent-vs-buy/,200,"index, follow, max-image-preview:large",,租屋 vs 買房計算機 | WorthCalc,租屋 vs 買房計算機，比較房貸、租金成長、房價增值、頭期款投資報酬與持有年限。,"[""租屋 vs 買房計算機""]",zh-TW,[],"{""en"": ""https://worthcalc.win/en/tools/rent-vs-buy/"", ""zh-TW"": ""https://worthcalc.win/zh/tools/rent-vs-buy/"", ""x-default"": ""https://worthcalc.win/en/tools/rent-vs-buy/""}",[],"[""https://worthcalc.win/de/tools/rent-vs-buy/"", ""https://worthcalc.win/en/tools/rent-vs-buy/"", ""https://worthcalc.win/es/tools/rent-vs-buy/"", ""https://worthcalc.win/fr/tools/rent-vs-buy/"", ""https://worthcalc.win/zh/"", ""https://worthcalc.win/zh/about/"", ""https://worthcalc.win/zh/changelog/"", ""https://worthcalc.win/zh/contact/"", ""https://worthcalc.win/zh/disclaimer/"", ""https://worthcalc.win/zh/guides/"", ""https://worthcalc.win/zh/money/"", ""https://worthcalc.win/zh/privacy/"", ""https://worthcalc.win/zh/rent-vs-buy-guide/"", ""https://worthcalc.win/zh/terms/"", ""https://worthcalc.win/zh/tools/"", ""https://worthcalc.win/zh/tools/commute-cost/"", ""https://worthcalc.win/zh/tools/ev-vs-gas/"", ""https://worthcalc.win/zh/tools/installment-true-apr/"", ""https://worthcalc.win/zh/tools/rent-vs-buy/"", ""https://worthcalc.win/zh/topics/housing/""]",[],[],False,5,[]
https://worthcalc.win/zh/tools/salary-converter/,200,https://worthcalc.win/zh/tools/salary-converter/,https://worthcalc.win/zh/tools/salary-converter/,200,"index, follow, max-image-preview:large",,月薪換算時薪是多少？時薪月薪年薪換算器（2026）,輸入任一種薪資與每週工時，換算其餘兩種，並可看加班與年終如何影響實際時薪。,"[""時薪、月薪與年薪換算工具""]",zh-TW,[],"{""en"": ""https://worthcalc.win/en/tools/salary-converter/"", ""zh-TW"": ""https://worthcalc.win/zh/tools/salary-converter/"", ""x-default"": ""https://worthcalc.win/en/tools/salary-converter/""}",[],"[""https://worthcalc.win/de/tools/salary-converter/"", ""https://worthcalc.win/en/tools/salary-converter/"", ""https://worthcalc.win/es/tools/salary-converter/"", ""https://worthcalc.win/fr/tools/salary-converter/"", ""https://worthcalc.win/zh/"", ""https://worthcalc.win/zh/about/"", ""https://worthcalc.win/zh/changelog/"", ""https://worthcalc.win/zh/contact/"", ""https://worthcalc.win/zh/disclaimer/"", ""https://worthcalc.win/zh/freelancer-pricing-decision-engine/"", ""https://worthcalc.win/zh/guides/"", ""https://worthcalc.win/zh/hourly-vs-annual-salary/"", ""https://worthcalc.win/zh/money/"", ""https://worthcalc.win/zh/privacy/"", ""https://worthcalc.win/zh/terms/"", ""https://worthcalc.win/zh/tools/"", ""https://worthcalc.win/zh/tools/salary-converter/"", ""https://worthcalc.win/zh/topics/income-savings/""]",[],[],False,4,[]
https://worthcalc.win/zh/tools/subscription-audit/,200,https://worthcalc.win/zh/tools/subscription-audit/,https://worthcalc.win/zh/tools/subscription-audit/,200,"index, follow, max-image-preview:large",,你的訂閱一年花多少？訂閱盤點計算機（2026）,列出所有定期扣款，看年度總額與每次使用成本，找出該取消或改年繳的項目。,"[""訂閱支出健檢計算機""]",zh-TW,[],"{""en"": ""https://worthcalc.win/en/tools/subscription-audit/"", ""zh-TW"": ""https://worthcalc.win/zh/tools/subscription-audit/"", ""x-default"": ""https://worthcalc.win/en/tools/subscription-audit/""}",[],"[""https://worthcalc.win/de/tools/subscription-audit/"", ""https://worthcalc.win/en/tools/subscription-audit/"", ""https://worthcalc.win/es/tools/subscription-audit/"", ""https://worthcalc.win/fr/tools/subscription-audit/"", ""https://worthcalc.win/zh/"", ""https://worthcalc.win/zh/about/"", ""https://worthcalc.win/zh/changelog/"", ""https://worthcalc.win/zh/contact/"", ""https://worthcalc.win/zh/disclaimer/"", ""https://worthcalc.win/zh/guides/"", ""https://worthcalc.win/zh/guides/ai-tool-realized-time-savings-break-even/"", ""https://worthcalc.win/zh/guides/annual-plan-cancellation-risk-break-even/"", ""https://worthcalc.win/zh/money/"", ""https://worthcalc.win/zh/privacy/"", ""https://worthcalc.win/zh/subscription-creep/"", ""https://worthcalc.win/zh/terms/"", ""https://worthcalc.win/zh/tools/"", ""https://worthcalc.win/zh/tools/cashback-breakeven/"", ""https://worthcalc.win/zh/tools/costco-membership/"", ""https://worthcalc.win/zh/tools/latte-factor/"", ""https://worthcalc.win/zh/tools/subscription-audit/"", ""https://worthcalc.win/zh/topics/memberships/""]",[],[],False,5,[]
https://worthcalc.win/zh/topics/debt-credit/,200,https://worthcalc.win/zh/topics/debt-credit/,https://worthcalc.win/zh/topics/debt-credit/,200,"index, follow, max-image-preview:large",,債務與信用 | WorthCalc,「零利率」背後的真實年利率、還款順序、卡片年費，以及收入能撐多少負債。,"[""債務與信用""]",zh-TW,[],"{""en"": ""https://worthcalc.win/en/topics/debt-credit/"", ""zh-TW"": ""https://worthcalc.win/zh/topics/debt-credit/"", ""x-default"": ""https://worthcalc.win/en/topics/debt-credit/""}",[],"[""https://worthcalc.win/en/topics/debt-credit/"", ""https://worthcalc.win/zh/"", ""https://worthcalc.win/zh/about/"", ""https://worthcalc.win/zh/annual-fee-card-breakeven/"", ""https://worthcalc.win/zh/bnpl-vs-credit-card-installments/"", ""https://worthcalc.win/zh/cashback-caps-real-reward-rate/"", ""https://worthcalc.win/zh/changelog/"", ""https://worthcalc.win/zh/contact/"", ""https://worthcalc.win/zh/credit-card-minimum-payment-trap/"", ""https://worthcalc.win/zh/disclaimer/"", ""https://worthcalc.win/zh/emergency-fund-vs-debt-payoff/"", ""https://worthcalc.win/zh/guides/"", ""https://worthcalc.win/zh/how-to-calculate-dti/"", ""https://worthcalc.win/zh/installment-apr-table/"", ""https://worthcalc.win/zh/loan-term-vs-total-interest/"", ""https://worthcalc.win/zh/money/"", ""https://worthcalc.win/zh/money/credit-card-apr-2026/"", ""https://worthcalc.win/zh/privacy/"", ""https://worthcalc.win/zh/snowball-vs-avalanche/"", ""https://worthcalc.win/zh/terms/"", ""https://worthcalc.win/zh/tools/"", ""https://worthcalc.win/zh/tools/cashback-breakeven/"", ""https://worthcalc.win/zh/tools/credit-card-payoff/"", ""https://worthcalc.win/zh/tools/debt-strategy/"", ""https://worthcalc.win/zh/tools/dti-calculator/"", ""https://worthcalc.win/zh/tools/installment-true-apr/"", ""https://worthcalc.win/zh/topics/debt-credit/"", ""https://worthcalc.win/zh/upfront-fees-financing-cost/"", ""https://worthcalc.win/zh/zero-interest-installments-truth/""]",[],[],False,3,[]
https://worthcalc.win/zh/topics/everyday/,200,https://worthcalc.win/zh/topics/everyday/,https://worthcalc.win/zh/topics/everyday/,200,"index, follow, max-image-preview:large",,日常回本門檻 | WorthCalc,每次使用成本、修還是換、量販囤貨，以及家中既有物品的實際運轉成本。,"[""日常回本門檻""]",zh-TW,[],"{""en"": ""https://worthcalc.win/en/topics/everyday/"", ""zh-TW"": ""https://worthcalc.win/zh/topics/everyday/"", ""x-default"": ""https://worthcalc.win/en/topics/everyday/""}",[],"[""https://worthcalc.win/en/topics/everyday/"", ""https://worthcalc.win/zh/"", ""https://worthcalc.win/zh/about/"", ""https://worthcalc.win/zh/bulk-buying-vs-small-packages/"", ""https://worthcalc.win/zh/bulk-buying-waste-math/"", ""https://worthcalc.win/zh/changelog/"", ""https://worthcalc.win/zh/contact/"", ""https://worthcalc.win/zh/cost-per-use-expensive-item/"", ""https://worthcalc.win/zh/disclaimer/"", ""https://worthcalc.win/zh/energy-efficient-appliance-payback/"", ""https://worthcalc.win/zh/free-shipping-threshold/"", ""https://worthcalc.win/zh/guides/"", ""https://worthcalc.win/zh/is-an-extended-warranty-worth-it/"", ""https://worthcalc.win/zh/money/"", ""https://worthcalc.win/zh/money/electricity-price-per-kwh-2026/"", ""https://worthcalc.win/zh/opportunity-cost-everyday/"", ""https://worthcalc.win/zh/price-per-wear-clothing-shoes/"", ""https://worthcalc.win/zh/privacy/"", ""https://worthcalc.win/zh/repair-or-replace-decision-formula/"", ""https://worthcalc.win/zh/sunk-cost-fallacy-everyday/"", ""https://worthcalc.win/zh/terms/"", ""https://worthcalc.win/zh/tools/"", ""https://worthcalc.win/zh/tools/latte-factor/"", ""https://worthcalc.win/zh/topics/everyday/"", ""https://worthcalc.win/zh/upgrade-your-phone-or-keep-it/""]",[],[],False,3,[]
https://worthcalc.win/zh/topics/housing/,200,https://worthcalc.win/zh/topics/housing/,https://worthcalc.win/zh/topics/housing/,200,"index, follow, max-image-preview:large",,住房與負擔能力 | WorthCalc,租還是買、負擔得起多少、房貸在你實際持有的年數裡到底要付多少。,"[""住房與負擔能力""]",zh-TW,[],"{""en"": ""https://worthcalc.win/en/topics/housing/"", ""zh-TW"": ""https://worthcalc.win/zh/topics/housing/"", ""x-default"": ""https://worthcalc.win/en/topics/housing/""}",[],"[""https://worthcalc.win/en/topics/housing/"", ""https://worthcalc.win/zh/"", ""https://worthcalc.win/zh/about/"", ""https://worthcalc.win/zh/changelog/"", ""https://worthcalc.win/zh/contact/"", ""https://worthcalc.win/zh/disclaimer/"", ""https://worthcalc.win/zh/extra-mortgage-payments-guide/"", ""https://worthcalc.win/zh/guides/"", ""https://worthcalc.win/zh/guides/extra-room-home-office-incremental-rent-break-even/"", ""https://worthcalc.win/zh/guides/mortgage-fee-rate-break-even/"", ""https://worthcalc.win/zh/guides/mortgage-recast-vs-refinance-vs-prepay/"", ""https://worthcalc.win/zh/guides/prepay-rent-discount-vs-liquidity/"", ""https://worthcalc.win/zh/guides/rent-increase-vs-moving-break-even/"", ""https://worthcalc.win/zh/how-much-home-can-you-afford/"", ""https://worthcalc.win/zh/money/"", ""https://worthcalc.win/zh/money/mortgage-rate-2026-payment-impact/"", ""https://worthcalc.win/zh/privacy/"", ""https://worthcalc.win/zh/rent-vs-buy-breakeven-year/"", ""https://worthcalc.win/zh/rent-vs-buy-guide/"", ""https://worthcalc.win/zh/terms/"", ""https://worthcalc.win/zh/tools/"", ""https://worthcalc.win/zh/tools/home-affordability/"", ""https://worthcalc.win/zh/tools/mortgage-payoff/"", ""https://worthcalc.win/zh/tools/rent-vs-buy/"", ""https://worthcalc.win/zh/topics/housing/""]",[],[],False,3,[]
https://worthcalc.win/zh/topics/income-savings/,200,https://worthcalc.win/zh/topics/income-savings/,https://worthcalc.win/zh/topics/income-savings/,200,"index, follow, max-image-preview:large",,收入、儲蓄與成長 | WorthCalc,實質時薪、加薪與通膨、儲蓄率、緊急預備金月數，以及複利成長。,"[""收入、儲蓄與成長""]",zh-TW,[],"{""en"": ""https://worthcalc.win/en/topics/income-savings/"", ""zh-TW"": ""https://worthcalc.win/zh/topics/income-savings/"", ""x-default"": ""https://worthcalc.win/en/topics/income-savings/""}",[],"[""https://worthcalc.win/en/topics/income-savings/"", ""https://worthcalc.win/zh/"", ""https://worthcalc.win/zh/about/"", ""https://worthcalc.win/zh/budget-with-irregular-income/"", ""https://worthcalc.win/zh/changelog/"", ""https://worthcalc.win/zh/contact/"", ""https://worthcalc.win/zh/disclaimer/"", ""https://worthcalc.win/zh/emergency-fund-how-much/"", ""https://worthcalc.win/zh/emergency-fund-vs-sinking-fund/"", ""https://worthcalc.win/zh/guides/"", ""https://worthcalc.win/zh/hourly-vs-annual-salary/"", ""https://worthcalc.win/zh/how-compound-growth-works/"", ""https://worthcalc.win/zh/how-to-calculate-net-worth/"", ""https://worthcalc.win/zh/how-to-calculate-savings-rate/"", ""https://worthcalc.win/zh/liquid-net-worth-explained/"", ""https://worthcalc.win/zh/money/"", ""https://worthcalc.win/zh/pay-raise-vs-inflation-purchasing-power/"", ""https://worthcalc.win/zh/privacy/"", ""https://worthcalc.win/zh/rule-of-72-explained/"", ""https://worthcalc.win/zh/simple-vs-compound-interest/"", ""https://worthcalc.win/zh/terms/"", ""https://worthcalc.win/zh/tools/"", ""https://worthcalc.win/zh/tools/budget-builder/"", ""https://worthcalc.win/zh/tools/compound-growth/"", ""https://worthcalc.win/zh/tools/salary-converter/"", ""https://worthcalc.win/zh/topics/income-savings/"", ""https://worthcalc.win/zh/true-hourly-wage-after-commuting-work-expenses/""]",[],[],False,3,[]
https://worthcalc.win/zh/topics/memberships/,200,https://worthcalc.win/zh/topics/memberships/,https://worthcalc.win/zh/topics/memberships/,200,"index, follow, max-image-preview:large",,訂閱與會員 | WorthCalc,會員費、訂閱堆積、續約陷阱，以及付費方案要消費多少才回本。,"[""訂閱與會員""]",zh-TW,[],"{""en"": ""https://worthcalc.win/en/topics/memberships/"", ""zh-TW"": ""https://worthcalc.win/zh/topics/memberships/"", ""x-default"": ""https://worthcalc.win/en/topics/memberships/""}",[],"[""https://worthcalc.win/en/topics/memberships/"", ""https://worthcalc.win/zh/"", ""https://worthcalc.win/zh/about/"", ""https://worthcalc.win/zh/annual-vs-monthly-billing/"", ""https://worthcalc.win/zh/changelog/"", ""https://worthcalc.win/zh/contact/"", ""https://worthcalc.win/zh/costco-math/"", ""https://worthcalc.win/zh/delivery-membership-break-even/"", ""https://worthcalc.win/zh/disclaimer/"", ""https://worthcalc.win/zh/guides/"", ""https://worthcalc.win/zh/guides/annual-plan-cancellation-risk-break-even/"", ""https://worthcalc.win/zh/guides/professional-membership-replacement-value-break-even/"", ""https://worthcalc.win/zh/guides/subscription-opportunity-cost/"", ""https://worthcalc.win/zh/gym-membership-cost-per-visit/"", ""https://worthcalc.win/zh/is-costco-executive-membership-worth-it/"", ""https://worthcalc.win/zh/money/"", ""https://worthcalc.win/zh/money/streaming-prices-2026/"", ""https://worthcalc.win/zh/monthly-vs-annual-subscription/"", ""https://worthcalc.win/zh/paid-membership-break-even/"", ""https://worthcalc.win/zh/privacy/"", ""https://worthcalc.win/zh/subscription-creep/"", ""https://worthcalc.win/zh/terms/"", ""https://worthcalc.win/zh/tools/"", ""https://worthcalc.win/zh/tools/costco-membership/"", ""https://worthcalc.win/zh/tools/subscription-audit/"", ""https://worthcalc.win/zh/topics/memberships/""]",[],[],False,3,[]
https://worthcalc.win/zh/topics/transportation/,200,https://worthcalc.win/zh/topics/transportation/,https://worthcalc.win/zh/topics/transportation/,200,"index, follow, max-image-preview:large",,交通與持有成本 | WorthCalc,電車與油車、每公里成本、把時間算進去的通勤成本，以及養一台車真正的花費。,"[""交通與持有成本""]",zh-TW,[],"{""en"": ""https://worthcalc.win/en/topics/transportation/"", ""zh-TW"": ""https://worthcalc.win/zh/topics/transportation/"", ""x-default"": ""https://worthcalc.win/en/topics/transportation/""}",[],"[""https://worthcalc.win/en/topics/transportation/"", ""https://worthcalc.win/zh/"", ""https://worthcalc.win/zh/about/"", ""https://worthcalc.win/zh/average-commuting-cost/"", ""https://worthcalc.win/zh/car-lease-vs-buy-total-cost/"", ""https://worthcalc.win/zh/changelog/"", ""https://worthcalc.win/zh/contact/"", ""https://worthcalc.win/zh/disclaimer/"", ""https://worthcalc.win/zh/ev-vs-gas-total-cost/"", ""https://worthcalc.win/zh/full-commute-cost-including-time/"", ""https://worthcalc.win/zh/guides/"", ""https://worthcalc.win/zh/guides/car-down-payment-vs-liquidity/"", ""https://worthcalc.win/zh/guides/car-loan-60-72-84-early-exit/"", ""https://worthcalc.win/zh/home-vs-public-ev-charging-cost/"", ""https://worthcalc.win/zh/money/"", ""https://worthcalc.win/zh/money/irs-mileage-rate-2026/"", ""https://worthcalc.win/zh/new-vs-used-car-total-cost/"", ""https://worthcalc.win/zh/privacy/"", ""https://worthcalc.win/zh/return-to-office-cost/"", ""https://worthcalc.win/zh/terms/"", ""https://worthcalc.win/zh/tools/"", ""https://worthcalc.win/zh/tools/car-affordability/"", ""https://worthcalc.win/zh/tools/commute-cost/"", ""https://worthcalc.win/zh/tools/cost-per-mile/"", ""https://worthcalc.win/zh/tools/ev-vs-gas/"", ""https://worthcalc.win/zh/topics/transportation/"", ""https://worthcalc.win/zh/true-cost-of-car-ownership/"", ""https://worthcalc.win/zh/work-from-home-vs-commuting-hidden-costs/""]",[],[],False,3,[]
https://worthcalc.win/zh/true-cost-of-car-ownership/,200,https://worthcalc.win/zh/true-cost-of-car-ownership/,https://worthcalc.win/zh/true-cost-of-car-ownership/,200,"index, follow, max-image-preview:large",,養車一個月多少錢？牌照稅、燃料費、強制險都算進去才是真成本 | WorthCalc,業務報的車貸月付不是養車成本：台灣買車前要另外估牌照稅、燃料使用費、強制險、任意險與保養停車費用。,"[""養車一個月多少錢？牌照稅、燃料費、強制險都算進去才是真成本""]",zh-TW,[],"{""en"": ""https://worthcalc.win/en/true-cost-of-car-ownership/"", ""zh-TW"": ""https://worthcalc.win/zh/true-cost-of-car-ownership/"", ""x-default"": ""https://worthcalc.win/en/true-cost-of-car-ownership/""}",[],"[""https://worthcalc.win/de/true-cost-of-car-ownership/"", ""https://worthcalc.win/en/true-cost-of-car-ownership/"", ""https://worthcalc.win/es/true-cost-of-car-ownership/"", ""https://worthcalc.win/fr/true-cost-of-car-ownership/"", ""https://worthcalc.win/zh/"", ""https://worthcalc.win/zh/about/"", ""https://worthcalc.win/zh/changelog/"", ""https://worthcalc.win/zh/contact/"", ""https://worthcalc.win/zh/disclaimer/"", ""https://worthcalc.win/zh/guides/"", ""https://worthcalc.win/zh/money/"", ""https://worthcalc.win/zh/privacy/"", ""https://worthcalc.win/zh/terms/"", ""https://worthcalc.win/zh/tools/"", ""https://worthcalc.win/zh/tools/car-affordability/"", ""https://worthcalc.win/zh/topics/transportation/"", ""https://worthcalc.win/zh/true-cost-of-car-ownership/""]",[],[],False,4,[]
https://worthcalc.win/zh/true-hourly-wage-after-commuting-work-expenses/,200,https://worthcalc.win/zh/true-hourly-wage-after-commuting-work-expenses/,https://worthcalc.win/zh/true-hourly-wage-after-commuting-work-expenses/,200,"index, follow, max-image-preview:large",,扣掉通勤和工作支出後，你的真實時薪是多少 | WorthCalc,用同一期薪資單，把實領、未報銷成本、有薪工時、必要時間與通勤放入同一模型。,"[""扣掉通勤和工作支出後，你的真實時薪是多少""]",zh-TW,[],"{""en"": ""https://worthcalc.win/en/true-hourly-wage-after-commuting-work-expenses/"", ""zh-TW"": ""https://worthcalc.win/zh/true-hourly-wage-after-commuting-work-expenses/"", ""x-default"": ""https://worthcalc.win/en/true-hourly-wage-after-commuting-work-expenses/""}",[],"[""https://worthcalc.win/de/true-hourly-wage-after-commuting-work-expenses/"", ""https://worthcalc.win/en/true-hourly-wage-after-commuting-work-expenses/"", ""https://worthcalc.win/es/true-hourly-wage-after-commuting-work-expenses/"", ""https://worthcalc.win/fr/true-hourly-wage-after-commuting-work-expenses/"", ""https://worthcalc.win/zh/"", ""https://worthcalc.win/zh/about/"", ""https://worthcalc.win/zh/changelog/"", ""https://worthcalc.win/zh/contact/"", ""https://worthcalc.win/zh/disclaimer/"", ""https://worthcalc.win/zh/guides/"", ""https://worthcalc.win/zh/job-offer-true-value-decision-engine/"", ""https://worthcalc.win/zh/money/"", ""https://worthcalc.win/zh/privacy/"", ""https://worthcalc.win/zh/terms/"", ""https://worthcalc.win/zh/tools/"", ""https://worthcalc.win/zh/topics/income-savings/"", ""https://worthcalc.win/zh/true-hourly-wage-after-commuting-work-expenses/""]",[],[],False,5,[]
https://worthcalc.win/zh/upfront-fees-financing-cost/,200,https://worthcalc.win/zh/upfront-fees-financing-cost/,https://worthcalc.win/zh/upfront-fees-financing-cost/,200,"index, follow, max-image-preview:large",,開辦費與手續費如何拉高分期真實成本 | WorthCalc,用實拿金額、開辦費、總還款與現金流年率比較月付相同的貸款，避免只看廣告利率或每期金額。,"[""開辦費與手續費如何拉高分期真實成本""]",zh-TW,[],"{""en"": ""https://worthcalc.win/en/upfront-fees-financing-cost/"", ""zh-TW"": ""https://worthcalc.win/zh/upfront-fees-financing-cost/"", ""x-default"": ""https://worthcalc.win/en/upfront-fees-financing-cost/""}",[],"[""https://worthcalc.win/de/upfront-fees-financing-cost/"", ""https://worthcalc.win/en/upfront-fees-financing-cost/"", ""https://worthcalc.win/es/upfront-fees-financing-cost/"", ""https://worthcalc.win/fr/upfront-fees-financing-cost/"", ""https://worthcalc.win/zh/"", ""https://worthcalc.win/zh/about/"", ""https://worthcalc.win/zh/changelog/"", ""https://worthcalc.win/zh/contact/"", ""https://worthcalc.win/zh/disclaimer/"", ""https://worthcalc.win/zh/guides/"", ""https://worthcalc.win/zh/money/"", ""https://worthcalc.win/zh/privacy/"", ""https://worthcalc.win/zh/terms/"", ""https://worthcalc.win/zh/tools/"", ""https://worthcalc.win/zh/tools/installment-true-apr/"", ""https://worthcalc.win/zh/topics/debt-credit/"", ""https://worthcalc.win/zh/upfront-fees-financing-cost/"", ""https://worthcalc.win/zh/zero-interest-installments-truth/""]",[],[],False,5,[]
https://worthcalc.win/zh/upgrade-your-phone-or-keep-it/,200,https://worthcalc.win/zh/upgrade-your-phone-or-keep-it/,https://worthcalc.win/zh/upgrade-your-phone-or-keep-it/,200,"index, follow, max-image-preview:large",,手機該換還是繼續用？比較維修、舊換新、資費與每月成本 | WorthCalc,用剩餘壽命、維修費、舊換新折抵、資費差額、持有月數、殘值與資料移轉成本比較續用或換機。,"[""手機該換還是繼續用？比較維修、舊換新、資費與每月成本""]",zh-TW,[],"{""en"": ""https://worthcalc.win/en/upgrade-your-phone-or-keep-it/"", ""zh-TW"": ""https://worthcalc.win/zh/upgrade-your-phone-or-keep-it/"", ""x-default"": ""https://worthcalc.win/en/upgrade-your-phone-or-keep-it/""}",[],"[""https://worthcalc.win/de/upgrade-your-phone-or-keep-it/"", ""https://worthcalc.win/en/upgrade-your-phone-or-keep-it/"", ""https://worthcalc.win/es/upgrade-your-phone-or-keep-it/"", ""https://worthcalc.win/fr/upgrade-your-phone-or-keep-it/"", ""https://worthcalc.win/zh/"", ""https://worthcalc.win/zh/about/"", ""https://worthcalc.win/zh/changelog/"", ""https://worthcalc.win/zh/contact/"", ""https://worthcalc.win/zh/disclaimer/"", ""https://worthcalc.win/zh/guides/"", ""https://worthcalc.win/zh/money/"", ""https://worthcalc.win/zh/privacy/"", ""https://worthcalc.win/zh/terms/"", ""https://worthcalc.win/zh/tools/"", ""https://worthcalc.win/zh/topics/everyday/"", ""https://worthcalc.win/zh/upgrade-your-phone-or-keep-it/""]",[],[],False,5,[]
https://worthcalc.win/zh/work-from-home-vs-commuting-hidden-costs/,200,https://worthcalc.win/zh/work-from-home-vs-commuting-hidden-costs/,https://worthcalc.win/zh/work-from-home-vs-commuting-hidden-costs/,200,"index, follow, max-image-preview:large",,在家工作還是通勤？比較每月隱藏成本 | WorthCalc,用實際居家與進公司天數，比較交通、餐食、住家電費、設備攤提、固定費、公司補助與選擇性通勤時間。,"[""在家工作還是通勤？比較每月隱藏成本""]",zh-TW,[],"{""en"": ""https://worthcalc.win/en/work-from-home-vs-commuting-hidden-costs/"", ""zh-TW"": ""https://worthcalc.win/zh/work-from-home-vs-commuting-hidden-costs/"", ""x-default"": ""https://worthcalc.win/en/work-from-home-vs-commuting-hidden-costs/""}",[],"[""https://worthcalc.win/de/work-from-home-vs-commuting-hidden-costs/"", ""https://worthcalc.win/en/work-from-home-vs-commuting-hidden-costs/"", ""https://worthcalc.win/es/work-from-home-vs-commuting-hidden-costs/"", ""https://worthcalc.win/fr/work-from-home-vs-commuting-hidden-costs/"", ""https://worthcalc.win/zh/"", ""https://worthcalc.win/zh/about/"", ""https://worthcalc.win/zh/changelog/"", ""https://worthcalc.win/zh/contact/"", ""https://worthcalc.win/zh/disclaimer/"", ""https://worthcalc.win/zh/guides/"", ""https://worthcalc.win/zh/money/"", ""https://worthcalc.win/zh/privacy/"", ""https://worthcalc.win/zh/terms/"", ""https://worthcalc.win/zh/tools/"", ""https://worthcalc.win/zh/topics/transportation/"", ""https://worthcalc.win/zh/work-from-home-vs-commuting-hidden-costs/""]",[],[],False,5,[]
https://worthcalc.win/zh/zero-interest-installments-truth/,200,https://worthcalc.win/zh/zero-interest-installments-truth/,https://worthcalc.win/zh/zero-interest-installments-truth/,200,"index, follow, max-image-preview:large",,0 利率分期真的零利率嗎？分期手續費年利率怎麼算 | WorthCalc,用現金價、手續費、付款時點與 IRR 反推 0 利率分期的估算有效年率，含 12 期完整算例、敏感度表與官方來源。,"[""0 利率分期真的零利率嗎？分期手續費年利率怎麼算""]",zh-TW,[],"{""en"": ""https://worthcalc.win/en/zero-interest-installments-truth/"", ""zh-TW"": ""https://worthcalc.win/zh/zero-interest-installments-truth/"", ""x-default"": ""https://worthcalc.win/en/zero-interest-installments-truth/""}",[],"[""https://worthcalc.win/de/zero-interest-installments-truth/"", ""https://worthcalc.win/en/zero-interest-installments-truth/"", ""https://worthcalc.win/es/zero-interest-installments-truth/"", ""https://worthcalc.win/fr/zero-interest-installments-truth/"", ""https://worthcalc.win/zh/"", ""https://worthcalc.win/zh/about/"", ""https://worthcalc.win/zh/changelog/"", ""https://worthcalc.win/zh/contact/"", ""https://worthcalc.win/zh/disclaimer/"", ""https://worthcalc.win/zh/guides/"", ""https://worthcalc.win/zh/money/"", ""https://worthcalc.win/zh/privacy/"", ""https://worthcalc.win/zh/subscription-creep/"", ""https://worthcalc.win/zh/terms/"", ""https://worthcalc.win/zh/tools/"", ""https://worthcalc.win/zh/tools/cashback-breakeven/"", ""https://worthcalc.win/zh/tools/installment-true-apr/"", ""https://worthcalc.win/zh/topics/debt-credit/"", ""https://worthcalc.win/zh/zero-interest-installments-truth/""]",[],[],False,5,[]
