url,canonical,canonical_path,canonical_status,canonical_self,indexable,in_sitemap,issue
https://worthcalc.win/ar/guides/3d-printer-electricity-cost-per-print-used/,https://worthcalc.win/ar/guides/3d-printer-electricity-cost-per-print-used/,/ar/guides/3d-printer-electricity-cost-per-print-used/,200,true,true,true,
https://worthcalc.win/ar/guides/3d-scanner-electricity-cost-per-scanning-session-used/,https://worthcalc.win/ar/guides/3d-scanner-electricity-cost-per-scanning-session-used/,/ar/guides/3d-scanner-electricity-cost-per-scanning-session-used/,200,true,true,true,
https://worthcalc.win/ar/guides/air-fryer-cost-per-cooking-cycle-used/,https://worthcalc.win/ar/guides/air-fryer-cost-per-cooking-cycle-used/,/ar/guides/air-fryer-cost-per-cooking-cycle-used/,200,true,true,true,
https://worthcalc.win/ar/guides/air-purifier-cost-per-clean-air-hour-used/,https://worthcalc.win/ar/guides/air-purifier-cost-per-clean-air-hour-used/,/ar/guides/air-purifier-cost-per-clean-air-hour-used/,200,true,true,true,
https://worthcalc.win/ar/guides/annual-cost-savings-calculator/,https://worthcalc.win/ar/guides/annual-cost-savings-calculator/,/ar/guides/annual-cost-savings-calculator/,200,true,true,true,
https://worthcalc.win/ar/guides/aquarium-air-pump-electricity-cost-per-filtration-day-used/,https://worthcalc.win/ar/guides/aquarium-air-pump-electricity-cost-per-filtration-day-used/,/ar/guides/aquarium-air-pump-electricity-cost-per-filtration-day-used/,200,true,true,true,
https://worthcalc.win/ar/guides/aquarium-heater-electricity-cost-per-tank-day-used/,https://worthcalc.win/ar/guides/aquarium-heater-electricity-cost-per-tank-day-used/,/ar/guides/aquarium-heater-electricity-cost-per-tank-day-used/,200,true,true,true,
https://worthcalc.win/ar/guides/attic-fan-electricity-cost-per-ventilation-hour-used/,https://worthcalc.win/ar/guides/attic-fan-electricity-cost-per-ventilation-hour-used/,/ar/guides/attic-fan-electricity-cost-per-ventilation-hour-used/,200,true,true,true,
https://worthcalc.win/ar/guides/bathroom-ventilation-fan-electricity-cost-per-shower-used/,https://worthcalc.win/ar/guides/bathroom-ventilation-fan-electricity-cost-per-shower-used/,/ar/guides/bathroom-ventilation-fan-electricity-cost-per-shower-used/,200,true,true,true,
https://worthcalc.win/ar/guides/billing-date-cash-flow-overlap/,https://worthcalc.win/ar/guides/billing-date-cash-flow-overlap/,/ar/guides/billing-date-cash-flow-overlap/,200,true,true,true,
https://worthcalc.win/ar/guides/blender-cost-per-blending-session-used/,https://worthcalc.win/ar/guides/blender-cost-per-blending-session-used/,/ar/guides/blender-cost-per-blending-session-used/,200,true,true,true,
https://worthcalc.win/ar/guides/bread-maker-cost-per-loaf-used/,https://worthcalc.win/ar/guides/bread-maker-cost-per-loaf-used/,/ar/guides/bread-maker-cost-per-loaf-used/,200,true,true,true,
https://worthcalc.win/ar/guides/ceiling-fan-cost-per-operating-hour-used/,https://worthcalc.win/ar/guides/ceiling-fan-cost-per-operating-hour-used/,/ar/guides/ceiling-fan-cost-per-operating-hour-used/,200,true,true,true,
https://worthcalc.win/ar/guides/ceiling-fan-electricity-cost-per-cooling-hour-used/,https://worthcalc.win/ar/guides/ceiling-fan-electricity-cost-per-cooling-hour-used/,/ar/guides/ceiling-fan-electricity-cost-per-cooling-hour-used/,200,true,true,true,
https://worthcalc.win/ar/guides/childcare-cost-per-hour-used/,https://worthcalc.win/ar/guides/childcare-cost-per-hour-used/,/ar/guides/childcare-cost-per-hour-used/,200,true,true,true,
https://worthcalc.win/ar/guides/clothes-dryer-cost-per-load-used/,https://worthcalc.win/ar/guides/clothes-dryer-cost-per-load-used/,/ar/guides/clothes-dryer-cost-per-load-used/,200,true,true,true,
https://worthcalc.win/ar/guides/cloud-storage-cost-per-retained-gb/,https://worthcalc.win/ar/guides/cloud-storage-cost-per-retained-gb/,/ar/guides/cloud-storage-cost-per-retained-gb/,200,true,true,true,
https://worthcalc.win/ar/guides/coffee-maker-cost-per-brew-used/,https://worthcalc.win/ar/guides/coffee-maker-cost-per-brew-used/,/ar/guides/coffee-maker-cost-per-brew-used/,200,true,true,true,
https://worthcalc.win/ar/guides/computer-electricity-cost-per-day-used/,https://worthcalc.win/ar/guides/computer-electricity-cost-per-day-used/,/ar/guides/computer-electricity-cost-per-day-used/,200,true,true,true,
https://worthcalc.win/ar/guides/cost-per-use-kitchen-appliance/,https://worthcalc.win/ar/guides/cost-per-use-kitchen-appliance/,/ar/guides/cost-per-use-kitchen-appliance/,200,true,true,true,
https://worthcalc.win/ar/guides/cost-per-wear-clothing/,https://worthcalc.win/ar/guides/cost-per-wear-clothing/,/ar/guides/cost-per-wear-clothing/,200,true,true,true,
https://worthcalc.win/ar/guides/costco-executive-break-even-eligible-spend/,https://worthcalc.win/ar/guides/costco-executive-break-even-eligible-spend/,/ar/guides/costco-executive-break-even-eligible-spend/,200,true,true,true,
https://worthcalc.win/ar/guides/costco-gas-detour-break-even/,https://worthcalc.win/ar/guides/costco-gas-detour-break-even/,/ar/guides/costco-gas-detour-break-even/,200,true,true,true,
https://worthcalc.win/ar/guides/costco-household-card-break-even-use/,https://worthcalc.win/ar/guides/costco-household-card-break-even-use/,/ar/guides/costco-household-card-break-even-use/,200,true,true,true,
https://worthcalc.win/ar/guides/costco-membership-fee-break-even-savings/,https://worthcalc.win/ar/guides/costco-membership-fee-break-even-savings/,/ar/guides/costco-membership-fee-break-even-savings/,200,true,true,true,
https://worthcalc.win/ar/guides/costco-renewal-refund-reward-timing/,https://worthcalc.win/ar/guides/costco-renewal-refund-reward-timing/,/ar/guides/costco-renewal-refund-reward-timing/,200,true,true,true,
https://worthcalc.win/ar/guides/costco-reward-cap-usage-break-even/,https://worthcalc.win/ar/guides/costco-reward-cap-usage-break-even/,/ar/guides/costco-reward-cap-usage-break-even/,200,true,true,true,
https://worthcalc.win/ar/guides/costco-reward-exclusion-effective-rate/,https://worthcalc.win/ar/guides/costco-reward-exclusion-effective-rate/,/ar/guides/costco-reward-exclusion-effective-rate/,200,true,true,true,
https://worthcalc.win/ar/guides/countertop-ice-maker-cost-per-batch-used/,https://worthcalc.win/ar/guides/countertop-ice-maker-cost-per-batch-used/,/ar/guides/countertop-ice-maker-cost-per-batch-used/,200,true,true,true,
https://worthcalc.win/ar/guides/coworking-membership-cost-per-day/,https://worthcalc.win/ar/guides/coworking-membership-cost-per-day/,/ar/guides/coworking-membership-cost-per-day/,200,true,true,true,
https://worthcalc.win/ar/guides/dehumidifier-cost-per-pint-removed/,https://worthcalc.win/ar/guides/dehumidifier-cost-per-pint-removed/,/ar/guides/dehumidifier-cost-per-pint-removed/,200,true,true,true,
https://worthcalc.win/ar/guides/dehumidifier-electricity-cost-per-laundry-drying-session-used/,https://worthcalc.win/ar/guides/dehumidifier-electricity-cost-per-laundry-drying-session-used/,/ar/guides/dehumidifier-electricity-cost-per-laundry-drying-session-used/,200,true,true,true,
https://worthcalc.win/ar/guides/desk-fan-electricity-cost-per-cooling-hour-used/,https://worthcalc.win/ar/guides/desk-fan-electricity-cost-per-cooling-hour-used/,/ar/guides/desk-fan-electricity-cost-per-cooling-hour-used/,200,true,true,true,
https://worthcalc.win/ar/guides/desktop-speakers-electricity-cost-per-listening-hour-used/,https://worthcalc.win/ar/guides/desktop-speakers-electricity-cost-per-listening-hour-used/,/ar/guides/desktop-speakers-electricity-cost-per-listening-hour-used/,200,true,true,true,
https://worthcalc.win/ar/guides/digital-photo-frame-electricity-cost-per-display-day-used/,https://worthcalc.win/ar/guides/digital-photo-frame-electricity-cost-per-display-day-used/,/ar/guides/digital-photo-frame-electricity-cost-per-display-day-used/,200,true,true,true,
https://worthcalc.win/ar/guides/dishwasher-cost-per-cycle-used/,https://worthcalc.win/ar/guides/dishwasher-cost-per-cycle-used/,/ar/guides/dishwasher-cost-per-cycle-used/,200,true,true,true,
https://worthcalc.win/ar/guides/document-camera-electricity-cost-per-presentation-hour-used/,https://worthcalc.win/ar/guides/document-camera-electricity-cost-per-presentation-hour-used/,/ar/guides/document-camera-electricity-cost-per-presentation-hour-used/,200,true,true,true,
https://worthcalc.win/ar/guides/e-reader-electricity-cost-per-reading-hour-used/,https://worthcalc.win/ar/guides/e-reader-electricity-cost-per-reading-hour-used/,/ar/guides/e-reader-electricity-cost-per-reading-hour-used/,200,true,true,true,
https://worthcalc.win/ar/guides/electric-air-pump-electricity-cost-per-inflation-session-used/,https://worthcalc.win/ar/guides/electric-air-pump-electricity-cost-per-inflation-session-used/,/ar/guides/electric-air-pump-electricity-cost-per-inflation-session-used/,200,true,true,true,
https://worthcalc.win/ar/guides/electric-blanket-cost-per-night-used/,https://worthcalc.win/ar/guides/electric-blanket-cost-per-night-used/,/ar/guides/electric-blanket-cost-per-night-used/,200,true,true,true,
https://worthcalc.win/ar/guides/electric-can-opener-cost-per-use-used/,https://worthcalc.win/ar/guides/electric-can-opener-cost-per-use-used/,/ar/guides/electric-can-opener-cost-per-use-used/,200,true,true,true,
https://worthcalc.win/ar/guides/electric-citrus-juicer-cost-per-juice-session-used/,https://worthcalc.win/ar/guides/electric-citrus-juicer-cost-per-juice-session-used/,/ar/guides/electric-citrus-juicer-cost-per-juice-session-used/,200,true,true,true,
https://worthcalc.win/ar/guides/electric-egg-cooker-cost-per-cooking-cycle-used/,https://worthcalc.win/ar/guides/electric-egg-cooker-cost-per-cooking-cycle-used/,/ar/guides/electric-egg-cooker-cost-per-cooking-cycle-used/,200,true,true,true,
https://worthcalc.win/ar/guides/electric-fireplace-electricity-cost-per-heating-hour-used/,https://worthcalc.win/ar/guides/electric-fireplace-electricity-cost-per-heating-hour-used/,/ar/guides/electric-fireplace-electricity-cost-per-heating-hour-used/,200,true,true,true,
https://worthcalc.win/ar/guides/electric-food-warmer-cost-per-heating-hour-used/,https://worthcalc.win/ar/guides/electric-food-warmer-cost-per-heating-hour-used/,/ar/guides/electric-food-warmer-cost-per-heating-hour-used/,200,true,true,true,
https://worthcalc.win/ar/guides/electric-foot-massager-electricity-cost-per-massage-session-used/,https://worthcalc.win/ar/guides/electric-foot-massager-electricity-cost-per-massage-session-used/,/ar/guides/electric-foot-massager-electricity-cost-per-massage-session-used/,200,true,true,true,
https://worthcalc.win/ar/guides/electric-griddle-cost-per-cooking-hour-used/,https://worthcalc.win/ar/guides/electric-griddle-cost-per-cooking-hour-used/,/ar/guides/electric-griddle-cost-per-cooking-hour-used/,200,true,true,true,
https://worthcalc.win/ar/guides/electric-hand-mixer-electricity-cost-per-mixing-session-used/,https://worthcalc.win/ar/guides/electric-hand-mixer-electricity-cost-per-mixing-session-used/,/ar/guides/electric-hand-mixer-electricity-cost-per-mixing-session-used/,200,true,true,true,
https://worthcalc.win/ar/guides/electric-insect-zapper-electricity-cost-per-overnight-used/,https://worthcalc.win/ar/guides/electric-insect-zapper-electricity-cost-per-overnight-used/,/ar/guides/electric-insect-zapper-electricity-cost-per-overnight-used/,200,true,true,true,
https://worthcalc.win/ar/guides/electric-kettle-cost-per-boil-used/,https://worthcalc.win/ar/guides/electric-kettle-cost-per-boil-used/,/ar/guides/electric-kettle-cost-per-boil-used/,200,true,true,true,
https://worthcalc.win/ar/guides/electric-lunch-box-cost-per-heating-cycle-used/,https://worthcalc.win/ar/guides/electric-lunch-box-cost-per-heating-cycle-used/,/ar/guides/electric-lunch-box-cost-per-heating-cycle-used/,200,true,true,true,
https://worthcalc.win/ar/guides/electric-meat-grinder-cost-per-grinding-session-used/,https://worthcalc.win/ar/guides/electric-meat-grinder-cost-per-grinding-session-used/,/ar/guides/electric-meat-grinder-cost-per-grinding-session-used/,200,true,true,true,
https://worthcalc.win/ar/guides/electric-milk-frother-cost-per-frothing-session-used/,https://worthcalc.win/ar/guides/electric-milk-frother-cost-per-frothing-session-used/,/ar/guides/electric-milk-frother-cost-per-frothing-session-used/,200,true,true,true,
https://worthcalc.win/ar/guides/electric-pasta-maker-cost-per-batch-used/,https://worthcalc.win/ar/guides/electric-pasta-maker-cost-per-batch-used/,/ar/guides/electric-pasta-maker-cost-per-batch-used/,200,true,true,true,
https://worthcalc.win/ar/guides/electric-pencil-sharpener-electricity-cost-per-sharpening-session-used/,https://worthcalc.win/ar/guides/electric-pencil-sharpener-electricity-cost-per-sharpening-session-used/,/ar/guides/electric-pencil-sharpener-electricity-cost-per-sharpening-session-used/,200,true,true,true,
https://worthcalc.win/ar/guides/electric-pressure-cooker-cost-per-cooking-cycle-used/,https://worthcalc.win/ar/guides/electric-pressure-cooker-cost-per-cooking-cycle-used/,/ar/guides/electric-pressure-cooker-cost-per-cooking-cycle-used/,200,true,true,true,
https://worthcalc.win/ar/guides/electric-shaver-electricity-cost-per-grooming-session-used/,https://worthcalc.win/ar/guides/electric-shaver-electricity-cost-per-grooming-session-used/,/ar/guides/electric-shaver-electricity-cost-per-grooming-session-used/,200,true,true,true,
https://worthcalc.win/ar/guides/electric-space-heater-cost-per-heating-hour-used/,https://worthcalc.win/ar/guides/electric-space-heater-cost-per-heating-hour-used/,/ar/guides/electric-space-heater-cost-per-heating-hour-used/,200,true,true,true,
https://worthcalc.win/ar/guides/electric-standing-desk-electricity-cost-per-adjusted-day-used/,https://worthcalc.win/ar/guides/electric-standing-desk-electricity-cost-per-adjusted-day-used/,/ar/guides/electric-standing-desk-electricity-cost-per-adjusted-day-used/,200,true,true,true,
https://worthcalc.win/ar/guides/electric-stapler-electricity-cost-per-stapling-session-used/,https://worthcalc.win/ar/guides/electric-stapler-electricity-cost-per-stapling-session-used/,/ar/guides/electric-stapler-electricity-cost-per-stapling-session-used/,200,true,true,true,
https://worthcalc.win/ar/guides/electric-toothbrush-electricity-cost-per-charging-day-used/,https://worthcalc.win/ar/guides/electric-toothbrush-electricity-cost-per-charging-day-used/,/ar/guides/electric-toothbrush-electricity-cost-per-charging-day-used/,200,true,true,true,
https://worthcalc.win/ar/guides/electric-wine-cooler-electricity-cost-per-storage-day-used/,https://worthcalc.win/ar/guides/electric-wine-cooler-electricity-cost-per-storage-day-used/,/ar/guides/electric-wine-cooler-electricity-cost-per-storage-day-used/,200,true,true,true,
https://worthcalc.win/ar/guides/electric-yogurt-maker-cost-per-batch-used/,https://worthcalc.win/ar/guides/electric-yogurt-maker-cost-per-batch-used/,/ar/guides/electric-yogurt-maker-cost-per-batch-used/,200,true,true,true,
https://worthcalc.win/ar/guides/electricity-cost-per-kwh-used/,https://worthcalc.win/ar/guides/electricity-cost-per-kwh-used/,/ar/guides/electricity-cost-per-kwh-used/,200,true,true,true,
https://worthcalc.win/ar/guides/espresso-machine-cost-per-shot-used/,https://worthcalc.win/ar/guides/espresso-machine-cost-per-shot-used/,/ar/guides/espresso-machine-cost-per-shot-used/,200,true,true,true,
https://worthcalc.win/ar/guides/event-ticket-cost-per-attended-hour/,https://worthcalc.win/ar/guides/event-ticket-cost-per-attended-hour/,/ar/guides/event-ticket-cost-per-attended-hour/,200,true,true,true,
https://worthcalc.win/ar/guides/external-hard-drive-electricity-cost-per-backup-job-used/,https://worthcalc.win/ar/guides/external-hard-drive-electricity-cost-per-backup-job-used/,/ar/guides/external-hard-drive-electricity-cost-per-backup-job-used/,200,true,true,true,
https://worthcalc.win/ar/guides/family-plan-break-even-members/,https://worthcalc.win/ar/guides/family-plan-break-even-members/,/ar/guides/family-plan-break-even-members/,200,true,true,true,
https://worthcalc.win/ar/guides/food-dehydrator-cost-per-drying-hour-used/,https://worthcalc.win/ar/guides/food-dehydrator-cost-per-drying-hour-used/,/ar/guides/food-dehydrator-cost-per-drying-hour-used/,200,true,true,true,
https://worthcalc.win/ar/guides/food-processor-cost-per-prep-session-used/,https://worthcalc.win/ar/guides/food-processor-cost-per-prep-session-used/,/ar/guides/food-processor-cost-per-prep-session-used/,200,true,true,true,
https://worthcalc.win/ar/guides/free-trial-auto-renewal-first-charge/,https://worthcalc.win/ar/guides/free-trial-auto-renewal-first-charge/,/ar/guides/free-trial-auto-renewal-first-charge/,200,true,true,true,
https://worthcalc.win/ar/guides/freezer-cost-per-day-used/,https://worthcalc.win/ar/guides/freezer-cost-per-day-used/,/ar/guides/freezer-cost-per-day-used/,200,true,true,true,
https://worthcalc.win/ar/guides/gaming-console-electricity-cost-per-gaming-hour-used/,https://worthcalc.win/ar/guides/gaming-console-electricity-cost-per-gaming-hour-used/,/ar/guides/gaming-console-electricity-cost-per-gaming-hour-used/,200,true,true,true,
https://worthcalc.win/ar/guides/garage-door-opener-electricity-cost-per-cycle-used/,https://worthcalc.win/ar/guides/garage-door-opener-electricity-cost-per-cycle-used/,/ar/guides/garage-door-opener-electricity-cost-per-cycle-used/,200,true,true,true,
https://worthcalc.win/ar/guides/garment-steamer-cost-per-steaming-hour-used/,https://worthcalc.win/ar/guides/garment-steamer-cost-per-steaming-hour-used/,/ar/guides/garment-steamer-cost-per-steaming-hour-used/,200,true,true,true,
https://worthcalc.win/ar/guides/glue-gun-electricity-cost-per-crafting-hour-used/,https://worthcalc.win/ar/guides/glue-gun-electricity-cost-per-crafting-hour-used/,/ar/guides/glue-gun-electricity-cost-per-crafting-hour-used/,200,true,true,true,
https://worthcalc.win/ar/guides/gym-membership-cost-per-visit/,https://worthcalc.win/ar/guides/gym-membership-cost-per-visit/,/ar/guides/gym-membership-cost-per-visit/,200,true,true,true,
https://worthcalc.win/ar/guides/hair-dryer-cost-per-drying-session-used/,https://worthcalc.win/ar/guides/hair-dryer-cost-per-drying-session-used/,/ar/guides/hair-dryer-cost-per-drying-session-used/,200,true,true,true,
https://worthcalc.win/ar/guides/heat-pump-cost-per-heating-hour-used/,https://worthcalc.win/ar/guides/heat-pump-cost-per-heating-hour-used/,/ar/guides/heat-pump-cost-per-heating-hour-used/,200,true,true,true,
https://worthcalc.win/ar/guides/hobby-equipment-cost-per-use/,https://worthcalc.win/ar/guides/hobby-equipment-cost-per-use/,/ar/guides/hobby-equipment-cost-per-use/,200,true,true,true,
https://worthcalc.win/ar/guides/home-internet-cost-per-gb-used/,https://worthcalc.win/ar/guides/home-internet-cost-per-gb-used/,/ar/guides/home-internet-cost-per-gb-used/,200,true,true,true,
https://worthcalc.win/ar/guides/humidifier-electricity-cost-per-humidifying-hour-used/,https://worthcalc.win/ar/guides/humidifier-electricity-cost-per-humidifying-hour-used/,/ar/guides/humidifier-electricity-cost-per-humidifying-hour-used/,200,true,true,true,
https://worthcalc.win/ar/guides/hvac-cost-per-operating-hour-used/,https://worthcalc.win/ar/guides/hvac-cost-per-operating-hour-used/,/ar/guides/hvac-cost-per-operating-hour-used/,200,true,true,true,
https://worthcalc.win/ar/guides/induction-cooktop-cost-per-cooking-hour-used/,https://worthcalc.win/ar/guides/induction-cooktop-cost-per-cooking-hour-used/,/ar/guides/induction-cooktop-cost-per-cooking-hour-used/,200,true,true,true,
https://worthcalc.win/ar/guides/introductory-discount-renewal-cost/,https://worthcalc.win/ar/guides/introductory-discount-renewal-cost/,/ar/guides/introductory-discount-renewal-cost/,200,true,true,true,
https://worthcalc.win/ar/guides/label-maker-electricity-cost-per-labeling-session-used/,https://worthcalc.win/ar/guides/label-maker-electricity-cost-per-labeling-session-used/,/ar/guides/label-maker-electricity-cost-per-labeling-session-used/,200,true,true,true,
https://worthcalc.win/ar/guides/laminator-electricity-cost-per-laminating-batch-used/,https://worthcalc.win/ar/guides/laminator-electricity-cost-per-laminating-batch-used/,/ar/guides/laminator-electricity-cost-per-laminating-batch-used/,200,true,true,true,
https://worthcalc.win/ar/guides/language-class-cost-per-completed-session/,https://worthcalc.win/ar/guides/language-class-cost-per-completed-session/,/ar/guides/language-class-cost-per-completed-session/,200,true,true,true,
https://worthcalc.win/ar/guides/laptop-docking-station-electricity-cost-per-workday-used/,https://worthcalc.win/ar/guides/laptop-docking-station-electricity-cost-per-workday-used/,/ar/guides/laptop-docking-station-electricity-cost-per-workday-used/,200,true,true,true,
https://worthcalc.win/ar/guides/laundry-cost-per-load/,https://worthcalc.win/ar/guides/laundry-cost-per-load/,/ar/guides/laundry-cost-per-load/,200,true,true,true,
https://worthcalc.win/ar/guides/led-lighting-cost-per-hour-used/,https://worthcalc.win/ar/guides/led-lighting-cost-per-hour-used/,/ar/guides/led-lighting-cost-per-hour-used/,200,true,true,true,
https://worthcalc.win/ar/guides/meal-delivery-plan-cost-per-eaten-meal/,https://worthcalc.win/ar/guides/meal-delivery-plan-cost-per-eaten-meal/,/ar/guides/meal-delivery-plan-cost-per-eaten-meal/,200,true,true,true,
https://worthcalc.win/ar/guides/meal-kit-cost-per-serving-after-waste/,https://worthcalc.win/ar/guides/meal-kit-cost-per-serving-after-waste/,/ar/guides/meal-kit-cost-per-serving-after-waste/,200,true,true,true,
https://worthcalc.win/ar/guides/microwave-cost-per-cooking-cycle-used/,https://worthcalc.win/ar/guides/microwave-cost-per-cooking-cycle-used/,/ar/guides/microwave-cost-per-cooking-cycle-used/,200,true,true,true,
https://worthcalc.win/ar/guides/minimum-spend-fee-waiver-break-even/,https://worthcalc.win/ar/guides/minimum-spend-fee-waiver-break-even/,/ar/guides/minimum-spend-fee-waiver-break-even/,200,true,true,true,
https://worthcalc.win/ar/guides/mobile-data-cost-per-gb-used/,https://worthcalc.win/ar/guides/mobile-data-cost-per-gb-used/,/ar/guides/mobile-data-cost-per-gb-used/,200,true,true,true,
https://worthcalc.win/ar/guides/monitor-electricity-cost-per-work-hour-used/,https://worthcalc.win/ar/guides/monitor-electricity-cost-per-work-hour-used/,/ar/guides/monitor-electricity-cost-per-work-hour-used/,200,true,true,true,
https://worthcalc.win/ar/guides/monthly-vs-annual-total-cost/,https://worthcalc.win/ar/guides/monthly-vs-annual-total-cost/,/ar/guides/monthly-vs-annual-total-cost/,200,true,true,true,
https://worthcalc.win/ar/guides/natural-gas-cost-per-therm-used/,https://worthcalc.win/ar/guides/natural-gas-cost-per-therm-used/,/ar/guides/natural-gas-cost-per-therm-used/,200,true,true,true,
https://worthcalc.win/ar/guides/one-time-switching-cost-payback/,https://worthcalc.win/ar/guides/one-time-switching-cost-payback/,/ar/guides/one-time-switching-cost-payback/,200,true,true,true,
https://worthcalc.win/ar/guides/online-course-cost-per-completed-lesson/,https://worthcalc.win/ar/guides/online-course-cost-per-completed-lesson/,/ar/guides/online-course-cost-per-completed-lesson/,200,true,true,true,
https://worthcalc.win/ar/guides/outdoor-string-lights-electricity-cost-per-evening-used/,https://worthcalc.win/ar/guides/outdoor-string-lights-electricity-cost-per-evening-used/,/ar/guides/outdoor-string-lights-electricity-cost-per-evening-used/,200,true,true,true,
https://worthcalc.win/ar/guides/oven-stove-cost-per-cooking-hour-used/,https://worthcalc.win/ar/guides/oven-stove-cost-per-cooking-hour-used/,/ar/guides/oven-stove-cost-per-cooking-hour-used/,200,true,true,true,
https://worthcalc.win/ar/guides/paper-shredder-electricity-cost-per-shredding-session-used/,https://worthcalc.win/ar/guides/paper-shredder-electricity-cost-per-shredding-session-used/,/ar/guides/paper-shredder-electricity-cost-per-shredding-session-used/,200,true,true,true,
https://worthcalc.win/ar/guides/parking-pass-cost-per-day-used/,https://worthcalc.win/ar/guides/parking-pass-cost-per-day-used/,/ar/guides/parking-pass-cost-per-day-used/,200,true,true,true,
https://worthcalc.win/ar/guides/pause-vs-cancel-membership-cost/,https://worthcalc.win/ar/guides/pause-vs-cancel-membership-cost/,/ar/guides/pause-vs-cancel-membership-cost/,200,true,true,true,
https://worthcalc.win/ar/guides/phone-charger-cost-per-charge-used/,https://worthcalc.win/ar/guides/phone-charger-cost-per-charge-used/,/ar/guides/phone-charger-cost-per-charge-used/,200,true,true,true,
https://worthcalc.win/ar/guides/pool-pump-cost-per-operating-hour-used/,https://worthcalc.win/ar/guides/pool-pump-cost-per-operating-hour-used/,/ar/guides/pool-pump-cost-per-operating-hour-used/,200,true,true,true,
https://worthcalc.win/ar/guides/pool-pump-electricity-cost-per-filtration-cycle-used/,https://worthcalc.win/ar/guides/pool-pump-electricity-cost-per-filtration-cycle-used/,/ar/guides/pool-pump-electricity-cost-per-filtration-cycle-used/,200,true,true,true,
https://worthcalc.win/ar/guides/portable-ac-cost-per-cooling-hour-used/,https://worthcalc.win/ar/guides/portable-ac-cost-per-cooling-hour-used/,/ar/guides/portable-ac-cost-per-cooling-hour-used/,200,true,true,true,
https://worthcalc.win/ar/guides/portable-air-conditioner-electricity-cost-per-cooling-session-used/,https://worthcalc.win/ar/guides/portable-air-conditioner-electricity-cost-per-cooling-session-used/,/ar/guides/portable-air-conditioner-electricity-cost-per-cooling-session-used/,200,true,true,true,
https://worthcalc.win/ar/guides/prepaid-balance-expiration-cost/,https://worthcalc.win/ar/guides/prepaid-balance-expiration-cost/,/ar/guides/prepaid-balance-expiration-cost/,200,true,true,true,
https://worthcalc.win/ar/guides/printer-electricity-cost-per-print-job-used/,https://worthcalc.win/ar/guides/printer-electricity-cost-per-print-job-used/,/ar/guides/printer-electricity-cost-per-print-job-used/,200,true,true,true,
https://worthcalc.win/ar/guides/projector-electricity-cost-per-presentation-hour-used/,https://worthcalc.win/ar/guides/projector-electricity-cost-per-presentation-hour-used/,/ar/guides/projector-electricity-cost-per-presentation-hour-used/,200,true,true,true,
https://worthcalc.win/ar/guides/recurring-costs-annual-total/,https://worthcalc.win/ar/guides/recurring-costs-annual-total/,/ar/guides/recurring-costs-annual-total/,200,true,true,true,
https://worthcalc.win/ar/guides/refrigerator-cost-per-day-used/,https://worthcalc.win/ar/guides/refrigerator-cost-per-day-used/,/ar/guides/refrigerator-cost-per-day-used/,200,true,true,true,
https://worthcalc.win/ar/guides/rice-cooker-cost-per-cooking-cycle-used/,https://worthcalc.win/ar/guides/rice-cooker-cost-per-cooking-cycle-used/,/ar/guides/rice-cooker-cost-per-cooking-cycle-used/,200,true,true,true,
https://worthcalc.win/ar/guides/robot-vacuum-cost-per-cleaning-cycle-used/,https://worthcalc.win/ar/guides/robot-vacuum-cost-per-cleaning-cycle-used/,/ar/guides/robot-vacuum-cost-per-cleaning-cycle-used/,200,true,true,true,
https://worthcalc.win/ar/guides/room-air-conditioner-cost-per-cooling-hour-used/,https://worthcalc.win/ar/guides/room-air-conditioner-cost-per-cooling-hour-used/,/ar/guides/room-air-conditioner-cost-per-cooling-hour-used/,200,true,true,true,
https://worthcalc.win/ar/guides/router-electricity-cost-per-month-used/,https://worthcalc.win/ar/guides/router-electricity-cost-per-month-used/,/ar/guides/router-electricity-cost-per-month-used/,200,true,true,true,
https://worthcalc.win/ar/guides/sandwich-maker-cost-per-use-used/,https://worthcalc.win/ar/guides/sandwich-maker-cost-per-use-used/,/ar/guides/sandwich-maker-cost-per-use-used/,200,true,true,true,
https://worthcalc.win/ar/guides/savings-break-even-use-period/,https://worthcalc.win/ar/guides/savings-break-even-use-period/,/ar/guides/savings-break-even-use-period/,200,true,true,true,
https://worthcalc.win/ar/guides/scanner-electricity-cost-per-scanning-session-used/,https://worthcalc.win/ar/guides/scanner-electricity-cost-per-scanning-session-used/,/ar/guides/scanner-electricity-cost-per-scanning-session-used/,200,true,true,true,
https://worthcalc.win/ar/guides/sewing-machine-electricity-cost-per-sewing-hour-used/,https://worthcalc.win/ar/guides/sewing-machine-electricity-cost-per-sewing-hour-used/,/ar/guides/sewing-machine-electricity-cost-per-sewing-hour-used/,200,true,true,true,
https://worthcalc.win/ar/guides/slow-cooker-cost-per-cooking-hour-used/,https://worthcalc.win/ar/guides/slow-cooker-cost-per-cooking-hour-used/,/ar/guides/slow-cooker-cost-per-cooking-hour-used/,200,true,true,true,
https://worthcalc.win/ar/guides/smart-speaker-electricity-cost-per-listening-hour-used/,https://worthcalc.win/ar/guides/smart-speaker-electricity-cost-per-listening-hour-used/,/ar/guides/smart-speaker-electricity-cost-per-listening-hour-used/,200,true,true,true,
https://worthcalc.win/ar/guides/software-add-on-cost-per-active-seat/,https://worthcalc.win/ar/guides/software-add-on-cost-per-active-seat/,/ar/guides/software-add-on-cost-per-active-seat/,200,true,true,true,
https://worthcalc.win/ar/guides/software-seat-cost-per-active-user/,https://worthcalc.win/ar/guides/software-seat-cost-per-active-user/,/ar/guides/software-seat-cost-per-active-user/,200,true,true,true,
https://worthcalc.win/ar/guides/solar-inverter-electricity-cost-per-monitoring-day-used/,https://worthcalc.win/ar/guides/solar-inverter-electricity-cost-per-monitoring-day-used/,/ar/guides/solar-inverter-electricity-cost-per-monitoring-day-used/,200,true,true,true,
https://worthcalc.win/ar/guides/soldering-iron-electricity-cost-per-repair-hour-used/,https://worthcalc.win/ar/guides/soldering-iron-electricity-cost-per-repair-hour-used/,/ar/guides/soldering-iron-electricity-cost-per-repair-hour-used/,200,true,true,true,
https://worthcalc.win/ar/guides/soundbar-electricity-cost-per-watched-hour-used/,https://worthcalc.win/ar/guides/soundbar-electricity-cost-per-watched-hour-used/,/ar/guides/soundbar-electricity-cost-per-watched-hour-used/,200,true,true,true,
https://worthcalc.win/ar/guides/stand-mixer-cost-per-mixing-session-used/,https://worthcalc.win/ar/guides/stand-mixer-cost-per-mixing-session-used/,/ar/guides/stand-mixer-cost-per-mixing-session-used/,200,true,true,true,
https://worthcalc.win/ar/guides/standby-power-cost-per-day-used/,https://worthcalc.win/ar/guides/standby-power-cost-per-day-used/,/ar/guides/standby-power-cost-per-day-used/,200,true,true,true,
https://worthcalc.win/ar/guides/streaming-cost-per-watched-hour/,https://worthcalc.win/ar/guides/streaming-cost-per-watched-hour/,/ar/guides/streaming-cost-per-watched-hour/,200,true,true,true,
https://worthcalc.win/ar/guides/subscription-price-increase-annual-impact/,https://worthcalc.win/ar/guides/subscription-price-increase-annual-impact/,/ar/guides/subscription-price-increase-annual-impact/,200,true,true,true,
https://worthcalc.win/ar/guides/television-electricity-cost-per-watched-hour-used/,https://worthcalc.win/ar/guides/television-electricity-cost-per-watched-hour-used/,/ar/guides/television-electricity-cost-per-watched-hour-used/,200,true,true,true,
https://worthcalc.win/ar/guides/terrarium-heat-lamp-electricity-cost-per-heating-hour-used/,https://worthcalc.win/ar/guides/terrarium-heat-lamp-electricity-cost-per-heating-hour-used/,/ar/guides/terrarium-heat-lamp-electricity-cost-per-heating-hour-used/,200,true,true,true,
https://worthcalc.win/ar/guides/toaster-cost-per-use-used/,https://worthcalc.win/ar/guides/toaster-cost-per-use-used/,/ar/guides/toaster-cost-per-use-used/,200,true,true,true,
https://worthcalc.win/ar/guides/tool-rental-cost-per-project/,https://worthcalc.win/ar/guides/tool-rental-cost-per-project/,/ar/guides/tool-rental-cost-per-project/,200,true,true,true,
https://worthcalc.win/ar/guides/transit-pass-cost-per-ride-used/,https://worthcalc.win/ar/guides/transit-pass-cost-per-ride-used/,/ar/guides/transit-pass-cost-per-ride-used/,200,true,true,true,
https://worthcalc.win/ar/guides/true-cost-of-buy-now-pay-later/,https://worthcalc.win/ar/guides/true-cost-of-buy-now-pay-later/,/ar/guides/true-cost-of-buy-now-pay-later/,200,true,true,true,
https://worthcalc.win/ar/guides/true-cost-of-convenience-delivery/,https://worthcalc.win/ar/guides/true-cost-of-convenience-delivery/,/ar/guides/true-cost-of-convenience-delivery/,200,true,true,true,
https://worthcalc.win/ar/guides/true-cost-of-extended-warranty/,https://worthcalc.win/ar/guides/true-cost-of-extended-warranty/,/ar/guides/true-cost-of-extended-warranty/,200,true,true,true,
https://worthcalc.win/ar/guides/true-cost-of-free-shipping-threshold/,https://worthcalc.win/ar/guides/true-cost-of-free-shipping-threshold/,/ar/guides/true-cost-of-free-shipping-threshold/,200,true,true,true,
https://worthcalc.win/ar/guides/true-cost-of-home-service-plan/,https://worthcalc.win/ar/guides/true-cost-of-home-service-plan/,/ar/guides/true-cost-of-home-service-plan/,200,true,true,true,
https://worthcalc.win/ar/guides/true-cost-of-rental-car/,https://worthcalc.win/ar/guides/true-cost-of-rental-car/,/ar/guides/true-cost-of-rental-car/,200,true,true,true,
https://worthcalc.win/ar/guides/true-cost-of-upgrade-feature/,https://worthcalc.win/ar/guides/true-cost-of-upgrade-feature/,/ar/guides/true-cost-of-upgrade-feature/,200,true,true,true,
https://worthcalc.win/ar/guides/unused-membership-capacity-cost/,https://worthcalc.win/ar/guides/unused-membership-capacity-cost/,/ar/guides/unused-membership-capacity-cost/,200,true,true,true,
https://worthcalc.win/ar/guides/usb-charging-hub-electricity-cost-per-charging-session-used/,https://worthcalc.win/ar/guides/usb-charging-hub-electricity-cost-per-charging-session-used/,/ar/guides/usb-charging-hub-electricity-cost-per-charging-session-used/,200,true,true,true,
https://worthcalc.win/ar/guides/vacuum-cleaner-electricity-cost-per-cleaning-hour-used/,https://worthcalc.win/ar/guides/vacuum-cleaner-electricity-cost-per-cleaning-hour-used/,/ar/guides/vacuum-cleaner-electricity-cost-per-cleaning-hour-used/,200,true,true,true,
https://worthcalc.win/ar/guides/waffle-maker-cost-per-cooking-cycle-used/,https://worthcalc.win/ar/guides/waffle-maker-cost-per-cooking-cycle-used/,/ar/guides/waffle-maker-cost-per-cooking-cycle-used/,200,true,true,true,
https://worthcalc.win/ar/guides/water-bill-cost-per-gallon-used/,https://worthcalc.win/ar/guides/water-bill-cost-per-gallon-used/,/ar/guides/water-bill-cost-per-gallon-used/,200,true,true,true,
https://worthcalc.win/ar/guides/water-cooler-electricity-cost-per-cooling-day-used/,https://worthcalc.win/ar/guides/water-cooler-electricity-cost-per-cooling-day-used/,/ar/guides/water-cooler-electricity-cost-per-cooling-day-used/,200,true,true,true,
https://worthcalc.win/ar/guides/water-heater-cost-per-gallon-heated/,https://worthcalc.win/ar/guides/water-heater-cost-per-gallon-heated/,/ar/guides/water-heater-cost-per-gallon-heated/,200,true,true,true,
https://worthcalc.win/ar/guides/webcam-electricity-cost-per-meeting-hour-used/,https://worthcalc.win/ar/guides/webcam-electricity-cost-per-meeting-hour-used/,/ar/guides/webcam-electricity-cost-per-meeting-hour-used/,200,true,true,true,
https://worthcalc.win/de/about/,https://worthcalc.win/de/about/,/de/about/,200,true,false,false,
https://worthcalc.win/de/annual-fee-card-breakeven/,https://worthcalc.win/de/annual-fee-card-breakeven/,/de/annual-fee-card-breakeven/,200,true,true,true,
https://worthcalc.win/de/bnpl-vs-credit-card-installments/,https://worthcalc.win/de/bnpl-vs-credit-card-installments/,/de/bnpl-vs-credit-card-installments/,200,true,false,false,
https://worthcalc.win/de/budget-with-irregular-income/,https://worthcalc.win/de/budget-with-irregular-income/,/de/budget-with-irregular-income/,200,true,false,false,
https://worthcalc.win/de/bulk-buying-vs-small-packages/,https://worthcalc.win/de/bulk-buying-vs-small-packages/,/de/bulk-buying-vs-small-packages/,200,true,false,false,
https://worthcalc.win/de/bulk-buying-waste-math/,https://worthcalc.win/de/bulk-buying-waste-math/,/de/bulk-buying-waste-math/,200,true,false,false,
https://worthcalc.win/de/car-lease-vs-buy-total-cost/,https://worthcalc.win/de/car-lease-vs-buy-total-cost/,/de/car-lease-vs-buy-total-cost/,200,true,false,false,
https://worthcalc.win/de/cashback-caps-real-reward-rate/,https://worthcalc.win/de/cashback-caps-real-reward-rate/,/de/cashback-caps-real-reward-rate/,200,true,true,true,
https://worthcalc.win/de/changelog/,https://worthcalc.win/de/changelog/,/de/changelog/,200,true,false,false,
https://worthcalc.win/de/contact/,https://worthcalc.win/de/contact/,/de/contact/,200,true,false,false,
https://worthcalc.win/de/cost-per-use-expensive-item/,https://worthcalc.win/de/cost-per-use-expensive-item/,/de/cost-per-use-expensive-item/,200,true,false,false,
https://worthcalc.win/de/costco-math/,https://worthcalc.win/de/costco-math/,/de/costco-math/,200,true,false,false,
https://worthcalc.win/de/credit-card-minimum-payment-trap/,https://worthcalc.win/de/credit-card-minimum-payment-trap/,/de/credit-card-minimum-payment-trap/,200,true,false,false,
https://worthcalc.win/de/delivery-membership-break-even/,https://worthcalc.win/de/delivery-membership-break-even/,/de/delivery-membership-break-even/,200,true,false,false,
https://worthcalc.win/de/disclaimer/,https://worthcalc.win/de/disclaimer/,/de/disclaimer/,200,true,false,false,
https://worthcalc.win/de/energy-efficient-appliance-payback/,https://worthcalc.win/de/energy-efficient-appliance-payback/,/de/energy-efficient-appliance-payback/,200,true,false,false,
https://worthcalc.win/de/ev-vs-gas-total-cost/,https://worthcalc.win/de/ev-vs-gas-total-cost/,/de/ev-vs-gas-total-cost/,200,true,true,true,
https://worthcalc.win/de/extra-mortgage-payments-guide/,https://worthcalc.win/de/extra-mortgage-payments-guide/,/de/extra-mortgage-payments-guide/,200,true,false,false,
https://worthcalc.win/de/full-commute-cost-including-time/,https://worthcalc.win/de/full-commute-cost-including-time/,/de/full-commute-cost-including-time/,200,true,true,true,
https://worthcalc.win/de/guides/,https://worthcalc.win/de/guides/,/de/guides/,200,true,true,true,
https://worthcalc.win/de/gym-membership-cost-per-visit/,https://worthcalc.win/de/gym-membership-cost-per-visit/,/de/gym-membership-cost-per-visit/,200,true,false,false,
https://worthcalc.win/de/home-vs-public-ev-charging-cost/,https://worthcalc.win/de/home-vs-public-ev-charging-cost/,/de/home-vs-public-ev-charging-cost/,200,true,false,false,
https://worthcalc.win/de/hourly-vs-annual-salary/,https://worthcalc.win/de/hourly-vs-annual-salary/,/de/hourly-vs-annual-salary/,200,true,false,false,
https://worthcalc.win/de/how-compound-growth-works/,https://worthcalc.win/de/how-compound-growth-works/,/de/how-compound-growth-works/,200,true,false,false,
https://worthcalc.win/de/how-much-home-can-you-afford/,https://worthcalc.win/de/how-much-home-can-you-afford/,/de/how-much-home-can-you-afford/,200,true,false,false,
https://worthcalc.win/de/how-to-calculate-dti/,https://worthcalc.win/de/how-to-calculate-dti/,/de/how-to-calculate-dti/,200,true,false,false,
https://worthcalc.win/de/,https://worthcalc.win/de/,/de/,200,true,true,true,
https://worthcalc.win/de/is-an-extended-warranty-worth-it/,https://worthcalc.win/de/is-an-extended-warranty-worth-it/,/de/is-an-extended-warranty-worth-it/,200,true,false,false,
https://worthcalc.win/de/is-costco-executive-membership-worth-it/,https://worthcalc.win/de/is-costco-executive-membership-worth-it/,/de/is-costco-executive-membership-worth-it/,200,true,true,true,
https://worthcalc.win/de/meal-prep-vs-takeout-cost/,https://worthcalc.win/de/meal-prep-vs-takeout-cost/,/de/meal-prep-vs-takeout-cost/,200,true,false,false,
https://worthcalc.win/de/monthly-vs-annual-subscription/,https://worthcalc.win/de/monthly-vs-annual-subscription/,/de/monthly-vs-annual-subscription/,200,true,true,true,
https://worthcalc.win/de/new-vs-used-car-total-cost/,https://worthcalc.win/de/new-vs-used-car-total-cost/,/de/new-vs-used-car-total-cost/,200,true,true,true,
https://worthcalc.win/de/paid-membership-break-even/,https://worthcalc.win/de/paid-membership-break-even/,/de/paid-membership-break-even/,200,true,false,false,
https://worthcalc.win/de/pay-raise-vs-inflation-purchasing-power/,https://worthcalc.win/de/pay-raise-vs-inflation-purchasing-power/,/de/pay-raise-vs-inflation-purchasing-power/,200,true,false,false,
https://worthcalc.win/de/price-per-wear-clothing-shoes/,https://worthcalc.win/de/price-per-wear-clothing-shoes/,/de/price-per-wear-clothing-shoes/,200,true,false,false,
https://worthcalc.win/de/privacy/,https://worthcalc.win/de/privacy/,/de/privacy/,200,true,false,false,
https://worthcalc.win/de/rent-vs-buy-breakeven-year/,https://worthcalc.win/de/rent-vs-buy-breakeven-year/,/de/rent-vs-buy-breakeven-year/,200,true,false,false,
https://worthcalc.win/de/rent-vs-buy-guide/,https://worthcalc.win/de/rent-vs-buy-guide/,/de/rent-vs-buy-guide/,200,true,false,false,
https://worthcalc.win/de/repair-or-replace-decision-formula/,https://worthcalc.win/de/repair-or-replace-decision-formula/,/de/repair-or-replace-decision-formula/,200,true,false,false,
https://worthcalc.win/de/reusable-vs-disposable-break-even/,https://worthcalc.win/de/reusable-vs-disposable-break-even/,/de/reusable-vs-disposable-break-even/,200,true,false,false,
https://worthcalc.win/de/snowball-vs-avalanche/,https://worthcalc.win/de/snowball-vs-avalanche/,/de/snowball-vs-avalanche/,200,true,false,false,
https://worthcalc.win/de/subscription-creep/,https://worthcalc.win/de/subscription-creep/,/de/subscription-creep/,200,true,false,false,
https://worthcalc.win/de/terms/,https://worthcalc.win/de/terms/,/de/terms/,200,true,true,true,
https://worthcalc.win/de/tools/budget-builder/,https://worthcalc.win/de/tools/budget-builder/,/de/tools/budget-builder/,200,true,false,false,
https://worthcalc.win/de/tools/car-affordability/,https://worthcalc.win/de/tools/car-affordability/,/de/tools/car-affordability/,200,true,false,false,
https://worthcalc.win/de/tools/cashback-breakeven/,https://worthcalc.win/de/tools/cashback-breakeven/,/de/tools/cashback-breakeven/,200,true,false,false,
https://worthcalc.win/de/tools/commute-cost/,https://worthcalc.win/de/tools/commute-cost/,/de/tools/commute-cost/,200,true,true,true,
https://worthcalc.win/de/tools/compound-growth/,https://worthcalc.win/de/tools/compound-growth/,/de/tools/compound-growth/,200,true,false,false,
https://worthcalc.win/de/tools/costco-membership/,https://worthcalc.win/de/tools/costco-membership/,/de/tools/costco-membership/,200,true,false,false,
https://worthcalc.win/de/tools/credit-card-payoff/,https://worthcalc.win/de/tools/credit-card-payoff/,/de/tools/credit-card-payoff/,200,true,false,false,
https://worthcalc.win/de/tools/debt-strategy/,https://worthcalc.win/de/tools/debt-strategy/,/de/tools/debt-strategy/,200,true,false,false,
https://worthcalc.win/de/tools/dti-calculator/,https://worthcalc.win/de/tools/dti-calculator/,/de/tools/dti-calculator/,200,true,false,false,
https://worthcalc.win/de/tools/ev-vs-gas/,https://worthcalc.win/de/tools/ev-vs-gas/,/de/tools/ev-vs-gas/,200,true,true,true,
https://worthcalc.win/de/tools/home-affordability/,https://worthcalc.win/de/tools/home-affordability/,/de/tools/home-affordability/,200,true,false,false,
https://worthcalc.win/de/tools/,https://worthcalc.win/de/tools/,/de/tools/,200,true,true,true,
https://worthcalc.win/de/tools/installment-true-apr/,https://worthcalc.win/de/tools/installment-true-apr/,/de/tools/installment-true-apr/,200,true,true,true,
https://worthcalc.win/de/tools/latte-factor/,https://worthcalc.win/de/tools/latte-factor/,/de/tools/latte-factor/,200,true,false,false,
https://worthcalc.win/de/tools/mortgage-payoff/,https://worthcalc.win/de/tools/mortgage-payoff/,/de/tools/mortgage-payoff/,200,true,false,false,
https://worthcalc.win/de/tools/rent-vs-buy/,https://worthcalc.win/de/tools/rent-vs-buy/,/de/tools/rent-vs-buy/,200,true,true,true,
https://worthcalc.win/de/tools/salary-converter/,https://worthcalc.win/de/tools/salary-converter/,/de/tools/salary-converter/,200,true,false,false,
https://worthcalc.win/de/tools/subscription-audit/,https://worthcalc.win/de/tools/subscription-audit/,/de/tools/subscription-audit/,200,true,false,false,
https://worthcalc.win/de/true-cost-of-car-ownership/,https://worthcalc.win/de/true-cost-of-car-ownership/,/de/true-cost-of-car-ownership/,200,true,true,true,
https://worthcalc.win/de/true-hourly-wage-after-commuting-work-expenses/,https://worthcalc.win/de/true-hourly-wage-after-commuting-work-expenses/,/de/true-hourly-wage-after-commuting-work-expenses/,200,true,false,false,
https://worthcalc.win/de/upfront-fees-financing-cost/,https://worthcalc.win/de/upfront-fees-financing-cost/,/de/upfront-fees-financing-cost/,200,true,false,false,
https://worthcalc.win/de/upgrade-your-phone-or-keep-it/,https://worthcalc.win/de/upgrade-your-phone-or-keep-it/,/de/upgrade-your-phone-or-keep-it/,200,true,false,false,
https://worthcalc.win/de/work-from-home-vs-commuting-hidden-costs/,https://worthcalc.win/de/work-from-home-vs-commuting-hidden-costs/,/de/work-from-home-vs-commuting-hidden-costs/,200,true,false,false,
https://worthcalc.win/de/zero-interest-installments-truth/,https://worthcalc.win/de/zero-interest-installments-truth/,/de/zero-interest-installments-truth/,200,true,true,true,
https://worthcalc.win/en/about/,https://worthcalc.win/en/about/,/en/about/,200,true,true,true,
https://worthcalc.win/en/annual-fee-card-breakeven/,https://worthcalc.win/en/annual-fee-card-breakeven/,/en/annual-fee-card-breakeven/,200,true,true,true,
https://worthcalc.win/en/annual-vs-monthly-billing/,https://worthcalc.win/en/annual-vs-monthly-billing/,/en/annual-vs-monthly-billing/,200,true,true,true,
https://worthcalc.win/en/apr-vs-apy/,https://worthcalc.win/en/apr-vs-apy/,/en/apr-vs-apy/,200,true,true,true,
https://worthcalc.win/en/average-commuting-cost/,https://worthcalc.win/en/average-commuting-cost/,/en/average-commuting-cost/,200,true,true,true,
https://worthcalc.win/en/bnpl-vs-credit-card-installments/,https://worthcalc.win/en/bnpl-vs-credit-card-installments/,/en/bnpl-vs-credit-card-installments/,200,true,true,true,
https://worthcalc.win/en/budget-with-irregular-income/,https://worthcalc.win/en/budget-with-irregular-income/,/en/budget-with-irregular-income/,200,true,true,true,
https://worthcalc.win/en/bulk-buying-vs-small-packages/,https://worthcalc.win/en/bulk-buying-vs-small-packages/,/en/bulk-buying-vs-small-packages/,200,true,true,true,
https://worthcalc.win/en/bulk-buying-waste-math/,https://worthcalc.win/en/bulk-buying-waste-math/,/en/bulk-buying-waste-math/,200,true,true,true,
https://worthcalc.win/en/car-lease-vs-buy-total-cost/,https://worthcalc.win/en/car-lease-vs-buy-total-cost/,/en/car-lease-vs-buy-total-cost/,200,true,true,true,
https://worthcalc.win/en/cashback-caps-real-reward-rate/,https://worthcalc.win/en/cashback-caps-real-reward-rate/,/en/cashback-caps-real-reward-rate/,200,true,true,true,
https://worthcalc.win/en/changelog/,https://worthcalc.win/en/changelog/,/en/changelog/,200,true,true,true,
https://worthcalc.win/en/contact/,https://worthcalc.win/en/contact/,/en/contact/,200,true,true,true,
https://worthcalc.win/en/cost-per-use-expensive-item/,https://worthcalc.win/en/cost-per-use-expensive-item/,/en/cost-per-use-expensive-item/,200,true,true,true,
https://worthcalc.win/en/costco-math/,https://worthcalc.win/en/costco-math/,/en/costco-math/,200,true,true,true,
https://worthcalc.win/en/credit-card-minimum-payment-trap/,https://worthcalc.win/en/credit-card-minimum-payment-trap/,/en/credit-card-minimum-payment-trap/,200,true,true,true,
https://worthcalc.win/en/delivery-membership-break-even/,https://worthcalc.win/en/delivery-membership-break-even/,/en/delivery-membership-break-even/,200,true,true,true,
https://worthcalc.win/en/disclaimer/,https://worthcalc.win/en/disclaimer/,/en/disclaimer/,200,true,true,true,
https://worthcalc.win/en/emergency-fund-irregular-income/,https://worthcalc.win/en/emergency-fund-irregular-income/,/en/emergency-fund-irregular-income/,200,true,true,true,
https://worthcalc.win/en/energy-efficient-appliance-payback/,https://worthcalc.win/en/energy-efficient-appliance-payback/,/en/energy-efficient-appliance-payback/,200,true,true,true,
https://worthcalc.win/en/ev-vs-gas-total-cost/,https://worthcalc.win/en/ev-vs-gas-total-cost/,/en/ev-vs-gas-total-cost/,200,true,true,true,
https://worthcalc.win/en/extended-warranty-math/,https://worthcalc.win/en/extended-warranty-math/,/en/extended-warranty-math/,200,true,true,true,
https://worthcalc.win/en/extra-mortgage-payments-guide/,https://worthcalc.win/en/extra-mortgage-payments-guide/,/en/extra-mortgage-payments-guide/,200,true,true,true,
https://worthcalc.win/en/free-shipping-threshold/,https://worthcalc.win/en/free-shipping-threshold/,/en/free-shipping-threshold/,200,true,true,true,
https://worthcalc.win/en/full-commute-cost-including-time/,https://worthcalc.win/en/full-commute-cost-including-time/,/en/full-commute-cost-including-time/,200,true,true,true,
https://worthcalc.win/en/guides/3d-printer-electricity-cost-per-print-used/,https://worthcalc.win/en/guides/3d-printer-electricity-cost-per-print-used/,/en/guides/3d-printer-electricity-cost-per-print-used/,200,true,true,true,
https://worthcalc.win/en/guides/3d-scanner-electricity-cost-per-scanning-session-used/,https://worthcalc.win/en/guides/3d-scanner-electricity-cost-per-scanning-session-used/,/en/guides/3d-scanner-electricity-cost-per-scanning-session-used/,200,true,true,true,
https://worthcalc.win/en/guides/ai-tool-realized-time-savings-break-even/,https://worthcalc.win/en/guides/ai-tool-realized-time-savings-break-even/,/en/guides/ai-tool-realized-time-savings-break-even/,200,true,true,true,
https://worthcalc.win/en/guides/air-fryer-cost-per-cooking-cycle-used/,https://worthcalc.win/en/guides/air-fryer-cost-per-cooking-cycle-used/,/en/guides/air-fryer-cost-per-cooking-cycle-used/,200,true,true,true,
https://worthcalc.win/en/guides/air-purifier-cost-per-clean-air-hour-used/,https://worthcalc.win/en/guides/air-purifier-cost-per-clean-air-hour-used/,/en/guides/air-purifier-cost-per-clean-air-hour-used/,200,true,true,true,
https://worthcalc.win/en/guides/amortization-schedule-explained/,https://worthcalc.win/en/guides/amortization-schedule-explained/,/en/guides/amortization-schedule-explained/,200,true,true,true,
https://worthcalc.win/en/guides/annual-bills-cash-flow-low-point/,https://worthcalc.win/en/guides/annual-bills-cash-flow-low-point/,/en/guides/annual-bills-cash-flow-low-point/,200,true,true,true,
https://worthcalc.win/en/guides/annual-bills-monthly-equivalent/,https://worthcalc.win/en/guides/annual-bills-monthly-equivalent/,/en/guides/annual-bills-monthly-equivalent/,200,true,true,true,
https://worthcalc.win/en/guides/annual-cost-savings-calculator/,https://worthcalc.win/en/guides/annual-cost-savings-calculator/,/en/guides/annual-cost-savings-calculator/,200,true,true,true,
https://worthcalc.win/en/guides/annual-plan-cancellation-risk-break-even/,https://worthcalc.win/en/guides/annual-plan-cancellation-risk-break-even/,/en/guides/annual-plan-cancellation-risk-break-even/,200,true,true,true,
https://worthcalc.win/en/guides/annual-vs-monthly-insurance-payment/,https://worthcalc.win/en/guides/annual-vs-monthly-insurance-payment/,/en/guides/annual-vs-monthly-insurance-payment/,200,true,true,true,
https://worthcalc.win/en/guides/aquarium-air-pump-electricity-cost-per-filtration-day-used/,https://worthcalc.win/en/guides/aquarium-air-pump-electricity-cost-per-filtration-day-used/,/en/guides/aquarium-air-pump-electricity-cost-per-filtration-day-used/,200,true,true,true,
https://worthcalc.win/en/guides/aquarium-heater-electricity-cost-per-tank-day-used/,https://worthcalc.win/en/guides/aquarium-heater-electricity-cost-per-tank-day-used/,/en/guides/aquarium-heater-electricity-cost-per-tank-day-used/,200,true,true,true,
https://worthcalc.win/en/guides/attic-fan-electricity-cost-per-ventilation-hour-used/,https://worthcalc.win/en/guides/attic-fan-electricity-cost-per-ventilation-hour-used/,/en/guides/attic-fan-electricity-cost-per-ventilation-hour-used/,200,true,true,true,
https://worthcalc.win/en/guides/auto-loan-negative-equity-rollover-cost/,https://worthcalc.win/en/guides/auto-loan-negative-equity-rollover-cost/,/en/guides/auto-loan-negative-equity-rollover-cost/,200,true,true,true,
https://worthcalc.win/en/guides/balance-transfer-break-even/,https://worthcalc.win/en/guides/balance-transfer-break-even/,/en/guides/balance-transfer-break-even/,200,true,true,true,
https://worthcalc.win/en/guides/bathroom-ventilation-fan-electricity-cost-per-shower-used/,https://worthcalc.win/en/guides/bathroom-ventilation-fan-electricity-cost-per-shower-used/,/en/guides/bathroom-ventilation-fan-electricity-cost-per-shower-used/,200,true,true,true,
https://worthcalc.win/en/guides/benefits-replacement-cost-vs-salary/,https://worthcalc.win/en/guides/benefits-replacement-cost-vs-salary/,/en/guides/benefits-replacement-cost-vs-salary/,200,true,true,true,
https://worthcalc.win/en/guides/billing-date-cash-flow-overlap/,https://worthcalc.win/en/guides/billing-date-cash-flow-overlap/,/en/guides/billing-date-cash-flow-overlap/,200,true,true,true,
https://worthcalc.win/en/guides/blender-cost-per-blending-session-used/,https://worthcalc.win/en/guides/blender-cost-per-blending-session-used/,/en/guides/blender-cost-per-blending-session-used/,200,true,true,true,
https://worthcalc.win/en/guides/bonus-volatility-fixed-cost-capacity/,https://worthcalc.win/en/guides/bonus-volatility-fixed-cost-capacity/,/en/guides/bonus-volatility-fixed-cost-capacity/,200,true,true,true,
https://worthcalc.win/en/guides/bread-maker-cost-per-loaf-used/,https://worthcalc.win/en/guides/bread-maker-cost-per-loaf-used/,/en/guides/bread-maker-cost-per-loaf-used/,200,true,true,true,
https://worthcalc.win/en/guides/car-down-payment-vs-liquidity/,https://worthcalc.win/en/guides/car-down-payment-vs-liquidity/,/en/guides/car-down-payment-vs-liquidity/,200,true,true,true,
https://worthcalc.win/en/guides/car-loan-60-vs-72-vs-84-early-exit/,https://worthcalc.win/en/guides/car-loan-60-vs-72-vs-84-early-exit/,/en/guides/car-loan-60-vs-72-vs-84-early-exit/,200,true,true,true,
https://worthcalc.win/en/guides/cash-discount-vs-financing/,https://worthcalc.win/en/guides/cash-discount-vs-financing/,/en/guides/cash-discount-vs-financing/,200,true,true,true,
https://worthcalc.win/en/guides/cash-flow-buffer-vs-emergency-fund/,https://worthcalc.win/en/guides/cash-flow-buffer-vs-emergency-fund/,/en/guides/cash-flow-buffer-vs-emergency-fund/,200,true,true,true,
https://worthcalc.win/en/guides/cash-runway-before-quitting-job/,https://worthcalc.win/en/guides/cash-runway-before-quitting-job/,/en/guides/cash-runway-before-quitting-job/,200,true,true,true,
https://worthcalc.win/en/guides/cash-vs-financing-car-liquidity/,https://worthcalc.win/en/guides/cash-vs-financing-car-liquidity/,/en/guides/cash-vs-financing-car-liquidity/,200,true,true,true,
https://worthcalc.win/en/guides/ceiling-fan-cost-per-operating-hour-used/,https://worthcalc.win/en/guides/ceiling-fan-cost-per-operating-hour-used/,/en/guides/ceiling-fan-cost-per-operating-hour-used/,200,true,true,true,
https://worthcalc.win/en/guides/ceiling-fan-electricity-cost-per-cooling-hour-used/,https://worthcalc.win/en/guides/ceiling-fan-electricity-cost-per-cooling-hour-used/,/en/guides/ceiling-fan-electricity-cost-per-cooling-hour-used/,200,true,true,true,
https://worthcalc.win/en/guides/childcare-cost-per-hour-used/,https://worthcalc.win/en/guides/childcare-cost-per-hour-used/,/en/guides/childcare-cost-per-hour-used/,200,true,true,true,
https://worthcalc.win/en/guides/childcare-return-to-work-break-even/,https://worthcalc.win/en/guides/childcare-return-to-work-break-even/,/en/guides/childcare-return-to-work-break-even/,200,true,true,true,
https://worthcalc.win/en/guides/clothes-dryer-cost-per-load-used/,https://worthcalc.win/en/guides/clothes-dryer-cost-per-load-used/,/en/guides/clothes-dryer-cost-per-load-used/,200,true,true,true,
https://worthcalc.win/en/guides/cloud-storage-cost-per-retained-gb/,https://worthcalc.win/en/guides/cloud-storage-cost-per-retained-gb/,/en/guides/cloud-storage-cost-per-retained-gb/,200,true,true,true,
https://worthcalc.win/en/guides/coffee-maker-cost-per-brew-used/,https://worthcalc.win/en/guides/coffee-maker-cost-per-brew-used/,/en/guides/coffee-maker-cost-per-brew-used/,200,true,true,true,
https://worthcalc.win/en/guides/computer-electricity-cost-per-day-used/,https://worthcalc.win/en/guides/computer-electricity-cost-per-day-used/,/en/guides/computer-electricity-cost-per-day-used/,200,true,true,true,
https://worthcalc.win/en/guides/cost-of-delaying-savings-goal/,https://worthcalc.win/en/guides/cost-of-delaying-savings-goal/,/en/guides/cost-of-delaying-savings-goal/,200,true,true,true,
https://worthcalc.win/en/guides/cost-per-use-kitchen-appliance/,https://worthcalc.win/en/guides/cost-per-use-kitchen-appliance/,/en/guides/cost-per-use-kitchen-appliance/,200,true,true,true,
https://worthcalc.win/en/guides/cost-per-wear-clothing/,https://worthcalc.win/en/guides/cost-per-wear-clothing/,/en/guides/cost-per-wear-clothing/,200,true,true,true,
https://worthcalc.win/en/guides/costco-executive-break-even-eligible-spend/,https://worthcalc.win/en/guides/costco-executive-break-even-eligible-spend/,/en/guides/costco-executive-break-even-eligible-spend/,200,true,true,true,
https://worthcalc.win/en/guides/costco-gas-detour-break-even/,https://worthcalc.win/en/guides/costco-gas-detour-break-even/,/en/guides/costco-gas-detour-break-even/,200,true,true,true,
https://worthcalc.win/en/guides/costco-household-card-break-even-use/,https://worthcalc.win/en/guides/costco-household-card-break-even-use/,/en/guides/costco-household-card-break-even-use/,200,true,true,true,
https://worthcalc.win/en/guides/costco-membership-fee-break-even-savings/,https://worthcalc.win/en/guides/costco-membership-fee-break-even-savings/,/en/guides/costco-membership-fee-break-even-savings/,200,true,true,true,
https://worthcalc.win/en/guides/costco-renewal-refund-reward-timing/,https://worthcalc.win/en/guides/costco-renewal-refund-reward-timing/,/en/guides/costco-renewal-refund-reward-timing/,200,true,true,true,
https://worthcalc.win/en/guides/costco-reward-cap-usage-break-even/,https://worthcalc.win/en/guides/costco-reward-cap-usage-break-even/,/en/guides/costco-reward-cap-usage-break-even/,200,true,true,true,
https://worthcalc.win/en/guides/costco-reward-exclusion-effective-rate/,https://worthcalc.win/en/guides/costco-reward-exclusion-effective-rate/,/en/guides/costco-reward-exclusion-effective-rate/,200,true,true,true,
https://worthcalc.win/en/guides/countertop-ice-maker-cost-per-batch-used/,https://worthcalc.win/en/guides/countertop-ice-maker-cost-per-batch-used/,/en/guides/countertop-ice-maker-cost-per-batch-used/,200,true,true,true,
https://worthcalc.win/en/guides/coworking-membership-cost-per-day/,https://worthcalc.win/en/guides/coworking-membership-cost-per-day/,/en/guides/coworking-membership-cost-per-day/,200,true,true,true,
https://worthcalc.win/en/guides/debt-consolidation-break-even/,https://worthcalc.win/en/guides/debt-consolidation-break-even/,/en/guides/debt-consolidation-break-even/,200,true,true,true,
https://worthcalc.win/en/guides/debt-to-assets-ratio-personal/,https://worthcalc.win/en/guides/debt-to-assets-ratio-personal/,/en/guides/debt-to-assets-ratio-personal/,200,true,true,true,
https://worthcalc.win/en/guides/dehumidifier-cost-per-pint-removed/,https://worthcalc.win/en/guides/dehumidifier-cost-per-pint-removed/,/en/guides/dehumidifier-cost-per-pint-removed/,200,true,true,true,
https://worthcalc.win/en/guides/dehumidifier-electricity-cost-per-laundry-drying-session-used/,https://worthcalc.win/en/guides/dehumidifier-electricity-cost-per-laundry-drying-session-used/,/en/guides/dehumidifier-electricity-cost-per-laundry-drying-session-used/,200,true,true,true,
https://worthcalc.win/en/guides/desk-fan-electricity-cost-per-cooling-hour-used/,https://worthcalc.win/en/guides/desk-fan-electricity-cost-per-cooling-hour-used/,/en/guides/desk-fan-electricity-cost-per-cooling-hour-used/,200,true,true,true,
https://worthcalc.win/en/guides/desktop-speakers-electricity-cost-per-listening-hour-used/,https://worthcalc.win/en/guides/desktop-speakers-electricity-cost-per-listening-hour-used/,/en/guides/desktop-speakers-electricity-cost-per-listening-hour-used/,200,true,true,true,
https://worthcalc.win/en/guides/digital-photo-frame-electricity-cost-per-display-day-used/,https://worthcalc.win/en/guides/digital-photo-frame-electricity-cost-per-display-day-used/,/en/guides/digital-photo-frame-electricity-cost-per-display-day-used/,200,true,true,true,
https://worthcalc.win/en/guides/dishwasher-cost-per-cycle-used/,https://worthcalc.win/en/guides/dishwasher-cost-per-cycle-used/,/en/guides/dishwasher-cost-per-cycle-used/,200,true,true,true,
https://worthcalc.win/en/guides/document-camera-electricity-cost-per-presentation-hour-used/,https://worthcalc.win/en/guides/document-camera-electricity-cost-per-presentation-hour-used/,/en/guides/document-camera-electricity-cost-per-presentation-hour-used/,200,true,true,true,
https://worthcalc.win/en/guides/e-reader-electricity-cost-per-reading-hour-used/,https://worthcalc.win/en/guides/e-reader-electricity-cost-per-reading-hour-used/,/en/guides/e-reader-electricity-cost-per-reading-hour-used/,200,true,true,true,
https://worthcalc.win/en/guides/electric-air-pump-electricity-cost-per-inflation-session-used/,https://worthcalc.win/en/guides/electric-air-pump-electricity-cost-per-inflation-session-used/,/en/guides/electric-air-pump-electricity-cost-per-inflation-session-used/,200,true,true,true,
https://worthcalc.win/en/guides/electric-blanket-cost-per-night-used/,https://worthcalc.win/en/guides/electric-blanket-cost-per-night-used/,/en/guides/electric-blanket-cost-per-night-used/,200,true,true,true,
https://worthcalc.win/en/guides/electric-can-opener-cost-per-use-used/,https://worthcalc.win/en/guides/electric-can-opener-cost-per-use-used/,/en/guides/electric-can-opener-cost-per-use-used/,200,true,true,true,
https://worthcalc.win/en/guides/electric-citrus-juicer-cost-per-juice-session-used/,https://worthcalc.win/en/guides/electric-citrus-juicer-cost-per-juice-session-used/,/en/guides/electric-citrus-juicer-cost-per-juice-session-used/,200,true,true,true,
https://worthcalc.win/en/guides/electric-egg-cooker-cost-per-cooking-cycle-used/,https://worthcalc.win/en/guides/electric-egg-cooker-cost-per-cooking-cycle-used/,/en/guides/electric-egg-cooker-cost-per-cooking-cycle-used/,200,true,true,true,
https://worthcalc.win/en/guides/electric-fireplace-electricity-cost-per-heating-hour-used/,https://worthcalc.win/en/guides/electric-fireplace-electricity-cost-per-heating-hour-used/,/en/guides/electric-fireplace-electricity-cost-per-heating-hour-used/,200,true,true,true,
https://worthcalc.win/en/guides/electric-food-warmer-cost-per-heating-hour-used/,https://worthcalc.win/en/guides/electric-food-warmer-cost-per-heating-hour-used/,/en/guides/electric-food-warmer-cost-per-heating-hour-used/,200,true,true,true,
https://worthcalc.win/en/guides/electric-foot-massager-electricity-cost-per-massage-session-used/,https://worthcalc.win/en/guides/electric-foot-massager-electricity-cost-per-massage-session-used/,/en/guides/electric-foot-massager-electricity-cost-per-massage-session-used/,200,true,true,true,
https://worthcalc.win/en/guides/electric-griddle-cost-per-cooking-hour-used/,https://worthcalc.win/en/guides/electric-griddle-cost-per-cooking-hour-used/,/en/guides/electric-griddle-cost-per-cooking-hour-used/,200,true,true,true,
https://worthcalc.win/en/guides/electric-hand-mixer-electricity-cost-per-mixing-session-used/,https://worthcalc.win/en/guides/electric-hand-mixer-electricity-cost-per-mixing-session-used/,/en/guides/electric-hand-mixer-electricity-cost-per-mixing-session-used/,200,true,true,true,
https://worthcalc.win/en/guides/electric-insect-zapper-electricity-cost-per-overnight-used/,https://worthcalc.win/en/guides/electric-insect-zapper-electricity-cost-per-overnight-used/,/en/guides/electric-insect-zapper-electricity-cost-per-overnight-used/,200,true,true,true,
https://worthcalc.win/en/guides/electric-kettle-cost-per-boil-used/,https://worthcalc.win/en/guides/electric-kettle-cost-per-boil-used/,/en/guides/electric-kettle-cost-per-boil-used/,200,true,true,true,
https://worthcalc.win/en/guides/electric-lunch-box-cost-per-heating-cycle-used/,https://worthcalc.win/en/guides/electric-lunch-box-cost-per-heating-cycle-used/,/en/guides/electric-lunch-box-cost-per-heating-cycle-used/,200,true,true,true,
https://worthcalc.win/en/guides/electric-meat-grinder-cost-per-grinding-session-used/,https://worthcalc.win/en/guides/electric-meat-grinder-cost-per-grinding-session-used/,/en/guides/electric-meat-grinder-cost-per-grinding-session-used/,200,true,true,true,
https://worthcalc.win/en/guides/electric-milk-frother-cost-per-frothing-session-used/,https://worthcalc.win/en/guides/electric-milk-frother-cost-per-frothing-session-used/,/en/guides/electric-milk-frother-cost-per-frothing-session-used/,200,true,true,true,
https://worthcalc.win/en/guides/electric-pasta-maker-cost-per-batch-used/,https://worthcalc.win/en/guides/electric-pasta-maker-cost-per-batch-used/,/en/guides/electric-pasta-maker-cost-per-batch-used/,200,true,true,true,
https://worthcalc.win/en/guides/electric-pencil-sharpener-electricity-cost-per-sharpening-session-used/,https://worthcalc.win/en/guides/electric-pencil-sharpener-electricity-cost-per-sharpening-session-used/,/en/guides/electric-pencil-sharpener-electricity-cost-per-sharpening-session-used/,200,true,true,true,
https://worthcalc.win/en/guides/electric-pressure-cooker-cost-per-cooking-cycle-used/,https://worthcalc.win/en/guides/electric-pressure-cooker-cost-per-cooking-cycle-used/,/en/guides/electric-pressure-cooker-cost-per-cooking-cycle-used/,200,true,true,true,
https://worthcalc.win/en/guides/electric-shaver-electricity-cost-per-grooming-session-used/,https://worthcalc.win/en/guides/electric-shaver-electricity-cost-per-grooming-session-used/,/en/guides/electric-shaver-electricity-cost-per-grooming-session-used/,200,true,true,true,
https://worthcalc.win/en/guides/electric-space-heater-cost-per-heating-hour-used/,https://worthcalc.win/en/guides/electric-space-heater-cost-per-heating-hour-used/,/en/guides/electric-space-heater-cost-per-heating-hour-used/,200,true,true,true,
https://worthcalc.win/en/guides/electric-standing-desk-electricity-cost-per-adjusted-day-used/,https://worthcalc.win/en/guides/electric-standing-desk-electricity-cost-per-adjusted-day-used/,/en/guides/electric-standing-desk-electricity-cost-per-adjusted-day-used/,200,true,true,true,
https://worthcalc.win/en/guides/electric-stapler-electricity-cost-per-stapling-session-used/,https://worthcalc.win/en/guides/electric-stapler-electricity-cost-per-stapling-session-used/,/en/guides/electric-stapler-electricity-cost-per-stapling-session-used/,200,true,true,true,
https://worthcalc.win/en/guides/electric-toothbrush-electricity-cost-per-charging-day-used/,https://worthcalc.win/en/guides/electric-toothbrush-electricity-cost-per-charging-day-used/,/en/guides/electric-toothbrush-electricity-cost-per-charging-day-used/,200,true,true,true,
https://worthcalc.win/en/guides/electric-wine-cooler-electricity-cost-per-storage-day-used/,https://worthcalc.win/en/guides/electric-wine-cooler-electricity-cost-per-storage-day-used/,/en/guides/electric-wine-cooler-electricity-cost-per-storage-day-used/,200,true,true,true,
https://worthcalc.win/en/guides/electric-yogurt-maker-cost-per-batch-used/,https://worthcalc.win/en/guides/electric-yogurt-maker-cost-per-batch-used/,/en/guides/electric-yogurt-maker-cost-per-batch-used/,200,true,true,true,
https://worthcalc.win/en/guides/electricity-cost-per-kwh-used/,https://worthcalc.win/en/guides/electricity-cost-per-kwh-used/,/en/guides/electricity-cost-per-kwh-used/,200,true,true,true,
https://worthcalc.win/en/guides/espresso-machine-cost-per-shot-used/,https://worthcalc.win/en/guides/espresso-machine-cost-per-shot-used/,/en/guides/espresso-machine-cost-per-shot-used/,200,true,true,true,
https://worthcalc.win/en/guides/event-ticket-cost-per-attended-hour/,https://worthcalc.win/en/guides/event-ticket-cost-per-attended-hour/,/en/guides/event-ticket-cost-per-attended-hour/,200,true,true,true,
https://worthcalc.win/en/guides/external-hard-drive-electricity-cost-per-backup-job-used/,https://worthcalc.win/en/guides/external-hard-drive-electricity-cost-per-backup-job-used/,/en/guides/external-hard-drive-electricity-cost-per-backup-job-used/,200,true,true,true,
https://worthcalc.win/en/guides/family-plan-break-even-members/,https://worthcalc.win/en/guides/family-plan-break-even-members/,/en/guides/family-plan-break-even-members/,200,true,true,true,
https://worthcalc.win/en/guides/financial-runway-months/,https://worthcalc.win/en/guides/financial-runway-months/,/en/guides/financial-runway-months/,200,true,true,true,
https://worthcalc.win/en/guides/fixed-vs-variable-rate/,https://worthcalc.win/en/guides/fixed-vs-variable-rate/,/en/guides/fixed-vs-variable-rate/,200,true,true,true,
https://worthcalc.win/en/guides/food-dehydrator-cost-per-drying-hour-used/,https://worthcalc.win/en/guides/food-dehydrator-cost-per-drying-hour-used/,/en/guides/food-dehydrator-cost-per-drying-hour-used/,200,true,true,true,
https://worthcalc.win/en/guides/food-processor-cost-per-prep-session-used/,https://worthcalc.win/en/guides/food-processor-cost-per-prep-session-used/,/en/guides/food-processor-cost-per-prep-session-used/,200,true,true,true,
https://worthcalc.win/en/guides/free-trial-auto-renewal-first-charge/,https://worthcalc.win/en/guides/free-trial-auto-renewal-first-charge/,/en/guides/free-trial-auto-renewal-first-charge/,200,true,true,true,
https://worthcalc.win/en/guides/freelance-minimum-billable-rate/,https://worthcalc.win/en/guides/freelance-minimum-billable-rate/,/en/guides/freelance-minimum-billable-rate/,200,true,true,true,
https://worthcalc.win/en/guides/freezer-cost-per-day-used/,https://worthcalc.win/en/guides/freezer-cost-per-day-used/,/en/guides/freezer-cost-per-day-used/,200,true,true,true,
https://worthcalc.win/en/guides/fulltime-vs-parttime-childcare-break-even/,https://worthcalc.win/en/guides/fulltime-vs-parttime-childcare-break-even/,/en/guides/fulltime-vs-parttime-childcare-break-even/,200,true,true,true,
https://worthcalc.win/en/guides/gaming-console-electricity-cost-per-gaming-hour-used/,https://worthcalc.win/en/guides/gaming-console-electricity-cost-per-gaming-hour-used/,/en/guides/gaming-console-electricity-cost-per-gaming-hour-used/,200,true,true,true,
https://worthcalc.win/en/guides/garage-door-opener-electricity-cost-per-cycle-used/,https://worthcalc.win/en/guides/garage-door-opener-electricity-cost-per-cycle-used/,/en/guides/garage-door-opener-electricity-cost-per-cycle-used/,200,true,true,true,
https://worthcalc.win/en/guides/garment-steamer-cost-per-steaming-hour-used/,https://worthcalc.win/en/guides/garment-steamer-cost-per-steaming-hour-used/,/en/guides/garment-steamer-cost-per-steaming-hour-used/,200,true,true,true,
https://worthcalc.win/en/guides/glue-gun-electricity-cost-per-crafting-hour-used/,https://worthcalc.win/en/guides/glue-gun-electricity-cost-per-crafting-hour-used/,/en/guides/glue-gun-electricity-cost-per-crafting-hour-used/,200,true,true,true,
https://worthcalc.win/en/guides/gym-membership-cost-per-visit/,https://worthcalc.win/en/guides/gym-membership-cost-per-visit/,/en/guides/gym-membership-cost-per-visit/,200,true,true,true,
https://worthcalc.win/en/guides/hair-dryer-cost-per-drying-session-used/,https://worthcalc.win/en/guides/hair-dryer-cost-per-drying-session-used/,/en/guides/hair-dryer-cost-per-drying-session-used/,200,true,true,true,
https://worthcalc.win/en/guides/heat-pump-cost-per-heating-hour-used/,https://worthcalc.win/en/guides/heat-pump-cost-per-heating-hour-used/,/en/guides/heat-pump-cost-per-heating-hour-used/,200,true,true,true,
https://worthcalc.win/en/guides/high-vs-low-insurance-deductible-break-even/,https://worthcalc.win/en/guides/high-vs-low-insurance-deductible-break-even/,/en/guides/high-vs-low-insurance-deductible-break-even/,200,true,true,true,
https://worthcalc.win/en/guides/hobby-equipment-cost-per-use/,https://worthcalc.win/en/guides/hobby-equipment-cost-per-use/,/en/guides/hobby-equipment-cost-per-use/,200,true,true,true,
https://worthcalc.win/en/guides/home-internet-cost-per-gb-used/,https://worthcalc.win/en/guides/home-internet-cost-per-gb-used/,/en/guides/home-internet-cost-per-gb-used/,200,true,true,true,
https://worthcalc.win/en/guides/humidifier-electricity-cost-per-humidifying-hour-used/,https://worthcalc.win/en/guides/humidifier-electricity-cost-per-humidifying-hour-used/,/en/guides/humidifier-electricity-cost-per-humidifying-hour-used/,200,true,true,true,
https://worthcalc.win/en/guides/hvac-cost-per-operating-hour-used/,https://worthcalc.win/en/guides/hvac-cost-per-operating-hour-used/,/en/guides/hvac-cost-per-operating-hour-used/,200,true,true,true,
https://worthcalc.win/en/guides/,https://worthcalc.win/en/guides/,/en/guides/,200,true,true,true,
https://worthcalc.win/en/guides/induction-cooktop-cost-per-cooking-hour-used/,https://worthcalc.win/en/guides/induction-cooktop-cost-per-cooking-hour-used/,/en/guides/induction-cooktop-cost-per-cooking-hour-used/,200,true,true,true,
https://worthcalc.win/en/guides/insurance-deductible-cash-reserve/,https://worthcalc.win/en/guides/insurance-deductible-cash-reserve/,/en/guides/insurance-deductible-cash-reserve/,200,true,true,true,
https://worthcalc.win/en/guides/introductory-discount-renewal-cost/,https://worthcalc.win/en/guides/introductory-discount-renewal-cost/,/en/guides/introductory-discount-renewal-cost/,200,true,true,true,
https://worthcalc.win/en/guides/label-maker-electricity-cost-per-labeling-session-used/,https://worthcalc.win/en/guides/label-maker-electricity-cost-per-labeling-session-used/,/en/guides/label-maker-electricity-cost-per-labeling-session-used/,200,true,true,true,
https://worthcalc.win/en/guides/laminator-electricity-cost-per-laminating-batch-used/,https://worthcalc.win/en/guides/laminator-electricity-cost-per-laminating-batch-used/,/en/guides/laminator-electricity-cost-per-laminating-batch-used/,200,true,true,true,
https://worthcalc.win/en/guides/language-class-cost-per-completed-session/,https://worthcalc.win/en/guides/language-class-cost-per-completed-session/,/en/guides/language-class-cost-per-completed-session/,200,true,true,true,
https://worthcalc.win/en/guides/laptop-docking-station-electricity-cost-per-workday-used/,https://worthcalc.win/en/guides/laptop-docking-station-electricity-cost-per-workday-used/,/en/guides/laptop-docking-station-electricity-cost-per-workday-used/,200,true,true,true,
https://worthcalc.win/en/guides/laundry-cost-per-load/,https://worthcalc.win/en/guides/laundry-cost-per-load/,/en/guides/laundry-cost-per-load/,200,true,true,true,
https://worthcalc.win/en/guides/led-lighting-cost-per-hour-used/,https://worthcalc.win/en/guides/led-lighting-cost-per-hour-used/,/en/guides/led-lighting-cost-per-hour-used/,200,true,true,true,
https://worthcalc.win/en/guides/loan-refinance-break-even/,https://worthcalc.win/en/guides/loan-refinance-break-even/,/en/guides/loan-refinance-break-even/,200,true,true,true,
https://worthcalc.win/en/guides/meal-delivery-plan-cost-per-eaten-meal/,https://worthcalc.win/en/guides/meal-delivery-plan-cost-per-eaten-meal/,/en/guides/meal-delivery-plan-cost-per-eaten-meal/,200,true,true,true,
https://worthcalc.win/en/guides/meal-kit-cost-per-serving-after-waste/,https://worthcalc.win/en/guides/meal-kit-cost-per-serving-after-waste/,/en/guides/meal-kit-cost-per-serving-after-waste/,200,true,true,true,
https://worthcalc.win/en/guides/microwave-cost-per-cooking-cycle-used/,https://worthcalc.win/en/guides/microwave-cost-per-cooking-cycle-used/,/en/guides/microwave-cost-per-cooking-cycle-used/,200,true,true,true,
https://worthcalc.win/en/guides/minimum-spend-fee-waiver-break-even/,https://worthcalc.win/en/guides/minimum-spend-fee-waiver-break-even/,/en/guides/minimum-spend-fee-waiver-break-even/,200,true,true,true,
https://worthcalc.win/en/guides/mobile-data-cost-per-gb-used/,https://worthcalc.win/en/guides/mobile-data-cost-per-gb-used/,/en/guides/mobile-data-cost-per-gb-used/,200,true,true,true,
https://worthcalc.win/en/guides/monitor-electricity-cost-per-work-hour-used/,https://worthcalc.win/en/guides/monitor-electricity-cost-per-work-hour-used/,/en/guides/monitor-electricity-cost-per-work-hour-used/,200,true,true,true,
https://worthcalc.win/en/guides/monthly-vs-annual-total-cost/,https://worthcalc.win/en/guides/monthly-vs-annual-total-cost/,/en/guides/monthly-vs-annual-total-cost/,200,true,true,true,
https://worthcalc.win/en/guides/mortgage-points-break-even/,https://worthcalc.win/en/guides/mortgage-points-break-even/,/en/guides/mortgage-points-break-even/,200,true,true,true,
https://worthcalc.win/en/guides/mortgage-recast-vs-refinance-vs-extra-principal/,https://worthcalc.win/en/guides/mortgage-recast-vs-refinance-vs-extra-principal/,/en/guides/mortgage-recast-vs-refinance-vs-extra-principal/,200,true,true,true,
https://worthcalc.win/en/guides/natural-gas-cost-per-therm-used/,https://worthcalc.win/en/guides/natural-gas-cost-per-therm-used/,/en/guides/natural-gas-cost-per-therm-used/,200,true,true,true,
https://worthcalc.win/en/guides/one-time-switching-cost-payback/,https://worthcalc.win/en/guides/one-time-switching-cost-payback/,/en/guides/one-time-switching-cost-payback/,200,true,true,true,
https://worthcalc.win/en/guides/online-course-cost-per-completed-lesson/,https://worthcalc.win/en/guides/online-course-cost-per-completed-lesson/,/en/guides/online-course-cost-per-completed-lesson/,200,true,true,true,
https://worthcalc.win/en/guides/outdoor-string-lights-electricity-cost-per-evening-used/,https://worthcalc.win/en/guides/outdoor-string-lights-electricity-cost-per-evening-used/,/en/guides/outdoor-string-lights-electricity-cost-per-evening-used/,200,true,true,true,
https://worthcalc.win/en/guides/oven-stove-cost-per-cooking-hour-used/,https://worthcalc.win/en/guides/oven-stove-cost-per-cooking-hour-used/,/en/guides/oven-stove-cost-per-cooking-hour-used/,200,true,true,true,
https://worthcalc.win/en/guides/paper-shredder-electricity-cost-per-shredding-session-used/,https://worthcalc.win/en/guides/paper-shredder-electricity-cost-per-shredding-session-used/,/en/guides/paper-shredder-electricity-cost-per-shredding-session-used/,200,true,true,true,
https://worthcalc.win/en/guides/parking-pass-cost-per-day-used/,https://worthcalc.win/en/guides/parking-pass-cost-per-day-used/,/en/guides/parking-pass-cost-per-day-used/,200,true,true,true,
https://worthcalc.win/en/guides/pause-vs-cancel-membership-cost/,https://worthcalc.win/en/guides/pause-vs-cancel-membership-cost/,/en/guides/pause-vs-cancel-membership-cost/,200,true,true,true,
https://worthcalc.win/en/guides/personal-liquidity-ratio/,https://worthcalc.win/en/guides/personal-liquidity-ratio/,/en/guides/personal-liquidity-ratio/,200,true,true,true,
https://worthcalc.win/en/guides/phone-charger-cost-per-charge-used/,https://worthcalc.win/en/guides/phone-charger-cost-per-charge-used/,/en/guides/phone-charger-cost-per-charge-used/,200,true,true,true,
https://worthcalc.win/en/guides/pool-pump-cost-per-operating-hour-used/,https://worthcalc.win/en/guides/pool-pump-cost-per-operating-hour-used/,/en/guides/pool-pump-cost-per-operating-hour-used/,200,true,true,true,
https://worthcalc.win/en/guides/pool-pump-electricity-cost-per-filtration-cycle-used/,https://worthcalc.win/en/guides/pool-pump-electricity-cost-per-filtration-cycle-used/,/en/guides/pool-pump-electricity-cost-per-filtration-cycle-used/,200,true,true,true,
https://worthcalc.win/en/guides/portable-ac-cost-per-cooling-hour-used/,https://worthcalc.win/en/guides/portable-ac-cost-per-cooling-hour-used/,/en/guides/portable-ac-cost-per-cooling-hour-used/,200,true,true,true,
https://worthcalc.win/en/guides/portable-air-conditioner-electricity-cost-per-cooling-session-used/,https://worthcalc.win/en/guides/portable-air-conditioner-electricity-cost-per-cooling-session-used/,/en/guides/portable-air-conditioner-electricity-cost-per-cooling-session-used/,200,true,true,true,
https://worthcalc.win/en/guides/post-debt-payoff-lifestyle-creep/,https://worthcalc.win/en/guides/post-debt-payoff-lifestyle-creep/,/en/guides/post-debt-payoff-lifestyle-creep/,200,true,true,true,
https://worthcalc.win/en/guides/prepaid-balance-expiration-cost/,https://worthcalc.win/en/guides/prepaid-balance-expiration-cost/,/en/guides/prepaid-balance-expiration-cost/,200,true,true,true,
https://worthcalc.win/en/guides/prepay-rent-discount-vs-liquidity/,https://worthcalc.win/en/guides/prepay-rent-discount-vs-liquidity/,/en/guides/prepay-rent-discount-vs-liquidity/,200,true,true,true,
https://worthcalc.win/en/guides/printer-electricity-cost-per-print-job-used/,https://worthcalc.win/en/guides/printer-electricity-cost-per-print-job-used/,/en/guides/printer-electricity-cost-per-print-job-used/,200,true,true,true,
https://worthcalc.win/en/guides/projector-electricity-cost-per-presentation-hour-used/,https://worthcalc.win/en/guides/projector-electricity-cost-per-presentation-hour-used/,/en/guides/projector-electricity-cost-per-presentation-hour-used/,200,true,true,true,
https://worthcalc.win/en/guides/real-vs-nominal-return/,https://worthcalc.win/en/guides/real-vs-nominal-return/,/en/guides/real-vs-nominal-return/,200,true,true,true,
https://worthcalc.win/en/guides/recurring-costs-annual-total/,https://worthcalc.win/en/guides/recurring-costs-annual-total/,/en/guides/recurring-costs-annual-total/,200,true,true,true,
https://worthcalc.win/en/guides/refrigerator-cost-per-day-used/,https://worthcalc.win/en/guides/refrigerator-cost-per-day-used/,/en/guides/refrigerator-cost-per-day-used/,200,true,true,true,
https://worthcalc.win/en/guides/relocation-higher-salary-break-even/,https://worthcalc.win/en/guides/relocation-higher-salary-break-even/,/en/guides/relocation-higher-salary-break-even/,200,true,true,true,
https://worthcalc.win/en/guides/remote-work-pay-cut-cash-break-even/,https://worthcalc.win/en/guides/remote-work-pay-cut-cash-break-even/,/en/guides/remote-work-pay-cut-cash-break-even/,200,true,true,true,
https://worthcalc.win/en/guides/rent-increase-vs-moving-break-even/,https://worthcalc.win/en/guides/rent-increase-vs-moving-break-even/,/en/guides/rent-increase-vs-moving-break-even/,200,true,true,true,
https://worthcalc.win/en/guides/rice-cooker-cost-per-cooking-cycle-used/,https://worthcalc.win/en/guides/rice-cooker-cost-per-cooking-cycle-used/,/en/guides/rice-cooker-cost-per-cooking-cycle-used/,200,true,true,true,
https://worthcalc.win/en/guides/robot-vacuum-cost-per-cleaning-cycle-used/,https://worthcalc.win/en/guides/robot-vacuum-cost-per-cleaning-cycle-used/,/en/guides/robot-vacuum-cost-per-cleaning-cycle-used/,200,true,true,true,
https://worthcalc.win/en/guides/room-air-conditioner-cost-per-cooling-hour-used/,https://worthcalc.win/en/guides/room-air-conditioner-cost-per-cooling-hour-used/,/en/guides/room-air-conditioner-cost-per-cooling-hour-used/,200,true,true,true,
https://worthcalc.win/en/guides/router-electricity-cost-per-month-used/,https://worthcalc.win/en/guides/router-electricity-cost-per-month-used/,/en/guides/router-electricity-cost-per-month-used/,200,true,true,true,
https://worthcalc.win/en/guides/sandwich-maker-cost-per-use-used/,https://worthcalc.win/en/guides/sandwich-maker-cost-per-use-used/,/en/guides/sandwich-maker-cost-per-use-used/,200,true,true,true,
https://worthcalc.win/en/guides/savings-break-even-use-period/,https://worthcalc.win/en/guides/savings-break-even-use-period/,/en/guides/savings-break-even-use-period/,200,true,true,true,
https://worthcalc.win/en/guides/scanner-electricity-cost-per-scanning-session-used/,https://worthcalc.win/en/guides/scanner-electricity-cost-per-scanning-session-used/,/en/guides/scanner-electricity-cost-per-scanning-session-used/,200,true,true,true,
https://worthcalc.win/en/guides/sewing-machine-electricity-cost-per-sewing-hour-used/,https://worthcalc.win/en/guides/sewing-machine-electricity-cost-per-sewing-hour-used/,/en/guides/sewing-machine-electricity-cost-per-sewing-hour-used/,200,true,true,true,
https://worthcalc.win/en/guides/sinking-fund-by-deadline/,https://worthcalc.win/en/guides/sinking-fund-by-deadline/,/en/guides/sinking-fund-by-deadline/,200,true,true,true,
https://worthcalc.win/en/guides/slow-cooker-cost-per-cooking-hour-used/,https://worthcalc.win/en/guides/slow-cooker-cost-per-cooking-hour-used/,/en/guides/slow-cooker-cost-per-cooking-hour-used/,200,true,true,true,
https://worthcalc.win/en/guides/smart-speaker-electricity-cost-per-listening-hour-used/,https://worthcalc.win/en/guides/smart-speaker-electricity-cost-per-listening-hour-used/,/en/guides/smart-speaker-electricity-cost-per-listening-hour-used/,200,true,true,true,
https://worthcalc.win/en/guides/software-add-on-cost-per-active-seat/,https://worthcalc.win/en/guides/software-add-on-cost-per-active-seat/,/en/guides/software-add-on-cost-per-active-seat/,200,true,true,true,
https://worthcalc.win/en/guides/software-seat-cost-per-active-user/,https://worthcalc.win/en/guides/software-seat-cost-per-active-user/,/en/guides/software-seat-cost-per-active-user/,200,true,true,true,
https://worthcalc.win/en/guides/solar-inverter-electricity-cost-per-monitoring-day-used/,https://worthcalc.win/en/guides/solar-inverter-electricity-cost-per-monitoring-day-used/,/en/guides/solar-inverter-electricity-cost-per-monitoring-day-used/,200,true,true,true,
https://worthcalc.win/en/guides/soldering-iron-electricity-cost-per-repair-hour-used/,https://worthcalc.win/en/guides/soldering-iron-electricity-cost-per-repair-hour-used/,/en/guides/soldering-iron-electricity-cost-per-repair-hour-used/,200,true,true,true,
https://worthcalc.win/en/guides/soundbar-electricity-cost-per-watched-hour-used/,https://worthcalc.win/en/guides/soundbar-electricity-cost-per-watched-hour-used/,/en/guides/soundbar-electricity-cost-per-watched-hour-used/,200,true,true,true,
https://worthcalc.win/en/guides/stand-mixer-cost-per-mixing-session-used/,https://worthcalc.win/en/guides/stand-mixer-cost-per-mixing-session-used/,/en/guides/stand-mixer-cost-per-mixing-session-used/,200,true,true,true,
https://worthcalc.win/en/guides/standby-power-cost-per-day-used/,https://worthcalc.win/en/guides/standby-power-cost-per-day-used/,/en/guides/standby-power-cost-per-day-used/,200,true,true,true,
https://worthcalc.win/en/guides/streaming-cost-per-watched-hour/,https://worthcalc.win/en/guides/streaming-cost-per-watched-hour/,/en/guides/streaming-cost-per-watched-hour/,200,true,true,true,
https://worthcalc.win/en/guides/subscription-price-increase-annual-impact/,https://worthcalc.win/en/guides/subscription-price-increase-annual-impact/,/en/guides/subscription-price-increase-annual-impact/,200,true,true,true,
https://worthcalc.win/en/guides/television-electricity-cost-per-watched-hour-used/,https://worthcalc.win/en/guides/television-electricity-cost-per-watched-hour-used/,/en/guides/television-electricity-cost-per-watched-hour-used/,200,true,true,true,
https://worthcalc.win/en/guides/terrarium-heat-lamp-electricity-cost-per-heating-hour-used/,https://worthcalc.win/en/guides/terrarium-heat-lamp-electricity-cost-per-heating-hour-used/,/en/guides/terrarium-heat-lamp-electricity-cost-per-heating-hour-used/,200,true,true,true,
https://worthcalc.win/en/guides/toaster-cost-per-use-used/,https://worthcalc.win/en/guides/toaster-cost-per-use-used/,/en/guides/toaster-cost-per-use-used/,200,true,true,true,
https://worthcalc.win/en/guides/tool-rental-cost-per-project/,https://worthcalc.win/en/guides/tool-rental-cost-per-project/,/en/guides/tool-rental-cost-per-project/,200,true,true,true,
https://worthcalc.win/en/guides/trade-in-vs-private-sale-net-proceeds/,https://worthcalc.win/en/guides/trade-in-vs-private-sale-net-proceeds/,/en/guides/trade-in-vs-private-sale-net-proceeds/,200,true,true,true,
https://worthcalc.win/en/guides/training-certification-break-even/,https://worthcalc.win/en/guides/training-certification-break-even/,/en/guides/training-certification-break-even/,200,true,true,true,
https://worthcalc.win/en/guides/transit-pass-cost-per-ride-used/,https://worthcalc.win/en/guides/transit-pass-cost-per-ride-used/,/en/guides/transit-pass-cost-per-ride-used/,200,true,true,true,
https://worthcalc.win/en/guides/true-cost-of-buy-now-pay-later/,https://worthcalc.win/en/guides/true-cost-of-buy-now-pay-later/,/en/guides/true-cost-of-buy-now-pay-later/,200,true,true,true,
https://worthcalc.win/en/guides/true-cost-of-convenience-delivery/,https://worthcalc.win/en/guides/true-cost-of-convenience-delivery/,/en/guides/true-cost-of-convenience-delivery/,200,true,true,true,
https://worthcalc.win/en/guides/true-cost-of-extended-warranty/,https://worthcalc.win/en/guides/true-cost-of-extended-warranty/,/en/guides/true-cost-of-extended-warranty/,200,true,true,true,
https://worthcalc.win/en/guides/true-cost-of-free-shipping-threshold/,https://worthcalc.win/en/guides/true-cost-of-free-shipping-threshold/,/en/guides/true-cost-of-free-shipping-threshold/,200,true,true,true,
https://worthcalc.win/en/guides/true-cost-of-home-service-plan/,https://worthcalc.win/en/guides/true-cost-of-home-service-plan/,/en/guides/true-cost-of-home-service-plan/,200,true,true,true,
https://worthcalc.win/en/guides/true-cost-of-rental-car/,https://worthcalc.win/en/guides/true-cost-of-rental-car/,/en/guides/true-cost-of-rental-car/,200,true,true,true,
https://worthcalc.win/en/guides/true-cost-of-upgrade-feature/,https://worthcalc.win/en/guides/true-cost-of-upgrade-feature/,/en/guides/true-cost-of-upgrade-feature/,200,true,true,true,
https://worthcalc.win/en/guides/unused-membership-capacity-cost/,https://worthcalc.win/en/guides/unused-membership-capacity-cost/,/en/guides/unused-membership-capacity-cost/,200,true,true,true,
https://worthcalc.win/en/guides/usb-charging-hub-electricity-cost-per-charging-session-used/,https://worthcalc.win/en/guides/usb-charging-hub-electricity-cost-per-charging-session-used/,/en/guides/usb-charging-hub-electricity-cost-per-charging-session-used/,200,true,true,true,
https://worthcalc.win/en/guides/vacuum-cleaner-electricity-cost-per-cleaning-hour-used/,https://worthcalc.win/en/guides/vacuum-cleaner-electricity-cost-per-cleaning-hour-used/,/en/guides/vacuum-cleaner-electricity-cost-per-cleaning-hour-used/,200,true,true,true,
https://worthcalc.win/en/guides/waffle-maker-cost-per-cooking-cycle-used/,https://worthcalc.win/en/guides/waffle-maker-cost-per-cooking-cycle-used/,/en/guides/waffle-maker-cost-per-cooking-cycle-used/,200,true,true,true,
https://worthcalc.win/en/guides/water-bill-cost-per-gallon-used/,https://worthcalc.win/en/guides/water-bill-cost-per-gallon-used/,/en/guides/water-bill-cost-per-gallon-used/,200,true,true,true,
https://worthcalc.win/en/guides/water-cooler-electricity-cost-per-cooling-day-used/,https://worthcalc.win/en/guides/water-cooler-electricity-cost-per-cooling-day-used/,/en/guides/water-cooler-electricity-cost-per-cooling-day-used/,200,true,true,true,
https://worthcalc.win/en/guides/water-heater-cost-per-gallon-heated/,https://worthcalc.win/en/guides/water-heater-cost-per-gallon-heated/,/en/guides/water-heater-cost-per-gallon-heated/,200,true,true,true,
https://worthcalc.win/en/guides/webcam-electricity-cost-per-meeting-hour-used/,https://worthcalc.win/en/guides/webcam-electricity-cost-per-meeting-hour-used/,/en/guides/webcam-electricity-cost-per-meeting-hour-used/,200,true,true,true,
https://worthcalc.win/en/guides/windfall-debt-vs-cash-allocation/,https://worthcalc.win/en/guides/windfall-debt-vs-cash-allocation/,/en/guides/windfall-debt-vs-cash-allocation/,200,true,true,true,
https://worthcalc.win/en/gym-membership-cost-per-visit/,https://worthcalc.win/en/gym-membership-cost-per-visit/,/en/gym-membership-cost-per-visit/,200,true,true,true,
https://worthcalc.win/en/home-vs-public-ev-charging-cost/,https://worthcalc.win/en/home-vs-public-ev-charging-cost/,/en/home-vs-public-ev-charging-cost/,200,true,true,true,
https://worthcalc.win/en/hourly-vs-annual-salary/,https://worthcalc.win/en/hourly-vs-annual-salary/,/en/hourly-vs-annual-salary/,200,true,true,true,
https://worthcalc.win/en/how-compound-growth-works/,https://worthcalc.win/en/how-compound-growth-works/,/en/how-compound-growth-works/,200,true,true,true,
https://worthcalc.win/en/how-much-home-can-you-afford/,https://worthcalc.win/en/how-much-home-can-you-afford/,/en/how-much-home-can-you-afford/,200,true,true,true,
https://worthcalc.win/en/how-to-calculate-dti/,https://worthcalc.win/en/how-to-calculate-dti/,/en/how-to-calculate-dti/,200,true,true,true,
https://worthcalc.win/en/,https://worthcalc.win/,/,200,true,true,false,
https://worthcalc.win/en/installment-apr-table/,https://worthcalc.win/en/installment-apr-table/,/en/installment-apr-table/,200,true,true,true,
https://worthcalc.win/en/is-an-extended-warranty-worth-it/,https://worthcalc.win/en/is-an-extended-warranty-worth-it/,/en/is-an-extended-warranty-worth-it/,200,true,true,true,
https://worthcalc.win/en/is-costco-executive-membership-worth-it/,https://worthcalc.win/en/is-costco-executive-membership-worth-it/,/en/is-costco-executive-membership-worth-it/,200,true,true,true,
https://worthcalc.win/en/loan-term-monthly-payment-vs-total-interest/,https://worthcalc.win/en/loan-term-monthly-payment-vs-total-interest/,/en/loan-term-monthly-payment-vs-total-interest/,200,true,true,true,
https://worthcalc.win/en/meal-prep-vs-takeout-cost/,https://worthcalc.win/en/meal-prep-vs-takeout-cost/,/en/meal-prep-vs-takeout-cost/,200,true,true,true,
https://worthcalc.win/en/monthly-vs-annual-subscription/,https://worthcalc.win/en/monthly-vs-annual-subscription/,/en/monthly-vs-annual-subscription/,200,true,true,true,
https://worthcalc.win/en/net-worth-vs-liquid-net-worth/,https://worthcalc.win/en/net-worth-vs-liquid-net-worth/,/en/net-worth-vs-liquid-net-worth/,200,true,true,true,
https://worthcalc.win/en/new-vs-used-car-total-cost/,https://worthcalc.win/en/new-vs-used-car-total-cost/,/en/new-vs-used-car-total-cost/,200,true,true,true,
https://worthcalc.win/en/opportunity-cost-everyday/,https://worthcalc.win/en/opportunity-cost-everyday/,/en/opportunity-cost-everyday/,200,true,true,true,
https://worthcalc.win/en/paid-membership-break-even/,https://worthcalc.win/en/paid-membership-break-even/,/en/paid-membership-break-even/,200,true,true,true,
https://worthcalc.win/en/pay-raise-vs-inflation-purchasing-power/,https://worthcalc.win/en/pay-raise-vs-inflation-purchasing-power/,/en/pay-raise-vs-inflation-purchasing-power/,200,true,true,true,
https://worthcalc.win/en/price-in-work-hours/,https://worthcalc.win/en/price-in-work-hours/,/en/price-in-work-hours/,200,true,true,true,
https://worthcalc.win/en/price-per-wear-clothing-shoes/,https://worthcalc.win/en/price-per-wear-clothing-shoes/,/en/price-per-wear-clothing-shoes/,200,true,true,true,
https://worthcalc.win/en/privacy/,https://worthcalc.win/en/privacy/,/en/privacy/,200,true,true,true,
https://worthcalc.win/en/rent-vs-buy-breakeven-year/,https://worthcalc.win/en/rent-vs-buy-breakeven-year/,/en/rent-vs-buy-breakeven-year/,200,true,true,true,
https://worthcalc.win/en/rent-vs-buy-guide/,https://worthcalc.win/en/rent-vs-buy-guide/,/en/rent-vs-buy-guide/,200,true,true,true,
https://worthcalc.win/en/repair-or-replace-decision-formula/,https://worthcalc.win/en/repair-or-replace-decision-formula/,/en/repair-or-replace-decision-formula/,200,true,true,true,
https://worthcalc.win/en/return-to-office-cost/,https://worthcalc.win/en/return-to-office-cost/,/en/return-to-office-cost/,200,true,true,true,
https://worthcalc.win/en/reusable-vs-disposable-break-even/,https://worthcalc.win/en/reusable-vs-disposable-break-even/,/en/reusable-vs-disposable-break-even/,200,true,true,true,
https://worthcalc.win/en/rule-of-72-explained/,https://worthcalc.win/en/rule-of-72-explained/,/en/rule-of-72-explained/,200,true,true,true,
https://worthcalc.win/en/savings-rate-gross-vs-net/,https://worthcalc.win/en/savings-rate-gross-vs-net/,/en/savings-rate-gross-vs-net/,200,true,true,true,
https://worthcalc.win/en/snowball-vs-avalanche/,https://worthcalc.win/en/snowball-vs-avalanche/,/en/snowball-vs-avalanche/,200,true,true,true,
https://worthcalc.win/en/subscription-creep/,https://worthcalc.win/en/subscription-creep/,/en/subscription-creep/,200,true,true,true,
https://worthcalc.win/en/sunk-cost-fallacy-everyday/,https://worthcalc.win/en/sunk-cost-fallacy-everyday/,/en/sunk-cost-fallacy-everyday/,200,true,true,true,
https://worthcalc.win/en/terms/,https://worthcalc.win/en/terms/,/en/terms/,200,true,true,true,
https://worthcalc.win/en/tools/budget-builder/,https://worthcalc.win/en/tools/budget-builder/,/en/tools/budget-builder/,200,true,true,true,
https://worthcalc.win/en/tools/car-affordability/,https://worthcalc.win/en/tools/car-affordability/,/en/tools/car-affordability/,200,true,true,true,
https://worthcalc.win/en/tools/cashback-breakeven/,https://worthcalc.win/en/tools/cashback-breakeven/,/en/tools/cashback-breakeven/,200,true,true,true,
https://worthcalc.win/en/tools/commute-cost/,https://worthcalc.win/en/tools/commute-cost/,/en/tools/commute-cost/,200,true,true,true,
https://worthcalc.win/en/tools/compound-growth/,https://worthcalc.win/en/tools/compound-growth/,/en/tools/compound-growth/,200,true,true,true,
https://worthcalc.win/en/tools/cost-per-mile/,https://worthcalc.win/en/tools/cost-per-mile/,/en/tools/cost-per-mile/,200,true,true,true,
https://worthcalc.win/en/tools/costco-membership/,https://worthcalc.win/en/tools/costco-membership/,/en/tools/costco-membership/,200,true,true,true,
https://worthcalc.win/en/tools/credit-card-payoff/,https://worthcalc.win/en/tools/credit-card-payoff/,/en/tools/credit-card-payoff/,200,true,true,true,
https://worthcalc.win/en/tools/debt-strategy/,https://worthcalc.win/en/tools/debt-strategy/,/en/tools/debt-strategy/,200,true,true,true,
https://worthcalc.win/en/tools/dti-calculator/,https://worthcalc.win/en/tools/dti-calculator/,/en/tools/dti-calculator/,200,true,true,true,
https://worthcalc.win/en/tools/ev-vs-gas/,https://worthcalc.win/en/tools/ev-vs-gas/,/en/tools/ev-vs-gas/,200,true,true,true,
https://worthcalc.win/en/tools/home-affordability/,https://worthcalc.win/en/tools/home-affordability/,/en/tools/home-affordability/,200,true,true,true,
https://worthcalc.win/en/tools/,https://worthcalc.win/en/tools/,/en/tools/,200,true,true,true,
https://worthcalc.win/en/tools/installment-true-apr/,https://worthcalc.win/en/tools/installment-true-apr/,/en/tools/installment-true-apr/,200,true,true,true,
https://worthcalc.win/en/tools/latte-factor/,https://worthcalc.win/en/tools/latte-factor/,/en/tools/latte-factor/,200,true,true,true,
https://worthcalc.win/en/tools/mortgage-payoff/,https://worthcalc.win/en/tools/mortgage-payoff/,/en/tools/mortgage-payoff/,200,true,true,true,
https://worthcalc.win/en/tools/rent-vs-buy/,https://worthcalc.win/en/tools/rent-vs-buy/,/en/tools/rent-vs-buy/,200,true,true,true,
https://worthcalc.win/en/tools/salary-converter/,https://worthcalc.win/en/tools/salary-converter/,/en/tools/salary-converter/,200,true,true,true,
https://worthcalc.win/en/tools/subscription-audit/,https://worthcalc.win/en/tools/subscription-audit/,/en/tools/subscription-audit/,200,true,true,true,
https://worthcalc.win/en/topics/debt-credit/,https://worthcalc.win/en/topics/debt-credit/,/en/topics/debt-credit/,200,true,true,true,
https://worthcalc.win/en/topics/everyday/,https://worthcalc.win/en/topics/everyday/,/en/topics/everyday/,200,true,true,true,
https://worthcalc.win/en/topics/housing/,https://worthcalc.win/en/topics/housing/,/en/topics/housing/,200,true,true,true,
https://worthcalc.win/en/topics/income-savings/,https://worthcalc.win/en/topics/income-savings/,/en/topics/income-savings/,200,true,true,true,
https://worthcalc.win/en/topics/memberships/,https://worthcalc.win/en/topics/memberships/,/en/topics/memberships/,200,true,true,true,
https://worthcalc.win/en/topics/transportation/,https://worthcalc.win/en/topics/transportation/,/en/topics/transportation/,200,true,true,true,
https://worthcalc.win/en/true-cost-of-car-ownership/,https://worthcalc.win/en/true-cost-of-car-ownership/,/en/true-cost-of-car-ownership/,200,true,true,true,
https://worthcalc.win/en/true-hourly-wage-after-commuting-work-expenses/,https://worthcalc.win/en/true-hourly-wage-after-commuting-work-expenses/,/en/true-hourly-wage-after-commuting-work-expenses/,200,true,true,true,
https://worthcalc.win/en/upfront-fees-financing-cost/,https://worthcalc.win/en/upfront-fees-financing-cost/,/en/upfront-fees-financing-cost/,200,true,true,true,
https://worthcalc.win/en/upgrade-your-phone-or-keep-it/,https://worthcalc.win/en/upgrade-your-phone-or-keep-it/,/en/upgrade-your-phone-or-keep-it/,200,true,true,true,
https://worthcalc.win/en/work-from-home-vs-commuting-hidden-costs/,https://worthcalc.win/en/work-from-home-vs-commuting-hidden-costs/,/en/work-from-home-vs-commuting-hidden-costs/,200,true,true,true,
https://worthcalc.win/en/zero-interest-installments-truth/,https://worthcalc.win/en/zero-interest-installments-truth/,/en/zero-interest-installments-truth/,200,true,true,true,
https://worthcalc.win/es/about/,https://worthcalc.win/es/about/,/es/about/,200,true,true,true,
https://worthcalc.win/es/annual-fee-card-breakeven/,https://worthcalc.win/es/annual-fee-card-breakeven/,/es/annual-fee-card-breakeven/,200,true,true,true,
https://worthcalc.win/es/bnpl-vs-credit-card-installments/,https://worthcalc.win/es/bnpl-vs-credit-card-installments/,/es/bnpl-vs-credit-card-installments/,200,true,true,true,
https://worthcalc.win/es/budget-with-irregular-income/,https://worthcalc.win/es/budget-with-irregular-income/,/es/budget-with-irregular-income/,200,true,true,true,
https://worthcalc.win/es/bulk-buying-vs-small-packages/,https://worthcalc.win/es/bulk-buying-vs-small-packages/,/es/bulk-buying-vs-small-packages/,200,true,true,true,
https://worthcalc.win/es/bulk-buying-waste-math/,https://worthcalc.win/es/bulk-buying-waste-math/,/es/bulk-buying-waste-math/,200,true,true,true,
https://worthcalc.win/es/car-lease-vs-buy-total-cost/,https://worthcalc.win/es/car-lease-vs-buy-total-cost/,/es/car-lease-vs-buy-total-cost/,200,true,true,true,
https://worthcalc.win/es/cashback-caps-real-reward-rate/,https://worthcalc.win/es/cashback-caps-real-reward-rate/,/es/cashback-caps-real-reward-rate/,200,true,true,true,
https://worthcalc.win/es/changelog/,https://worthcalc.win/es/changelog/,/es/changelog/,200,true,true,true,
https://worthcalc.win/es/contact/,https://worthcalc.win/es/contact/,/es/contact/,200,true,true,true,
https://worthcalc.win/es/cost-per-use-expensive-item/,https://worthcalc.win/es/cost-per-use-expensive-item/,/es/cost-per-use-expensive-item/,200,true,true,true,
https://worthcalc.win/es/costco-math/,https://worthcalc.win/es/costco-math/,/es/costco-math/,200,true,true,true,
https://worthcalc.win/es/credit-card-minimum-payment-trap/,https://worthcalc.win/es/credit-card-minimum-payment-trap/,/es/credit-card-minimum-payment-trap/,200,true,true,true,
https://worthcalc.win/es/delivery-membership-break-even/,https://worthcalc.win/es/delivery-membership-break-even/,/es/delivery-membership-break-even/,200,true,true,true,
https://worthcalc.win/es/disclaimer/,https://worthcalc.win/es/disclaimer/,/es/disclaimer/,200,true,true,true,
https://worthcalc.win/es/energy-efficient-appliance-payback/,https://worthcalc.win/es/energy-efficient-appliance-payback/,/es/energy-efficient-appliance-payback/,200,true,true,true,
https://worthcalc.win/es/ev-vs-gas-total-cost/,https://worthcalc.win/es/ev-vs-gas-total-cost/,/es/ev-vs-gas-total-cost/,200,true,true,true,
https://worthcalc.win/es/extra-mortgage-payments-guide/,https://worthcalc.win/es/extra-mortgage-payments-guide/,/es/extra-mortgage-payments-guide/,200,true,true,true,
https://worthcalc.win/es/full-commute-cost-including-time/,https://worthcalc.win/es/full-commute-cost-including-time/,/es/full-commute-cost-including-time/,200,true,true,true,
https://worthcalc.win/es/guides/3d-printer-electricity-cost-per-print-used/,https://worthcalc.win/es/guides/3d-printer-electricity-cost-per-print-used/,/es/guides/3d-printer-electricity-cost-per-print-used/,200,true,true,true,
https://worthcalc.win/es/guides/3d-scanner-electricity-cost-per-scanning-session-used/,https://worthcalc.win/es/guides/3d-scanner-electricity-cost-per-scanning-session-used/,/es/guides/3d-scanner-electricity-cost-per-scanning-session-used/,200,true,true,true,
https://worthcalc.win/es/guides/air-fryer-cost-per-cooking-cycle-used/,https://worthcalc.win/es/guides/air-fryer-cost-per-cooking-cycle-used/,/es/guides/air-fryer-cost-per-cooking-cycle-used/,200,true,true,true,
https://worthcalc.win/es/guides/air-purifier-cost-per-clean-air-hour-used/,https://worthcalc.win/es/guides/air-purifier-cost-per-clean-air-hour-used/,/es/guides/air-purifier-cost-per-clean-air-hour-used/,200,true,true,true,
https://worthcalc.win/es/guides/annual-cost-savings-calculator/,https://worthcalc.win/es/guides/annual-cost-savings-calculator/,/es/guides/annual-cost-savings-calculator/,200,true,true,true,
https://worthcalc.win/es/guides/aquarium-air-pump-electricity-cost-per-filtration-day-used/,https://worthcalc.win/es/guides/aquarium-air-pump-electricity-cost-per-filtration-day-used/,/es/guides/aquarium-air-pump-electricity-cost-per-filtration-day-used/,200,true,true,true,
https://worthcalc.win/es/guides/aquarium-heater-electricity-cost-per-tank-day-used/,https://worthcalc.win/es/guides/aquarium-heater-electricity-cost-per-tank-day-used/,/es/guides/aquarium-heater-electricity-cost-per-tank-day-used/,200,true,true,true,
https://worthcalc.win/es/guides/attic-fan-electricity-cost-per-ventilation-hour-used/,https://worthcalc.win/es/guides/attic-fan-electricity-cost-per-ventilation-hour-used/,/es/guides/attic-fan-electricity-cost-per-ventilation-hour-used/,200,true,true,true,
https://worthcalc.win/es/guides/bathroom-ventilation-fan-electricity-cost-per-shower-used/,https://worthcalc.win/es/guides/bathroom-ventilation-fan-electricity-cost-per-shower-used/,/es/guides/bathroom-ventilation-fan-electricity-cost-per-shower-used/,200,true,true,true,
https://worthcalc.win/es/guides/billing-date-cash-flow-overlap/,https://worthcalc.win/es/guides/billing-date-cash-flow-overlap/,/es/guides/billing-date-cash-flow-overlap/,200,true,true,true,
https://worthcalc.win/es/guides/blender-cost-per-blending-session-used/,https://worthcalc.win/es/guides/blender-cost-per-blending-session-used/,/es/guides/blender-cost-per-blending-session-used/,200,true,true,true,
https://worthcalc.win/es/guides/bread-maker-cost-per-loaf-used/,https://worthcalc.win/es/guides/bread-maker-cost-per-loaf-used/,/es/guides/bread-maker-cost-per-loaf-used/,200,true,true,true,
https://worthcalc.win/es/guides/ceiling-fan-cost-per-operating-hour-used/,https://worthcalc.win/es/guides/ceiling-fan-cost-per-operating-hour-used/,/es/guides/ceiling-fan-cost-per-operating-hour-used/,200,true,true,true,
https://worthcalc.win/es/guides/ceiling-fan-electricity-cost-per-cooling-hour-used/,https://worthcalc.win/es/guides/ceiling-fan-electricity-cost-per-cooling-hour-used/,/es/guides/ceiling-fan-electricity-cost-per-cooling-hour-used/,200,true,true,true,
https://worthcalc.win/es/guides/childcare-cost-per-hour-used/,https://worthcalc.win/es/guides/childcare-cost-per-hour-used/,/es/guides/childcare-cost-per-hour-used/,200,true,true,true,
https://worthcalc.win/es/guides/clothes-dryer-cost-per-load-used/,https://worthcalc.win/es/guides/clothes-dryer-cost-per-load-used/,/es/guides/clothes-dryer-cost-per-load-used/,200,true,true,true,
https://worthcalc.win/es/guides/cloud-storage-cost-per-retained-gb/,https://worthcalc.win/es/guides/cloud-storage-cost-per-retained-gb/,/es/guides/cloud-storage-cost-per-retained-gb/,200,true,true,true,
https://worthcalc.win/es/guides/coffee-maker-cost-per-brew-used/,https://worthcalc.win/es/guides/coffee-maker-cost-per-brew-used/,/es/guides/coffee-maker-cost-per-brew-used/,200,true,true,true,
https://worthcalc.win/es/guides/computer-electricity-cost-per-day-used/,https://worthcalc.win/es/guides/computer-electricity-cost-per-day-used/,/es/guides/computer-electricity-cost-per-day-used/,200,true,true,true,
https://worthcalc.win/es/guides/cost-per-use-kitchen-appliance/,https://worthcalc.win/es/guides/cost-per-use-kitchen-appliance/,/es/guides/cost-per-use-kitchen-appliance/,200,true,true,true,
https://worthcalc.win/es/guides/cost-per-wear-clothing/,https://worthcalc.win/es/guides/cost-per-wear-clothing/,/es/guides/cost-per-wear-clothing/,200,true,true,true,
https://worthcalc.win/es/guides/costco-executive-break-even-eligible-spend/,https://worthcalc.win/es/guides/costco-executive-break-even-eligible-spend/,/es/guides/costco-executive-break-even-eligible-spend/,200,true,true,true,
https://worthcalc.win/es/guides/costco-gas-detour-break-even/,https://worthcalc.win/es/guides/costco-gas-detour-break-even/,/es/guides/costco-gas-detour-break-even/,200,true,true,true,
https://worthcalc.win/es/guides/costco-household-card-break-even-use/,https://worthcalc.win/es/guides/costco-household-card-break-even-use/,/es/guides/costco-household-card-break-even-use/,200,true,true,true,
https://worthcalc.win/es/guides/costco-membership-fee-break-even-savings/,https://worthcalc.win/es/guides/costco-membership-fee-break-even-savings/,/es/guides/costco-membership-fee-break-even-savings/,200,true,true,true,
https://worthcalc.win/es/guides/costco-renewal-refund-reward-timing/,https://worthcalc.win/es/guides/costco-renewal-refund-reward-timing/,/es/guides/costco-renewal-refund-reward-timing/,200,true,true,true,
https://worthcalc.win/es/guides/costco-reward-cap-usage-break-even/,https://worthcalc.win/es/guides/costco-reward-cap-usage-break-even/,/es/guides/costco-reward-cap-usage-break-even/,200,true,true,true,
https://worthcalc.win/es/guides/costco-reward-exclusion-effective-rate/,https://worthcalc.win/es/guides/costco-reward-exclusion-effective-rate/,/es/guides/costco-reward-exclusion-effective-rate/,200,true,true,true,
https://worthcalc.win/es/guides/countertop-ice-maker-cost-per-batch-used/,https://worthcalc.win/es/guides/countertop-ice-maker-cost-per-batch-used/,/es/guides/countertop-ice-maker-cost-per-batch-used/,200,true,true,true,
https://worthcalc.win/es/guides/coworking-membership-cost-per-day/,https://worthcalc.win/es/guides/coworking-membership-cost-per-day/,/es/guides/coworking-membership-cost-per-day/,200,true,true,true,
https://worthcalc.win/es/guides/dehumidifier-cost-per-pint-removed/,https://worthcalc.win/es/guides/dehumidifier-cost-per-pint-removed/,/es/guides/dehumidifier-cost-per-pint-removed/,200,true,true,true,
https://worthcalc.win/es/guides/dehumidifier-electricity-cost-per-laundry-drying-session-used/,https://worthcalc.win/es/guides/dehumidifier-electricity-cost-per-laundry-drying-session-used/,/es/guides/dehumidifier-electricity-cost-per-laundry-drying-session-used/,200,true,true,true,
https://worthcalc.win/es/guides/desk-fan-electricity-cost-per-cooling-hour-used/,https://worthcalc.win/es/guides/desk-fan-electricity-cost-per-cooling-hour-used/,/es/guides/desk-fan-electricity-cost-per-cooling-hour-used/,200,true,true,true,
https://worthcalc.win/es/guides/desktop-speakers-electricity-cost-per-listening-hour-used/,https://worthcalc.win/es/guides/desktop-speakers-electricity-cost-per-listening-hour-used/,/es/guides/desktop-speakers-electricity-cost-per-listening-hour-used/,200,true,true,true,
https://worthcalc.win/es/guides/digital-photo-frame-electricity-cost-per-display-day-used/,https://worthcalc.win/es/guides/digital-photo-frame-electricity-cost-per-display-day-used/,/es/guides/digital-photo-frame-electricity-cost-per-display-day-used/,200,true,true,true,
https://worthcalc.win/es/guides/dishwasher-cost-per-cycle-used/,https://worthcalc.win/es/guides/dishwasher-cost-per-cycle-used/,/es/guides/dishwasher-cost-per-cycle-used/,200,true,true,true,
https://worthcalc.win/es/guides/document-camera-electricity-cost-per-presentation-hour-used/,https://worthcalc.win/es/guides/document-camera-electricity-cost-per-presentation-hour-used/,/es/guides/document-camera-electricity-cost-per-presentation-hour-used/,200,true,true,true,
https://worthcalc.win/es/guides/e-reader-electricity-cost-per-reading-hour-used/,https://worthcalc.win/es/guides/e-reader-electricity-cost-per-reading-hour-used/,/es/guides/e-reader-electricity-cost-per-reading-hour-used/,200,true,true,true,
https://worthcalc.win/es/guides/electric-air-pump-electricity-cost-per-inflation-session-used/,https://worthcalc.win/es/guides/electric-air-pump-electricity-cost-per-inflation-session-used/,/es/guides/electric-air-pump-electricity-cost-per-inflation-session-used/,200,true,true,true,
https://worthcalc.win/es/guides/electric-blanket-cost-per-night-used/,https://worthcalc.win/es/guides/electric-blanket-cost-per-night-used/,/es/guides/electric-blanket-cost-per-night-used/,200,true,true,true,
https://worthcalc.win/es/guides/electric-can-opener-cost-per-use-used/,https://worthcalc.win/es/guides/electric-can-opener-cost-per-use-used/,/es/guides/electric-can-opener-cost-per-use-used/,200,true,true,true,
https://worthcalc.win/es/guides/electric-citrus-juicer-cost-per-juice-session-used/,https://worthcalc.win/es/guides/electric-citrus-juicer-cost-per-juice-session-used/,/es/guides/electric-citrus-juicer-cost-per-juice-session-used/,200,true,true,true,
https://worthcalc.win/es/guides/electric-egg-cooker-cost-per-cooking-cycle-used/,https://worthcalc.win/es/guides/electric-egg-cooker-cost-per-cooking-cycle-used/,/es/guides/electric-egg-cooker-cost-per-cooking-cycle-used/,200,true,true,true,
https://worthcalc.win/es/guides/electric-fireplace-electricity-cost-per-heating-hour-used/,https://worthcalc.win/es/guides/electric-fireplace-electricity-cost-per-heating-hour-used/,/es/guides/electric-fireplace-electricity-cost-per-heating-hour-used/,200,true,true,true,
https://worthcalc.win/es/guides/electric-food-warmer-cost-per-heating-hour-used/,https://worthcalc.win/es/guides/electric-food-warmer-cost-per-heating-hour-used/,/es/guides/electric-food-warmer-cost-per-heating-hour-used/,200,true,true,true,
https://worthcalc.win/es/guides/electric-foot-massager-electricity-cost-per-massage-session-used/,https://worthcalc.win/es/guides/electric-foot-massager-electricity-cost-per-massage-session-used/,/es/guides/electric-foot-massager-electricity-cost-per-massage-session-used/,200,true,true,true,
https://worthcalc.win/es/guides/electric-griddle-cost-per-cooking-hour-used/,https://worthcalc.win/es/guides/electric-griddle-cost-per-cooking-hour-used/,/es/guides/electric-griddle-cost-per-cooking-hour-used/,200,true,true,true,
https://worthcalc.win/es/guides/electric-hand-mixer-electricity-cost-per-mixing-session-used/,https://worthcalc.win/es/guides/electric-hand-mixer-electricity-cost-per-mixing-session-used/,/es/guides/electric-hand-mixer-electricity-cost-per-mixing-session-used/,200,true,true,true,
https://worthcalc.win/es/guides/electric-insect-zapper-electricity-cost-per-overnight-used/,https://worthcalc.win/es/guides/electric-insect-zapper-electricity-cost-per-overnight-used/,/es/guides/electric-insect-zapper-electricity-cost-per-overnight-used/,200,true,true,true,
https://worthcalc.win/es/guides/electric-kettle-cost-per-boil-used/,https://worthcalc.win/es/guides/electric-kettle-cost-per-boil-used/,/es/guides/electric-kettle-cost-per-boil-used/,200,true,true,true,
https://worthcalc.win/es/guides/electric-lunch-box-cost-per-heating-cycle-used/,https://worthcalc.win/es/guides/electric-lunch-box-cost-per-heating-cycle-used/,/es/guides/electric-lunch-box-cost-per-heating-cycle-used/,200,true,true,true,
https://worthcalc.win/es/guides/electric-meat-grinder-cost-per-grinding-session-used/,https://worthcalc.win/es/guides/electric-meat-grinder-cost-per-grinding-session-used/,/es/guides/electric-meat-grinder-cost-per-grinding-session-used/,200,true,true,true,
https://worthcalc.win/es/guides/electric-milk-frother-cost-per-frothing-session-used/,https://worthcalc.win/es/guides/electric-milk-frother-cost-per-frothing-session-used/,/es/guides/electric-milk-frother-cost-per-frothing-session-used/,200,true,true,true,
https://worthcalc.win/es/guides/electric-pasta-maker-cost-per-batch-used/,https://worthcalc.win/es/guides/electric-pasta-maker-cost-per-batch-used/,/es/guides/electric-pasta-maker-cost-per-batch-used/,200,true,true,true,
https://worthcalc.win/es/guides/electric-pencil-sharpener-electricity-cost-per-sharpening-session-used/,https://worthcalc.win/es/guides/electric-pencil-sharpener-electricity-cost-per-sharpening-session-used/,/es/guides/electric-pencil-sharpener-electricity-cost-per-sharpening-session-used/,200,true,true,true,
https://worthcalc.win/es/guides/electric-pressure-cooker-cost-per-cooking-cycle-used/,https://worthcalc.win/es/guides/electric-pressure-cooker-cost-per-cooking-cycle-used/,/es/guides/electric-pressure-cooker-cost-per-cooking-cycle-used/,200,true,true,true,
https://worthcalc.win/es/guides/electric-shaver-electricity-cost-per-grooming-session-used/,https://worthcalc.win/es/guides/electric-shaver-electricity-cost-per-grooming-session-used/,/es/guides/electric-shaver-electricity-cost-per-grooming-session-used/,200,true,true,true,
https://worthcalc.win/es/guides/electric-space-heater-cost-per-heating-hour-used/,https://worthcalc.win/es/guides/electric-space-heater-cost-per-heating-hour-used/,/es/guides/electric-space-heater-cost-per-heating-hour-used/,200,true,true,true,
https://worthcalc.win/es/guides/electric-standing-desk-electricity-cost-per-adjusted-day-used/,https://worthcalc.win/es/guides/electric-standing-desk-electricity-cost-per-adjusted-day-used/,/es/guides/electric-standing-desk-electricity-cost-per-adjusted-day-used/,200,true,true,true,
https://worthcalc.win/es/guides/electric-stapler-electricity-cost-per-stapling-session-used/,https://worthcalc.win/es/guides/electric-stapler-electricity-cost-per-stapling-session-used/,/es/guides/electric-stapler-electricity-cost-per-stapling-session-used/,200,true,true,true,
https://worthcalc.win/es/guides/electric-toothbrush-electricity-cost-per-charging-day-used/,https://worthcalc.win/es/guides/electric-toothbrush-electricity-cost-per-charging-day-used/,/es/guides/electric-toothbrush-electricity-cost-per-charging-day-used/,200,true,true,true,
https://worthcalc.win/es/guides/electric-wine-cooler-electricity-cost-per-storage-day-used/,https://worthcalc.win/es/guides/electric-wine-cooler-electricity-cost-per-storage-day-used/,/es/guides/electric-wine-cooler-electricity-cost-per-storage-day-used/,200,true,true,true,
https://worthcalc.win/es/guides/electric-yogurt-maker-cost-per-batch-used/,https://worthcalc.win/es/guides/electric-yogurt-maker-cost-per-batch-used/,/es/guides/electric-yogurt-maker-cost-per-batch-used/,200,true,true,true,
https://worthcalc.win/es/guides/electricity-cost-per-kwh-used/,https://worthcalc.win/es/guides/electricity-cost-per-kwh-used/,/es/guides/electricity-cost-per-kwh-used/,200,true,true,true,
https://worthcalc.win/es/guides/espresso-machine-cost-per-shot-used/,https://worthcalc.win/es/guides/espresso-machine-cost-per-shot-used/,/es/guides/espresso-machine-cost-per-shot-used/,200,true,true,true,
https://worthcalc.win/es/guides/event-ticket-cost-per-attended-hour/,https://worthcalc.win/es/guides/event-ticket-cost-per-attended-hour/,/es/guides/event-ticket-cost-per-attended-hour/,200,true,true,true,
https://worthcalc.win/es/guides/external-hard-drive-electricity-cost-per-backup-job-used/,https://worthcalc.win/es/guides/external-hard-drive-electricity-cost-per-backup-job-used/,/es/guides/external-hard-drive-electricity-cost-per-backup-job-used/,200,true,true,true,
https://worthcalc.win/es/guides/family-plan-break-even-members/,https://worthcalc.win/es/guides/family-plan-break-even-members/,/es/guides/family-plan-break-even-members/,200,true,true,true,
https://worthcalc.win/es/guides/food-dehydrator-cost-per-drying-hour-used/,https://worthcalc.win/es/guides/food-dehydrator-cost-per-drying-hour-used/,/es/guides/food-dehydrator-cost-per-drying-hour-used/,200,true,true,true,
https://worthcalc.win/es/guides/food-processor-cost-per-prep-session-used/,https://worthcalc.win/es/guides/food-processor-cost-per-prep-session-used/,/es/guides/food-processor-cost-per-prep-session-used/,200,true,true,true,
https://worthcalc.win/es/guides/free-trial-auto-renewal-first-charge/,https://worthcalc.win/es/guides/free-trial-auto-renewal-first-charge/,/es/guides/free-trial-auto-renewal-first-charge/,200,true,true,true,
https://worthcalc.win/es/guides/freezer-cost-per-day-used/,https://worthcalc.win/es/guides/freezer-cost-per-day-used/,/es/guides/freezer-cost-per-day-used/,200,true,true,true,
https://worthcalc.win/es/guides/gaming-console-electricity-cost-per-gaming-hour-used/,https://worthcalc.win/es/guides/gaming-console-electricity-cost-per-gaming-hour-used/,/es/guides/gaming-console-electricity-cost-per-gaming-hour-used/,200,true,true,true,
https://worthcalc.win/es/guides/garage-door-opener-electricity-cost-per-cycle-used/,https://worthcalc.win/es/guides/garage-door-opener-electricity-cost-per-cycle-used/,/es/guides/garage-door-opener-electricity-cost-per-cycle-used/,200,true,true,true,
https://worthcalc.win/es/guides/garment-steamer-cost-per-steaming-hour-used/,https://worthcalc.win/es/guides/garment-steamer-cost-per-steaming-hour-used/,/es/guides/garment-steamer-cost-per-steaming-hour-used/,200,true,true,true,
https://worthcalc.win/es/guides/glue-gun-electricity-cost-per-crafting-hour-used/,https://worthcalc.win/es/guides/glue-gun-electricity-cost-per-crafting-hour-used/,/es/guides/glue-gun-electricity-cost-per-crafting-hour-used/,200,true,true,true,
https://worthcalc.win/es/guides/gym-membership-cost-per-visit/,https://worthcalc.win/es/guides/gym-membership-cost-per-visit/,/es/guides/gym-membership-cost-per-visit/,200,true,true,true,
https://worthcalc.win/es/guides/hair-dryer-cost-per-drying-session-used/,https://worthcalc.win/es/guides/hair-dryer-cost-per-drying-session-used/,/es/guides/hair-dryer-cost-per-drying-session-used/,200,true,true,true,
https://worthcalc.win/es/guides/heat-pump-cost-per-heating-hour-used/,https://worthcalc.win/es/guides/heat-pump-cost-per-heating-hour-used/,/es/guides/heat-pump-cost-per-heating-hour-used/,200,true,true,true,
https://worthcalc.win/es/guides/hobby-equipment-cost-per-use/,https://worthcalc.win/es/guides/hobby-equipment-cost-per-use/,/es/guides/hobby-equipment-cost-per-use/,200,true,true,true,
https://worthcalc.win/es/guides/home-internet-cost-per-gb-used/,https://worthcalc.win/es/guides/home-internet-cost-per-gb-used/,/es/guides/home-internet-cost-per-gb-used/,200,true,true,true,
https://worthcalc.win/es/guides/humidifier-electricity-cost-per-humidifying-hour-used/,https://worthcalc.win/es/guides/humidifier-electricity-cost-per-humidifying-hour-used/,/es/guides/humidifier-electricity-cost-per-humidifying-hour-used/,200,true,true,true,
https://worthcalc.win/es/guides/hvac-cost-per-operating-hour-used/,https://worthcalc.win/es/guides/hvac-cost-per-operating-hour-used/,/es/guides/hvac-cost-per-operating-hour-used/,200,true,true,true,
https://worthcalc.win/es/guides/,https://worthcalc.win/es/guides/,/es/guides/,200,true,true,true,
https://worthcalc.win/es/guides/induction-cooktop-cost-per-cooking-hour-used/,https://worthcalc.win/es/guides/induction-cooktop-cost-per-cooking-hour-used/,/es/guides/induction-cooktop-cost-per-cooking-hour-used/,200,true,true,true,
https://worthcalc.win/es/guides/introductory-discount-renewal-cost/,https://worthcalc.win/es/guides/introductory-discount-renewal-cost/,/es/guides/introductory-discount-renewal-cost/,200,true,true,true,
https://worthcalc.win/es/guides/label-maker-electricity-cost-per-labeling-session-used/,https://worthcalc.win/es/guides/label-maker-electricity-cost-per-labeling-session-used/,/es/guides/label-maker-electricity-cost-per-labeling-session-used/,200,true,true,true,
https://worthcalc.win/es/guides/laminator-electricity-cost-per-laminating-batch-used/,https://worthcalc.win/es/guides/laminator-electricity-cost-per-laminating-batch-used/,/es/guides/laminator-electricity-cost-per-laminating-batch-used/,200,true,true,true,
https://worthcalc.win/es/guides/language-class-cost-per-completed-session/,https://worthcalc.win/es/guides/language-class-cost-per-completed-session/,/es/guides/language-class-cost-per-completed-session/,200,true,true,true,
https://worthcalc.win/es/guides/laptop-docking-station-electricity-cost-per-workday-used/,https://worthcalc.win/es/guides/laptop-docking-station-electricity-cost-per-workday-used/,/es/guides/laptop-docking-station-electricity-cost-per-workday-used/,200,true,true,true,
https://worthcalc.win/es/guides/laundry-cost-per-load/,https://worthcalc.win/es/guides/laundry-cost-per-load/,/es/guides/laundry-cost-per-load/,200,true,true,true,
https://worthcalc.win/es/guides/led-lighting-cost-per-hour-used/,https://worthcalc.win/es/guides/led-lighting-cost-per-hour-used/,/es/guides/led-lighting-cost-per-hour-used/,200,true,true,true,
https://worthcalc.win/es/guides/meal-delivery-plan-cost-per-eaten-meal/,https://worthcalc.win/es/guides/meal-delivery-plan-cost-per-eaten-meal/,/es/guides/meal-delivery-plan-cost-per-eaten-meal/,200,true,true,true,
https://worthcalc.win/es/guides/meal-kit-cost-per-serving-after-waste/,https://worthcalc.win/es/guides/meal-kit-cost-per-serving-after-waste/,/es/guides/meal-kit-cost-per-serving-after-waste/,200,true,true,true,
https://worthcalc.win/es/guides/microwave-cost-per-cooking-cycle-used/,https://worthcalc.win/es/guides/microwave-cost-per-cooking-cycle-used/,/es/guides/microwave-cost-per-cooking-cycle-used/,200,true,true,true,
https://worthcalc.win/es/guides/minimum-spend-fee-waiver-break-even/,https://worthcalc.win/es/guides/minimum-spend-fee-waiver-break-even/,/es/guides/minimum-spend-fee-waiver-break-even/,200,true,true,true,
https://worthcalc.win/es/guides/mobile-data-cost-per-gb-used/,https://worthcalc.win/es/guides/mobile-data-cost-per-gb-used/,/es/guides/mobile-data-cost-per-gb-used/,200,true,true,true,
https://worthcalc.win/es/guides/monitor-electricity-cost-per-work-hour-used/,https://worthcalc.win/es/guides/monitor-electricity-cost-per-work-hour-used/,/es/guides/monitor-electricity-cost-per-work-hour-used/,200,true,true,true,
https://worthcalc.win/es/guides/monthly-vs-annual-total-cost/,https://worthcalc.win/es/guides/monthly-vs-annual-total-cost/,/es/guides/monthly-vs-annual-total-cost/,200,true,true,true,
https://worthcalc.win/es/guides/natural-gas-cost-per-therm-used/,https://worthcalc.win/es/guides/natural-gas-cost-per-therm-used/,/es/guides/natural-gas-cost-per-therm-used/,200,true,true,true,
https://worthcalc.win/es/guides/one-time-switching-cost-payback/,https://worthcalc.win/es/guides/one-time-switching-cost-payback/,/es/guides/one-time-switching-cost-payback/,200,true,true,true,
https://worthcalc.win/es/guides/online-course-cost-per-completed-lesson/,https://worthcalc.win/es/guides/online-course-cost-per-completed-lesson/,/es/guides/online-course-cost-per-completed-lesson/,200,true,true,true,
https://worthcalc.win/es/guides/outdoor-string-lights-electricity-cost-per-evening-used/,https://worthcalc.win/es/guides/outdoor-string-lights-electricity-cost-per-evening-used/,/es/guides/outdoor-string-lights-electricity-cost-per-evening-used/,200,true,true,true,
https://worthcalc.win/es/guides/oven-stove-cost-per-cooking-hour-used/,https://worthcalc.win/es/guides/oven-stove-cost-per-cooking-hour-used/,/es/guides/oven-stove-cost-per-cooking-hour-used/,200,true,true,true,
https://worthcalc.win/es/guides/paper-shredder-electricity-cost-per-shredding-session-used/,https://worthcalc.win/es/guides/paper-shredder-electricity-cost-per-shredding-session-used/,/es/guides/paper-shredder-electricity-cost-per-shredding-session-used/,200,true,true,true,
https://worthcalc.win/es/guides/parking-pass-cost-per-day-used/,https://worthcalc.win/es/guides/parking-pass-cost-per-day-used/,/es/guides/parking-pass-cost-per-day-used/,200,true,true,true,
https://worthcalc.win/es/guides/pause-vs-cancel-membership-cost/,https://worthcalc.win/es/guides/pause-vs-cancel-membership-cost/,/es/guides/pause-vs-cancel-membership-cost/,200,true,true,true,
https://worthcalc.win/es/guides/phone-charger-cost-per-charge-used/,https://worthcalc.win/es/guides/phone-charger-cost-per-charge-used/,/es/guides/phone-charger-cost-per-charge-used/,200,true,true,true,
https://worthcalc.win/es/guides/pool-pump-cost-per-operating-hour-used/,https://worthcalc.win/es/guides/pool-pump-cost-per-operating-hour-used/,/es/guides/pool-pump-cost-per-operating-hour-used/,200,true,true,true,
https://worthcalc.win/es/guides/pool-pump-electricity-cost-per-filtration-cycle-used/,https://worthcalc.win/es/guides/pool-pump-electricity-cost-per-filtration-cycle-used/,/es/guides/pool-pump-electricity-cost-per-filtration-cycle-used/,200,true,true,true,
https://worthcalc.win/es/guides/portable-ac-cost-per-cooling-hour-used/,https://worthcalc.win/es/guides/portable-ac-cost-per-cooling-hour-used/,/es/guides/portable-ac-cost-per-cooling-hour-used/,200,true,true,true,
https://worthcalc.win/es/guides/portable-air-conditioner-electricity-cost-per-cooling-session-used/,https://worthcalc.win/es/guides/portable-air-conditioner-electricity-cost-per-cooling-session-used/,/es/guides/portable-air-conditioner-electricity-cost-per-cooling-session-used/,200,true,true,true,
https://worthcalc.win/es/guides/prepaid-balance-expiration-cost/,https://worthcalc.win/es/guides/prepaid-balance-expiration-cost/,/es/guides/prepaid-balance-expiration-cost/,200,true,true,true,
https://worthcalc.win/es/guides/printer-electricity-cost-per-print-job-used/,https://worthcalc.win/es/guides/printer-electricity-cost-per-print-job-used/,/es/guides/printer-electricity-cost-per-print-job-used/,200,true,true,true,
https://worthcalc.win/es/guides/projector-electricity-cost-per-presentation-hour-used/,https://worthcalc.win/es/guides/projector-electricity-cost-per-presentation-hour-used/,/es/guides/projector-electricity-cost-per-presentation-hour-used/,200,true,true,true,
https://worthcalc.win/es/guides/recurring-costs-annual-total/,https://worthcalc.win/es/guides/recurring-costs-annual-total/,/es/guides/recurring-costs-annual-total/,200,true,true,true,
https://worthcalc.win/es/guides/refrigerator-cost-per-day-used/,https://worthcalc.win/es/guides/refrigerator-cost-per-day-used/,/es/guides/refrigerator-cost-per-day-used/,200,true,true,true,
https://worthcalc.win/es/guides/rice-cooker-cost-per-cooking-cycle-used/,https://worthcalc.win/es/guides/rice-cooker-cost-per-cooking-cycle-used/,/es/guides/rice-cooker-cost-per-cooking-cycle-used/,200,true,true,true,
https://worthcalc.win/es/guides/robot-vacuum-cost-per-cleaning-cycle-used/,https://worthcalc.win/es/guides/robot-vacuum-cost-per-cleaning-cycle-used/,/es/guides/robot-vacuum-cost-per-cleaning-cycle-used/,200,true,true,true,
https://worthcalc.win/es/guides/room-air-conditioner-cost-per-cooling-hour-used/,https://worthcalc.win/es/guides/room-air-conditioner-cost-per-cooling-hour-used/,/es/guides/room-air-conditioner-cost-per-cooling-hour-used/,200,true,true,true,
https://worthcalc.win/es/guides/router-electricity-cost-per-month-used/,https://worthcalc.win/es/guides/router-electricity-cost-per-month-used/,/es/guides/router-electricity-cost-per-month-used/,200,true,true,true,
https://worthcalc.win/es/guides/sandwich-maker-cost-per-use-used/,https://worthcalc.win/es/guides/sandwich-maker-cost-per-use-used/,/es/guides/sandwich-maker-cost-per-use-used/,200,true,true,true,
https://worthcalc.win/es/guides/savings-break-even-use-period/,https://worthcalc.win/es/guides/savings-break-even-use-period/,/es/guides/savings-break-even-use-period/,200,true,true,true,
https://worthcalc.win/es/guides/scanner-electricity-cost-per-scanning-session-used/,https://worthcalc.win/es/guides/scanner-electricity-cost-per-scanning-session-used/,/es/guides/scanner-electricity-cost-per-scanning-session-used/,200,true,true,true,
https://worthcalc.win/es/guides/sewing-machine-electricity-cost-per-sewing-hour-used/,https://worthcalc.win/es/guides/sewing-machine-electricity-cost-per-sewing-hour-used/,/es/guides/sewing-machine-electricity-cost-per-sewing-hour-used/,200,true,true,true,
https://worthcalc.win/es/guides/slow-cooker-cost-per-cooking-hour-used/,https://worthcalc.win/es/guides/slow-cooker-cost-per-cooking-hour-used/,/es/guides/slow-cooker-cost-per-cooking-hour-used/,200,true,true,true,
https://worthcalc.win/es/guides/smart-speaker-electricity-cost-per-listening-hour-used/,https://worthcalc.win/es/guides/smart-speaker-electricity-cost-per-listening-hour-used/,/es/guides/smart-speaker-electricity-cost-per-listening-hour-used/,200,true,true,true,
https://worthcalc.win/es/guides/software-add-on-cost-per-active-seat/,https://worthcalc.win/es/guides/software-add-on-cost-per-active-seat/,/es/guides/software-add-on-cost-per-active-seat/,200,true,true,true,
https://worthcalc.win/es/guides/software-seat-cost-per-active-user/,https://worthcalc.win/es/guides/software-seat-cost-per-active-user/,/es/guides/software-seat-cost-per-active-user/,200,true,true,true,
https://worthcalc.win/es/guides/solar-inverter-electricity-cost-per-monitoring-day-used/,https://worthcalc.win/es/guides/solar-inverter-electricity-cost-per-monitoring-day-used/,/es/guides/solar-inverter-electricity-cost-per-monitoring-day-used/,200,true,true,true,
https://worthcalc.win/es/guides/soldering-iron-electricity-cost-per-repair-hour-used/,https://worthcalc.win/es/guides/soldering-iron-electricity-cost-per-repair-hour-used/,/es/guides/soldering-iron-electricity-cost-per-repair-hour-used/,200,true,true,true,
https://worthcalc.win/es/guides/soundbar-electricity-cost-per-watched-hour-used/,https://worthcalc.win/es/guides/soundbar-electricity-cost-per-watched-hour-used/,/es/guides/soundbar-electricity-cost-per-watched-hour-used/,200,true,true,true,
https://worthcalc.win/es/guides/stand-mixer-cost-per-mixing-session-used/,https://worthcalc.win/es/guides/stand-mixer-cost-per-mixing-session-used/,/es/guides/stand-mixer-cost-per-mixing-session-used/,200,true,true,true,
https://worthcalc.win/es/guides/standby-power-cost-per-day-used/,https://worthcalc.win/es/guides/standby-power-cost-per-day-used/,/es/guides/standby-power-cost-per-day-used/,200,true,true,true,
https://worthcalc.win/es/guides/streaming-cost-per-watched-hour/,https://worthcalc.win/es/guides/streaming-cost-per-watched-hour/,/es/guides/streaming-cost-per-watched-hour/,200,true,true,true,
https://worthcalc.win/es/guides/subscription-price-increase-annual-impact/,https://worthcalc.win/es/guides/subscription-price-increase-annual-impact/,/es/guides/subscription-price-increase-annual-impact/,200,true,true,true,
https://worthcalc.win/es/guides/television-electricity-cost-per-watched-hour-used/,https://worthcalc.win/es/guides/television-electricity-cost-per-watched-hour-used/,/es/guides/television-electricity-cost-per-watched-hour-used/,200,true,true,true,
https://worthcalc.win/es/guides/terrarium-heat-lamp-electricity-cost-per-heating-hour-used/,https://worthcalc.win/es/guides/terrarium-heat-lamp-electricity-cost-per-heating-hour-used/,/es/guides/terrarium-heat-lamp-electricity-cost-per-heating-hour-used/,200,true,true,true,
https://worthcalc.win/es/guides/toaster-cost-per-use-used/,https://worthcalc.win/es/guides/toaster-cost-per-use-used/,/es/guides/toaster-cost-per-use-used/,200,true,true,true,
https://worthcalc.win/es/guides/tool-rental-cost-per-project/,https://worthcalc.win/es/guides/tool-rental-cost-per-project/,/es/guides/tool-rental-cost-per-project/,200,true,true,true,
https://worthcalc.win/es/guides/transit-pass-cost-per-ride-used/,https://worthcalc.win/es/guides/transit-pass-cost-per-ride-used/,/es/guides/transit-pass-cost-per-ride-used/,200,true,true,true,
https://worthcalc.win/es/guides/true-cost-of-buy-now-pay-later/,https://worthcalc.win/es/guides/true-cost-of-buy-now-pay-later/,/es/guides/true-cost-of-buy-now-pay-later/,200,true,true,true,
https://worthcalc.win/es/guides/true-cost-of-convenience-delivery/,https://worthcalc.win/es/guides/true-cost-of-convenience-delivery/,/es/guides/true-cost-of-convenience-delivery/,200,true,true,true,
https://worthcalc.win/es/guides/true-cost-of-extended-warranty/,https://worthcalc.win/es/guides/true-cost-of-extended-warranty/,/es/guides/true-cost-of-extended-warranty/,200,true,true,true,
https://worthcalc.win/es/guides/true-cost-of-free-shipping-threshold/,https://worthcalc.win/es/guides/true-cost-of-free-shipping-threshold/,/es/guides/true-cost-of-free-shipping-threshold/,200,true,true,true,
https://worthcalc.win/es/guides/true-cost-of-home-service-plan/,https://worthcalc.win/es/guides/true-cost-of-home-service-plan/,/es/guides/true-cost-of-home-service-plan/,200,true,true,true,
https://worthcalc.win/es/guides/true-cost-of-rental-car/,https://worthcalc.win/es/guides/true-cost-of-rental-car/,/es/guides/true-cost-of-rental-car/,200,true,true,true,
https://worthcalc.win/es/guides/true-cost-of-upgrade-feature/,https://worthcalc.win/es/guides/true-cost-of-upgrade-feature/,/es/guides/true-cost-of-upgrade-feature/,200,true,true,true,
https://worthcalc.win/es/guides/unused-membership-capacity-cost/,https://worthcalc.win/es/guides/unused-membership-capacity-cost/,/es/guides/unused-membership-capacity-cost/,200,true,true,true,
https://worthcalc.win/es/guides/usb-charging-hub-electricity-cost-per-charging-session-used/,https://worthcalc.win/es/guides/usb-charging-hub-electricity-cost-per-charging-session-used/,/es/guides/usb-charging-hub-electricity-cost-per-charging-session-used/,200,true,true,true,
https://worthcalc.win/es/guides/vacuum-cleaner-electricity-cost-per-cleaning-hour-used/,https://worthcalc.win/es/guides/vacuum-cleaner-electricity-cost-per-cleaning-hour-used/,/es/guides/vacuum-cleaner-electricity-cost-per-cleaning-hour-used/,200,true,true,true,
https://worthcalc.win/es/guides/waffle-maker-cost-per-cooking-cycle-used/,https://worthcalc.win/es/guides/waffle-maker-cost-per-cooking-cycle-used/,/es/guides/waffle-maker-cost-per-cooking-cycle-used/,200,true,true,true,
https://worthcalc.win/es/guides/water-bill-cost-per-gallon-used/,https://worthcalc.win/es/guides/water-bill-cost-per-gallon-used/,/es/guides/water-bill-cost-per-gallon-used/,200,true,true,true,
https://worthcalc.win/es/guides/water-cooler-electricity-cost-per-cooling-day-used/,https://worthcalc.win/es/guides/water-cooler-electricity-cost-per-cooling-day-used/,/es/guides/water-cooler-electricity-cost-per-cooling-day-used/,200,true,true,true,
https://worthcalc.win/es/guides/water-heater-cost-per-gallon-heated/,https://worthcalc.win/es/guides/water-heater-cost-per-gallon-heated/,/es/guides/water-heater-cost-per-gallon-heated/,200,true,true,true,
https://worthcalc.win/es/guides/webcam-electricity-cost-per-meeting-hour-used/,https://worthcalc.win/es/guides/webcam-electricity-cost-per-meeting-hour-used/,/es/guides/webcam-electricity-cost-per-meeting-hour-used/,200,true,true,true,
https://worthcalc.win/es/gym-membership-cost-per-visit/,https://worthcalc.win/es/gym-membership-cost-per-visit/,/es/gym-membership-cost-per-visit/,200,true,true,true,
https://worthcalc.win/es/home-vs-public-ev-charging-cost/,https://worthcalc.win/es/home-vs-public-ev-charging-cost/,/es/home-vs-public-ev-charging-cost/,200,true,true,true,
https://worthcalc.win/es/hourly-vs-annual-salary/,https://worthcalc.win/es/hourly-vs-annual-salary/,/es/hourly-vs-annual-salary/,200,true,true,true,
https://worthcalc.win/es/how-compound-growth-works/,https://worthcalc.win/es/how-compound-growth-works/,/es/how-compound-growth-works/,200,true,true,true,
https://worthcalc.win/es/how-much-home-can-you-afford/,https://worthcalc.win/es/how-much-home-can-you-afford/,/es/how-much-home-can-you-afford/,200,true,true,true,
https://worthcalc.win/es/how-to-calculate-dti/,https://worthcalc.win/es/how-to-calculate-dti/,/es/how-to-calculate-dti/,200,true,true,true,
https://worthcalc.win/es/,https://worthcalc.win/es/,/es/,200,true,true,true,
https://worthcalc.win/es/is-an-extended-warranty-worth-it/,https://worthcalc.win/es/is-an-extended-warranty-worth-it/,/es/is-an-extended-warranty-worth-it/,200,true,true,true,
https://worthcalc.win/es/is-costco-executive-membership-worth-it/,https://worthcalc.win/es/is-costco-executive-membership-worth-it/,/es/is-costco-executive-membership-worth-it/,200,true,true,true,
https://worthcalc.win/es/meal-prep-vs-takeout-cost/,https://worthcalc.win/es/meal-prep-vs-takeout-cost/,/es/meal-prep-vs-takeout-cost/,200,true,true,true,
https://worthcalc.win/es/monthly-vs-annual-subscription/,https://worthcalc.win/es/monthly-vs-annual-subscription/,/es/monthly-vs-annual-subscription/,200,true,true,true,
https://worthcalc.win/es/new-vs-used-car-total-cost/,https://worthcalc.win/es/new-vs-used-car-total-cost/,/es/new-vs-used-car-total-cost/,200,true,true,true,
https://worthcalc.win/es/paid-membership-break-even/,https://worthcalc.win/es/paid-membership-break-even/,/es/paid-membership-break-even/,200,true,true,true,
https://worthcalc.win/es/pay-raise-vs-inflation-purchasing-power/,https://worthcalc.win/es/pay-raise-vs-inflation-purchasing-power/,/es/pay-raise-vs-inflation-purchasing-power/,200,true,true,true,
https://worthcalc.win/es/price-per-wear-clothing-shoes/,https://worthcalc.win/es/price-per-wear-clothing-shoes/,/es/price-per-wear-clothing-shoes/,200,true,true,true,
https://worthcalc.win/es/privacy/,https://worthcalc.win/es/privacy/,/es/privacy/,200,true,true,true,
https://worthcalc.win/es/rent-vs-buy-breakeven-year/,https://worthcalc.win/es/rent-vs-buy-breakeven-year/,/es/rent-vs-buy-breakeven-year/,200,true,true,true,
https://worthcalc.win/es/rent-vs-buy-guide/,https://worthcalc.win/es/rent-vs-buy-guide/,/es/rent-vs-buy-guide/,200,true,true,true,
https://worthcalc.win/es/repair-or-replace-decision-formula/,https://worthcalc.win/es/repair-or-replace-decision-formula/,/es/repair-or-replace-decision-formula/,200,true,true,true,
https://worthcalc.win/es/reusable-vs-disposable-break-even/,https://worthcalc.win/es/reusable-vs-disposable-break-even/,/es/reusable-vs-disposable-break-even/,200,true,true,true,
https://worthcalc.win/es/snowball-vs-avalanche/,https://worthcalc.win/es/snowball-vs-avalanche/,/es/snowball-vs-avalanche/,200,true,true,true,
https://worthcalc.win/es/subscription-creep/,https://worthcalc.win/es/subscription-creep/,/es/subscription-creep/,200,true,true,true,
https://worthcalc.win/es/terms/,https://worthcalc.win/es/terms/,/es/terms/,200,true,true,true,
https://worthcalc.win/es/tools/budget-builder/,https://worthcalc.win/es/tools/budget-builder/,/es/tools/budget-builder/,200,true,true,true,
https://worthcalc.win/es/tools/car-affordability/,https://worthcalc.win/es/tools/car-affordability/,/es/tools/car-affordability/,200,true,true,true,
https://worthcalc.win/es/tools/cashback-breakeven/,https://worthcalc.win/es/tools/cashback-breakeven/,/es/tools/cashback-breakeven/,200,true,true,true,
https://worthcalc.win/es/tools/commute-cost/,https://worthcalc.win/es/tools/commute-cost/,/es/tools/commute-cost/,200,true,true,true,
https://worthcalc.win/es/tools/compound-growth/,https://worthcalc.win/es/tools/compound-growth/,/es/tools/compound-growth/,200,true,true,true,
https://worthcalc.win/es/tools/costco-membership/,https://worthcalc.win/es/tools/costco-membership/,/es/tools/costco-membership/,200,true,true,true,
https://worthcalc.win/es/tools/credit-card-payoff/,https://worthcalc.win/es/tools/credit-card-payoff/,/es/tools/credit-card-payoff/,200,true,true,true,
https://worthcalc.win/es/tools/debt-strategy/,https://worthcalc.win/es/tools/debt-strategy/,/es/tools/debt-strategy/,200,true,true,true,
https://worthcalc.win/es/tools/dti-calculator/,https://worthcalc.win/es/tools/dti-calculator/,/es/tools/dti-calculator/,200,true,true,true,
https://worthcalc.win/es/tools/ev-vs-gas/,https://worthcalc.win/es/tools/ev-vs-gas/,/es/tools/ev-vs-gas/,200,true,true,true,
https://worthcalc.win/es/tools/home-affordability/,https://worthcalc.win/es/tools/home-affordability/,/es/tools/home-affordability/,200,true,true,true,
https://worthcalc.win/es/tools/,https://worthcalc.win/es/tools/,/es/tools/,200,true,true,true,
https://worthcalc.win/es/tools/installment-true-apr/,https://worthcalc.win/es/tools/installment-true-apr/,/es/tools/installment-true-apr/,200,true,true,true,
https://worthcalc.win/es/tools/latte-factor/,https://worthcalc.win/es/tools/latte-factor/,/es/tools/latte-factor/,200,true,true,true,
https://worthcalc.win/es/tools/mortgage-payoff/,https://worthcalc.win/es/tools/mortgage-payoff/,/es/tools/mortgage-payoff/,200,true,true,true,
https://worthcalc.win/es/tools/rent-vs-buy/,https://worthcalc.win/es/tools/rent-vs-buy/,/es/tools/rent-vs-buy/,200,true,true,true,
https://worthcalc.win/es/tools/salary-converter/,https://worthcalc.win/es/tools/salary-converter/,/es/tools/salary-converter/,200,true,true,true,
https://worthcalc.win/es/tools/subscription-audit/,https://worthcalc.win/es/tools/subscription-audit/,/es/tools/subscription-audit/,200,true,true,true,
https://worthcalc.win/es/true-cost-of-car-ownership/,https://worthcalc.win/es/true-cost-of-car-ownership/,/es/true-cost-of-car-ownership/,200,true,true,true,
https://worthcalc.win/es/true-hourly-wage-after-commuting-work-expenses/,https://worthcalc.win/es/true-hourly-wage-after-commuting-work-expenses/,/es/true-hourly-wage-after-commuting-work-expenses/,200,true,true,true,
https://worthcalc.win/es/upfront-fees-financing-cost/,https://worthcalc.win/es/upfront-fees-financing-cost/,/es/upfront-fees-financing-cost/,200,true,true,true,
https://worthcalc.win/es/upgrade-your-phone-or-keep-it/,https://worthcalc.win/es/upgrade-your-phone-or-keep-it/,/es/upgrade-your-phone-or-keep-it/,200,true,true,true,
https://worthcalc.win/es/work-from-home-vs-commuting-hidden-costs/,https://worthcalc.win/es/work-from-home-vs-commuting-hidden-costs/,/es/work-from-home-vs-commuting-hidden-costs/,200,true,true,true,
https://worthcalc.win/es/zero-interest-installments-truth/,https://worthcalc.win/es/zero-interest-installments-truth/,/es/zero-interest-installments-truth/,200,true,true,true,
https://worthcalc.win/fr/about/,https://worthcalc.win/fr/about/,/fr/about/,200,true,true,true,
https://worthcalc.win/fr/annual-fee-card-breakeven/,https://worthcalc.win/fr/annual-fee-card-breakeven/,/fr/annual-fee-card-breakeven/,200,true,true,true,
https://worthcalc.win/fr/bnpl-vs-credit-card-installments/,https://worthcalc.win/fr/bnpl-vs-credit-card-installments/,/fr/bnpl-vs-credit-card-installments/,200,true,true,true,
https://worthcalc.win/fr/budget-with-irregular-income/,https://worthcalc.win/fr/budget-with-irregular-income/,/fr/budget-with-irregular-income/,200,true,true,true,
https://worthcalc.win/fr/bulk-buying-vs-small-packages/,https://worthcalc.win/fr/bulk-buying-vs-small-packages/,/fr/bulk-buying-vs-small-packages/,200,true,true,true,
https://worthcalc.win/fr/bulk-buying-waste-math/,https://worthcalc.win/fr/bulk-buying-waste-math/,/fr/bulk-buying-waste-math/,200,true,true,true,
https://worthcalc.win/fr/car-lease-vs-buy-total-cost/,https://worthcalc.win/fr/car-lease-vs-buy-total-cost/,/fr/car-lease-vs-buy-total-cost/,200,true,true,true,
https://worthcalc.win/fr/cashback-caps-real-reward-rate/,https://worthcalc.win/fr/cashback-caps-real-reward-rate/,/fr/cashback-caps-real-reward-rate/,200,true,true,true,
https://worthcalc.win/fr/changelog/,https://worthcalc.win/fr/changelog/,/fr/changelog/,200,true,true,true,
https://worthcalc.win/fr/contact/,https://worthcalc.win/fr/contact/,/fr/contact/,200,true,true,true,
https://worthcalc.win/fr/cost-per-use-expensive-item/,https://worthcalc.win/fr/cost-per-use-expensive-item/,/fr/cost-per-use-expensive-item/,200,true,true,true,
https://worthcalc.win/fr/costco-math/,https://worthcalc.win/fr/costco-math/,/fr/costco-math/,200,true,true,true,
https://worthcalc.win/fr/credit-card-minimum-payment-trap/,https://worthcalc.win/fr/credit-card-minimum-payment-trap/,/fr/credit-card-minimum-payment-trap/,200,true,true,true,
https://worthcalc.win/fr/delivery-membership-break-even/,https://worthcalc.win/fr/delivery-membership-break-even/,/fr/delivery-membership-break-even/,200,true,true,true,
https://worthcalc.win/fr/disclaimer/,https://worthcalc.win/fr/disclaimer/,/fr/disclaimer/,200,true,true,true,
https://worthcalc.win/fr/energy-efficient-appliance-payback/,https://worthcalc.win/fr/energy-efficient-appliance-payback/,/fr/energy-efficient-appliance-payback/,200,true,true,true,
https://worthcalc.win/fr/ev-vs-gas-total-cost/,https://worthcalc.win/fr/ev-vs-gas-total-cost/,/fr/ev-vs-gas-total-cost/,200,true,true,true,
https://worthcalc.win/fr/extra-mortgage-payments-guide/,https://worthcalc.win/fr/extra-mortgage-payments-guide/,/fr/extra-mortgage-payments-guide/,200,true,true,true,
https://worthcalc.win/fr/full-commute-cost-including-time/,https://worthcalc.win/fr/full-commute-cost-including-time/,/fr/full-commute-cost-including-time/,200,true,true,true,
https://worthcalc.win/fr/guides/,https://worthcalc.win/fr/guides/,/fr/guides/,200,true,true,true,
https://worthcalc.win/fr/gym-membership-cost-per-visit/,https://worthcalc.win/fr/gym-membership-cost-per-visit/,/fr/gym-membership-cost-per-visit/,200,true,true,true,
https://worthcalc.win/fr/home-vs-public-ev-charging-cost/,https://worthcalc.win/fr/home-vs-public-ev-charging-cost/,/fr/home-vs-public-ev-charging-cost/,200,true,true,true,
https://worthcalc.win/fr/hourly-vs-annual-salary/,https://worthcalc.win/fr/hourly-vs-annual-salary/,/fr/hourly-vs-annual-salary/,200,true,true,true,
https://worthcalc.win/fr/how-compound-growth-works/,https://worthcalc.win/fr/how-compound-growth-works/,/fr/how-compound-growth-works/,200,true,true,true,
https://worthcalc.win/fr/how-much-home-can-you-afford/,https://worthcalc.win/fr/how-much-home-can-you-afford/,/fr/how-much-home-can-you-afford/,200,true,true,true,
https://worthcalc.win/fr/how-to-calculate-dti/,https://worthcalc.win/fr/how-to-calculate-dti/,/fr/how-to-calculate-dti/,200,true,true,true,
https://worthcalc.win/fr/,https://worthcalc.win/fr/,/fr/,200,true,true,true,
https://worthcalc.win/fr/is-an-extended-warranty-worth-it/,https://worthcalc.win/fr/is-an-extended-warranty-worth-it/,/fr/is-an-extended-warranty-worth-it/,200,true,true,true,
https://worthcalc.win/fr/is-costco-executive-membership-worth-it/,https://worthcalc.win/fr/is-costco-executive-membership-worth-it/,/fr/is-costco-executive-membership-worth-it/,200,true,true,true,
https://worthcalc.win/fr/meal-prep-vs-takeout-cost/,https://worthcalc.win/fr/meal-prep-vs-takeout-cost/,/fr/meal-prep-vs-takeout-cost/,200,true,true,true,
https://worthcalc.win/fr/monthly-vs-annual-subscription/,https://worthcalc.win/fr/monthly-vs-annual-subscription/,/fr/monthly-vs-annual-subscription/,200,true,true,true,
https://worthcalc.win/fr/new-vs-used-car-total-cost/,https://worthcalc.win/fr/new-vs-used-car-total-cost/,/fr/new-vs-used-car-total-cost/,200,true,true,true,
https://worthcalc.win/fr/paid-membership-break-even/,https://worthcalc.win/fr/paid-membership-break-even/,/fr/paid-membership-break-even/,200,true,true,true,
https://worthcalc.win/fr/pay-raise-vs-inflation-purchasing-power/,https://worthcalc.win/fr/pay-raise-vs-inflation-purchasing-power/,/fr/pay-raise-vs-inflation-purchasing-power/,200,true,true,true,
https://worthcalc.win/fr/price-per-wear-clothing-shoes/,https://worthcalc.win/fr/price-per-wear-clothing-shoes/,/fr/price-per-wear-clothing-shoes/,200,true,true,true,
https://worthcalc.win/fr/privacy/,https://worthcalc.win/fr/privacy/,/fr/privacy/,200,true,true,true,
https://worthcalc.win/fr/rent-vs-buy-breakeven-year/,https://worthcalc.win/fr/rent-vs-buy-breakeven-year/,/fr/rent-vs-buy-breakeven-year/,200,true,true,true,
https://worthcalc.win/fr/rent-vs-buy-guide/,https://worthcalc.win/fr/rent-vs-buy-guide/,/fr/rent-vs-buy-guide/,200,true,true,true,
https://worthcalc.win/fr/repair-or-replace-decision-formula/,https://worthcalc.win/fr/repair-or-replace-decision-formula/,/fr/repair-or-replace-decision-formula/,200,true,true,true,
https://worthcalc.win/fr/reusable-vs-disposable-break-even/,https://worthcalc.win/fr/reusable-vs-disposable-break-even/,/fr/reusable-vs-disposable-break-even/,200,true,true,true,
https://worthcalc.win/fr/snowball-vs-avalanche/,https://worthcalc.win/fr/snowball-vs-avalanche/,/fr/snowball-vs-avalanche/,200,true,true,true,
https://worthcalc.win/fr/subscription-creep/,https://worthcalc.win/fr/subscription-creep/,/fr/subscription-creep/,200,true,true,true,
https://worthcalc.win/fr/terms/,https://worthcalc.win/fr/terms/,/fr/terms/,200,true,true,true,
https://worthcalc.win/fr/tools/budget-builder/,https://worthcalc.win/fr/tools/budget-builder/,/fr/tools/budget-builder/,200,true,true,true,
https://worthcalc.win/fr/tools/car-affordability/,https://worthcalc.win/fr/tools/car-affordability/,/fr/tools/car-affordability/,200,true,true,true,
https://worthcalc.win/fr/tools/cashback-breakeven/,https://worthcalc.win/fr/tools/cashback-breakeven/,/fr/tools/cashback-breakeven/,200,true,true,true,
https://worthcalc.win/fr/tools/commute-cost/,https://worthcalc.win/fr/tools/commute-cost/,/fr/tools/commute-cost/,200,true,true,true,
https://worthcalc.win/fr/tools/compound-growth/,https://worthcalc.win/fr/tools/compound-growth/,/fr/tools/compound-growth/,200,true,true,true,
https://worthcalc.win/fr/tools/costco-membership/,https://worthcalc.win/fr/tools/costco-membership/,/fr/tools/costco-membership/,200,true,true,true,
https://worthcalc.win/fr/tools/credit-card-payoff/,https://worthcalc.win/fr/tools/credit-card-payoff/,/fr/tools/credit-card-payoff/,200,true,true,true,
https://worthcalc.win/fr/tools/debt-strategy/,https://worthcalc.win/fr/tools/debt-strategy/,/fr/tools/debt-strategy/,200,true,true,true,
https://worthcalc.win/fr/tools/dti-calculator/,https://worthcalc.win/fr/tools/dti-calculator/,/fr/tools/dti-calculator/,200,true,true,true,
https://worthcalc.win/fr/tools/ev-vs-gas/,https://worthcalc.win/fr/tools/ev-vs-gas/,/fr/tools/ev-vs-gas/,200,true,true,true,
https://worthcalc.win/fr/tools/home-affordability/,https://worthcalc.win/fr/tools/home-affordability/,/fr/tools/home-affordability/,200,true,true,true,
https://worthcalc.win/fr/tools/,https://worthcalc.win/fr/tools/,/fr/tools/,200,true,true,true,
https://worthcalc.win/fr/tools/installment-true-apr/,https://worthcalc.win/fr/tools/installment-true-apr/,/fr/tools/installment-true-apr/,200,true,true,true,
https://worthcalc.win/fr/tools/latte-factor/,https://worthcalc.win/fr/tools/latte-factor/,/fr/tools/latte-factor/,200,true,true,true,
https://worthcalc.win/fr/tools/mortgage-payoff/,https://worthcalc.win/fr/tools/mortgage-payoff/,/fr/tools/mortgage-payoff/,200,true,true,true,
https://worthcalc.win/fr/tools/rent-vs-buy/,https://worthcalc.win/fr/tools/rent-vs-buy/,/fr/tools/rent-vs-buy/,200,true,true,true,
https://worthcalc.win/fr/tools/salary-converter/,https://worthcalc.win/fr/tools/salary-converter/,/fr/tools/salary-converter/,200,true,true,true,
https://worthcalc.win/fr/tools/subscription-audit/,https://worthcalc.win/fr/tools/subscription-audit/,/fr/tools/subscription-audit/,200,true,true,true,
https://worthcalc.win/fr/true-cost-of-car-ownership/,https://worthcalc.win/fr/true-cost-of-car-ownership/,/fr/true-cost-of-car-ownership/,200,true,true,true,
https://worthcalc.win/fr/true-hourly-wage-after-commuting-work-expenses/,https://worthcalc.win/fr/true-hourly-wage-after-commuting-work-expenses/,/fr/true-hourly-wage-after-commuting-work-expenses/,200,true,true,true,
https://worthcalc.win/fr/upfront-fees-financing-cost/,https://worthcalc.win/fr/upfront-fees-financing-cost/,/fr/upfront-fees-financing-cost/,200,true,true,true,
https://worthcalc.win/fr/upgrade-your-phone-or-keep-it/,https://worthcalc.win/fr/upgrade-your-phone-or-keep-it/,/fr/upgrade-your-phone-or-keep-it/,200,true,true,true,
https://worthcalc.win/fr/work-from-home-vs-commuting-hidden-costs/,https://worthcalc.win/fr/work-from-home-vs-commuting-hidden-costs/,/fr/work-from-home-vs-commuting-hidden-costs/,200,true,true,true,
https://worthcalc.win/fr/zero-interest-installments-truth/,https://worthcalc.win/fr/zero-interest-installments-truth/,/fr/zero-interest-installments-truth/,200,true,true,true,
https://worthcalc.win/hi/guides/3d-printer-electricity-cost-per-print-used/,https://worthcalc.win/hi/guides/3d-printer-electricity-cost-per-print-used/,/hi/guides/3d-printer-electricity-cost-per-print-used/,200,true,true,true,
https://worthcalc.win/hi/guides/3d-scanner-electricity-cost-per-scanning-session-used/,https://worthcalc.win/hi/guides/3d-scanner-electricity-cost-per-scanning-session-used/,/hi/guides/3d-scanner-electricity-cost-per-scanning-session-used/,200,true,true,true,
https://worthcalc.win/hi/guides/air-fryer-cost-per-cooking-cycle-used/,https://worthcalc.win/hi/guides/air-fryer-cost-per-cooking-cycle-used/,/hi/guides/air-fryer-cost-per-cooking-cycle-used/,200,true,true,true,
https://worthcalc.win/hi/guides/air-purifier-cost-per-clean-air-hour-used/,https://worthcalc.win/hi/guides/air-purifier-cost-per-clean-air-hour-used/,/hi/guides/air-purifier-cost-per-clean-air-hour-used/,200,true,true,true,
https://worthcalc.win/hi/guides/annual-cost-savings-calculator/,https://worthcalc.win/hi/guides/annual-cost-savings-calculator/,/hi/guides/annual-cost-savings-calculator/,200,true,true,true,
https://worthcalc.win/hi/guides/aquarium-air-pump-electricity-cost-per-filtration-day-used/,https://worthcalc.win/hi/guides/aquarium-air-pump-electricity-cost-per-filtration-day-used/,/hi/guides/aquarium-air-pump-electricity-cost-per-filtration-day-used/,200,true,true,true,
https://worthcalc.win/hi/guides/aquarium-heater-electricity-cost-per-tank-day-used/,https://worthcalc.win/hi/guides/aquarium-heater-electricity-cost-per-tank-day-used/,/hi/guides/aquarium-heater-electricity-cost-per-tank-day-used/,200,true,true,true,
https://worthcalc.win/hi/guides/attic-fan-electricity-cost-per-ventilation-hour-used/,https://worthcalc.win/hi/guides/attic-fan-electricity-cost-per-ventilation-hour-used/,/hi/guides/attic-fan-electricity-cost-per-ventilation-hour-used/,200,true,true,true,
https://worthcalc.win/hi/guides/bathroom-ventilation-fan-electricity-cost-per-shower-used/,https://worthcalc.win/hi/guides/bathroom-ventilation-fan-electricity-cost-per-shower-used/,/hi/guides/bathroom-ventilation-fan-electricity-cost-per-shower-used/,200,true,true,true,
https://worthcalc.win/hi/guides/billing-date-cash-flow-overlap/,https://worthcalc.win/hi/guides/billing-date-cash-flow-overlap/,/hi/guides/billing-date-cash-flow-overlap/,200,true,true,true,
https://worthcalc.win/hi/guides/blender-cost-per-blending-session-used/,https://worthcalc.win/hi/guides/blender-cost-per-blending-session-used/,/hi/guides/blender-cost-per-blending-session-used/,200,true,true,true,
https://worthcalc.win/hi/guides/bread-maker-cost-per-loaf-used/,https://worthcalc.win/hi/guides/bread-maker-cost-per-loaf-used/,/hi/guides/bread-maker-cost-per-loaf-used/,200,true,true,true,
https://worthcalc.win/hi/guides/ceiling-fan-cost-per-operating-hour-used/,https://worthcalc.win/hi/guides/ceiling-fan-cost-per-operating-hour-used/,/hi/guides/ceiling-fan-cost-per-operating-hour-used/,200,true,true,true,
https://worthcalc.win/hi/guides/ceiling-fan-electricity-cost-per-cooling-hour-used/,https://worthcalc.win/hi/guides/ceiling-fan-electricity-cost-per-cooling-hour-used/,/hi/guides/ceiling-fan-electricity-cost-per-cooling-hour-used/,200,true,true,true,
https://worthcalc.win/hi/guides/childcare-cost-per-hour-used/,https://worthcalc.win/hi/guides/childcare-cost-per-hour-used/,/hi/guides/childcare-cost-per-hour-used/,200,true,true,true,
https://worthcalc.win/hi/guides/clothes-dryer-cost-per-load-used/,https://worthcalc.win/hi/guides/clothes-dryer-cost-per-load-used/,/hi/guides/clothes-dryer-cost-per-load-used/,200,true,true,true,
https://worthcalc.win/hi/guides/cloud-storage-cost-per-retained-gb/,https://worthcalc.win/hi/guides/cloud-storage-cost-per-retained-gb/,/hi/guides/cloud-storage-cost-per-retained-gb/,200,true,true,true,
https://worthcalc.win/hi/guides/coffee-maker-cost-per-brew-used/,https://worthcalc.win/hi/guides/coffee-maker-cost-per-brew-used/,/hi/guides/coffee-maker-cost-per-brew-used/,200,true,true,true,
https://worthcalc.win/hi/guides/computer-electricity-cost-per-day-used/,https://worthcalc.win/hi/guides/computer-electricity-cost-per-day-used/,/hi/guides/computer-electricity-cost-per-day-used/,200,true,true,true,
https://worthcalc.win/hi/guides/cost-per-use-kitchen-appliance/,https://worthcalc.win/hi/guides/cost-per-use-kitchen-appliance/,/hi/guides/cost-per-use-kitchen-appliance/,200,true,true,true,
https://worthcalc.win/hi/guides/cost-per-wear-clothing/,https://worthcalc.win/hi/guides/cost-per-wear-clothing/,/hi/guides/cost-per-wear-clothing/,200,true,true,true,
https://worthcalc.win/hi/guides/costco-executive-break-even-eligible-spend/,https://worthcalc.win/hi/guides/costco-executive-break-even-eligible-spend/,/hi/guides/costco-executive-break-even-eligible-spend/,200,true,true,true,
https://worthcalc.win/hi/guides/costco-gas-detour-break-even/,https://worthcalc.win/hi/guides/costco-gas-detour-break-even/,/hi/guides/costco-gas-detour-break-even/,200,true,true,true,
https://worthcalc.win/hi/guides/costco-household-card-break-even-use/,https://worthcalc.win/hi/guides/costco-household-card-break-even-use/,/hi/guides/costco-household-card-break-even-use/,200,true,true,true,
https://worthcalc.win/hi/guides/costco-membership-fee-break-even-savings/,https://worthcalc.win/hi/guides/costco-membership-fee-break-even-savings/,/hi/guides/costco-membership-fee-break-even-savings/,200,true,true,true,
https://worthcalc.win/hi/guides/costco-renewal-refund-reward-timing/,https://worthcalc.win/hi/guides/costco-renewal-refund-reward-timing/,/hi/guides/costco-renewal-refund-reward-timing/,200,true,true,true,
https://worthcalc.win/hi/guides/costco-reward-cap-usage-break-even/,https://worthcalc.win/hi/guides/costco-reward-cap-usage-break-even/,/hi/guides/costco-reward-cap-usage-break-even/,200,true,true,true,
https://worthcalc.win/hi/guides/costco-reward-exclusion-effective-rate/,https://worthcalc.win/hi/guides/costco-reward-exclusion-effective-rate/,/hi/guides/costco-reward-exclusion-effective-rate/,200,true,true,true,
https://worthcalc.win/hi/guides/countertop-ice-maker-cost-per-batch-used/,https://worthcalc.win/hi/guides/countertop-ice-maker-cost-per-batch-used/,/hi/guides/countertop-ice-maker-cost-per-batch-used/,200,true,true,true,
https://worthcalc.win/hi/guides/coworking-membership-cost-per-day/,https://worthcalc.win/hi/guides/coworking-membership-cost-per-day/,/hi/guides/coworking-membership-cost-per-day/,200,true,true,true,
https://worthcalc.win/hi/guides/dehumidifier-cost-per-pint-removed/,https://worthcalc.win/hi/guides/dehumidifier-cost-per-pint-removed/,/hi/guides/dehumidifier-cost-per-pint-removed/,200,true,true,true,
https://worthcalc.win/hi/guides/dehumidifier-electricity-cost-per-laundry-drying-session-used/,https://worthcalc.win/hi/guides/dehumidifier-electricity-cost-per-laundry-drying-session-used/,/hi/guides/dehumidifier-electricity-cost-per-laundry-drying-session-used/,200,true,true,true,
https://worthcalc.win/hi/guides/desk-fan-electricity-cost-per-cooling-hour-used/,https://worthcalc.win/hi/guides/desk-fan-electricity-cost-per-cooling-hour-used/,/hi/guides/desk-fan-electricity-cost-per-cooling-hour-used/,200,true,true,true,
https://worthcalc.win/hi/guides/desktop-speakers-electricity-cost-per-listening-hour-used/,https://worthcalc.win/hi/guides/desktop-speakers-electricity-cost-per-listening-hour-used/,/hi/guides/desktop-speakers-electricity-cost-per-listening-hour-used/,200,true,true,true,
https://worthcalc.win/hi/guides/digital-photo-frame-electricity-cost-per-display-day-used/,https://worthcalc.win/hi/guides/digital-photo-frame-electricity-cost-per-display-day-used/,/hi/guides/digital-photo-frame-electricity-cost-per-display-day-used/,200,true,true,true,
https://worthcalc.win/hi/guides/dishwasher-cost-per-cycle-used/,https://worthcalc.win/hi/guides/dishwasher-cost-per-cycle-used/,/hi/guides/dishwasher-cost-per-cycle-used/,200,true,true,true,
https://worthcalc.win/hi/guides/document-camera-electricity-cost-per-presentation-hour-used/,https://worthcalc.win/hi/guides/document-camera-electricity-cost-per-presentation-hour-used/,/hi/guides/document-camera-electricity-cost-per-presentation-hour-used/,200,true,true,true,
https://worthcalc.win/hi/guides/e-reader-electricity-cost-per-reading-hour-used/,https://worthcalc.win/hi/guides/e-reader-electricity-cost-per-reading-hour-used/,/hi/guides/e-reader-electricity-cost-per-reading-hour-used/,200,true,true,true,
https://worthcalc.win/hi/guides/electric-air-pump-electricity-cost-per-inflation-session-used/,https://worthcalc.win/hi/guides/electric-air-pump-electricity-cost-per-inflation-session-used/,/hi/guides/electric-air-pump-electricity-cost-per-inflation-session-used/,200,true,true,true,
https://worthcalc.win/hi/guides/electric-blanket-cost-per-night-used/,https://worthcalc.win/hi/guides/electric-blanket-cost-per-night-used/,/hi/guides/electric-blanket-cost-per-night-used/,200,true,true,true,
https://worthcalc.win/hi/guides/electric-can-opener-cost-per-use-used/,https://worthcalc.win/hi/guides/electric-can-opener-cost-per-use-used/,/hi/guides/electric-can-opener-cost-per-use-used/,200,true,true,true,
https://worthcalc.win/hi/guides/electric-citrus-juicer-cost-per-juice-session-used/,https://worthcalc.win/hi/guides/electric-citrus-juicer-cost-per-juice-session-used/,/hi/guides/electric-citrus-juicer-cost-per-juice-session-used/,200,true,true,true,
https://worthcalc.win/hi/guides/electric-egg-cooker-cost-per-cooking-cycle-used/,https://worthcalc.win/hi/guides/electric-egg-cooker-cost-per-cooking-cycle-used/,/hi/guides/electric-egg-cooker-cost-per-cooking-cycle-used/,200,true,true,true,
https://worthcalc.win/hi/guides/electric-fireplace-electricity-cost-per-heating-hour-used/,https://worthcalc.win/hi/guides/electric-fireplace-electricity-cost-per-heating-hour-used/,/hi/guides/electric-fireplace-electricity-cost-per-heating-hour-used/,200,true,true,true,
https://worthcalc.win/hi/guides/electric-food-warmer-cost-per-heating-hour-used/,https://worthcalc.win/hi/guides/electric-food-warmer-cost-per-heating-hour-used/,/hi/guides/electric-food-warmer-cost-per-heating-hour-used/,200,true,true,true,
https://worthcalc.win/hi/guides/electric-foot-massager-electricity-cost-per-massage-session-used/,https://worthcalc.win/hi/guides/electric-foot-massager-electricity-cost-per-massage-session-used/,/hi/guides/electric-foot-massager-electricity-cost-per-massage-session-used/,200,true,true,true,
https://worthcalc.win/hi/guides/electric-griddle-cost-per-cooking-hour-used/,https://worthcalc.win/hi/guides/electric-griddle-cost-per-cooking-hour-used/,/hi/guides/electric-griddle-cost-per-cooking-hour-used/,200,true,true,true,
https://worthcalc.win/hi/guides/electric-hand-mixer-electricity-cost-per-mixing-session-used/,https://worthcalc.win/hi/guides/electric-hand-mixer-electricity-cost-per-mixing-session-used/,/hi/guides/electric-hand-mixer-electricity-cost-per-mixing-session-used/,200,true,true,true,
https://worthcalc.win/hi/guides/electric-insect-zapper-electricity-cost-per-overnight-used/,https://worthcalc.win/hi/guides/electric-insect-zapper-electricity-cost-per-overnight-used/,/hi/guides/electric-insect-zapper-electricity-cost-per-overnight-used/,200,true,true,true,
https://worthcalc.win/hi/guides/electric-kettle-cost-per-boil-used/,https://worthcalc.win/hi/guides/electric-kettle-cost-per-boil-used/,/hi/guides/electric-kettle-cost-per-boil-used/,200,true,true,true,
https://worthcalc.win/hi/guides/electric-lunch-box-cost-per-heating-cycle-used/,https://worthcalc.win/hi/guides/electric-lunch-box-cost-per-heating-cycle-used/,/hi/guides/electric-lunch-box-cost-per-heating-cycle-used/,200,true,true,true,
https://worthcalc.win/hi/guides/electric-meat-grinder-cost-per-grinding-session-used/,https://worthcalc.win/hi/guides/electric-meat-grinder-cost-per-grinding-session-used/,/hi/guides/electric-meat-grinder-cost-per-grinding-session-used/,200,true,true,true,
https://worthcalc.win/hi/guides/electric-milk-frother-cost-per-frothing-session-used/,https://worthcalc.win/hi/guides/electric-milk-frother-cost-per-frothing-session-used/,/hi/guides/electric-milk-frother-cost-per-frothing-session-used/,200,true,true,true,
https://worthcalc.win/hi/guides/electric-pasta-maker-cost-per-batch-used/,https://worthcalc.win/hi/guides/electric-pasta-maker-cost-per-batch-used/,/hi/guides/electric-pasta-maker-cost-per-batch-used/,200,true,true,true,
https://worthcalc.win/hi/guides/electric-pencil-sharpener-electricity-cost-per-sharpening-session-used/,https://worthcalc.win/hi/guides/electric-pencil-sharpener-electricity-cost-per-sharpening-session-used/,/hi/guides/electric-pencil-sharpener-electricity-cost-per-sharpening-session-used/,200,true,true,true,
https://worthcalc.win/hi/guides/electric-pressure-cooker-cost-per-cooking-cycle-used/,https://worthcalc.win/hi/guides/electric-pressure-cooker-cost-per-cooking-cycle-used/,/hi/guides/electric-pressure-cooker-cost-per-cooking-cycle-used/,200,true,true,true,
https://worthcalc.win/hi/guides/electric-shaver-electricity-cost-per-grooming-session-used/,https://worthcalc.win/hi/guides/electric-shaver-electricity-cost-per-grooming-session-used/,/hi/guides/electric-shaver-electricity-cost-per-grooming-session-used/,200,true,true,true,
https://worthcalc.win/hi/guides/electric-space-heater-cost-per-heating-hour-used/,https://worthcalc.win/hi/guides/electric-space-heater-cost-per-heating-hour-used/,/hi/guides/electric-space-heater-cost-per-heating-hour-used/,200,true,true,true,
https://worthcalc.win/hi/guides/electric-standing-desk-electricity-cost-per-adjusted-day-used/,https://worthcalc.win/hi/guides/electric-standing-desk-electricity-cost-per-adjusted-day-used/,/hi/guides/electric-standing-desk-electricity-cost-per-adjusted-day-used/,200,true,true,true,
https://worthcalc.win/hi/guides/electric-stapler-electricity-cost-per-stapling-session-used/,https://worthcalc.win/hi/guides/electric-stapler-electricity-cost-per-stapling-session-used/,/hi/guides/electric-stapler-electricity-cost-per-stapling-session-used/,200,true,true,true,
https://worthcalc.win/hi/guides/electric-toothbrush-electricity-cost-per-charging-day-used/,https://worthcalc.win/hi/guides/electric-toothbrush-electricity-cost-per-charging-day-used/,/hi/guides/electric-toothbrush-electricity-cost-per-charging-day-used/,200,true,true,true,
https://worthcalc.win/hi/guides/electric-wine-cooler-electricity-cost-per-storage-day-used/,https://worthcalc.win/hi/guides/electric-wine-cooler-electricity-cost-per-storage-day-used/,/hi/guides/electric-wine-cooler-electricity-cost-per-storage-day-used/,200,true,true,true,
https://worthcalc.win/hi/guides/electric-yogurt-maker-cost-per-batch-used/,https://worthcalc.win/hi/guides/electric-yogurt-maker-cost-per-batch-used/,/hi/guides/electric-yogurt-maker-cost-per-batch-used/,200,true,true,true,
https://worthcalc.win/hi/guides/electricity-cost-per-kwh-used/,https://worthcalc.win/hi/guides/electricity-cost-per-kwh-used/,/hi/guides/electricity-cost-per-kwh-used/,200,true,true,true,
https://worthcalc.win/hi/guides/espresso-machine-cost-per-shot-used/,https://worthcalc.win/hi/guides/espresso-machine-cost-per-shot-used/,/hi/guides/espresso-machine-cost-per-shot-used/,200,true,true,true,
https://worthcalc.win/hi/guides/event-ticket-cost-per-attended-hour/,https://worthcalc.win/hi/guides/event-ticket-cost-per-attended-hour/,/hi/guides/event-ticket-cost-per-attended-hour/,200,true,true,true,
https://worthcalc.win/hi/guides/external-hard-drive-electricity-cost-per-backup-job-used/,https://worthcalc.win/hi/guides/external-hard-drive-electricity-cost-per-backup-job-used/,/hi/guides/external-hard-drive-electricity-cost-per-backup-job-used/,200,true,true,true,
https://worthcalc.win/hi/guides/family-plan-break-even-members/,https://worthcalc.win/hi/guides/family-plan-break-even-members/,/hi/guides/family-plan-break-even-members/,200,true,true,true,
https://worthcalc.win/hi/guides/food-dehydrator-cost-per-drying-hour-used/,https://worthcalc.win/hi/guides/food-dehydrator-cost-per-drying-hour-used/,/hi/guides/food-dehydrator-cost-per-drying-hour-used/,200,true,true,true,
https://worthcalc.win/hi/guides/food-processor-cost-per-prep-session-used/,https://worthcalc.win/hi/guides/food-processor-cost-per-prep-session-used/,/hi/guides/food-processor-cost-per-prep-session-used/,200,true,true,true,
https://worthcalc.win/hi/guides/free-trial-auto-renewal-first-charge/,https://worthcalc.win/hi/guides/free-trial-auto-renewal-first-charge/,/hi/guides/free-trial-auto-renewal-first-charge/,200,true,true,true,
https://worthcalc.win/hi/guides/freezer-cost-per-day-used/,https://worthcalc.win/hi/guides/freezer-cost-per-day-used/,/hi/guides/freezer-cost-per-day-used/,200,true,true,true,
https://worthcalc.win/hi/guides/gaming-console-electricity-cost-per-gaming-hour-used/,https://worthcalc.win/hi/guides/gaming-console-electricity-cost-per-gaming-hour-used/,/hi/guides/gaming-console-electricity-cost-per-gaming-hour-used/,200,true,true,true,
https://worthcalc.win/hi/guides/garage-door-opener-electricity-cost-per-cycle-used/,https://worthcalc.win/hi/guides/garage-door-opener-electricity-cost-per-cycle-used/,/hi/guides/garage-door-opener-electricity-cost-per-cycle-used/,200,true,true,true,
https://worthcalc.win/hi/guides/garment-steamer-cost-per-steaming-hour-used/,https://worthcalc.win/hi/guides/garment-steamer-cost-per-steaming-hour-used/,/hi/guides/garment-steamer-cost-per-steaming-hour-used/,200,true,true,true,
https://worthcalc.win/hi/guides/glue-gun-electricity-cost-per-crafting-hour-used/,https://worthcalc.win/hi/guides/glue-gun-electricity-cost-per-crafting-hour-used/,/hi/guides/glue-gun-electricity-cost-per-crafting-hour-used/,200,true,true,true,
https://worthcalc.win/hi/guides/gym-membership-cost-per-visit/,https://worthcalc.win/hi/guides/gym-membership-cost-per-visit/,/hi/guides/gym-membership-cost-per-visit/,200,true,true,true,
https://worthcalc.win/hi/guides/hair-dryer-cost-per-drying-session-used/,https://worthcalc.win/hi/guides/hair-dryer-cost-per-drying-session-used/,/hi/guides/hair-dryer-cost-per-drying-session-used/,200,true,true,true,
https://worthcalc.win/hi/guides/heat-pump-cost-per-heating-hour-used/,https://worthcalc.win/hi/guides/heat-pump-cost-per-heating-hour-used/,/hi/guides/heat-pump-cost-per-heating-hour-used/,200,true,true,true,
https://worthcalc.win/hi/guides/hobby-equipment-cost-per-use/,https://worthcalc.win/hi/guides/hobby-equipment-cost-per-use/,/hi/guides/hobby-equipment-cost-per-use/,200,true,true,true,
https://worthcalc.win/hi/guides/home-internet-cost-per-gb-used/,https://worthcalc.win/hi/guides/home-internet-cost-per-gb-used/,/hi/guides/home-internet-cost-per-gb-used/,200,true,true,true,
https://worthcalc.win/hi/guides/humidifier-electricity-cost-per-humidifying-hour-used/,https://worthcalc.win/hi/guides/humidifier-electricity-cost-per-humidifying-hour-used/,/hi/guides/humidifier-electricity-cost-per-humidifying-hour-used/,200,true,true,true,
https://worthcalc.win/hi/guides/hvac-cost-per-operating-hour-used/,https://worthcalc.win/hi/guides/hvac-cost-per-operating-hour-used/,/hi/guides/hvac-cost-per-operating-hour-used/,200,true,true,true,
https://worthcalc.win/hi/guides/induction-cooktop-cost-per-cooking-hour-used/,https://worthcalc.win/hi/guides/induction-cooktop-cost-per-cooking-hour-used/,/hi/guides/induction-cooktop-cost-per-cooking-hour-used/,200,true,true,true,
https://worthcalc.win/hi/guides/introductory-discount-renewal-cost/,https://worthcalc.win/hi/guides/introductory-discount-renewal-cost/,/hi/guides/introductory-discount-renewal-cost/,200,true,true,true,
https://worthcalc.win/hi/guides/label-maker-electricity-cost-per-labeling-session-used/,https://worthcalc.win/hi/guides/label-maker-electricity-cost-per-labeling-session-used/,/hi/guides/label-maker-electricity-cost-per-labeling-session-used/,200,true,true,true,
https://worthcalc.win/hi/guides/laminator-electricity-cost-per-laminating-batch-used/,https://worthcalc.win/hi/guides/laminator-electricity-cost-per-laminating-batch-used/,/hi/guides/laminator-electricity-cost-per-laminating-batch-used/,200,true,true,true,
https://worthcalc.win/hi/guides/language-class-cost-per-completed-session/,https://worthcalc.win/hi/guides/language-class-cost-per-completed-session/,/hi/guides/language-class-cost-per-completed-session/,200,true,true,true,
https://worthcalc.win/hi/guides/laptop-docking-station-electricity-cost-per-workday-used/,https://worthcalc.win/hi/guides/laptop-docking-station-electricity-cost-per-workday-used/,/hi/guides/laptop-docking-station-electricity-cost-per-workday-used/,200,true,true,true,
https://worthcalc.win/hi/guides/laundry-cost-per-load/,https://worthcalc.win/hi/guides/laundry-cost-per-load/,/hi/guides/laundry-cost-per-load/,200,true,true,true,
https://worthcalc.win/hi/guides/led-lighting-cost-per-hour-used/,https://worthcalc.win/hi/guides/led-lighting-cost-per-hour-used/,/hi/guides/led-lighting-cost-per-hour-used/,200,true,true,true,
https://worthcalc.win/hi/guides/meal-delivery-plan-cost-per-eaten-meal/,https://worthcalc.win/hi/guides/meal-delivery-plan-cost-per-eaten-meal/,/hi/guides/meal-delivery-plan-cost-per-eaten-meal/,200,true,true,true,
https://worthcalc.win/hi/guides/meal-kit-cost-per-serving-after-waste/,https://worthcalc.win/hi/guides/meal-kit-cost-per-serving-after-waste/,/hi/guides/meal-kit-cost-per-serving-after-waste/,200,true,true,true,
https://worthcalc.win/hi/guides/microwave-cost-per-cooking-cycle-used/,https://worthcalc.win/hi/guides/microwave-cost-per-cooking-cycle-used/,/hi/guides/microwave-cost-per-cooking-cycle-used/,200,true,true,true,
https://worthcalc.win/hi/guides/minimum-spend-fee-waiver-break-even/,https://worthcalc.win/hi/guides/minimum-spend-fee-waiver-break-even/,/hi/guides/minimum-spend-fee-waiver-break-even/,200,true,true,true,
https://worthcalc.win/hi/guides/mobile-data-cost-per-gb-used/,https://worthcalc.win/hi/guides/mobile-data-cost-per-gb-used/,/hi/guides/mobile-data-cost-per-gb-used/,200,true,true,true,
https://worthcalc.win/hi/guides/monitor-electricity-cost-per-work-hour-used/,https://worthcalc.win/hi/guides/monitor-electricity-cost-per-work-hour-used/,/hi/guides/monitor-electricity-cost-per-work-hour-used/,200,true,true,true,
https://worthcalc.win/hi/guides/monthly-vs-annual-total-cost/,https://worthcalc.win/hi/guides/monthly-vs-annual-total-cost/,/hi/guides/monthly-vs-annual-total-cost/,200,true,true,true,
https://worthcalc.win/hi/guides/natural-gas-cost-per-therm-used/,https://worthcalc.win/hi/guides/natural-gas-cost-per-therm-used/,/hi/guides/natural-gas-cost-per-therm-used/,200,true,true,true,
https://worthcalc.win/hi/guides/one-time-switching-cost-payback/,https://worthcalc.win/hi/guides/one-time-switching-cost-payback/,/hi/guides/one-time-switching-cost-payback/,200,true,true,true,
https://worthcalc.win/hi/guides/online-course-cost-per-completed-lesson/,https://worthcalc.win/hi/guides/online-course-cost-per-completed-lesson/,/hi/guides/online-course-cost-per-completed-lesson/,200,true,true,true,
https://worthcalc.win/hi/guides/outdoor-string-lights-electricity-cost-per-evening-used/,https://worthcalc.win/hi/guides/outdoor-string-lights-electricity-cost-per-evening-used/,/hi/guides/outdoor-string-lights-electricity-cost-per-evening-used/,200,true,true,true,
https://worthcalc.win/hi/guides/oven-stove-cost-per-cooking-hour-used/,https://worthcalc.win/hi/guides/oven-stove-cost-per-cooking-hour-used/,/hi/guides/oven-stove-cost-per-cooking-hour-used/,200,true,true,true,
https://worthcalc.win/hi/guides/paper-shredder-electricity-cost-per-shredding-session-used/,https://worthcalc.win/hi/guides/paper-shredder-electricity-cost-per-shredding-session-used/,/hi/guides/paper-shredder-electricity-cost-per-shredding-session-used/,200,true,true,true,
https://worthcalc.win/hi/guides/parking-pass-cost-per-day-used/,https://worthcalc.win/hi/guides/parking-pass-cost-per-day-used/,/hi/guides/parking-pass-cost-per-day-used/,200,true,true,true,
https://worthcalc.win/hi/guides/pause-vs-cancel-membership-cost/,https://worthcalc.win/hi/guides/pause-vs-cancel-membership-cost/,/hi/guides/pause-vs-cancel-membership-cost/,200,true,true,true,
https://worthcalc.win/hi/guides/phone-charger-cost-per-charge-used/,https://worthcalc.win/hi/guides/phone-charger-cost-per-charge-used/,/hi/guides/phone-charger-cost-per-charge-used/,200,true,true,true,
https://worthcalc.win/hi/guides/pool-pump-cost-per-operating-hour-used/,https://worthcalc.win/hi/guides/pool-pump-cost-per-operating-hour-used/,/hi/guides/pool-pump-cost-per-operating-hour-used/,200,true,true,true,
https://worthcalc.win/hi/guides/pool-pump-electricity-cost-per-filtration-cycle-used/,https://worthcalc.win/hi/guides/pool-pump-electricity-cost-per-filtration-cycle-used/,/hi/guides/pool-pump-electricity-cost-per-filtration-cycle-used/,200,true,true,true,
https://worthcalc.win/hi/guides/portable-ac-cost-per-cooling-hour-used/,https://worthcalc.win/hi/guides/portable-ac-cost-per-cooling-hour-used/,/hi/guides/portable-ac-cost-per-cooling-hour-used/,200,true,true,true,
https://worthcalc.win/hi/guides/portable-air-conditioner-electricity-cost-per-cooling-session-used/,https://worthcalc.win/hi/guides/portable-air-conditioner-electricity-cost-per-cooling-session-used/,/hi/guides/portable-air-conditioner-electricity-cost-per-cooling-session-used/,200,true,true,true,
https://worthcalc.win/hi/guides/prepaid-balance-expiration-cost/,https://worthcalc.win/hi/guides/prepaid-balance-expiration-cost/,/hi/guides/prepaid-balance-expiration-cost/,200,true,true,true,
https://worthcalc.win/hi/guides/printer-electricity-cost-per-print-job-used/,https://worthcalc.win/hi/guides/printer-electricity-cost-per-print-job-used/,/hi/guides/printer-electricity-cost-per-print-job-used/,200,true,true,true,
https://worthcalc.win/hi/guides/projector-electricity-cost-per-presentation-hour-used/,https://worthcalc.win/hi/guides/projector-electricity-cost-per-presentation-hour-used/,/hi/guides/projector-electricity-cost-per-presentation-hour-used/,200,true,true,true,
https://worthcalc.win/hi/guides/recurring-costs-annual-total/,https://worthcalc.win/hi/guides/recurring-costs-annual-total/,/hi/guides/recurring-costs-annual-total/,200,true,true,true,
https://worthcalc.win/hi/guides/refrigerator-cost-per-day-used/,https://worthcalc.win/hi/guides/refrigerator-cost-per-day-used/,/hi/guides/refrigerator-cost-per-day-used/,200,true,true,true,
https://worthcalc.win/hi/guides/rice-cooker-cost-per-cooking-cycle-used/,https://worthcalc.win/hi/guides/rice-cooker-cost-per-cooking-cycle-used/,/hi/guides/rice-cooker-cost-per-cooking-cycle-used/,200,true,true,true,
https://worthcalc.win/hi/guides/robot-vacuum-cost-per-cleaning-cycle-used/,https://worthcalc.win/hi/guides/robot-vacuum-cost-per-cleaning-cycle-used/,/hi/guides/robot-vacuum-cost-per-cleaning-cycle-used/,200,true,true,true,
https://worthcalc.win/hi/guides/room-air-conditioner-cost-per-cooling-hour-used/,https://worthcalc.win/hi/guides/room-air-conditioner-cost-per-cooling-hour-used/,/hi/guides/room-air-conditioner-cost-per-cooling-hour-used/,200,true,true,true,
https://worthcalc.win/hi/guides/router-electricity-cost-per-month-used/,https://worthcalc.win/hi/guides/router-electricity-cost-per-month-used/,/hi/guides/router-electricity-cost-per-month-used/,200,true,true,true,
https://worthcalc.win/hi/guides/sandwich-maker-cost-per-use-used/,https://worthcalc.win/hi/guides/sandwich-maker-cost-per-use-used/,/hi/guides/sandwich-maker-cost-per-use-used/,200,true,true,true,
https://worthcalc.win/hi/guides/savings-break-even-use-period/,https://worthcalc.win/hi/guides/savings-break-even-use-period/,/hi/guides/savings-break-even-use-period/,200,true,true,true,
https://worthcalc.win/hi/guides/scanner-electricity-cost-per-scanning-session-used/,https://worthcalc.win/hi/guides/scanner-electricity-cost-per-scanning-session-used/,/hi/guides/scanner-electricity-cost-per-scanning-session-used/,200,true,true,true,
https://worthcalc.win/hi/guides/sewing-machine-electricity-cost-per-sewing-hour-used/,https://worthcalc.win/hi/guides/sewing-machine-electricity-cost-per-sewing-hour-used/,/hi/guides/sewing-machine-electricity-cost-per-sewing-hour-used/,200,true,true,true,
https://worthcalc.win/hi/guides/slow-cooker-cost-per-cooking-hour-used/,https://worthcalc.win/hi/guides/slow-cooker-cost-per-cooking-hour-used/,/hi/guides/slow-cooker-cost-per-cooking-hour-used/,200,true,true,true,
https://worthcalc.win/hi/guides/smart-speaker-electricity-cost-per-listening-hour-used/,https://worthcalc.win/hi/guides/smart-speaker-electricity-cost-per-listening-hour-used/,/hi/guides/smart-speaker-electricity-cost-per-listening-hour-used/,200,true,true,true,
https://worthcalc.win/hi/guides/software-add-on-cost-per-active-seat/,https://worthcalc.win/hi/guides/software-add-on-cost-per-active-seat/,/hi/guides/software-add-on-cost-per-active-seat/,200,true,true,true,
https://worthcalc.win/hi/guides/software-seat-cost-per-active-user/,https://worthcalc.win/hi/guides/software-seat-cost-per-active-user/,/hi/guides/software-seat-cost-per-active-user/,200,true,true,true,
https://worthcalc.win/hi/guides/solar-inverter-electricity-cost-per-monitoring-day-used/,https://worthcalc.win/hi/guides/solar-inverter-electricity-cost-per-monitoring-day-used/,/hi/guides/solar-inverter-electricity-cost-per-monitoring-day-used/,200,true,true,true,
https://worthcalc.win/hi/guides/soldering-iron-electricity-cost-per-repair-hour-used/,https://worthcalc.win/hi/guides/soldering-iron-electricity-cost-per-repair-hour-used/,/hi/guides/soldering-iron-electricity-cost-per-repair-hour-used/,200,true,true,true,
https://worthcalc.win/hi/guides/soundbar-electricity-cost-per-watched-hour-used/,https://worthcalc.win/hi/guides/soundbar-electricity-cost-per-watched-hour-used/,/hi/guides/soundbar-electricity-cost-per-watched-hour-used/,200,true,true,true,
https://worthcalc.win/hi/guides/stand-mixer-cost-per-mixing-session-used/,https://worthcalc.win/hi/guides/stand-mixer-cost-per-mixing-session-used/,/hi/guides/stand-mixer-cost-per-mixing-session-used/,200,true,true,true,
https://worthcalc.win/hi/guides/standby-power-cost-per-day-used/,https://worthcalc.win/hi/guides/standby-power-cost-per-day-used/,/hi/guides/standby-power-cost-per-day-used/,200,true,true,true,
https://worthcalc.win/hi/guides/streaming-cost-per-watched-hour/,https://worthcalc.win/hi/guides/streaming-cost-per-watched-hour/,/hi/guides/streaming-cost-per-watched-hour/,200,true,true,true,
https://worthcalc.win/hi/guides/subscription-price-increase-annual-impact/,https://worthcalc.win/hi/guides/subscription-price-increase-annual-impact/,/hi/guides/subscription-price-increase-annual-impact/,200,true,true,true,
https://worthcalc.win/hi/guides/television-electricity-cost-per-watched-hour-used/,https://worthcalc.win/hi/guides/television-electricity-cost-per-watched-hour-used/,/hi/guides/television-electricity-cost-per-watched-hour-used/,200,true,true,true,
https://worthcalc.win/hi/guides/terrarium-heat-lamp-electricity-cost-per-heating-hour-used/,https://worthcalc.win/hi/guides/terrarium-heat-lamp-electricity-cost-per-heating-hour-used/,/hi/guides/terrarium-heat-lamp-electricity-cost-per-heating-hour-used/,200,true,true,true,
https://worthcalc.win/hi/guides/toaster-cost-per-use-used/,https://worthcalc.win/hi/guides/toaster-cost-per-use-used/,/hi/guides/toaster-cost-per-use-used/,200,true,true,true,
https://worthcalc.win/hi/guides/tool-rental-cost-per-project/,https://worthcalc.win/hi/guides/tool-rental-cost-per-project/,/hi/guides/tool-rental-cost-per-project/,200,true,true,true,
https://worthcalc.win/hi/guides/transit-pass-cost-per-ride-used/,https://worthcalc.win/hi/guides/transit-pass-cost-per-ride-used/,/hi/guides/transit-pass-cost-per-ride-used/,200,true,true,true,
https://worthcalc.win/hi/guides/true-cost-of-buy-now-pay-later/,https://worthcalc.win/hi/guides/true-cost-of-buy-now-pay-later/,/hi/guides/true-cost-of-buy-now-pay-later/,200,true,true,true,
https://worthcalc.win/hi/guides/true-cost-of-convenience-delivery/,https://worthcalc.win/hi/guides/true-cost-of-convenience-delivery/,/hi/guides/true-cost-of-convenience-delivery/,200,true,true,true,
https://worthcalc.win/hi/guides/true-cost-of-extended-warranty/,https://worthcalc.win/hi/guides/true-cost-of-extended-warranty/,/hi/guides/true-cost-of-extended-warranty/,200,true,true,true,
https://worthcalc.win/hi/guides/true-cost-of-free-shipping-threshold/,https://worthcalc.win/hi/guides/true-cost-of-free-shipping-threshold/,/hi/guides/true-cost-of-free-shipping-threshold/,200,true,true,true,
https://worthcalc.win/hi/guides/true-cost-of-home-service-plan/,https://worthcalc.win/hi/guides/true-cost-of-home-service-plan/,/hi/guides/true-cost-of-home-service-plan/,200,true,true,true,
https://worthcalc.win/hi/guides/true-cost-of-rental-car/,https://worthcalc.win/hi/guides/true-cost-of-rental-car/,/hi/guides/true-cost-of-rental-car/,200,true,true,true,
https://worthcalc.win/hi/guides/true-cost-of-upgrade-feature/,https://worthcalc.win/hi/guides/true-cost-of-upgrade-feature/,/hi/guides/true-cost-of-upgrade-feature/,200,true,true,true,
https://worthcalc.win/hi/guides/unused-membership-capacity-cost/,https://worthcalc.win/hi/guides/unused-membership-capacity-cost/,/hi/guides/unused-membership-capacity-cost/,200,true,true,true,
https://worthcalc.win/hi/guides/usb-charging-hub-electricity-cost-per-charging-session-used/,https://worthcalc.win/hi/guides/usb-charging-hub-electricity-cost-per-charging-session-used/,/hi/guides/usb-charging-hub-electricity-cost-per-charging-session-used/,200,true,true,true,
https://worthcalc.win/hi/guides/vacuum-cleaner-electricity-cost-per-cleaning-hour-used/,https://worthcalc.win/hi/guides/vacuum-cleaner-electricity-cost-per-cleaning-hour-used/,/hi/guides/vacuum-cleaner-electricity-cost-per-cleaning-hour-used/,200,true,true,true,
https://worthcalc.win/hi/guides/waffle-maker-cost-per-cooking-cycle-used/,https://worthcalc.win/hi/guides/waffle-maker-cost-per-cooking-cycle-used/,/hi/guides/waffle-maker-cost-per-cooking-cycle-used/,200,true,true,true,
https://worthcalc.win/hi/guides/water-bill-cost-per-gallon-used/,https://worthcalc.win/hi/guides/water-bill-cost-per-gallon-used/,/hi/guides/water-bill-cost-per-gallon-used/,200,true,true,true,
https://worthcalc.win/hi/guides/water-cooler-electricity-cost-per-cooling-day-used/,https://worthcalc.win/hi/guides/water-cooler-electricity-cost-per-cooling-day-used/,/hi/guides/water-cooler-electricity-cost-per-cooling-day-used/,200,true,true,true,
https://worthcalc.win/hi/guides/water-heater-cost-per-gallon-heated/,https://worthcalc.win/hi/guides/water-heater-cost-per-gallon-heated/,/hi/guides/water-heater-cost-per-gallon-heated/,200,true,true,true,
https://worthcalc.win/hi/guides/webcam-electricity-cost-per-meeting-hour-used/,https://worthcalc.win/hi/guides/webcam-electricity-cost-per-meeting-hour-used/,/hi/guides/webcam-electricity-cost-per-meeting-hour-used/,200,true,true,true,
https://worthcalc.win/,https://worthcalc.win/,/,200,true,true,true,
https://worthcalc.win/zh/about/,https://worthcalc.win/zh/about/,/zh/about/,200,true,true,true,
https://worthcalc.win/zh/annual-fee-card-breakeven/,https://worthcalc.win/zh/annual-fee-card-breakeven/,/zh/annual-fee-card-breakeven/,200,true,true,true,
https://worthcalc.win/zh/annual-vs-monthly-billing/,https://worthcalc.win/zh/annual-vs-monthly-billing/,/zh/annual-vs-monthly-billing/,200,true,true,true,
https://worthcalc.win/zh/apr-vs-apy/,https://worthcalc.win/zh/apr-vs-apy/,/zh/apr-vs-apy/,200,true,true,true,
https://worthcalc.win/zh/average-commuting-cost/,https://worthcalc.win/zh/average-commuting-cost/,/zh/average-commuting-cost/,200,true,true,true,
https://worthcalc.win/zh/bnpl-vs-credit-card-installments/,https://worthcalc.win/zh/bnpl-vs-credit-card-installments/,/zh/bnpl-vs-credit-card-installments/,200,true,true,true,
https://worthcalc.win/zh/budget-with-irregular-income/,https://worthcalc.win/zh/budget-with-irregular-income/,/zh/budget-with-irregular-income/,200,true,true,true,
https://worthcalc.win/zh/bulk-buying-vs-small-packages/,https://worthcalc.win/zh/bulk-buying-vs-small-packages/,/zh/bulk-buying-vs-small-packages/,200,true,true,true,
https://worthcalc.win/zh/bulk-buying-waste-math/,https://worthcalc.win/zh/bulk-buying-waste-math/,/zh/bulk-buying-waste-math/,200,true,true,true,
https://worthcalc.win/zh/car-lease-vs-buy-total-cost/,https://worthcalc.win/zh/car-lease-vs-buy-total-cost/,/zh/car-lease-vs-buy-total-cost/,200,true,true,true,
https://worthcalc.win/zh/cashback-caps-real-reward-rate/,https://worthcalc.win/zh/cashback-caps-real-reward-rate/,/zh/cashback-caps-real-reward-rate/,200,true,true,true,
https://worthcalc.win/zh/changelog/,https://worthcalc.win/zh/changelog/,/zh/changelog/,200,true,true,true,
https://worthcalc.win/zh/contact/,https://worthcalc.win/zh/contact/,/zh/contact/,200,true,true,true,
https://worthcalc.win/zh/cost-per-use-expensive-item/,https://worthcalc.win/zh/cost-per-use-expensive-item/,/zh/cost-per-use-expensive-item/,200,true,true,true,
https://worthcalc.win/zh/costco-math/,https://worthcalc.win/zh/costco-math/,/zh/costco-math/,200,true,true,true,
https://worthcalc.win/zh/credit-card-minimum-payment-trap/,https://worthcalc.win/zh/credit-card-minimum-payment-trap/,/zh/credit-card-minimum-payment-trap/,200,true,true,true,
https://worthcalc.win/zh/delivery-membership-break-even/,https://worthcalc.win/zh/delivery-membership-break-even/,/zh/delivery-membership-break-even/,200,true,true,true,
https://worthcalc.win/zh/disclaimer/,https://worthcalc.win/zh/disclaimer/,/zh/disclaimer/,200,true,true,true,
https://worthcalc.win/zh/emergency-fund-how-much/,https://worthcalc.win/zh/emergency-fund-how-much/,/zh/emergency-fund-how-much/,200,true,true,true,
https://worthcalc.win/zh/emergency-fund-irregular-income/,https://worthcalc.win/zh/emergency-fund-irregular-income/,/zh/emergency-fund-irregular-income/,200,true,true,true,
https://worthcalc.win/zh/emergency-fund-vs-debt-payoff/,https://worthcalc.win/zh/emergency-fund-vs-debt-payoff/,/zh/emergency-fund-vs-debt-payoff/,200,true,true,true,
https://worthcalc.win/zh/emergency-fund-vs-sinking-fund/,https://worthcalc.win/zh/emergency-fund-vs-sinking-fund/,/zh/emergency-fund-vs-sinking-fund/,200,true,true,true,
https://worthcalc.win/zh/energy-efficient-appliance-payback/,https://worthcalc.win/zh/energy-efficient-appliance-payback/,/zh/energy-efficient-appliance-payback/,200,true,true,true,
https://worthcalc.win/zh/ev-vs-gas-total-cost/,https://worthcalc.win/zh/ev-vs-gas-total-cost/,/zh/ev-vs-gas-total-cost/,200,true,true,true,
https://worthcalc.win/zh/extended-warranty-math/,https://worthcalc.win/zh/extended-warranty-math/,/zh/extended-warranty-math/,200,true,true,true,
https://worthcalc.win/zh/extra-mortgage-payments-guide/,https://worthcalc.win/zh/extra-mortgage-payments-guide/,/zh/extra-mortgage-payments-guide/,200,true,true,true,
https://worthcalc.win/zh/free-shipping-threshold/,https://worthcalc.win/zh/free-shipping-threshold/,/zh/free-shipping-threshold/,200,true,true,true,
https://worthcalc.win/zh/full-commute-cost-including-time/,https://worthcalc.win/zh/full-commute-cost-including-time/,/zh/full-commute-cost-including-time/,200,true,true,true,
https://worthcalc.win/zh/guides/3d-printer-electricity-cost-per-print-used/,https://worthcalc.win/zh/guides/3d-printer-electricity-cost-per-print-used/,/zh/guides/3d-printer-electricity-cost-per-print-used/,200,true,true,true,
https://worthcalc.win/zh/guides/3d-scanner-electricity-cost-per-scanning-session-used/,https://worthcalc.win/zh/guides/3d-scanner-electricity-cost-per-scanning-session-used/,/zh/guides/3d-scanner-electricity-cost-per-scanning-session-used/,200,true,true,true,
https://worthcalc.win/zh/guides/ai-tool-realized-time-savings-break-even/,https://worthcalc.win/zh/guides/ai-tool-realized-time-savings-break-even/,/zh/guides/ai-tool-realized-time-savings-break-even/,200,true,true,true,
https://worthcalc.win/zh/guides/air-fryer-cost-per-cooking-cycle-used/,https://worthcalc.win/zh/guides/air-fryer-cost-per-cooking-cycle-used/,/zh/guides/air-fryer-cost-per-cooking-cycle-used/,200,true,true,true,
https://worthcalc.win/zh/guides/air-purifier-cost-per-clean-air-hour-used/,https://worthcalc.win/zh/guides/air-purifier-cost-per-clean-air-hour-used/,/zh/guides/air-purifier-cost-per-clean-air-hour-used/,200,true,true,true,
https://worthcalc.win/zh/guides/amortization-schedule-explained/,https://worthcalc.win/zh/guides/amortization-schedule-explained/,/zh/guides/amortization-schedule-explained/,200,true,true,true,
https://worthcalc.win/zh/guides/annual-bill-cluster-cash-low-point/,https://worthcalc.win/zh/guides/annual-bill-cluster-cash-low-point/,/zh/guides/annual-bill-cluster-cash-low-point/,200,true,true,true,
https://worthcalc.win/zh/guides/annual-cost-savings-calculator/,https://worthcalc.win/zh/guides/annual-cost-savings-calculator/,/zh/guides/annual-cost-savings-calculator/,200,true,true,true,
https://worthcalc.win/zh/guides/annual-expenses-monthly-equivalent/,https://worthcalc.win/zh/guides/annual-expenses-monthly-equivalent/,/zh/guides/annual-expenses-monthly-equivalent/,200,true,true,true,
https://worthcalc.win/zh/guides/annual-plan-cancellation-risk-break-even/,https://worthcalc.win/zh/guides/annual-plan-cancellation-risk-break-even/,/zh/guides/annual-plan-cancellation-risk-break-even/,200,true,true,true,
https://worthcalc.win/zh/guides/aquarium-air-pump-electricity-cost-per-filtration-day-used/,https://worthcalc.win/zh/guides/aquarium-air-pump-electricity-cost-per-filtration-day-used/,/zh/guides/aquarium-air-pump-electricity-cost-per-filtration-day-used/,200,true,true,true,
https://worthcalc.win/zh/guides/aquarium-heater-electricity-cost-per-tank-day-used/,https://worthcalc.win/zh/guides/aquarium-heater-electricity-cost-per-tank-day-used/,/zh/guides/aquarium-heater-electricity-cost-per-tank-day-used/,200,true,true,true,
https://worthcalc.win/zh/guides/attic-fan-electricity-cost-per-ventilation-hour-used/,https://worthcalc.win/zh/guides/attic-fan-electricity-cost-per-ventilation-hour-used/,/zh/guides/attic-fan-electricity-cost-per-ventilation-hour-used/,200,true,true,true,
https://worthcalc.win/zh/guides/auto-loan-negative-equity-rollover-cost/,https://worthcalc.win/zh/guides/auto-loan-negative-equity-rollover-cost/,/zh/guides/auto-loan-negative-equity-rollover-cost/,200,true,true,true,
https://worthcalc.win/zh/guides/balance-transfer-fee-break-even/,https://worthcalc.win/zh/guides/balance-transfer-fee-break-even/,/zh/guides/balance-transfer-fee-break-even/,200,true,true,true,
https://worthcalc.win/zh/guides/base-salary-vs-bonus-fixed-cost-capacity/,https://worthcalc.win/zh/guides/base-salary-vs-bonus-fixed-cost-capacity/,/zh/guides/base-salary-vs-bonus-fixed-cost-capacity/,200,true,true,true,
https://worthcalc.win/zh/guides/bathroom-ventilation-fan-electricity-cost-per-shower-used/,https://worthcalc.win/zh/guides/bathroom-ventilation-fan-electricity-cost-per-shower-used/,/zh/guides/bathroom-ventilation-fan-electricity-cost-per-shower-used/,200,true,true,true,
https://worthcalc.win/zh/guides/billing-date-cash-flow-overlap/,https://worthcalc.win/zh/guides/billing-date-cash-flow-overlap/,/zh/guides/billing-date-cash-flow-overlap/,200,true,true,true,
https://worthcalc.win/zh/guides/blender-cost-per-blending-session-used/,https://worthcalc.win/zh/guides/blender-cost-per-blending-session-used/,/zh/guides/blender-cost-per-blending-session-used/,200,true,true,true,
https://worthcalc.win/zh/guides/bread-maker-cost-per-loaf-used/,https://worthcalc.win/zh/guides/bread-maker-cost-per-loaf-used/,/zh/guides/bread-maker-cost-per-loaf-used/,200,true,true,true,
https://worthcalc.win/zh/guides/car-down-payment-vs-liquidity/,https://worthcalc.win/zh/guides/car-down-payment-vs-liquidity/,/zh/guides/car-down-payment-vs-liquidity/,200,true,true,true,
https://worthcalc.win/zh/guides/car-loan-60-72-84-early-exit/,https://worthcalc.win/zh/guides/car-loan-60-72-84-early-exit/,/zh/guides/car-loan-60-72-84-early-exit/,200,true,true,true,
https://worthcalc.win/zh/guides/car-major-repair-hold-period-break-even/,https://worthcalc.win/zh/guides/car-major-repair-hold-period-break-even/,/zh/guides/car-major-repair-hold-period-break-even/,200,true,true,true,
https://worthcalc.win/zh/guides/cash-discount-vs-financing/,https://worthcalc.win/zh/guides/cash-discount-vs-financing/,/zh/guides/cash-discount-vs-financing/,200,true,true,true,
https://worthcalc.win/zh/guides/cash-flow-buffer-vs-emergency-fund/,https://worthcalc.win/zh/guides/cash-flow-buffer-vs-emergency-fund/,/zh/guides/cash-flow-buffer-vs-emergency-fund/,200,true,true,true,
https://worthcalc.win/zh/guides/cash-runway-before-quitting-job/,https://worthcalc.win/zh/guides/cash-runway-before-quitting-job/,/zh/guides/cash-runway-before-quitting-job/,200,true,true,true,
https://worthcalc.win/zh/guides/cash-vs-car-loan-liquidity-adjusted/,https://worthcalc.win/zh/guides/cash-vs-car-loan-liquidity-adjusted/,/zh/guides/cash-vs-car-loan-liquidity-adjusted/,200,true,true,true,
https://worthcalc.win/zh/guides/ceiling-fan-cost-per-operating-hour-used/,https://worthcalc.win/zh/guides/ceiling-fan-cost-per-operating-hour-used/,/zh/guides/ceiling-fan-cost-per-operating-hour-used/,200,true,true,true,
https://worthcalc.win/zh/guides/ceiling-fan-electricity-cost-per-cooling-hour-used/,https://worthcalc.win/zh/guides/ceiling-fan-electricity-cost-per-cooling-hour-used/,/zh/guides/ceiling-fan-electricity-cost-per-cooling-hour-used/,200,true,true,true,
https://worthcalc.win/zh/guides/childcare-cost-per-hour-used/,https://worthcalc.win/zh/guides/childcare-cost-per-hour-used/,/zh/guides/childcare-cost-per-hour-used/,200,true,true,true,
https://worthcalc.win/zh/guides/childcare-deposit-enrollment-cashflow/,https://worthcalc.win/zh/guides/childcare-deposit-enrollment-cashflow/,/zh/guides/childcare-deposit-enrollment-cashflow/,200,true,true,true,
https://worthcalc.win/zh/guides/childcare-return-to-work-break-even/,https://worthcalc.win/zh/guides/childcare-return-to-work-break-even/,/zh/guides/childcare-return-to-work-break-even/,200,true,true,true,
https://worthcalc.win/zh/guides/clothes-dryer-cost-per-load-used/,https://worthcalc.win/zh/guides/clothes-dryer-cost-per-load-used/,/zh/guides/clothes-dryer-cost-per-load-used/,200,true,true,true,
https://worthcalc.win/zh/guides/cloud-storage-cost-per-retained-gb/,https://worthcalc.win/zh/guides/cloud-storage-cost-per-retained-gb/,/zh/guides/cloud-storage-cost-per-retained-gb/,200,true,true,true,
https://worthcalc.win/zh/guides/coffee-maker-cost-per-brew-used/,https://worthcalc.win/zh/guides/coffee-maker-cost-per-brew-used/,/zh/guides/coffee-maker-cost-per-brew-used/,200,true,true,true,
https://worthcalc.win/zh/guides/commission-income-tax-reserve-cashflow/,https://worthcalc.win/zh/guides/commission-income-tax-reserve-cashflow/,/zh/guides/commission-income-tax-reserve-cashflow/,200,true,true,true,
https://worthcalc.win/zh/guides/computer-electricity-cost-per-day-used/,https://worthcalc.win/zh/guides/computer-electricity-cost-per-day-used/,/zh/guides/computer-electricity-cost-per-day-used/,200,true,true,true,
https://worthcalc.win/zh/guides/cost-of-delaying-savings-goal/,https://worthcalc.win/zh/guides/cost-of-delaying-savings-goal/,/zh/guides/cost-of-delaying-savings-goal/,200,true,true,true,
https://worthcalc.win/zh/guides/cost-per-use-kitchen-appliance/,https://worthcalc.win/zh/guides/cost-per-use-kitchen-appliance/,/zh/guides/cost-per-use-kitchen-appliance/,200,true,true,true,
https://worthcalc.win/zh/guides/cost-per-wear-clothing/,https://worthcalc.win/zh/guides/cost-per-wear-clothing/,/zh/guides/cost-per-wear-clothing/,200,true,true,true,
https://worthcalc.win/zh/guides/costco-executive-break-even-eligible-spend/,https://worthcalc.win/zh/guides/costco-executive-break-even-eligible-spend/,/zh/guides/costco-executive-break-even-eligible-spend/,200,true,true,true,
https://worthcalc.win/zh/guides/costco-gas-detour-break-even/,https://worthcalc.win/zh/guides/costco-gas-detour-break-even/,/zh/guides/costco-gas-detour-break-even/,200,true,true,true,
https://worthcalc.win/zh/guides/costco-household-card-break-even-use/,https://worthcalc.win/zh/guides/costco-household-card-break-even-use/,/zh/guides/costco-household-card-break-even-use/,200,true,true,true,
https://worthcalc.win/zh/guides/costco-membership-fee-break-even-savings/,https://worthcalc.win/zh/guides/costco-membership-fee-break-even-savings/,/zh/guides/costco-membership-fee-break-even-savings/,200,true,true,true,
https://worthcalc.win/zh/guides/costco-renewal-refund-reward-timing/,https://worthcalc.win/zh/guides/costco-renewal-refund-reward-timing/,/zh/guides/costco-renewal-refund-reward-timing/,200,true,true,true,
https://worthcalc.win/zh/guides/costco-reward-cap-usage-break-even/,https://worthcalc.win/zh/guides/costco-reward-cap-usage-break-even/,/zh/guides/costco-reward-cap-usage-break-even/,200,true,true,true,
https://worthcalc.win/zh/guides/costco-reward-exclusion-effective-rate/,https://worthcalc.win/zh/guides/costco-reward-exclusion-effective-rate/,/zh/guides/costco-reward-exclusion-effective-rate/,200,true,true,true,
https://worthcalc.win/zh/guides/countertop-ice-maker-cost-per-batch-used/,https://worthcalc.win/zh/guides/countertop-ice-maker-cost-per-batch-used/,/zh/guides/countertop-ice-maker-cost-per-batch-used/,200,true,true,true,
https://worthcalc.win/zh/guides/coworking-membership-cost-per-day/,https://worthcalc.win/zh/guides/coworking-membership-cost-per-day/,/zh/guides/coworking-membership-cost-per-day/,200,true,true,true,
https://worthcalc.win/zh/guides/debt-consolidation-break-even/,https://worthcalc.win/zh/guides/debt-consolidation-break-even/,/zh/guides/debt-consolidation-break-even/,200,true,true,true,
https://worthcalc.win/zh/guides/debt-free-fixed-cost-creep/,https://worthcalc.win/zh/guides/debt-free-fixed-cost-creep/,/zh/guides/debt-free-fixed-cost-creep/,200,true,true,true,
https://worthcalc.win/zh/guides/debt-paydown-interest-vs-cashflow/,https://worthcalc.win/zh/guides/debt-paydown-interest-vs-cashflow/,/zh/guides/debt-paydown-interest-vs-cashflow/,200,true,true,true,
https://worthcalc.win/zh/guides/debt-to-assets-ratio-personal/,https://worthcalc.win/zh/guides/debt-to-assets-ratio-personal/,/zh/guides/debt-to-assets-ratio-personal/,200,true,true,true,
https://worthcalc.win/zh/guides/dehumidifier-cost-per-pint-removed/,https://worthcalc.win/zh/guides/dehumidifier-cost-per-pint-removed/,/zh/guides/dehumidifier-cost-per-pint-removed/,200,true,true,true,
https://worthcalc.win/zh/guides/dehumidifier-electricity-cost-per-laundry-drying-session-used/,https://worthcalc.win/zh/guides/dehumidifier-electricity-cost-per-laundry-drying-session-used/,/zh/guides/dehumidifier-electricity-cost-per-laundry-drying-session-used/,200,true,true,true,
https://worthcalc.win/zh/guides/desk-fan-electricity-cost-per-cooling-hour-used/,https://worthcalc.win/zh/guides/desk-fan-electricity-cost-per-cooling-hour-used/,/zh/guides/desk-fan-electricity-cost-per-cooling-hour-used/,200,true,true,true,
https://worthcalc.win/zh/guides/desktop-speakers-electricity-cost-per-listening-hour-used/,https://worthcalc.win/zh/guides/desktop-speakers-electricity-cost-per-listening-hour-used/,/zh/guides/desktop-speakers-electricity-cost-per-listening-hour-used/,200,true,true,true,
https://worthcalc.win/zh/guides/digital-photo-frame-electricity-cost-per-display-day-used/,https://worthcalc.win/zh/guides/digital-photo-frame-electricity-cost-per-display-day-used/,/zh/guides/digital-photo-frame-electricity-cost-per-display-day-used/,200,true,true,true,
https://worthcalc.win/zh/guides/dishwasher-cost-per-cycle-used/,https://worthcalc.win/zh/guides/dishwasher-cost-per-cycle-used/,/zh/guides/dishwasher-cost-per-cycle-used/,200,true,true,true,
https://worthcalc.win/zh/guides/document-camera-electricity-cost-per-presentation-hour-used/,https://worthcalc.win/zh/guides/document-camera-electricity-cost-per-presentation-hour-used/,/zh/guides/document-camera-electricity-cost-per-presentation-hour-used/,200,true,true,true,
https://worthcalc.win/zh/guides/down-payment-vs-post-purchase-liquidity/,https://worthcalc.win/zh/guides/down-payment-vs-post-purchase-liquidity/,/zh/guides/down-payment-vs-post-purchase-liquidity/,200,true,true,true,
https://worthcalc.win/zh/guides/e-reader-electricity-cost-per-reading-hour-used/,https://worthcalc.win/zh/guides/e-reader-electricity-cost-per-reading-hour-used/,/zh/guides/e-reader-electricity-cost-per-reading-hour-used/,200,true,true,true,
https://worthcalc.win/zh/guides/effective-interest-rate-explained/,https://worthcalc.win/zh/guides/effective-interest-rate-explained/,/zh/guides/effective-interest-rate-explained/,200,true,true,true,
https://worthcalc.win/zh/guides/electric-air-pump-electricity-cost-per-inflation-session-used/,https://worthcalc.win/zh/guides/electric-air-pump-electricity-cost-per-inflation-session-used/,/zh/guides/electric-air-pump-electricity-cost-per-inflation-session-used/,200,true,true,true,
https://worthcalc.win/zh/guides/electric-blanket-cost-per-night-used/,https://worthcalc.win/zh/guides/electric-blanket-cost-per-night-used/,/zh/guides/electric-blanket-cost-per-night-used/,200,true,true,true,
https://worthcalc.win/zh/guides/electric-can-opener-cost-per-use-used/,https://worthcalc.win/zh/guides/electric-can-opener-cost-per-use-used/,/zh/guides/electric-can-opener-cost-per-use-used/,200,true,true,true,
https://worthcalc.win/zh/guides/electric-citrus-juicer-cost-per-juice-session-used/,https://worthcalc.win/zh/guides/electric-citrus-juicer-cost-per-juice-session-used/,/zh/guides/electric-citrus-juicer-cost-per-juice-session-used/,200,true,true,true,
https://worthcalc.win/zh/guides/electric-egg-cooker-cost-per-cooking-cycle-used/,https://worthcalc.win/zh/guides/electric-egg-cooker-cost-per-cooking-cycle-used/,/zh/guides/electric-egg-cooker-cost-per-cooking-cycle-used/,200,true,true,true,
https://worthcalc.win/zh/guides/electric-fireplace-electricity-cost-per-heating-hour-used/,https://worthcalc.win/zh/guides/electric-fireplace-electricity-cost-per-heating-hour-used/,/zh/guides/electric-fireplace-electricity-cost-per-heating-hour-used/,200,true,true,true,
https://worthcalc.win/zh/guides/electric-food-warmer-cost-per-heating-hour-used/,https://worthcalc.win/zh/guides/electric-food-warmer-cost-per-heating-hour-used/,/zh/guides/electric-food-warmer-cost-per-heating-hour-used/,200,true,true,true,
https://worthcalc.win/zh/guides/electric-foot-massager-electricity-cost-per-massage-session-used/,https://worthcalc.win/zh/guides/electric-foot-massager-electricity-cost-per-massage-session-used/,/zh/guides/electric-foot-massager-electricity-cost-per-massage-session-used/,200,true,true,true,
https://worthcalc.win/zh/guides/electric-griddle-cost-per-cooking-hour-used/,https://worthcalc.win/zh/guides/electric-griddle-cost-per-cooking-hour-used/,/zh/guides/electric-griddle-cost-per-cooking-hour-used/,200,true,true,true,
https://worthcalc.win/zh/guides/electric-hand-mixer-electricity-cost-per-mixing-session-used/,https://worthcalc.win/zh/guides/electric-hand-mixer-electricity-cost-per-mixing-session-used/,/zh/guides/electric-hand-mixer-electricity-cost-per-mixing-session-used/,200,true,true,true,
https://worthcalc.win/zh/guides/electric-insect-zapper-electricity-cost-per-overnight-used/,https://worthcalc.win/zh/guides/electric-insect-zapper-electricity-cost-per-overnight-used/,/zh/guides/electric-insect-zapper-electricity-cost-per-overnight-used/,200,true,true,true,
https://worthcalc.win/zh/guides/electric-kettle-cost-per-boil-used/,https://worthcalc.win/zh/guides/electric-kettle-cost-per-boil-used/,/zh/guides/electric-kettle-cost-per-boil-used/,200,true,true,true,
https://worthcalc.win/zh/guides/electric-lunch-box-cost-per-heating-cycle-used/,https://worthcalc.win/zh/guides/electric-lunch-box-cost-per-heating-cycle-used/,/zh/guides/electric-lunch-box-cost-per-heating-cycle-used/,200,true,true,true,
https://worthcalc.win/zh/guides/electric-meat-grinder-cost-per-grinding-session-used/,https://worthcalc.win/zh/guides/electric-meat-grinder-cost-per-grinding-session-used/,/zh/guides/electric-meat-grinder-cost-per-grinding-session-used/,200,true,true,true,
https://worthcalc.win/zh/guides/electric-milk-frother-cost-per-frothing-session-used/,https://worthcalc.win/zh/guides/electric-milk-frother-cost-per-frothing-session-used/,/zh/guides/electric-milk-frother-cost-per-frothing-session-used/,200,true,true,true,
https://worthcalc.win/zh/guides/electric-pasta-maker-cost-per-batch-used/,https://worthcalc.win/zh/guides/electric-pasta-maker-cost-per-batch-used/,/zh/guides/electric-pasta-maker-cost-per-batch-used/,200,true,true,true,
https://worthcalc.win/zh/guides/electric-pencil-sharpener-electricity-cost-per-sharpening-session-used/,https://worthcalc.win/zh/guides/electric-pencil-sharpener-electricity-cost-per-sharpening-session-used/,/zh/guides/electric-pencil-sharpener-electricity-cost-per-sharpening-session-used/,200,true,true,true,
https://worthcalc.win/zh/guides/electric-pressure-cooker-cost-per-cooking-cycle-used/,https://worthcalc.win/zh/guides/electric-pressure-cooker-cost-per-cooking-cycle-used/,/zh/guides/electric-pressure-cooker-cost-per-cooking-cycle-used/,200,true,true,true,
https://worthcalc.win/zh/guides/electric-shaver-electricity-cost-per-grooming-session-used/,https://worthcalc.win/zh/guides/electric-shaver-electricity-cost-per-grooming-session-used/,/zh/guides/electric-shaver-electricity-cost-per-grooming-session-used/,200,true,true,true,
https://worthcalc.win/zh/guides/electric-space-heater-cost-per-heating-hour-used/,https://worthcalc.win/zh/guides/electric-space-heater-cost-per-heating-hour-used/,/zh/guides/electric-space-heater-cost-per-heating-hour-used/,200,true,true,true,
https://worthcalc.win/zh/guides/electric-standing-desk-electricity-cost-per-adjusted-day-used/,https://worthcalc.win/zh/guides/electric-standing-desk-electricity-cost-per-adjusted-day-used/,/zh/guides/electric-standing-desk-electricity-cost-per-adjusted-day-used/,200,true,true,true,
https://worthcalc.win/zh/guides/electric-stapler-electricity-cost-per-stapling-session-used/,https://worthcalc.win/zh/guides/electric-stapler-electricity-cost-per-stapling-session-used/,/zh/guides/electric-stapler-electricity-cost-per-stapling-session-used/,200,true,true,true,
https://worthcalc.win/zh/guides/electric-toothbrush-electricity-cost-per-charging-day-used/,https://worthcalc.win/zh/guides/electric-toothbrush-electricity-cost-per-charging-day-used/,/zh/guides/electric-toothbrush-electricity-cost-per-charging-day-used/,200,true,true,true,
https://worthcalc.win/zh/guides/electric-wine-cooler-electricity-cost-per-storage-day-used/,https://worthcalc.win/zh/guides/electric-wine-cooler-electricity-cost-per-storage-day-used/,/zh/guides/electric-wine-cooler-electricity-cost-per-storage-day-used/,200,true,true,true,
https://worthcalc.win/zh/guides/electric-yogurt-maker-cost-per-batch-used/,https://worthcalc.win/zh/guides/electric-yogurt-maker-cost-per-batch-used/,/zh/guides/electric-yogurt-maker-cost-per-batch-used/,200,true,true,true,
https://worthcalc.win/zh/guides/electricity-cost-per-kwh-used/,https://worthcalc.win/zh/guides/electricity-cost-per-kwh-used/,/zh/guides/electricity-cost-per-kwh-used/,200,true,true,true,
https://worthcalc.win/zh/guides/emergency-fund-rebuild-after-move/,https://worthcalc.win/zh/guides/emergency-fund-rebuild-after-move/,/zh/guides/emergency-fund-rebuild-after-move/,200,true,true,true,
https://worthcalc.win/zh/guides/emergency-fund-rebuild-after-use/,https://worthcalc.win/zh/guides/emergency-fund-rebuild-after-use/,/zh/guides/emergency-fund-rebuild-after-use/,200,true,true,true,
https://worthcalc.win/zh/guides/employer-benefits-replacement-cost-vs-cash/,https://worthcalc.win/zh/guides/employer-benefits-replacement-cost-vs-cash/,/zh/guides/employer-benefits-replacement-cost-vs-cash/,200,true,true,true,
https://worthcalc.win/zh/guides/espresso-machine-cost-per-shot-used/,https://worthcalc.win/zh/guides/espresso-machine-cost-per-shot-used/,/zh/guides/espresso-machine-cost-per-shot-used/,200,true,true,true,
https://worthcalc.win/zh/guides/event-ticket-cost-per-attended-hour/,https://worthcalc.win/zh/guides/event-ticket-cost-per-attended-hour/,/zh/guides/event-ticket-cost-per-attended-hour/,200,true,true,true,
https://worthcalc.win/zh/guides/external-hard-drive-electricity-cost-per-backup-job-used/,https://worthcalc.win/zh/guides/external-hard-drive-electricity-cost-per-backup-job-used/,/zh/guides/external-hard-drive-electricity-cost-per-backup-job-used/,200,true,true,true,
https://worthcalc.win/zh/guides/extra-payment-personal-loan/,https://worthcalc.win/zh/guides/extra-payment-personal-loan/,/zh/guides/extra-payment-personal-loan/,200,true,true,true,
https://worthcalc.win/zh/guides/extra-principal-before-car-trade-vs-cash/,https://worthcalc.win/zh/guides/extra-principal-before-car-trade-vs-cash/,/zh/guides/extra-principal-before-car-trade-vs-cash/,200,true,true,true,
https://worthcalc.win/zh/guides/extra-room-home-office-incremental-rent-break-even/,https://worthcalc.win/zh/guides/extra-room-home-office-incremental-rent-break-even/,/zh/guides/extra-room-home-office-incremental-rent-break-even/,200,true,true,true,
https://worthcalc.win/zh/guides/family-plan-break-even-members/,https://worthcalc.win/zh/guides/family-plan-break-even-members/,/zh/guides/family-plan-break-even-members/,200,true,true,true,
https://worthcalc.win/zh/guides/financial-runway-months/,https://worthcalc.win/zh/guides/financial-runway-months/,/zh/guides/financial-runway-months/,200,true,true,true,
https://worthcalc.win/zh/guides/fixed-cost-ratio-personal-budget/,https://worthcalc.win/zh/guides/fixed-cost-ratio-personal-budget/,/zh/guides/fixed-cost-ratio-personal-budget/,200,true,true,true,
https://worthcalc.win/zh/guides/fixed-vs-variable-rate-scenario/,https://worthcalc.win/zh/guides/fixed-vs-variable-rate-scenario/,/zh/guides/fixed-vs-variable-rate-scenario/,200,true,true,true,
https://worthcalc.win/zh/guides/food-dehydrator-cost-per-drying-hour-used/,https://worthcalc.win/zh/guides/food-dehydrator-cost-per-drying-hour-used/,/zh/guides/food-dehydrator-cost-per-drying-hour-used/,200,true,true,true,
https://worthcalc.win/zh/guides/food-processor-cost-per-prep-session-used/,https://worthcalc.win/zh/guides/food-processor-cost-per-prep-session-used/,/zh/guides/food-processor-cost-per-prep-session-used/,200,true,true,true,
https://worthcalc.win/zh/guides/free-trial-auto-renewal-first-charge/,https://worthcalc.win/zh/guides/free-trial-auto-renewal-first-charge/,/zh/guides/free-trial-auto-renewal-first-charge/,200,true,true,true,
https://worthcalc.win/zh/guides/freelance-minimum-billable-rate/,https://worthcalc.win/zh/guides/freelance-minimum-billable-rate/,/zh/guides/freelance-minimum-billable-rate/,200,true,true,true,
https://worthcalc.win/zh/guides/freezer-cost-per-day-used/,https://worthcalc.win/zh/guides/freezer-cost-per-day-used/,/zh/guides/freezer-cost-per-day-used/,200,true,true,true,
https://worthcalc.win/zh/guides/gaming-console-electricity-cost-per-gaming-hour-used/,https://worthcalc.win/zh/guides/gaming-console-electricity-cost-per-gaming-hour-used/,/zh/guides/gaming-console-electricity-cost-per-gaming-hour-used/,200,true,true,true,
https://worthcalc.win/zh/guides/garage-door-opener-electricity-cost-per-cycle-used/,https://worthcalc.win/zh/guides/garage-door-opener-electricity-cost-per-cycle-used/,/zh/guides/garage-door-opener-electricity-cost-per-cycle-used/,200,true,true,true,
https://worthcalc.win/zh/guides/garment-steamer-cost-per-steaming-hour-used/,https://worthcalc.win/zh/guides/garment-steamer-cost-per-steaming-hour-used/,/zh/guides/garment-steamer-cost-per-steaming-hour-used/,200,true,true,true,
https://worthcalc.win/zh/guides/glue-gun-electricity-cost-per-crafting-hour-used/,https://worthcalc.win/zh/guides/glue-gun-electricity-cost-per-crafting-hour-used/,/zh/guides/glue-gun-electricity-cost-per-crafting-hour-used/,200,true,true,true,
https://worthcalc.win/zh/guides/gym-membership-cost-per-visit/,https://worthcalc.win/zh/guides/gym-membership-cost-per-visit/,/zh/guides/gym-membership-cost-per-visit/,200,true,true,true,
https://worthcalc.win/zh/guides/hair-dryer-cost-per-drying-session-used/,https://worthcalc.win/zh/guides/hair-dryer-cost-per-drying-session-used/,/zh/guides/hair-dryer-cost-per-drying-session-used/,200,true,true,true,
https://worthcalc.win/zh/guides/heat-pump-cost-per-heating-hour-used/,https://worthcalc.win/zh/guides/heat-pump-cost-per-heating-hour-used/,/zh/guides/heat-pump-cost-per-heating-hour-used/,200,true,true,true,
https://worthcalc.win/zh/guides/high-vs-low-deductible-break-even/,https://worthcalc.win/zh/guides/high-vs-low-deductible-break-even/,/zh/guides/high-vs-low-deductible-break-even/,200,true,true,true,
https://worthcalc.win/zh/guides/higher-salary-long-commute-vs-lower-salary-nearby/,https://worthcalc.win/zh/guides/higher-salary-long-commute-vs-lower-salary-nearby/,/zh/guides/higher-salary-long-commute-vs-lower-salary-nearby/,200,true,true,true,
https://worthcalc.win/zh/guides/hobby-equipment-cost-per-use/,https://worthcalc.win/zh/guides/hobby-equipment-cost-per-use/,/zh/guides/hobby-equipment-cost-per-use/,200,true,true,true,
https://worthcalc.win/zh/guides/home-internet-cost-per-gb-used/,https://worthcalc.win/zh/guides/home-internet-cost-per-gb-used/,/zh/guides/home-internet-cost-per-gb-used/,200,true,true,true,
https://worthcalc.win/zh/guides/how-much-cash-to-keep/,https://worthcalc.win/zh/guides/how-much-cash-to-keep/,/zh/guides/how-much-cash-to-keep/,200,true,true,true,
https://worthcalc.win/zh/guides/humidifier-electricity-cost-per-humidifying-hour-used/,https://worthcalc.win/zh/guides/humidifier-electricity-cost-per-humidifying-hour-used/,/zh/guides/humidifier-electricity-cost-per-humidifying-hour-used/,200,true,true,true,
https://worthcalc.win/zh/guides/hvac-cost-per-operating-hour-used/,https://worthcalc.win/zh/guides/hvac-cost-per-operating-hour-used/,/zh/guides/hvac-cost-per-operating-hour-used/,200,true,true,true,
https://worthcalc.win/zh/guides/,https://worthcalc.win/zh/guides/,/zh/guides/,200,true,true,true,
https://worthcalc.win/zh/guides/induction-cooktop-cost-per-cooking-hour-used/,https://worthcalc.win/zh/guides/induction-cooktop-cost-per-cooking-hour-used/,/zh/guides/induction-cooktop-cost-per-cooking-hour-used/,200,true,true,true,
https://worthcalc.win/zh/guides/inflation-adjusted-savings-goal/,https://worthcalc.win/zh/guides/inflation-adjusted-savings-goal/,/zh/guides/inflation-adjusted-savings-goal/,200,true,true,true,
https://worthcalc.win/zh/guides/insurance-annual-vs-monthly-payment/,https://worthcalc.win/zh/guides/insurance-annual-vs-monthly-payment/,/zh/guides/insurance-annual-vs-monthly-payment/,200,true,true,true,
https://worthcalc.win/zh/guides/insurance-deductible-cash-reserve/,https://worthcalc.win/zh/guides/insurance-deductible-cash-reserve/,/zh/guides/insurance-deductible-cash-reserve/,200,true,true,true,
https://worthcalc.win/zh/guides/interest-only-period-total-cost/,https://worthcalc.win/zh/guides/interest-only-period-total-cost/,/zh/guides/interest-only-period-total-cost/,200,true,true,true,
https://worthcalc.win/zh/guides/introductory-discount-renewal-cost/,https://worthcalc.win/zh/guides/introductory-discount-renewal-cost/,/zh/guides/introductory-discount-renewal-cost/,200,true,true,true,
https://worthcalc.win/zh/guides/job-change-pay-gap-cashflow/,https://worthcalc.win/zh/guides/job-change-pay-gap-cashflow/,/zh/guides/job-change-pay-gap-cashflow/,200,true,true,true,
https://worthcalc.win/zh/guides/joint-account-minimum-cash-floor/,https://worthcalc.win/zh/guides/joint-account-minimum-cash-floor/,/zh/guides/joint-account-minimum-cash-floor/,200,true,true,true,
https://worthcalc.win/zh/guides/label-maker-electricity-cost-per-labeling-session-used/,https://worthcalc.win/zh/guides/label-maker-electricity-cost-per-labeling-session-used/,/zh/guides/label-maker-electricity-cost-per-labeling-session-used/,200,true,true,true,
https://worthcalc.win/zh/guides/laminator-electricity-cost-per-laminating-batch-used/,https://worthcalc.win/zh/guides/laminator-electricity-cost-per-laminating-batch-used/,/zh/guides/laminator-electricity-cost-per-laminating-batch-used/,200,true,true,true,
https://worthcalc.win/zh/guides/language-class-cost-per-completed-session/,https://worthcalc.win/zh/guides/language-class-cost-per-completed-session/,/zh/guides/language-class-cost-per-completed-session/,200,true,true,true,
https://worthcalc.win/zh/guides/laptop-docking-station-electricity-cost-per-workday-used/,https://worthcalc.win/zh/guides/laptop-docking-station-electricity-cost-per-workday-used/,/zh/guides/laptop-docking-station-electricity-cost-per-workday-used/,200,true,true,true,
https://worthcalc.win/zh/guides/laundry-cost-per-load/,https://worthcalc.win/zh/guides/laundry-cost-per-load/,/zh/guides/laundry-cost-per-load/,200,true,true,true,
https://worthcalc.win/zh/guides/led-lighting-cost-per-hour-used/,https://worthcalc.win/zh/guides/led-lighting-cost-per-hour-used/,/zh/guides/led-lighting-cost-per-hour-used/,200,true,true,true,
https://worthcalc.win/zh/guides/lifestyle-inflation-raise-capture/,https://worthcalc.win/zh/guides/lifestyle-inflation-raise-capture/,/zh/guides/lifestyle-inflation-raise-capture/,200,true,true,true,
https://worthcalc.win/zh/guides/loan-refinance-break-even/,https://worthcalc.win/zh/guides/loan-refinance-break-even/,/zh/guides/loan-refinance-break-even/,200,true,true,true,
https://worthcalc.win/zh/guides/meal-delivery-plan-cost-per-eaten-meal/,https://worthcalc.win/zh/guides/meal-delivery-plan-cost-per-eaten-meal/,/zh/guides/meal-delivery-plan-cost-per-eaten-meal/,200,true,true,true,
https://worthcalc.win/zh/guides/meal-kit-cost-per-serving-after-waste/,https://worthcalc.win/zh/guides/meal-kit-cost-per-serving-after-waste/,/zh/guides/meal-kit-cost-per-serving-after-waste/,200,true,true,true,
https://worthcalc.win/zh/guides/microwave-cost-per-cooking-cycle-used/,https://worthcalc.win/zh/guides/microwave-cost-per-cooking-cycle-used/,/zh/guides/microwave-cost-per-cooking-cycle-used/,200,true,true,true,
https://worthcalc.win/zh/guides/minimum-cash-balance-checking/,https://worthcalc.win/zh/guides/minimum-cash-balance-checking/,/zh/guides/minimum-cash-balance-checking/,200,true,true,true,
https://worthcalc.win/zh/guides/minimum-spend-fee-waiver-break-even/,https://worthcalc.win/zh/guides/minimum-spend-fee-waiver-break-even/,/zh/guides/minimum-spend-fee-waiver-break-even/,200,true,true,true,
https://worthcalc.win/zh/guides/mobile-data-cost-per-gb-used/,https://worthcalc.win/zh/guides/mobile-data-cost-per-gb-used/,/zh/guides/mobile-data-cost-per-gb-used/,200,true,true,true,
https://worthcalc.win/zh/guides/monitor-electricity-cost-per-work-hour-used/,https://worthcalc.win/zh/guides/monitor-electricity-cost-per-work-hour-used/,/zh/guides/monitor-electricity-cost-per-work-hour-used/,200,true,true,true,
https://worthcalc.win/zh/guides/monthly-extra-vs-annual-lump-sum/,https://worthcalc.win/zh/guides/monthly-extra-vs-annual-lump-sum/,/zh/guides/monthly-extra-vs-annual-lump-sum/,200,true,true,true,
https://worthcalc.win/zh/guides/monthly-payment-affordability-vs-total-cost/,https://worthcalc.win/zh/guides/monthly-payment-affordability-vs-total-cost/,/zh/guides/monthly-payment-affordability-vs-total-cost/,200,true,true,true,
https://worthcalc.win/zh/guides/monthly-vs-annual-total-cost/,https://worthcalc.win/zh/guides/monthly-vs-annual-total-cost/,/zh/guides/monthly-vs-annual-total-cost/,200,true,true,true,
https://worthcalc.win/zh/guides/mortgage-fee-rate-break-even/,https://worthcalc.win/zh/guides/mortgage-fee-rate-break-even/,/zh/guides/mortgage-fee-rate-break-even/,200,true,true,true,
https://worthcalc.win/zh/guides/mortgage-recast-vs-refinance-vs-prepay/,https://worthcalc.win/zh/guides/mortgage-recast-vs-refinance-vs-prepay/,/zh/guides/mortgage-recast-vs-refinance-vs-prepay/,200,true,true,true,
https://worthcalc.win/zh/guides/natural-gas-cost-per-therm-used/,https://worthcalc.win/zh/guides/natural-gas-cost-per-therm-used/,/zh/guides/natural-gas-cost-per-therm-used/,200,true,true,true,
https://worthcalc.win/zh/guides/net-worth-tracking-frequency/,https://worthcalc.win/zh/guides/net-worth-tracking-frequency/,/zh/guides/net-worth-tracking-frequency/,200,true,true,true,
https://worthcalc.win/zh/guides/one-time-switching-cost-payback/,https://worthcalc.win/zh/guides/one-time-switching-cost-payback/,/zh/guides/one-time-switching-cost-payback/,200,true,true,true,
https://worthcalc.win/zh/guides/online-course-cost-per-completed-lesson/,https://worthcalc.win/zh/guides/online-course-cost-per-completed-lesson/,/zh/guides/online-course-cost-per-completed-lesson/,200,true,true,true,
https://worthcalc.win/zh/guides/outdoor-string-lights-electricity-cost-per-evening-used/,https://worthcalc.win/zh/guides/outdoor-string-lights-electricity-cost-per-evening-used/,/zh/guides/outdoor-string-lights-electricity-cost-per-evening-used/,200,true,true,true,
https://worthcalc.win/zh/guides/oven-stove-cost-per-cooking-hour-used/,https://worthcalc.win/zh/guides/oven-stove-cost-per-cooking-hour-used/,/zh/guides/oven-stove-cost-per-cooking-hour-used/,200,true,true,true,
https://worthcalc.win/zh/guides/overtime-marginal-take-home-cost/,https://worthcalc.win/zh/guides/overtime-marginal-take-home-cost/,/zh/guides/overtime-marginal-take-home-cost/,200,true,true,true,
https://worthcalc.win/zh/guides/paper-shredder-electricity-cost-per-shredding-session-used/,https://worthcalc.win/zh/guides/paper-shredder-electricity-cost-per-shredding-session-used/,/zh/guides/paper-shredder-electricity-cost-per-shredding-session-used/,200,true,true,true,
https://worthcalc.win/zh/guides/parking-pass-cost-per-day-used/,https://worthcalc.win/zh/guides/parking-pass-cost-per-day-used/,/zh/guides/parking-pass-cost-per-day-used/,200,true,true,true,
https://worthcalc.win/zh/guides/pause-vs-cancel-membership-cost/,https://worthcalc.win/zh/guides/pause-vs-cancel-membership-cost/,/zh/guides/pause-vs-cancel-membership-cost/,200,true,true,true,
https://worthcalc.win/zh/guides/paycheck-budgeting-limitations/,https://worthcalc.win/zh/guides/paycheck-budgeting-limitations/,/zh/guides/paycheck-budgeting-limitations/,200,true,true,true,
https://worthcalc.win/zh/guides/personal-liquidity-ratio/,https://worthcalc.win/zh/guides/personal-liquidity-ratio/,/zh/guides/personal-liquidity-ratio/,200,true,true,true,
https://worthcalc.win/zh/guides/phone-charger-cost-per-charge-used/,https://worthcalc.win/zh/guides/phone-charger-cost-per-charge-used/,/zh/guides/phone-charger-cost-per-charge-used/,200,true,true,true,
https://worthcalc.win/zh/guides/pool-pump-cost-per-operating-hour-used/,https://worthcalc.win/zh/guides/pool-pump-cost-per-operating-hour-used/,/zh/guides/pool-pump-cost-per-operating-hour-used/,200,true,true,true,
https://worthcalc.win/zh/guides/pool-pump-electricity-cost-per-filtration-cycle-used/,https://worthcalc.win/zh/guides/pool-pump-electricity-cost-per-filtration-cycle-used/,/zh/guides/pool-pump-electricity-cost-per-filtration-cycle-used/,200,true,true,true,
https://worthcalc.win/zh/guides/portable-ac-cost-per-cooling-hour-used/,https://worthcalc.win/zh/guides/portable-ac-cost-per-cooling-hour-used/,/zh/guides/portable-ac-cost-per-cooling-hour-used/,200,true,true,true,
https://worthcalc.win/zh/guides/portable-air-conditioner-electricity-cost-per-cooling-session-used/,https://worthcalc.win/zh/guides/portable-air-conditioner-electricity-cost-per-cooling-session-used/,/zh/guides/portable-air-conditioner-electricity-cost-per-cooling-session-used/,200,true,true,true,
https://worthcalc.win/zh/guides/post-debt-payoff-cashflow-plan/,https://worthcalc.win/zh/guides/post-debt-payoff-cashflow-plan/,/zh/guides/post-debt-payoff-cashflow-plan/,200,true,true,true,
https://worthcalc.win/zh/guides/prepaid-balance-expiration-cost/,https://worthcalc.win/zh/guides/prepaid-balance-expiration-cost/,/zh/guides/prepaid-balance-expiration-cost/,200,true,true,true,
https://worthcalc.win/zh/guides/prepay-rent-discount-vs-liquidity/,https://worthcalc.win/zh/guides/prepay-rent-discount-vs-liquidity/,/zh/guides/prepay-rent-discount-vs-liquidity/,200,true,true,true,
https://worthcalc.win/zh/guides/principal-equal-vs-payment-equal-amortization/,https://worthcalc.win/zh/guides/principal-equal-vs-payment-equal-amortization/,/zh/guides/principal-equal-vs-payment-equal-amortization/,200,true,true,true,
https://worthcalc.win/zh/guides/printer-electricity-cost-per-print-job-used/,https://worthcalc.win/zh/guides/printer-electricity-cost-per-print-job-used/,/zh/guides/printer-electricity-cost-per-print-job-used/,200,true,true,true,
https://worthcalc.win/zh/guides/professional-membership-replacement-value-break-even/,https://worthcalc.win/zh/guides/professional-membership-replacement-value-break-even/,/zh/guides/professional-membership-replacement-value-break-even/,200,true,true,true,
https://worthcalc.win/zh/guides/projector-electricity-cost-per-presentation-hour-used/,https://worthcalc.win/zh/guides/projector-electricity-cost-per-presentation-hour-used/,/zh/guides/projector-electricity-cost-per-presentation-hour-used/,200,true,true,true,
https://worthcalc.win/zh/guides/promo-apr-payoff-deadline/,https://worthcalc.win/zh/guides/promo-apr-payoff-deadline/,/zh/guides/promo-apr-payoff-deadline/,200,true,true,true,
https://worthcalc.win/zh/guides/real-vs-nominal-return/,https://worthcalc.win/zh/guides/real-vs-nominal-return/,/zh/guides/real-vs-nominal-return/,200,true,true,true,
https://worthcalc.win/zh/guides/recurring-costs-annual-total/,https://worthcalc.win/zh/guides/recurring-costs-annual-total/,/zh/guides/recurring-costs-annual-total/,200,true,true,true,
https://worthcalc.win/zh/guides/refrigerator-cost-per-day-used/,https://worthcalc.win/zh/guides/refrigerator-cost-per-day-used/,/zh/guides/refrigerator-cost-per-day-used/,200,true,true,true,
https://worthcalc.win/zh/guides/relocation-for-higher-salary-break-even/,https://worthcalc.win/zh/guides/relocation-for-higher-salary-break-even/,/zh/guides/relocation-for-higher-salary-break-even/,200,true,true,true,
https://worthcalc.win/zh/guides/remote-work-pay-cut-cash-break-even/,https://worthcalc.win/zh/guides/remote-work-pay-cut-cash-break-even/,/zh/guides/remote-work-pay-cut-cash-break-even/,200,true,true,true,
https://worthcalc.win/zh/guides/rent-increase-vs-moving-break-even/,https://worthcalc.win/zh/guides/rent-increase-vs-moving-break-even/,/zh/guides/rent-increase-vs-moving-break-even/,200,true,true,true,
https://worthcalc.win/zh/guides/rental-deposit-liquidity-cost/,https://worthcalc.win/zh/guides/rental-deposit-liquidity-cost/,/zh/guides/rental-deposit-liquidity-cost/,200,true,true,true,
https://worthcalc.win/zh/guides/return-to-work-fulltime-vs-parttime/,https://worthcalc.win/zh/guides/return-to-work-fulltime-vs-parttime/,/zh/guides/return-to-work-fulltime-vs-parttime/,200,true,true,true,
https://worthcalc.win/zh/guides/rice-cooker-cost-per-cooking-cycle-used/,https://worthcalc.win/zh/guides/rice-cooker-cost-per-cooking-cycle-used/,/zh/guides/rice-cooker-cost-per-cooking-cycle-used/,200,true,true,true,
https://worthcalc.win/zh/guides/robot-vacuum-cost-per-cleaning-cycle-used/,https://worthcalc.win/zh/guides/robot-vacuum-cost-per-cleaning-cycle-used/,/zh/guides/robot-vacuum-cost-per-cleaning-cycle-used/,200,true,true,true,
https://worthcalc.win/zh/guides/room-air-conditioner-cost-per-cooling-hour-used/,https://worthcalc.win/zh/guides/room-air-conditioner-cost-per-cooling-hour-used/,/zh/guides/room-air-conditioner-cost-per-cooling-hour-used/,200,true,true,true,
https://worthcalc.win/zh/guides/router-electricity-cost-per-month-used/,https://worthcalc.win/zh/guides/router-electricity-cost-per-month-used/,/zh/guides/router-electricity-cost-per-month-used/,200,true,true,true,
https://worthcalc.win/zh/guides/sandwich-maker-cost-per-use-used/,https://worthcalc.win/zh/guides/sandwich-maker-cost-per-use-used/,/zh/guides/sandwich-maker-cost-per-use-used/,200,true,true,true,
https://worthcalc.win/zh/guides/save-first-vs-installment-purchase/,https://worthcalc.win/zh/guides/save-first-vs-installment-purchase/,/zh/guides/save-first-vs-installment-purchase/,200,true,true,true,
https://worthcalc.win/zh/guides/savings-break-even-use-period/,https://worthcalc.win/zh/guides/savings-break-even-use-period/,/zh/guides/savings-break-even-use-period/,200,true,true,true,
https://worthcalc.win/zh/guides/scanner-electricity-cost-per-scanning-session-used/,https://worthcalc.win/zh/guides/scanner-electricity-cost-per-scanning-session-used/,/zh/guides/scanner-electricity-cost-per-scanning-session-used/,200,true,true,true,
https://worthcalc.win/zh/guides/sewing-machine-electricity-cost-per-sewing-hour-used/,https://worthcalc.win/zh/guides/sewing-machine-electricity-cost-per-sewing-hour-used/,/zh/guides/sewing-machine-electricity-cost-per-sewing-hour-used/,200,true,true,true,
https://worthcalc.win/zh/guides/shared-expenses-income-split/,https://worthcalc.win/zh/guides/shared-expenses-income-split/,/zh/guides/shared-expenses-income-split/,200,true,true,true,
https://worthcalc.win/zh/guides/side-hustle-equipment-billable-utilization-break-even/,https://worthcalc.win/zh/guides/side-hustle-equipment-billable-utilization-break-even/,/zh/guides/side-hustle-equipment-billable-utilization-break-even/,200,true,true,true,
https://worthcalc.win/zh/guides/signing-bonus-vs-higher-base-clawback-break-even/,https://worthcalc.win/zh/guides/signing-bonus-vs-higher-base-clawback-break-even/,/zh/guides/signing-bonus-vs-higher-base-clawback-break-even/,200,true,true,true,
https://worthcalc.win/zh/guides/single-income-household-stress-test/,https://worthcalc.win/zh/guides/single-income-household-stress-test/,/zh/guides/single-income-household-stress-test/,200,true,true,true,
https://worthcalc.win/zh/guides/sinking-fund-by-deadline/,https://worthcalc.win/zh/guides/sinking-fund-by-deadline/,/zh/guides/sinking-fund-by-deadline/,200,true,true,true,
https://worthcalc.win/zh/guides/slow-cooker-cost-per-cooking-hour-used/,https://worthcalc.win/zh/guides/slow-cooker-cost-per-cooking-hour-used/,/zh/guides/slow-cooker-cost-per-cooking-hour-used/,200,true,true,true,
https://worthcalc.win/zh/guides/smart-speaker-electricity-cost-per-listening-hour-used/,https://worthcalc.win/zh/guides/smart-speaker-electricity-cost-per-listening-hour-used/,/zh/guides/smart-speaker-electricity-cost-per-listening-hour-used/,200,true,true,true,
https://worthcalc.win/zh/guides/software-add-on-cost-per-active-seat/,https://worthcalc.win/zh/guides/software-add-on-cost-per-active-seat/,/zh/guides/software-add-on-cost-per-active-seat/,200,true,true,true,
https://worthcalc.win/zh/guides/software-seat-cost-per-active-user/,https://worthcalc.win/zh/guides/software-seat-cost-per-active-user/,/zh/guides/software-seat-cost-per-active-user/,200,true,true,true,
https://worthcalc.win/zh/guides/solar-inverter-electricity-cost-per-monitoring-day-used/,https://worthcalc.win/zh/guides/solar-inverter-electricity-cost-per-monitoring-day-used/,/zh/guides/solar-inverter-electricity-cost-per-monitoring-day-used/,200,true,true,true,
https://worthcalc.win/zh/guides/soldering-iron-electricity-cost-per-repair-hour-used/,https://worthcalc.win/zh/guides/soldering-iron-electricity-cost-per-repair-hour-used/,/zh/guides/soldering-iron-electricity-cost-per-repair-hour-used/,200,true,true,true,
https://worthcalc.win/zh/guides/soundbar-electricity-cost-per-watched-hour-used/,https://worthcalc.win/zh/guides/soundbar-electricity-cost-per-watched-hour-used/,/zh/guides/soundbar-electricity-cost-per-watched-hour-used/,200,true,true,true,
https://worthcalc.win/zh/guides/stand-mixer-cost-per-mixing-session-used/,https://worthcalc.win/zh/guides/stand-mixer-cost-per-mixing-session-used/,/zh/guides/stand-mixer-cost-per-mixing-session-used/,200,true,true,true,
https://worthcalc.win/zh/guides/standby-power-cost-per-day-used/,https://worthcalc.win/zh/guides/standby-power-cost-per-day-used/,/zh/guides/standby-power-cost-per-day-used/,200,true,true,true,
https://worthcalc.win/zh/guides/step-rate-loan-total-cost/,https://worthcalc.win/zh/guides/step-rate-loan-total-cost/,/zh/guides/step-rate-loan-total-cost/,200,true,true,true,
https://worthcalc.win/zh/guides/streaming-cost-per-watched-hour/,https://worthcalc.win/zh/guides/streaming-cost-per-watched-hour/,/zh/guides/streaming-cost-per-watched-hour/,200,true,true,true,
https://worthcalc.win/zh/guides/subscription-opportunity-cost/,https://worthcalc.win/zh/guides/subscription-opportunity-cost/,/zh/guides/subscription-opportunity-cost/,200,true,true,true,
https://worthcalc.win/zh/guides/subscription-price-increase-annual-impact/,https://worthcalc.win/zh/guides/subscription-price-increase-annual-impact/,/zh/guides/subscription-price-increase-annual-impact/,200,true,true,true,
https://worthcalc.win/zh/guides/television-electricity-cost-per-watched-hour-used/,https://worthcalc.win/zh/guides/television-electricity-cost-per-watched-hour-used/,/zh/guides/television-electricity-cost-per-watched-hour-used/,200,true,true,true,
https://worthcalc.win/zh/guides/terrarium-heat-lamp-electricity-cost-per-heating-hour-used/,https://worthcalc.win/zh/guides/terrarium-heat-lamp-electricity-cost-per-heating-hour-used/,/zh/guides/terrarium-heat-lamp-electricity-cost-per-heating-hour-used/,200,true,true,true,
https://worthcalc.win/zh/guides/toaster-cost-per-use-used/,https://worthcalc.win/zh/guides/toaster-cost-per-use-used/,/zh/guides/toaster-cost-per-use-used/,200,true,true,true,
https://worthcalc.win/zh/guides/tool-rental-cost-per-project/,https://worthcalc.win/zh/guides/tool-rental-cost-per-project/,/zh/guides/tool-rental-cost-per-project/,200,true,true,true,
https://worthcalc.win/zh/guides/trade-in-vs-private-sale-net-proceeds/,https://worthcalc.win/zh/guides/trade-in-vs-private-sale-net-proceeds/,/zh/guides/trade-in-vs-private-sale-net-proceeds/,200,true,true,true,
https://worthcalc.win/zh/guides/training-certification-break-even/,https://worthcalc.win/zh/guides/training-certification-break-even/,/zh/guides/training-certification-break-even/,200,true,true,true,
https://worthcalc.win/zh/guides/transit-pass-cost-per-ride-used/,https://worthcalc.win/zh/guides/transit-pass-cost-per-ride-used/,/zh/guides/transit-pass-cost-per-ride-used/,200,true,true,true,
https://worthcalc.win/zh/guides/transit-pass-vs-pay-as-you-go-usage-break-even/,https://worthcalc.win/zh/guides/transit-pass-vs-pay-as-you-go-usage-break-even/,/zh/guides/transit-pass-vs-pay-as-you-go-usage-break-even/,200,true,true,true,
https://worthcalc.win/zh/guides/true-cost-of-buy-now-pay-later/,https://worthcalc.win/zh/guides/true-cost-of-buy-now-pay-later/,/zh/guides/true-cost-of-buy-now-pay-later/,200,true,true,true,
https://worthcalc.win/zh/guides/true-cost-of-convenience-delivery/,https://worthcalc.win/zh/guides/true-cost-of-convenience-delivery/,/zh/guides/true-cost-of-convenience-delivery/,200,true,true,true,
https://worthcalc.win/zh/guides/true-cost-of-extended-warranty/,https://worthcalc.win/zh/guides/true-cost-of-extended-warranty/,/zh/guides/true-cost-of-extended-warranty/,200,true,true,true,
https://worthcalc.win/zh/guides/true-cost-of-free-shipping-threshold/,https://worthcalc.win/zh/guides/true-cost-of-free-shipping-threshold/,/zh/guides/true-cost-of-free-shipping-threshold/,200,true,true,true,
https://worthcalc.win/zh/guides/true-cost-of-home-service-plan/,https://worthcalc.win/zh/guides/true-cost-of-home-service-plan/,/zh/guides/true-cost-of-home-service-plan/,200,true,true,true,
https://worthcalc.win/zh/guides/true-cost-of-rental-car/,https://worthcalc.win/zh/guides/true-cost-of-rental-car/,/zh/guides/true-cost-of-rental-car/,200,true,true,true,
https://worthcalc.win/zh/guides/true-cost-of-upgrade-feature/,https://worthcalc.win/zh/guides/true-cost-of-upgrade-feature/,/zh/guides/true-cost-of-upgrade-feature/,200,true,true,true,
https://worthcalc.win/zh/guides/unused-membership-capacity-cost/,https://worthcalc.win/zh/guides/unused-membership-capacity-cost/,/zh/guides/unused-membership-capacity-cost/,200,true,true,true,
https://worthcalc.win/zh/guides/usb-charging-hub-electricity-cost-per-charging-session-used/,https://worthcalc.win/zh/guides/usb-charging-hub-electricity-cost-per-charging-session-used/,/zh/guides/usb-charging-hub-electricity-cost-per-charging-session-used/,200,true,true,true,
https://worthcalc.win/zh/guides/vacuum-cleaner-electricity-cost-per-cleaning-hour-used/,https://worthcalc.win/zh/guides/vacuum-cleaner-electricity-cost-per-cleaning-hour-used/,/zh/guides/vacuum-cleaner-electricity-cost-per-cleaning-hour-used/,200,true,true,true,
https://worthcalc.win/zh/guides/variable-bonus-income-fixed-obligations/,https://worthcalc.win/zh/guides/variable-bonus-income-fixed-obligations/,/zh/guides/variable-bonus-income-fixed-obligations/,200,true,true,true,
https://worthcalc.win/zh/guides/waffle-maker-cost-per-cooking-cycle-used/,https://worthcalc.win/zh/guides/waffle-maker-cost-per-cooking-cycle-used/,/zh/guides/waffle-maker-cost-per-cooking-cycle-used/,200,true,true,true,
https://worthcalc.win/zh/guides/water-bill-cost-per-gallon-used/,https://worthcalc.win/zh/guides/water-bill-cost-per-gallon-used/,/zh/guides/water-bill-cost-per-gallon-used/,200,true,true,true,
https://worthcalc.win/zh/guides/water-cooler-electricity-cost-per-cooling-day-used/,https://worthcalc.win/zh/guides/water-cooler-electricity-cost-per-cooling-day-used/,/zh/guides/water-cooler-electricity-cost-per-cooling-day-used/,200,true,true,true,
https://worthcalc.win/zh/guides/water-heater-cost-per-gallon-heated/,https://worthcalc.win/zh/guides/water-heater-cost-per-gallon-heated/,/zh/guides/water-heater-cost-per-gallon-heated/,200,true,true,true,
https://worthcalc.win/zh/guides/webcam-electricity-cost-per-meeting-hour-used/,https://worthcalc.win/zh/guides/webcam-electricity-cost-per-meeting-hour-used/,/zh/guides/webcam-electricity-cost-per-meeting-hour-used/,200,true,true,true,
https://worthcalc.win/zh/guides/windfall-debt-vs-cash-allocation/,https://worthcalc.win/zh/guides/windfall-debt-vs-cash-allocation/,/zh/guides/windfall-debt-vs-cash-allocation/,200,true,true,true,
https://worthcalc.win/zh/guides/work-equipment-reimbursement-break-even/,https://worthcalc.win/zh/guides/work-equipment-reimbursement-break-even/,/zh/guides/work-equipment-reimbursement-break-even/,200,true,true,true,
https://worthcalc.win/zh/gym-membership-cost-per-visit/,https://worthcalc.win/zh/gym-membership-cost-per-visit/,/zh/gym-membership-cost-per-visit/,200,true,true,true,
https://worthcalc.win/zh/home-vs-public-ev-charging-cost/,https://worthcalc.win/zh/home-vs-public-ev-charging-cost/,/zh/home-vs-public-ev-charging-cost/,200,true,true,true,
https://worthcalc.win/zh/hourly-vs-annual-salary/,https://worthcalc.win/zh/hourly-vs-annual-salary/,/zh/hourly-vs-annual-salary/,200,true,true,true,
https://worthcalc.win/zh/how-compound-growth-works/,https://worthcalc.win/zh/how-compound-growth-works/,/zh/how-compound-growth-works/,200,true,true,true,
https://worthcalc.win/zh/how-much-home-can-you-afford/,https://worthcalc.win/zh/how-much-home-can-you-afford/,/zh/how-much-home-can-you-afford/,200,true,true,true,
https://worthcalc.win/zh/how-to-calculate-dti/,https://worthcalc.win/zh/how-to-calculate-dti/,/zh/how-to-calculate-dti/,200,true,true,true,
https://worthcalc.win/zh/how-to-calculate-net-worth/,https://worthcalc.win/zh/how-to-calculate-net-worth/,/zh/how-to-calculate-net-worth/,200,true,true,true,
https://worthcalc.win/zh/how-to-calculate-savings-rate/,https://worthcalc.win/zh/how-to-calculate-savings-rate/,/zh/how-to-calculate-savings-rate/,200,true,true,true,
https://worthcalc.win/zh/,https://worthcalc.win/zh/,/zh/,200,true,true,true,
https://worthcalc.win/zh/installment-apr-table/,https://worthcalc.win/zh/installment-apr-table/,/zh/installment-apr-table/,200,true,true,true,
https://worthcalc.win/zh/is-an-extended-warranty-worth-it/,https://worthcalc.win/zh/is-an-extended-warranty-worth-it/,/zh/is-an-extended-warranty-worth-it/,200,true,true,true,
https://worthcalc.win/zh/is-costco-executive-membership-worth-it/,https://worthcalc.win/zh/is-costco-executive-membership-worth-it/,/zh/is-costco-executive-membership-worth-it/,200,true,true,true,
https://worthcalc.win/zh/liquid-net-worth-explained/,https://worthcalc.win/zh/liquid-net-worth-explained/,/zh/liquid-net-worth-explained/,200,true,true,true,
https://worthcalc.win/zh/loan-term-vs-total-interest/,https://worthcalc.win/zh/loan-term-vs-total-interest/,/zh/loan-term-vs-total-interest/,200,true,true,true,
https://worthcalc.win/zh/meal-prep-vs-takeout-cost/,https://worthcalc.win/zh/meal-prep-vs-takeout-cost/,/zh/meal-prep-vs-takeout-cost/,200,true,true,true,
https://worthcalc.win/zh/monthly-vs-annual-subscription/,https://worthcalc.win/zh/monthly-vs-annual-subscription/,/zh/monthly-vs-annual-subscription/,200,true,true,true,
https://worthcalc.win/zh/new-vs-used-car-total-cost/,https://worthcalc.win/zh/new-vs-used-car-total-cost/,/zh/new-vs-used-car-total-cost/,200,true,true,true,
https://worthcalc.win/zh/opportunity-cost-everyday/,https://worthcalc.win/zh/opportunity-cost-everyday/,/zh/opportunity-cost-everyday/,200,true,true,true,
https://worthcalc.win/zh/paid-membership-break-even/,https://worthcalc.win/zh/paid-membership-break-even/,/zh/paid-membership-break-even/,200,true,true,true,
https://worthcalc.win/zh/pay-raise-vs-inflation-purchasing-power/,https://worthcalc.win/zh/pay-raise-vs-inflation-purchasing-power/,/zh/pay-raise-vs-inflation-purchasing-power/,200,true,true,true,
https://worthcalc.win/zh/price-in-work-hours/,https://worthcalc.win/zh/price-in-work-hours/,/zh/price-in-work-hours/,200,true,true,true,
https://worthcalc.win/zh/price-per-wear-clothing-shoes/,https://worthcalc.win/zh/price-per-wear-clothing-shoes/,/zh/price-per-wear-clothing-shoes/,200,true,true,true,
https://worthcalc.win/zh/privacy/,https://worthcalc.win/zh/privacy/,/zh/privacy/,200,true,true,true,
https://worthcalc.win/zh/rent-vs-buy-breakeven-year/,https://worthcalc.win/zh/rent-vs-buy-breakeven-year/,/zh/rent-vs-buy-breakeven-year/,200,true,true,true,
https://worthcalc.win/zh/rent-vs-buy-guide/,https://worthcalc.win/zh/rent-vs-buy-guide/,/zh/rent-vs-buy-guide/,200,true,true,true,
https://worthcalc.win/zh/repair-or-replace-decision-formula/,https://worthcalc.win/zh/repair-or-replace-decision-formula/,/zh/repair-or-replace-decision-formula/,200,true,true,true,
https://worthcalc.win/zh/return-to-office-cost/,https://worthcalc.win/zh/return-to-office-cost/,/zh/return-to-office-cost/,200,true,true,true,
https://worthcalc.win/zh/reusable-vs-disposable-break-even/,https://worthcalc.win/zh/reusable-vs-disposable-break-even/,/zh/reusable-vs-disposable-break-even/,200,true,true,true,
https://worthcalc.win/zh/rule-of-72-explained/,https://worthcalc.win/zh/rule-of-72-explained/,/zh/rule-of-72-explained/,200,true,true,true,
https://worthcalc.win/zh/simple-vs-compound-interest/,https://worthcalc.win/zh/simple-vs-compound-interest/,/zh/simple-vs-compound-interest/,200,true,true,true,
https://worthcalc.win/zh/snowball-vs-avalanche/,https://worthcalc.win/zh/snowball-vs-avalanche/,/zh/snowball-vs-avalanche/,200,true,true,true,
https://worthcalc.win/zh/subscription-creep/,https://worthcalc.win/zh/subscription-creep/,/zh/subscription-creep/,200,true,true,true,
https://worthcalc.win/zh/sunk-cost-fallacy-everyday/,https://worthcalc.win/zh/sunk-cost-fallacy-everyday/,/zh/sunk-cost-fallacy-everyday/,200,true,true,true,
https://worthcalc.win/zh/terms/,https://worthcalc.win/zh/terms/,/zh/terms/,200,true,true,true,
https://worthcalc.win/zh/tools/budget-builder/,https://worthcalc.win/zh/tools/budget-builder/,/zh/tools/budget-builder/,200,true,true,true,
https://worthcalc.win/zh/tools/car-affordability/,https://worthcalc.win/zh/tools/car-affordability/,/zh/tools/car-affordability/,200,true,true,true,
https://worthcalc.win/zh/tools/cashback-breakeven/,https://worthcalc.win/zh/tools/cashback-breakeven/,/zh/tools/cashback-breakeven/,200,true,true,true,
https://worthcalc.win/zh/tools/commute-cost/,https://worthcalc.win/zh/tools/commute-cost/,/zh/tools/commute-cost/,200,true,true,true,
https://worthcalc.win/zh/tools/compound-growth/,https://worthcalc.win/zh/tools/compound-growth/,/zh/tools/compound-growth/,200,true,true,true,
https://worthcalc.win/zh/tools/cost-per-mile/,https://worthcalc.win/zh/tools/cost-per-mile/,/zh/tools/cost-per-mile/,200,true,true,true,
https://worthcalc.win/zh/tools/costco-membership/,https://worthcalc.win/zh/tools/costco-membership/,/zh/tools/costco-membership/,200,true,true,true,
https://worthcalc.win/zh/tools/credit-card-payoff/,https://worthcalc.win/zh/tools/credit-card-payoff/,/zh/tools/credit-card-payoff/,200,true,true,true,
https://worthcalc.win/zh/tools/debt-strategy/,https://worthcalc.win/zh/tools/debt-strategy/,/zh/tools/debt-strategy/,200,true,true,true,
https://worthcalc.win/zh/tools/dti-calculator/,https://worthcalc.win/zh/tools/dti-calculator/,/zh/tools/dti-calculator/,200,true,true,true,
https://worthcalc.win/zh/tools/ev-vs-gas/,https://worthcalc.win/zh/tools/ev-vs-gas/,/zh/tools/ev-vs-gas/,200,true,true,true,
https://worthcalc.win/zh/tools/home-affordability/,https://worthcalc.win/zh/tools/home-affordability/,/zh/tools/home-affordability/,200,true,true,true,
https://worthcalc.win/zh/tools/,https://worthcalc.win/zh/tools/,/zh/tools/,200,true,true,true,
https://worthcalc.win/zh/tools/installment-true-apr/,https://worthcalc.win/zh/tools/installment-true-apr/,/zh/tools/installment-true-apr/,200,true,true,true,
https://worthcalc.win/zh/tools/latte-factor/,https://worthcalc.win/zh/tools/latte-factor/,/zh/tools/latte-factor/,200,true,true,true,
https://worthcalc.win/zh/tools/mortgage-payoff/,https://worthcalc.win/zh/tools/mortgage-payoff/,/zh/tools/mortgage-payoff/,200,true,true,true,
https://worthcalc.win/zh/tools/rent-vs-buy/,https://worthcalc.win/zh/tools/rent-vs-buy/,/zh/tools/rent-vs-buy/,200,true,true,true,
https://worthcalc.win/zh/tools/salary-converter/,https://worthcalc.win/zh/tools/salary-converter/,/zh/tools/salary-converter/,200,true,true,true,
https://worthcalc.win/zh/tools/subscription-audit/,https://worthcalc.win/zh/tools/subscription-audit/,/zh/tools/subscription-audit/,200,true,true,true,
https://worthcalc.win/zh/topics/debt-credit/,https://worthcalc.win/zh/topics/debt-credit/,/zh/topics/debt-credit/,200,true,true,true,
https://worthcalc.win/zh/topics/everyday/,https://worthcalc.win/zh/topics/everyday/,/zh/topics/everyday/,200,true,true,true,
https://worthcalc.win/zh/topics/housing/,https://worthcalc.win/zh/topics/housing/,/zh/topics/housing/,200,true,true,true,
https://worthcalc.win/zh/topics/income-savings/,https://worthcalc.win/zh/topics/income-savings/,/zh/topics/income-savings/,200,true,true,true,
https://worthcalc.win/zh/topics/memberships/,https://worthcalc.win/zh/topics/memberships/,/zh/topics/memberships/,200,true,true,true,
https://worthcalc.win/zh/topics/transportation/,https://worthcalc.win/zh/topics/transportation/,/zh/topics/transportation/,200,true,true,true,
https://worthcalc.win/zh/true-cost-of-car-ownership/,https://worthcalc.win/zh/true-cost-of-car-ownership/,/zh/true-cost-of-car-ownership/,200,true,true,true,
https://worthcalc.win/zh/true-hourly-wage-after-commuting-work-expenses/,https://worthcalc.win/zh/true-hourly-wage-after-commuting-work-expenses/,/zh/true-hourly-wage-after-commuting-work-expenses/,200,true,true,true,
https://worthcalc.win/zh/upfront-fees-financing-cost/,https://worthcalc.win/zh/upfront-fees-financing-cost/,/zh/upfront-fees-financing-cost/,200,true,true,true,
https://worthcalc.win/zh/upgrade-your-phone-or-keep-it/,https://worthcalc.win/zh/upgrade-your-phone-or-keep-it/,/zh/upgrade-your-phone-or-keep-it/,200,true,true,true,
https://worthcalc.win/zh/work-from-home-vs-commuting-hidden-costs/,https://worthcalc.win/zh/work-from-home-vs-commuting-hidden-costs/,/zh/work-from-home-vs-commuting-hidden-costs/,200,true,true,true,
https://worthcalc.win/zh/zero-interest-installments-truth/,https://worthcalc.win/zh/zero-interest-installments-truth/,/zh/zero-interest-installments-truth/,200,true,true,true,