site,url,http_status,indexable,meta_robots,x_robots,canonical,in_sitemap,incoming_links,language,page_type,bing_status,recommended_state,reason
worthcalc.win,https://worthcalc.win/,200,True,"index, follow, max-image-preview:large",,https://worthcalc.win/,True,210,en,Homepage,UNKNOWN (supplied aggregate only),KEEP_INDEXABLE,current HTTP/robots eligibility; quality and search indexing separate
worthcalc.win,https://worthcalc.win/de/,200,False,"noindex,follow",,https://worthcalc.win/de/,False,72,de,Content,UNKNOWN (supplied aggregate only),INTENTIONAL_NOINDEX,"Existing locale retirement de: src/data/deindexed-urls.json locales; src/lib/seo.ts isSoftDeindexed/resolveSeo. Preserve reversible 200 noindex,follow and omit sitemap/hreflang; review date 2026-12-22"
worthcalc.win,https://worthcalc.win/en/about/,200,True,"index, follow, max-image-preview:large",,https://worthcalc.win/en/about/,True,210,en,Content,UNKNOWN (supplied aggregate only),KEEP_INDEXABLE,current HTTP/robots eligibility; quality and search indexing separate
worthcalc.win,https://worthcalc.win/en/annual-fee-card-breakeven/,200,True,"index, follow, max-image-preview:large",,https://worthcalc.win/en/annual-fee-card-breakeven/,True,11,en,Content,UNKNOWN (supplied aggregate only),KEEP_INDEXABLE,current HTTP/robots eligibility; quality and search indexing separate
worthcalc.win,https://worthcalc.win/en/changelog/,200,True,"index, follow, max-image-preview:large",,https://worthcalc.win/en/changelog/,True,210,en,Content,UNKNOWN (supplied aggregate only),KEEP_INDEXABLE,current HTTP/robots eligibility; quality and search indexing separate
worthcalc.win,https://worthcalc.win/en/contact/,200,True,"index, follow, max-image-preview:large",,https://worthcalc.win/en/contact/,True,210,en,Content,UNKNOWN (supplied aggregate only),KEEP_INDEXABLE,current HTTP/robots eligibility; quality and search indexing separate
worthcalc.win,https://worthcalc.win/en/disclaimer/,200,True,"index, follow, max-image-preview:large",,https://worthcalc.win/en/disclaimer/,True,210,en,Content,UNKNOWN (supplied aggregate only),KEEP_INDEXABLE,current HTTP/robots eligibility; quality and search indexing separate
worthcalc.win,https://worthcalc.win/en/ev-vs-gas-total-cost/,200,True,"index, follow, max-image-preview:large",,https://worthcalc.win/en/ev-vs-gas-total-cost/,True,12,en,Content,UNKNOWN (supplied aggregate only),KEEP_INDEXABLE,current HTTP/robots eligibility; quality and search indexing separate
worthcalc.win,https://worthcalc.win/en/guides/,200,True,"index, follow, max-image-preview:large",,https://worthcalc.win/en/guides/,True,210,en,Guide,UNKNOWN (supplied aggregate only),KEEP_INDEXABLE,current HTTP/robots eligibility; quality and search indexing separate
worthcalc.win,https://worthcalc.win/en/money/,200,True,"index, follow, max-image-preview:large",,https://worthcalc.win/en/money/,True,179,en,Content,UNKNOWN (supplied aggregate only),KEEP_INDEXABLE,current HTTP/robots eligibility; quality and search indexing separate
worthcalc.win,https://worthcalc.win/en/pay-raise-vs-inflation-purchasing-power/,200,True,"index, follow, max-image-preview:large",,https://worthcalc.win/en/pay-raise-vs-inflation-purchasing-power/,True,9,en,Content,UNKNOWN (supplied aggregate only),KEEP_INDEXABLE,current HTTP/robots eligibility; quality and search indexing separate
worthcalc.win,https://worthcalc.win/en/privacy/,200,True,"index, follow, max-image-preview:large",,https://worthcalc.win/en/privacy/,True,210,en,Content,UNKNOWN (supplied aggregate only),KEEP_INDEXABLE,current HTTP/robots eligibility; quality and search indexing separate
worthcalc.win,https://worthcalc.win/en/rent-vs-buy-guide/,200,True,"index, follow, max-image-preview:large",,https://worthcalc.win/en/rent-vs-buy-guide/,True,10,en,Content,UNKNOWN (supplied aggregate only),KEEP_INDEXABLE,current HTTP/robots eligibility; quality and search indexing separate
worthcalc.win,https://worthcalc.win/en/terms/,200,True,"index, follow, max-image-preview:large",,https://worthcalc.win/en/terms/,True,210,en,Content,UNKNOWN (supplied aggregate only),KEEP_INDEXABLE,current HTTP/robots eligibility; quality and search indexing separate
worthcalc.win,https://worthcalc.win/en/tools/,200,True,"index, follow, max-image-preview:large",,https://worthcalc.win/en/tools/,True,210,en,Tool,UNKNOWN (supplied aggregate only),KEEP_INDEXABLE,current HTTP/robots eligibility; quality and search indexing separate
worthcalc.win,https://worthcalc.win/en/tools/cashback-breakeven/,200,True,"index, follow, max-image-preview:large",,https://worthcalc.win/en/tools/cashback-breakeven/,True,23,en,Tool,UNKNOWN (supplied aggregate only),KEEP_INDEXABLE,current HTTP/robots eligibility; quality and search indexing separate
worthcalc.win,https://worthcalc.win/en/tools/commute-cost/,200,True,"index, follow, max-image-preview:large",,https://worthcalc.win/en/tools/commute-cost/,True,18,en,Tool,UNKNOWN (supplied aggregate only),KEEP_INDEXABLE,current HTTP/robots eligibility; quality and search indexing separate
worthcalc.win,https://worthcalc.win/en/tools/compound-growth/,200,True,"index, follow, max-image-preview:large",,https://worthcalc.win/en/tools/compound-growth/,True,13,en,Tool,UNKNOWN (supplied aggregate only),KEEP_INDEXABLE,current HTTP/robots eligibility; quality and search indexing separate
worthcalc.win,https://worthcalc.win/en/tools/costco-membership/,200,True,"index, follow, max-image-preview:large",,https://worthcalc.win/en/tools/costco-membership/,True,20,en,Tool,UNKNOWN (supplied aggregate only),KEEP_INDEXABLE,current HTTP/robots eligibility; quality and search indexing separate
worthcalc.win,https://worthcalc.win/en/tools/dti-calculator/,200,True,"index, follow, max-image-preview:large",,https://worthcalc.win/en/tools/dti-calculator/,True,11,en,Tool,UNKNOWN (supplied aggregate only),KEEP_INDEXABLE,current HTTP/robots eligibility; quality and search indexing separate
worthcalc.win,https://worthcalc.win/en/tools/ev-vs-gas/,200,True,"index, follow, max-image-preview:large",,https://worthcalc.win/en/tools/ev-vs-gas/,True,12,en,Tool,UNKNOWN (supplied aggregate only),KEEP_INDEXABLE,current HTTP/robots eligibility; quality and search indexing separate
worthcalc.win,https://worthcalc.win/en/tools/home-affordability/,200,True,"index, follow, max-image-preview:large",,https://worthcalc.win/en/tools/home-affordability/,True,10,en,Tool,UNKNOWN (supplied aggregate only),KEEP_INDEXABLE,current HTTP/robots eligibility; quality and search indexing separate
worthcalc.win,https://worthcalc.win/en/tools/installment-true-apr/,200,True,"index, follow, max-image-preview:large",,https://worthcalc.win/en/tools/installment-true-apr/,True,28,en,Tool,UNKNOWN (supplied aggregate only),KEEP_INDEXABLE,current HTTP/robots eligibility; quality and search indexing separate
worthcalc.win,https://worthcalc.win/en/tools/rent-vs-buy/,200,True,"index, follow, max-image-preview:large",,https://worthcalc.win/en/tools/rent-vs-buy/,True,20,en,Tool,UNKNOWN (supplied aggregate only),KEEP_INDEXABLE,current HTTP/robots eligibility; quality and search indexing separate
worthcalc.win,https://worthcalc.win/en/tools/subscription-audit/,200,True,"index, follow, max-image-preview:large",,https://worthcalc.win/en/tools/subscription-audit/,True,24,en,Tool,UNKNOWN (supplied aggregate only),KEEP_INDEXABLE,current HTTP/robots eligibility; quality and search indexing separate
worthcalc.win,https://worthcalc.win/en/topics/debt-credit/,200,True,"index, follow, max-image-preview:large",,https://worthcalc.win/en/topics/debt-credit/,True,33,en,Content,UNKNOWN (supplied aggregate only),KEEP_INDEXABLE,current HTTP/robots eligibility; quality and search indexing separate
worthcalc.win,https://worthcalc.win/en/topics/everyday/,200,True,"index, follow, max-image-preview:large",,https://worthcalc.win/en/topics/everyday/,True,49,en,Content,UNKNOWN (supplied aggregate only),KEEP_INDEXABLE,current HTTP/robots eligibility; quality and search indexing separate
worthcalc.win,https://worthcalc.win/en/topics/housing/,200,True,"index, follow, max-image-preview:large",,https://worthcalc.win/en/topics/housing/,True,19,en,Content,UNKNOWN (supplied aggregate only),KEEP_INDEXABLE,current HTTP/robots eligibility; quality and search indexing separate
worthcalc.win,https://worthcalc.win/en/topics/income-savings/,200,True,"index, follow, max-image-preview:large",,https://worthcalc.win/en/topics/income-savings/,True,40,en,Content,UNKNOWN (supplied aggregate only),KEEP_INDEXABLE,current HTTP/robots eligibility; quality and search indexing separate
worthcalc.win,https://worthcalc.win/en/topics/memberships/,200,True,"index, follow, max-image-preview:large",,https://worthcalc.win/en/topics/memberships/,True,28,en,Content,UNKNOWN (supplied aggregate only),KEEP_INDEXABLE,current HTTP/robots eligibility; quality and search indexing separate
worthcalc.win,https://worthcalc.win/en/topics/transportation/,200,True,"index, follow, max-image-preview:large",,https://worthcalc.win/en/topics/transportation/,True,26,en,Content,UNKNOWN (supplied aggregate only),KEEP_INDEXABLE,current HTTP/robots eligibility; quality and search indexing separate
worthcalc.win,https://worthcalc.win/en/true-hourly-wage-after-commuting-work-expenses/,200,True,"index, follow, max-image-preview:large",,https://worthcalc.win/en/true-hourly-wage-after-commuting-work-expenses/,True,14,en,Content,UNKNOWN (supplied aggregate only),KEEP_INDEXABLE,current HTTP/robots eligibility; quality and search indexing separate
worthcalc.win,https://worthcalc.win/en/zero-interest-installments-truth/,200,True,"index, follow, max-image-preview:large",,https://worthcalc.win/en/zero-interest-installments-truth/,True,14,en,Content,UNKNOWN (supplied aggregate only),KEEP_INDEXABLE,current HTTP/robots eligibility; quality and search indexing separate
worthcalc.win,https://worthcalc.win/es/,200,False,"noindex,follow",,https://worthcalc.win/es/,False,72,es,Content,UNKNOWN (supplied aggregate only),INTENTIONAL_NOINDEX,"Existing locale retirement es: src/data/deindexed-urls.json locales; src/lib/seo.ts isSoftDeindexed/resolveSeo. Preserve reversible 200 noindex,follow and omit sitemap/hreflang; review date 2026-12-22"
worthcalc.win,https://worthcalc.win/fr/,200,False,"noindex,follow",,https://worthcalc.win/fr/,False,72,fr,Content,UNKNOWN (supplied aggregate only),INTENTIONAL_NOINDEX,"Existing locale retirement fr: src/data/deindexed-urls.json locales; src/lib/seo.ts isSoftDeindexed/resolveSeo. Preserve reversible 200 noindex,follow and omit sitemap/hreflang; review date 2026-12-22"
worthcalc.win,https://worthcalc.win/zh/,200,True,"index, follow, max-image-preview:large",,https://worthcalc.win/zh/,True,225,zh-TW,Homepage,UNKNOWN (supplied aggregate only),KEEP_INDEXABLE,current HTTP/robots eligibility; quality and search indexing separate
worthcalc.win,https://worthcalc.win/de/about/,200,False,"noindex,follow",,https://worthcalc.win/de/about/,False,71,de,Content,UNKNOWN (supplied aggregate only),INTENTIONAL_NOINDEX,"Existing locale retirement de: src/data/deindexed-urls.json locales; src/lib/seo.ts isSoftDeindexed/resolveSeo. Preserve reversible 200 noindex,follow and omit sitemap/hreflang; review date 2026-12-22"
worthcalc.win,https://worthcalc.win/de/annual-fee-card-breakeven/,200,False,"noindex,follow",,https://worthcalc.win/de/annual-fee-card-breakeven/,False,8,de,Content,UNKNOWN (supplied aggregate only),INTENTIONAL_NOINDEX,"Existing locale retirement de: src/data/deindexed-urls.json locales; src/lib/seo.ts isSoftDeindexed/resolveSeo. Preserve reversible 200 noindex,follow and omit sitemap/hreflang; review date 2026-12-22"
worthcalc.win,https://worthcalc.win/de/changelog/,200,False,"noindex,follow",,https://worthcalc.win/de/changelog/,False,71,de,Content,UNKNOWN (supplied aggregate only),INTENTIONAL_NOINDEX,"Existing locale retirement de: src/data/deindexed-urls.json locales; src/lib/seo.ts isSoftDeindexed/resolveSeo. Preserve reversible 200 noindex,follow and omit sitemap/hreflang; review date 2026-12-22"
worthcalc.win,https://worthcalc.win/de/contact/,200,False,"noindex,follow",,https://worthcalc.win/de/contact/,False,71,de,Content,UNKNOWN (supplied aggregate only),INTENTIONAL_NOINDEX,"Existing locale retirement de: src/data/deindexed-urls.json locales; src/lib/seo.ts isSoftDeindexed/resolveSeo. Preserve reversible 200 noindex,follow and omit sitemap/hreflang; review date 2026-12-22"
worthcalc.win,https://worthcalc.win/de/disclaimer/,200,False,"noindex,follow",,https://worthcalc.win/de/disclaimer/,False,71,de,Content,UNKNOWN (supplied aggregate only),INTENTIONAL_NOINDEX,"Existing locale retirement de: src/data/deindexed-urls.json locales; src/lib/seo.ts isSoftDeindexed/resolveSeo. Preserve reversible 200 noindex,follow and omit sitemap/hreflang; review date 2026-12-22"
worthcalc.win,https://worthcalc.win/de/ev-vs-gas-total-cost/,200,False,"noindex,follow",,https://worthcalc.win/de/ev-vs-gas-total-cost/,False,10,de,Content,UNKNOWN (supplied aggregate only),INTENTIONAL_NOINDEX,"Existing locale retirement de: src/data/deindexed-urls.json locales; src/lib/seo.ts isSoftDeindexed/resolveSeo. Preserve reversible 200 noindex,follow and omit sitemap/hreflang; review date 2026-12-22"
worthcalc.win,https://worthcalc.win/de/guides/,200,False,"noindex,follow",,https://worthcalc.win/de/guides/,False,71,de,Guide,UNKNOWN (supplied aggregate only),INTENTIONAL_NOINDEX,"Existing locale retirement de: src/data/deindexed-urls.json locales; src/lib/seo.ts isSoftDeindexed/resolveSeo. Preserve reversible 200 noindex,follow and omit sitemap/hreflang; review date 2026-12-22"
worthcalc.win,https://worthcalc.win/de/pay-raise-vs-inflation-purchasing-power/,200,False,"noindex,follow",,https://worthcalc.win/de/pay-raise-vs-inflation-purchasing-power/,False,7,de,Content,UNKNOWN (supplied aggregate only),INTENTIONAL_NOINDEX,"Existing locale retirement de: src/data/deindexed-urls.json locales; src/lib/seo.ts isSoftDeindexed/resolveSeo. Preserve reversible 200 noindex,follow and omit sitemap/hreflang; review date 2026-12-22"
worthcalc.win,https://worthcalc.win/de/privacy/,200,False,"noindex,follow",,https://worthcalc.win/de/privacy/,False,71,de,Content,UNKNOWN (supplied aggregate only),INTENTIONAL_NOINDEX,"Existing locale retirement de: src/data/deindexed-urls.json locales; src/lib/seo.ts isSoftDeindexed/resolveSeo. Preserve reversible 200 noindex,follow and omit sitemap/hreflang; review date 2026-12-22"
worthcalc.win,https://worthcalc.win/de/rent-vs-buy-guide/,200,False,"noindex,follow",,https://worthcalc.win/de/rent-vs-buy-guide/,False,8,de,Content,UNKNOWN (supplied aggregate only),INTENTIONAL_NOINDEX,"Existing locale retirement de: src/data/deindexed-urls.json locales; src/lib/seo.ts isSoftDeindexed/resolveSeo. Preserve reversible 200 noindex,follow and omit sitemap/hreflang; review date 2026-12-22"
worthcalc.win,https://worthcalc.win/de/terms/,200,False,"noindex,follow",,https://worthcalc.win/de/terms/,False,71,de,Content,UNKNOWN (supplied aggregate only),INTENTIONAL_NOINDEX,"Existing locale retirement de: src/data/deindexed-urls.json locales; src/lib/seo.ts isSoftDeindexed/resolveSeo. Preserve reversible 200 noindex,follow and omit sitemap/hreflang; review date 2026-12-22"
worthcalc.win,https://worthcalc.win/de/tools/,200,False,"noindex,follow",,https://worthcalc.win/de/tools/,False,71,de,Tool,UNKNOWN (supplied aggregate only),INTENTIONAL_NOINDEX,"Existing locale retirement de: src/data/deindexed-urls.json locales; src/lib/seo.ts isSoftDeindexed/resolveSeo. Preserve reversible 200 noindex,follow and omit sitemap/hreflang; review date 2026-12-22"
worthcalc.win,https://worthcalc.win/de/tools/cashback-breakeven/,200,False,"noindex,follow",,https://worthcalc.win/de/tools/cashback-breakeven/,False,7,de,Tool,UNKNOWN (supplied aggregate only),INTENTIONAL_NOINDEX,"Existing locale retirement de: src/data/deindexed-urls.json locales; src/lib/seo.ts isSoftDeindexed/resolveSeo. Preserve reversible 200 noindex,follow and omit sitemap/hreflang; review date 2026-12-22"
worthcalc.win,https://worthcalc.win/de/tools/commute-cost/,200,False,"noindex,follow",,https://worthcalc.win/de/tools/commute-cost/,False,7,de,Tool,UNKNOWN (supplied aggregate only),INTENTIONAL_NOINDEX,"Existing locale retirement de: src/data/deindexed-urls.json locales; src/lib/seo.ts isSoftDeindexed/resolveSeo. Preserve reversible 200 noindex,follow and omit sitemap/hreflang; review date 2026-12-22"
worthcalc.win,https://worthcalc.win/de/tools/compound-growth/,200,False,"noindex,follow",,https://worthcalc.win/de/tools/compound-growth/,False,8,de,Tool,UNKNOWN (supplied aggregate only),INTENTIONAL_NOINDEX,"Existing locale retirement de: src/data/deindexed-urls.json locales; src/lib/seo.ts isSoftDeindexed/resolveSeo. Preserve reversible 200 noindex,follow and omit sitemap/hreflang; review date 2026-12-22"
worthcalc.win,https://worthcalc.win/de/tools/costco-membership/,200,False,"noindex,follow",,https://worthcalc.win/de/tools/costco-membership/,False,8,de,Tool,UNKNOWN (supplied aggregate only),INTENTIONAL_NOINDEX,"Existing locale retirement de: src/data/deindexed-urls.json locales; src/lib/seo.ts isSoftDeindexed/resolveSeo. Preserve reversible 200 noindex,follow and omit sitemap/hreflang; review date 2026-12-22"
worthcalc.win,https://worthcalc.win/de/tools/dti-calculator/,200,False,"noindex,follow",,https://worthcalc.win/de/tools/dti-calculator/,False,8,de,Tool,UNKNOWN (supplied aggregate only),INTENTIONAL_NOINDEX,"Existing locale retirement de: src/data/deindexed-urls.json locales; src/lib/seo.ts isSoftDeindexed/resolveSeo. Preserve reversible 200 noindex,follow and omit sitemap/hreflang; review date 2026-12-22"
worthcalc.win,https://worthcalc.win/de/tools/ev-vs-gas/,200,False,"noindex,follow",,https://worthcalc.win/de/tools/ev-vs-gas/,False,7,de,Tool,UNKNOWN (supplied aggregate only),INTENTIONAL_NOINDEX,"Existing locale retirement de: src/data/deindexed-urls.json locales; src/lib/seo.ts isSoftDeindexed/resolveSeo. Preserve reversible 200 noindex,follow and omit sitemap/hreflang; review date 2026-12-22"
worthcalc.win,https://worthcalc.win/de/tools/home-affordability/,200,False,"noindex,follow",,https://worthcalc.win/de/tools/home-affordability/,False,8,de,Tool,UNKNOWN (supplied aggregate only),INTENTIONAL_NOINDEX,"Existing locale retirement de: src/data/deindexed-urls.json locales; src/lib/seo.ts isSoftDeindexed/resolveSeo. Preserve reversible 200 noindex,follow and omit sitemap/hreflang; review date 2026-12-22"
worthcalc.win,https://worthcalc.win/de/tools/installment-true-apr/,200,False,"noindex,follow",,https://worthcalc.win/de/tools/installment-true-apr/,False,9,de,Tool,UNKNOWN (supplied aggregate only),INTENTIONAL_NOINDEX,"Existing locale retirement de: src/data/deindexed-urls.json locales; src/lib/seo.ts isSoftDeindexed/resolveSeo. Preserve reversible 200 noindex,follow and omit sitemap/hreflang; review date 2026-12-22"
worthcalc.win,https://worthcalc.win/de/tools/rent-vs-buy/,200,False,"noindex,follow",,https://worthcalc.win/de/tools/rent-vs-buy/,False,7,de,Tool,UNKNOWN (supplied aggregate only),INTENTIONAL_NOINDEX,"Existing locale retirement de: src/data/deindexed-urls.json locales; src/lib/seo.ts isSoftDeindexed/resolveSeo. Preserve reversible 200 noindex,follow and omit sitemap/hreflang; review date 2026-12-22"
worthcalc.win,https://worthcalc.win/de/tools/subscription-audit/,200,False,"noindex,follow",,https://worthcalc.win/de/tools/subscription-audit/,False,10,de,Tool,UNKNOWN (supplied aggregate only),INTENTIONAL_NOINDEX,"Existing locale retirement de: src/data/deindexed-urls.json locales; src/lib/seo.ts isSoftDeindexed/resolveSeo. Preserve reversible 200 noindex,follow and omit sitemap/hreflang; review date 2026-12-22"
worthcalc.win,https://worthcalc.win/de/true-hourly-wage-after-commuting-work-expenses/,200,False,"noindex,follow",,https://worthcalc.win/de/true-hourly-wage-after-commuting-work-expenses/,False,8,de,Content,UNKNOWN (supplied aggregate only),INTENTIONAL_NOINDEX,"Existing locale retirement de: src/data/deindexed-urls.json locales; src/lib/seo.ts isSoftDeindexed/resolveSeo. Preserve reversible 200 noindex,follow and omit sitemap/hreflang; review date 2026-12-22"
worthcalc.win,https://worthcalc.win/de/zero-interest-installments-truth/,200,False,"noindex,follow",,https://worthcalc.win/de/zero-interest-installments-truth/,False,10,de,Content,UNKNOWN (supplied aggregate only),INTENTIONAL_NOINDEX,"Existing locale retirement de: src/data/deindexed-urls.json locales; src/lib/seo.ts isSoftDeindexed/resolveSeo. Preserve reversible 200 noindex,follow and omit sitemap/hreflang; review date 2026-12-22"
worthcalc.win,https://worthcalc.win/en/annual-vs-monthly-billing/,200,True,"index, follow, max-image-preview:large",,https://worthcalc.win/en/annual-vs-monthly-billing/,True,5,en,Content,UNKNOWN (supplied aggregate only),KEEP_INDEXABLE,current HTTP/robots eligibility; quality and search indexing separate
worthcalc.win,https://worthcalc.win/en/apr-vs-apy/,200,True,"index,follow",,https://worthcalc.win/en/apr-vs-apy/,True,7,en,Content,UNKNOWN (supplied aggregate only),KEEP_INDEXABLE,current HTTP/robots eligibility; quality and search indexing separate
worthcalc.win,https://worthcalc.win/en/average-commuting-cost/,200,True,"index, follow, max-image-preview:large",,https://worthcalc.win/en/average-commuting-cost/,True,4,en,Content,UNKNOWN (supplied aggregate only),KEEP_INDEXABLE,current HTTP/robots eligibility; quality and search indexing separate
worthcalc.win,https://worthcalc.win/en/bnpl-vs-credit-card-installments/,200,True,"index, follow, max-image-preview:large",,https://worthcalc.win/en/bnpl-vs-credit-card-installments/,True,7,en,Content,UNKNOWN (supplied aggregate only),KEEP_INDEXABLE,current HTTP/robots eligibility; quality and search indexing separate
worthcalc.win,https://worthcalc.win/en/budget-with-irregular-income/,200,True,"index, follow, max-image-preview:large",,https://worthcalc.win/en/budget-with-irregular-income/,True,12,en,Content,UNKNOWN (supplied aggregate only),KEEP_INDEXABLE,current HTTP/robots eligibility; quality and search indexing separate
worthcalc.win,https://worthcalc.win/en/bulk-buying-vs-small-packages/,200,True,"index, follow, max-image-preview:large",,https://worthcalc.win/en/bulk-buying-vs-small-packages/,True,7,en,Content,UNKNOWN (supplied aggregate only),KEEP_INDEXABLE,current HTTP/robots eligibility; quality and search indexing separate
worthcalc.win,https://worthcalc.win/en/bulk-buying-waste-math/,200,True,"index, follow, max-image-preview:large",,https://worthcalc.win/en/bulk-buying-waste-math/,True,8,en,Content,UNKNOWN (supplied aggregate only),KEEP_INDEXABLE,current HTTP/robots eligibility; quality and search indexing separate
worthcalc.win,https://worthcalc.win/en/car-lease-vs-buy-total-cost/,200,True,"index, follow, max-image-preview:large",,https://worthcalc.win/en/car-lease-vs-buy-total-cost/,True,7,en,Content,UNKNOWN (supplied aggregate only),KEEP_INDEXABLE,current HTTP/robots eligibility; quality and search indexing separate
worthcalc.win,https://worthcalc.win/en/cashback-caps-real-reward-rate/,200,True,"index, follow, max-image-preview:large",,https://worthcalc.win/en/cashback-caps-real-reward-rate/,True,7,en,Content,UNKNOWN (supplied aggregate only),KEEP_INDEXABLE,current HTTP/robots eligibility; quality and search indexing separate
worthcalc.win,https://worthcalc.win/en/cost-per-use-expensive-item/,200,False,"noindex,follow",,https://worthcalc.win/en/cost-per-use-expensive-item/,False,7,en,Content,UNKNOWN (supplied aggregate only),INTENTIONAL_NOINDEX,"Exact URL retained in src/data/deindexed-urls.json urls; src/lib/seo.ts isSoftDeindexed/resolveSeo preserves soft consolidation with 200 noindex,follow. No reopening without evidence/authorization"
worthcalc.win,https://worthcalc.win/en/costco-math/,200,True,"index, follow, max-image-preview:large",,https://worthcalc.win/en/costco-math/,True,11,en,Content,UNKNOWN (supplied aggregate only),KEEP_INDEXABLE,current HTTP/robots eligibility; quality and search indexing separate
worthcalc.win,https://worthcalc.win/en/credit-card-minimum-payment-trap/,200,True,"index, follow, max-image-preview:large",,https://worthcalc.win/en/credit-card-minimum-payment-trap/,True,9,en,Content,UNKNOWN (supplied aggregate only),KEEP_INDEXABLE,current HTTP/robots eligibility; quality and search indexing separate
worthcalc.win,https://worthcalc.win/en/delivery-membership-break-even/,200,True,"index, follow, max-image-preview:large",,https://worthcalc.win/en/delivery-membership-break-even/,True,7,en,Content,UNKNOWN (supplied aggregate only),KEEP_INDEXABLE,current HTTP/robots eligibility; quality and search indexing separate
worthcalc.win,https://worthcalc.win/en/emergency-fund-irregular-income/,200,True,"index,follow",,https://worthcalc.win/en/emergency-fund-irregular-income/,True,7,en,Content,UNKNOWN (supplied aggregate only),KEEP_INDEXABLE,current HTTP/robots eligibility; quality and search indexing separate
worthcalc.win,https://worthcalc.win/en/energy-efficient-appliance-payback/,200,True,"index, follow, max-image-preview:large",,https://worthcalc.win/en/energy-efficient-appliance-payback/,True,9,en,Content,UNKNOWN (supplied aggregate only),KEEP_INDEXABLE,current HTTP/robots eligibility; quality and search indexing separate
worthcalc.win,https://worthcalc.win/en/extended-warranty-math/,200,True,"index, follow, max-image-preview:large",,https://worthcalc.win/en/extended-warranty-math/,True,4,en,Content,UNKNOWN (supplied aggregate only),KEEP_INDEXABLE,current HTTP/robots eligibility; quality and search indexing separate
worthcalc.win,https://worthcalc.win/en/extra-mortgage-payments-guide/,200,True,"index, follow, max-image-preview:large",,https://worthcalc.win/en/extra-mortgage-payments-guide/,True,10,en,Content,UNKNOWN (supplied aggregate only),KEEP_INDEXABLE,current HTTP/robots eligibility; quality and search indexing separate
worthcalc.win,https://worthcalc.win/en/free-shipping-threshold/,200,False,"noindex,follow",,https://worthcalc.win/en/free-shipping-threshold/,False,5,en,Content,UNKNOWN (supplied aggregate only),INTENTIONAL_NOINDEX,"Exact URL retained in src/data/deindexed-urls.json urls; src/lib/seo.ts isSoftDeindexed/resolveSeo preserves soft consolidation with 200 noindex,follow. No reopening without evidence/authorization"
worthcalc.win,https://worthcalc.win/en/freelancer-pricing-decision-engine/,200,False,"noindex,follow",,https://worthcalc.win/en/freelancer-pricing-decision-engine/,False,7,en,Content,UNKNOWN (supplied aggregate only),INTENTIONAL_NOINDEX,"Exact URL retained in src/data/deindexed-urls.json urls; src/lib/seo.ts isSoftDeindexed/resolveSeo preserves soft consolidation with 200 noindex,follow. No reopening without evidence/authorization"
worthcalc.win,https://worthcalc.win/en/full-commute-cost-including-time/,200,True,"index, follow, max-image-preview:large",,https://worthcalc.win/en/full-commute-cost-including-time/,True,8,en,Content,UNKNOWN (supplied aggregate only),KEEP_INDEXABLE,current HTTP/robots eligibility; quality and search indexing separate
worthcalc.win,https://worthcalc.win/en/guides/ai-tool-realized-time-savings-break-even/,200,False,"noindex,follow",,https://worthcalc.win/en/guides/ai-tool-realized-time-savings-break-even/,False,4,en,Guide,UNKNOWN (supplied aggregate only),INTENTIONAL_NOINDEX,"Exact URL retained in src/data/deindexed-urls.json urls; src/lib/seo.ts isSoftDeindexed/resolveSeo preserves soft consolidation with 200 noindex,follow. No reopening without evidence/authorization"
worthcalc.win,https://worthcalc.win/en/guides/amortization-schedule-explained/,200,False,"noindex,follow",,https://worthcalc.win/en/guides/amortization-schedule-explained/,False,5,en,Guide,UNKNOWN (supplied aggregate only),INTENTIONAL_NOINDEX,"Exact URL retained in src/data/deindexed-urls.json urls; src/lib/seo.ts isSoftDeindexed/resolveSeo preserves soft consolidation with 200 noindex,follow. No reopening without evidence/authorization"
worthcalc.win,https://worthcalc.win/en/guides/annual-bills-cash-flow-low-point/,200,False,"noindex,follow",,https://worthcalc.win/en/guides/annual-bills-cash-flow-low-point/,False,5,en,Guide,UNKNOWN (supplied aggregate only),INTENTIONAL_NOINDEX,"Exact URL retained in src/data/deindexed-urls.json urls; src/lib/seo.ts isSoftDeindexed/resolveSeo preserves soft consolidation with 200 noindex,follow. No reopening without evidence/authorization"
worthcalc.win,https://worthcalc.win/en/guides/annual-bills-monthly-equivalent/,200,False,"noindex,follow",,https://worthcalc.win/en/guides/annual-bills-monthly-equivalent/,False,13,en,Guide,UNKNOWN (supplied aggregate only),INTENTIONAL_NOINDEX,"Exact URL retained in src/data/deindexed-urls.json urls; src/lib/seo.ts isSoftDeindexed/resolveSeo preserves soft consolidation with 200 noindex,follow. No reopening without evidence/authorization"
worthcalc.win,https://worthcalc.win/en/guides/annual-cost-savings-calculator/,200,False,"noindex,follow",,https://worthcalc.win/en/guides/annual-cost-savings-calculator/,False,21,en,Guide,UNKNOWN (supplied aggregate only),INTENTIONAL_NOINDEX,"Exact URL retained in src/data/deindexed-urls.json urls; src/lib/seo.ts isSoftDeindexed/resolveSeo preserves soft consolidation with 200 noindex,follow. No reopening without evidence/authorization"
worthcalc.win,https://worthcalc.win/en/guides/annual-plan-cancellation-risk-break-even/,200,False,"noindex,follow",,https://worthcalc.win/en/guides/annual-plan-cancellation-risk-break-even/,False,4,en,Guide,UNKNOWN (supplied aggregate only),INTENTIONAL_NOINDEX,"Exact URL retained in src/data/deindexed-urls.json urls; src/lib/seo.ts isSoftDeindexed/resolveSeo preserves soft consolidation with 200 noindex,follow. No reopening without evidence/authorization"
worthcalc.win,https://worthcalc.win/en/guides/annual-vs-monthly-insurance-payment/,200,False,"noindex,follow",,https://worthcalc.win/en/guides/annual-vs-monthly-insurance-payment/,False,4,en,Guide,UNKNOWN (supplied aggregate only),INTENTIONAL_NOINDEX,"Exact URL retained in src/data/deindexed-urls.json urls; src/lib/seo.ts isSoftDeindexed/resolveSeo preserves soft consolidation with 200 noindex,follow. No reopening without evidence/authorization"
worthcalc.win,https://worthcalc.win/en/guides/auto-loan-negative-equity-rollover-cost/,200,False,"noindex,follow",,https://worthcalc.win/en/guides/auto-loan-negative-equity-rollover-cost/,False,6,en,Guide,UNKNOWN (supplied aggregate only),INTENTIONAL_NOINDEX,"Exact URL retained in src/data/deindexed-urls.json urls; src/lib/seo.ts isSoftDeindexed/resolveSeo preserves soft consolidation with 200 noindex,follow. No reopening without evidence/authorization"
worthcalc.win,https://worthcalc.win/en/guides/balance-transfer-break-even/,200,False,"noindex,follow",,https://worthcalc.win/en/guides/balance-transfer-break-even/,False,4,en,Guide,UNKNOWN (supplied aggregate only),INTENTIONAL_NOINDEX,"Exact URL retained in src/data/deindexed-urls.json urls; src/lib/seo.ts isSoftDeindexed/resolveSeo preserves soft consolidation with 200 noindex,follow. No reopening without evidence/authorization"
worthcalc.win,https://worthcalc.win/en/guides/benefits-replacement-cost-vs-salary/,200,False,"noindex,follow",,https://worthcalc.win/en/guides/benefits-replacement-cost-vs-salary/,False,4,en,Guide,UNKNOWN (supplied aggregate only),INTENTIONAL_NOINDEX,"Exact URL retained in src/data/deindexed-urls.json urls; src/lib/seo.ts isSoftDeindexed/resolveSeo preserves soft consolidation with 200 noindex,follow. No reopening without evidence/authorization"
worthcalc.win,https://worthcalc.win/en/guides/bonus-volatility-fixed-cost-capacity/,200,False,"noindex,follow",,https://worthcalc.win/en/guides/bonus-volatility-fixed-cost-capacity/,False,3,en,Guide,UNKNOWN (supplied aggregate only),INTENTIONAL_NOINDEX,"Exact URL retained in src/data/deindexed-urls.json urls; src/lib/seo.ts isSoftDeindexed/resolveSeo preserves soft consolidation with 200 noindex,follow. No reopening without evidence/authorization"
worthcalc.win,https://worthcalc.win/en/guides/car-down-payment-vs-liquidity/,200,False,"noindex,follow",,https://worthcalc.win/en/guides/car-down-payment-vs-liquidity/,False,10,en,Guide,UNKNOWN (supplied aggregate only),INTENTIONAL_NOINDEX,"Exact URL retained in src/data/deindexed-urls.json urls; src/lib/seo.ts isSoftDeindexed/resolveSeo preserves soft consolidation with 200 noindex,follow. No reopening without evidence/authorization"
worthcalc.win,https://worthcalc.win/en/guides/car-loan-60-vs-72-vs-84-early-exit/,200,False,"noindex,follow",,https://worthcalc.win/en/guides/car-loan-60-vs-72-vs-84-early-exit/,False,6,en,Guide,UNKNOWN (supplied aggregate only),INTENTIONAL_NOINDEX,"Exact URL retained in src/data/deindexed-urls.json urls; src/lib/seo.ts isSoftDeindexed/resolveSeo preserves soft consolidation with 200 noindex,follow. No reopening without evidence/authorization"
worthcalc.win,https://worthcalc.win/en/guides/cash-discount-vs-financing/,200,False,"noindex,follow",,https://worthcalc.win/en/guides/cash-discount-vs-financing/,False,6,en,Guide,UNKNOWN (supplied aggregate only),INTENTIONAL_NOINDEX,"Exact URL retained in src/data/deindexed-urls.json urls; src/lib/seo.ts isSoftDeindexed/resolveSeo preserves soft consolidation with 200 noindex,follow. No reopening without evidence/authorization"
worthcalc.win,https://worthcalc.win/en/guides/cash-flow-buffer-vs-emergency-fund/,200,False,"noindex,follow",,https://worthcalc.win/en/guides/cash-flow-buffer-vs-emergency-fund/,False,8,en,Guide,UNKNOWN (supplied aggregate only),INTENTIONAL_NOINDEX,"Exact URL retained in src/data/deindexed-urls.json urls; src/lib/seo.ts isSoftDeindexed/resolveSeo preserves soft consolidation with 200 noindex,follow. No reopening without evidence/authorization"
worthcalc.win,https://worthcalc.win/en/guides/cash-runway-before-quitting-job/,200,False,"noindex,follow",,https://worthcalc.win/en/guides/cash-runway-before-quitting-job/,False,7,en,Guide,UNKNOWN (supplied aggregate only),INTENTIONAL_NOINDEX,"Exact URL retained in src/data/deindexed-urls.json urls; src/lib/seo.ts isSoftDeindexed/resolveSeo preserves soft consolidation with 200 noindex,follow. No reopening without evidence/authorization"
worthcalc.win,https://worthcalc.win/en/guides/cash-vs-financing-car-liquidity/,200,False,"noindex,follow",,https://worthcalc.win/en/guides/cash-vs-financing-car-liquidity/,False,4,en,Guide,UNKNOWN (supplied aggregate only),INTENTIONAL_NOINDEX,"Exact URL retained in src/data/deindexed-urls.json urls; src/lib/seo.ts isSoftDeindexed/resolveSeo preserves soft consolidation with 200 noindex,follow. No reopening without evidence/authorization"
worthcalc.win,https://worthcalc.win/en/guides/childcare-return-to-work-break-even/,200,False,"noindex,follow",,https://worthcalc.win/en/guides/childcare-return-to-work-break-even/,False,6,en,Guide,UNKNOWN (supplied aggregate only),INTENTIONAL_NOINDEX,"Exact URL retained in src/data/deindexed-urls.json urls; src/lib/seo.ts isSoftDeindexed/resolveSeo preserves soft consolidation with 200 noindex,follow. No reopening without evidence/authorization"
worthcalc.win,https://worthcalc.win/en/guides/clothes-dryer-cost-per-load-used/,200,False,"noindex,follow",,https://worthcalc.win/en/guides/clothes-dryer-cost-per-load-used/,False,3,en,Guide,UNKNOWN (supplied aggregate only),INTENTIONAL_NOINDEX,"Exact URL retained in src/data/deindexed-urls.json urls; src/lib/seo.ts isSoftDeindexed/resolveSeo preserves soft consolidation with 200 noindex,follow. No reopening without evidence/authorization"
worthcalc.win,https://worthcalc.win/en/guides/cloud-storage-cost-per-retained-gb/,200,False,"noindex,follow",,https://worthcalc.win/en/guides/cloud-storage-cost-per-retained-gb/,False,5,en,Guide,UNKNOWN (supplied aggregate only),INTENTIONAL_NOINDEX,"Exact URL retained in src/data/deindexed-urls.json urls; src/lib/seo.ts isSoftDeindexed/resolveSeo preserves soft consolidation with 200 noindex,follow. No reopening without evidence/authorization"
worthcalc.win,https://worthcalc.win/en/guides/cost-of-delaying-savings-goal/,200,False,"noindex,follow",,https://worthcalc.win/en/guides/cost-of-delaying-savings-goal/,False,5,en,Guide,UNKNOWN (supplied aggregate only),INTENTIONAL_NOINDEX,"Exact URL retained in src/data/deindexed-urls.json urls; src/lib/seo.ts isSoftDeindexed/resolveSeo preserves soft consolidation with 200 noindex,follow. No reopening without evidence/authorization"
worthcalc.win,https://worthcalc.win/en/guides/debt-consolidation-break-even/,200,False,"noindex,follow",,https://worthcalc.win/en/guides/debt-consolidation-break-even/,False,5,en,Guide,UNKNOWN (supplied aggregate only),INTENTIONAL_NOINDEX,"Exact URL retained in src/data/deindexed-urls.json urls; src/lib/seo.ts isSoftDeindexed/resolveSeo preserves soft consolidation with 200 noindex,follow. No reopening without evidence/authorization"
worthcalc.win,https://worthcalc.win/en/guides/debt-to-assets-ratio-personal/,200,False,"noindex,follow",,https://worthcalc.win/en/guides/debt-to-assets-ratio-personal/,False,4,en,Guide,UNKNOWN (supplied aggregate only),INTENTIONAL_NOINDEX,"Exact URL retained in src/data/deindexed-urls.json urls; src/lib/seo.ts isSoftDeindexed/resolveSeo preserves soft consolidation with 200 noindex,follow. No reopening without evidence/authorization"
worthcalc.win,https://worthcalc.win/en/guides/dishwasher-cost-per-cycle-used/,200,False,"noindex,follow",,https://worthcalc.win/en/guides/dishwasher-cost-per-cycle-used/,False,4,en,Guide,UNKNOWN (supplied aggregate only),INTENTIONAL_NOINDEX,"Exact URL retained in src/data/deindexed-urls.json urls; src/lib/seo.ts isSoftDeindexed/resolveSeo preserves soft consolidation with 200 noindex,follow. No reopening without evidence/authorization"
worthcalc.win,https://worthcalc.win/en/guides/electricity-cost-per-kwh-used/,200,False,"noindex,follow",,https://worthcalc.win/en/guides/electricity-cost-per-kwh-used/,False,15,en,Guide,UNKNOWN (supplied aggregate only),INTENTIONAL_NOINDEX,"Exact URL retained in src/data/deindexed-urls.json urls; src/lib/seo.ts isSoftDeindexed/resolveSeo preserves soft consolidation with 200 noindex,follow. No reopening without evidence/authorization"
worthcalc.win,https://worthcalc.win/en/guides/event-ticket-cost-per-attended-hour/,200,False,"noindex,follow",,https://worthcalc.win/en/guides/event-ticket-cost-per-attended-hour/,False,5,en,Guide,UNKNOWN (supplied aggregate only),INTENTIONAL_NOINDEX,"Exact URL retained in src/data/deindexed-urls.json urls; src/lib/seo.ts isSoftDeindexed/resolveSeo preserves soft consolidation with 200 noindex,follow. No reopening without evidence/authorization"
worthcalc.win,https://worthcalc.win/en/guides/financial-runway-months/,200,False,"noindex,follow",,https://worthcalc.win/en/guides/financial-runway-months/,False,9,en,Guide,UNKNOWN (supplied aggregate only),INTENTIONAL_NOINDEX,"Exact URL retained in src/data/deindexed-urls.json urls; src/lib/seo.ts isSoftDeindexed/resolveSeo preserves soft consolidation with 200 noindex,follow. No reopening without evidence/authorization"
worthcalc.win,https://worthcalc.win/en/guides/fixed-vs-variable-rate/,200,False,"noindex,follow",,https://worthcalc.win/en/guides/fixed-vs-variable-rate/,False,3,en,Guide,UNKNOWN (supplied aggregate only),INTENTIONAL_NOINDEX,"Exact URL retained in src/data/deindexed-urls.json urls; src/lib/seo.ts isSoftDeindexed/resolveSeo preserves soft consolidation with 200 noindex,follow. No reopening without evidence/authorization"
worthcalc.win,https://worthcalc.win/en/guides/freelance-minimum-billable-rate/,200,False,"noindex,follow",,https://worthcalc.win/en/guides/freelance-minimum-billable-rate/,False,5,en,Guide,UNKNOWN (supplied aggregate only),INTENTIONAL_NOINDEX,"Exact URL retained in src/data/deindexed-urls.json urls; src/lib/seo.ts isSoftDeindexed/resolveSeo preserves soft consolidation with 200 noindex,follow. No reopening without evidence/authorization"
worthcalc.win,https://worthcalc.win/en/guides/fulltime-vs-parttime-childcare-break-even/,200,False,"noindex,follow",,https://worthcalc.win/en/guides/fulltime-vs-parttime-childcare-break-even/,False,4,en,Guide,UNKNOWN (supplied aggregate only),INTENTIONAL_NOINDEX,"Exact URL retained in src/data/deindexed-urls.json urls; src/lib/seo.ts isSoftDeindexed/resolveSeo preserves soft consolidation with 200 noindex,follow. No reopening without evidence/authorization"
worthcalc.win,https://worthcalc.win/en/guides/high-vs-low-insurance-deductible-break-even/,200,False,"noindex,follow",,https://worthcalc.win/en/guides/high-vs-low-insurance-deductible-break-even/,False,4,en,Guide,UNKNOWN (supplied aggregate only),INTENTIONAL_NOINDEX,"Exact URL retained in src/data/deindexed-urls.json urls; src/lib/seo.ts isSoftDeindexed/resolveSeo preserves soft consolidation with 200 noindex,follow. No reopening without evidence/authorization"
worthcalc.win,https://worthcalc.win/en/guides/home-internet-cost-per-gb-used/,200,False,"noindex,follow",,https://worthcalc.win/en/guides/home-internet-cost-per-gb-used/,False,5,en,Guide,UNKNOWN (supplied aggregate only),INTENTIONAL_NOINDEX,"Exact URL retained in src/data/deindexed-urls.json urls; src/lib/seo.ts isSoftDeindexed/resolveSeo preserves soft consolidation with 200 noindex,follow. No reopening without evidence/authorization"
worthcalc.win,https://worthcalc.win/en/guides/hvac-cost-per-operating-hour-used/,200,False,"noindex,follow",,https://worthcalc.win/en/guides/hvac-cost-per-operating-hour-used/,False,4,en,Guide,UNKNOWN (supplied aggregate only),INTENTIONAL_NOINDEX,"Exact URL retained in src/data/deindexed-urls.json urls; src/lib/seo.ts isSoftDeindexed/resolveSeo preserves soft consolidation with 200 noindex,follow. No reopening without evidence/authorization"
worthcalc.win,https://worthcalc.win/en/guides/insurance-deductible-cash-reserve/,200,False,"noindex,follow",,https://worthcalc.win/en/guides/insurance-deductible-cash-reserve/,False,7,en,Guide,UNKNOWN (supplied aggregate only),INTENTIONAL_NOINDEX,"Exact URL retained in src/data/deindexed-urls.json urls; src/lib/seo.ts isSoftDeindexed/resolveSeo preserves soft consolidation with 200 noindex,follow. No reopening without evidence/authorization"
worthcalc.win,https://worthcalc.win/en/guides/introductory-discount-renewal-cost/,200,False,"noindex,follow",,https://worthcalc.win/en/guides/introductory-discount-renewal-cost/,False,5,en,Guide,UNKNOWN (supplied aggregate only),INTENTIONAL_NOINDEX,"Exact URL retained in src/data/deindexed-urls.json urls; src/lib/seo.ts isSoftDeindexed/resolveSeo preserves soft consolidation with 200 noindex,follow. No reopening without evidence/authorization"
worthcalc.win,https://worthcalc.win/en/guides/language-class-cost-per-completed-session/,200,False,"noindex,follow",,https://worthcalc.win/en/guides/language-class-cost-per-completed-session/,False,4,en,Guide,UNKNOWN (supplied aggregate only),INTENTIONAL_NOINDEX,"Exact URL retained in src/data/deindexed-urls.json urls; src/lib/seo.ts isSoftDeindexed/resolveSeo preserves soft consolidation with 200 noindex,follow. No reopening without evidence/authorization"
worthcalc.win,https://worthcalc.win/en/guides/laundry-cost-per-load/,200,False,"noindex,follow",,https://worthcalc.win/en/guides/laundry-cost-per-load/,False,6,en,Guide,UNKNOWN (supplied aggregate only),INTENTIONAL_NOINDEX,"Exact URL retained in src/data/deindexed-urls.json urls; src/lib/seo.ts isSoftDeindexed/resolveSeo preserves soft consolidation with 200 noindex,follow. No reopening without evidence/authorization"
worthcalc.win,https://worthcalc.win/en/guides/led-lighting-cost-per-hour-used/,200,False,"noindex,follow",,https://worthcalc.win/en/guides/led-lighting-cost-per-hour-used/,False,4,en,Guide,UNKNOWN (supplied aggregate only),INTENTIONAL_NOINDEX,"Exact URL retained in src/data/deindexed-urls.json urls; src/lib/seo.ts isSoftDeindexed/resolveSeo preserves soft consolidation with 200 noindex,follow. No reopening without evidence/authorization"
worthcalc.win,https://worthcalc.win/en/guides/loan-refinance-break-even/,200,False,"noindex,follow",,https://worthcalc.win/en/guides/loan-refinance-break-even/,False,4,en,Guide,UNKNOWN (supplied aggregate only),INTENTIONAL_NOINDEX,"Exact URL retained in src/data/deindexed-urls.json urls; src/lib/seo.ts isSoftDeindexed/resolveSeo preserves soft consolidation with 200 noindex,follow. No reopening without evidence/authorization"
worthcalc.win,https://worthcalc.win/en/guides/meal-delivery-plan-cost-per-eaten-meal/,200,False,"noindex,follow",,https://worthcalc.win/en/guides/meal-delivery-plan-cost-per-eaten-meal/,False,4,en,Guide,UNKNOWN (supplied aggregate only),INTENTIONAL_NOINDEX,"Exact URL retained in src/data/deindexed-urls.json urls; src/lib/seo.ts isSoftDeindexed/resolveSeo preserves soft consolidation with 200 noindex,follow. No reopening without evidence/authorization"
worthcalc.win,https://worthcalc.win/en/guides/mobile-data-cost-per-gb-used/,200,False,"noindex,follow",,https://worthcalc.win/en/guides/mobile-data-cost-per-gb-used/,False,6,en,Guide,UNKNOWN (supplied aggregate only),INTENTIONAL_NOINDEX,"Exact URL retained in src/data/deindexed-urls.json urls; src/lib/seo.ts isSoftDeindexed/resolveSeo preserves soft consolidation with 200 noindex,follow. No reopening without evidence/authorization"
worthcalc.win,https://worthcalc.win/en/guides/monthly-vs-annual-total-cost/,200,False,"noindex,follow",,https://worthcalc.win/en/guides/monthly-vs-annual-total-cost/,False,5,en,Guide,UNKNOWN (supplied aggregate only),INTENTIONAL_NOINDEX,"Exact URL retained in src/data/deindexed-urls.json urls; src/lib/seo.ts isSoftDeindexed/resolveSeo preserves soft consolidation with 200 noindex,follow. No reopening without evidence/authorization"
worthcalc.win,https://worthcalc.win/en/guides/mortgage-points-break-even/,200,False,"noindex,follow",,https://worthcalc.win/en/guides/mortgage-points-break-even/,False,5,en,Guide,UNKNOWN (supplied aggregate only),INTENTIONAL_NOINDEX,"Exact URL retained in src/data/deindexed-urls.json urls; src/lib/seo.ts isSoftDeindexed/resolveSeo preserves soft consolidation with 200 noindex,follow. No reopening without evidence/authorization"
worthcalc.win,https://worthcalc.win/en/guides/mortgage-recast-vs-refinance-vs-extra-principal/,200,False,"noindex,follow",,https://worthcalc.win/en/guides/mortgage-recast-vs-refinance-vs-extra-principal/,False,5,en,Guide,UNKNOWN (supplied aggregate only),INTENTIONAL_NOINDEX,"Exact URL retained in src/data/deindexed-urls.json urls; src/lib/seo.ts isSoftDeindexed/resolveSeo preserves soft consolidation with 200 noindex,follow. No reopening without evidence/authorization"
worthcalc.win,https://worthcalc.win/en/guides/natural-gas-cost-per-therm-used/,200,False,"noindex,follow",,https://worthcalc.win/en/guides/natural-gas-cost-per-therm-used/,False,10,en,Guide,UNKNOWN (supplied aggregate only),INTENTIONAL_NOINDEX,"Exact URL retained in src/data/deindexed-urls.json urls; src/lib/seo.ts isSoftDeindexed/resolveSeo preserves soft consolidation with 200 noindex,follow. No reopening without evidence/authorization"
worthcalc.win,https://worthcalc.win/en/guides/one-time-switching-cost-payback/,200,False,"noindex,follow",,https://worthcalc.win/en/guides/one-time-switching-cost-payback/,False,5,en,Guide,UNKNOWN (supplied aggregate only),INTENTIONAL_NOINDEX,"Exact URL retained in src/data/deindexed-urls.json urls; src/lib/seo.ts isSoftDeindexed/resolveSeo preserves soft consolidation with 200 noindex,follow. No reopening without evidence/authorization"
worthcalc.win,https://worthcalc.win/en/guides/oven-stove-cost-per-cooking-hour-used/,200,False,"noindex,follow",,https://worthcalc.win/en/guides/oven-stove-cost-per-cooking-hour-used/,False,4,en,Guide,UNKNOWN (supplied aggregate only),INTENTIONAL_NOINDEX,"Exact URL retained in src/data/deindexed-urls.json urls; src/lib/seo.ts isSoftDeindexed/resolveSeo preserves soft consolidation with 200 noindex,follow. No reopening without evidence/authorization"
worthcalc.win,https://worthcalc.win/en/guides/personal-liquidity-ratio/,200,False,"noindex,follow",,https://worthcalc.win/en/guides/personal-liquidity-ratio/,False,5,en,Guide,UNKNOWN (supplied aggregate only),INTENTIONAL_NOINDEX,"Exact URL retained in src/data/deindexed-urls.json urls; src/lib/seo.ts isSoftDeindexed/resolveSeo preserves soft consolidation with 200 noindex,follow. No reopening without evidence/authorization"
worthcalc.win,https://worthcalc.win/en/guides/post-debt-payoff-lifestyle-creep/,200,False,"noindex,follow",,https://worthcalc.win/en/guides/post-debt-payoff-lifestyle-creep/,False,4,en,Guide,UNKNOWN (supplied aggregate only),INTENTIONAL_NOINDEX,"Exact URL retained in src/data/deindexed-urls.json urls; src/lib/seo.ts isSoftDeindexed/resolveSeo preserves soft consolidation with 200 noindex,follow. No reopening without evidence/authorization"
worthcalc.win,https://worthcalc.win/en/guides/prepay-rent-discount-vs-liquidity/,200,False,"noindex,follow",,https://worthcalc.win/en/guides/prepay-rent-discount-vs-liquidity/,False,6,en,Guide,UNKNOWN (supplied aggregate only),INTENTIONAL_NOINDEX,"Exact URL retained in src/data/deindexed-urls.json urls; src/lib/seo.ts isSoftDeindexed/resolveSeo preserves soft consolidation with 200 noindex,follow. No reopening without evidence/authorization"
worthcalc.win,https://worthcalc.win/en/guides/real-vs-nominal-return/,200,False,"noindex,follow",,https://worthcalc.win/en/guides/real-vs-nominal-return/,False,5,en,Guide,UNKNOWN (supplied aggregate only),INTENTIONAL_NOINDEX,"Exact URL retained in src/data/deindexed-urls.json urls; src/lib/seo.ts isSoftDeindexed/resolveSeo preserves soft consolidation with 200 noindex,follow. No reopening without evidence/authorization"
worthcalc.win,https://worthcalc.win/en/guides/recurring-costs-annual-total/,200,False,"noindex,follow",,https://worthcalc.win/en/guides/recurring-costs-annual-total/,False,16,en,Guide,UNKNOWN (supplied aggregate only),INTENTIONAL_NOINDEX,"Exact URL retained in src/data/deindexed-urls.json urls; src/lib/seo.ts isSoftDeindexed/resolveSeo preserves soft consolidation with 200 noindex,follow. No reopening without evidence/authorization"
worthcalc.win,https://worthcalc.win/en/guides/refrigerator-cost-per-day-used/,200,False,"noindex,follow",,https://worthcalc.win/en/guides/refrigerator-cost-per-day-used/,False,5,en,Guide,UNKNOWN (supplied aggregate only),INTENTIONAL_NOINDEX,"Exact URL retained in src/data/deindexed-urls.json urls; src/lib/seo.ts isSoftDeindexed/resolveSeo preserves soft consolidation with 200 noindex,follow. No reopening without evidence/authorization"
worthcalc.win,https://worthcalc.win/en/guides/relocation-higher-salary-break-even/,200,False,"noindex,follow",,https://worthcalc.win/en/guides/relocation-higher-salary-break-even/,False,4,en,Guide,UNKNOWN (supplied aggregate only),INTENTIONAL_NOINDEX,"Exact URL retained in src/data/deindexed-urls.json urls; src/lib/seo.ts isSoftDeindexed/resolveSeo preserves soft consolidation with 200 noindex,follow. No reopening without evidence/authorization"
worthcalc.win,https://worthcalc.win/en/guides/remote-work-pay-cut-cash-break-even/,200,False,"noindex,follow",,https://worthcalc.win/en/guides/remote-work-pay-cut-cash-break-even/,False,4,en,Guide,UNKNOWN (supplied aggregate only),INTENTIONAL_NOINDEX,"Exact URL retained in src/data/deindexed-urls.json urls; src/lib/seo.ts isSoftDeindexed/resolveSeo preserves soft consolidation with 200 noindex,follow. No reopening without evidence/authorization"
worthcalc.win,https://worthcalc.win/en/guides/rent-increase-vs-moving-break-even/,200,False,"noindex,follow",,https://worthcalc.win/en/guides/rent-increase-vs-moving-break-even/,False,6,en,Guide,UNKNOWN (supplied aggregate only),INTENTIONAL_NOINDEX,"Exact URL retained in src/data/deindexed-urls.json urls; src/lib/seo.ts isSoftDeindexed/resolveSeo preserves soft consolidation with 200 noindex,follow. No reopening without evidence/authorization"
worthcalc.win,https://worthcalc.win/en/guides/savings-break-even-use-period/,200,False,"noindex,follow",,https://worthcalc.win/en/guides/savings-break-even-use-period/,False,5,en,Guide,UNKNOWN (supplied aggregate only),INTENTIONAL_NOINDEX,"Exact URL retained in src/data/deindexed-urls.json urls; src/lib/seo.ts isSoftDeindexed/resolveSeo preserves soft consolidation with 200 noindex,follow. No reopening without evidence/authorization"
worthcalc.win,https://worthcalc.win/en/guides/sinking-fund-by-deadline/,200,False,"noindex,follow",,https://worthcalc.win/en/guides/sinking-fund-by-deadline/,False,7,en,Guide,UNKNOWN (supplied aggregate only),INTENTIONAL_NOINDEX,"Exact URL retained in src/data/deindexed-urls.json urls; src/lib/seo.ts isSoftDeindexed/resolveSeo preserves soft consolidation with 200 noindex,follow. No reopening without evidence/authorization"
worthcalc.win,https://worthcalc.win/en/guides/software-add-on-cost-per-active-seat/,200,False,"noindex,follow",,https://worthcalc.win/en/guides/software-add-on-cost-per-active-seat/,False,4,en,Guide,UNKNOWN (supplied aggregate only),INTENTIONAL_NOINDEX,"Exact URL retained in src/data/deindexed-urls.json urls; src/lib/seo.ts isSoftDeindexed/resolveSeo preserves soft consolidation with 200 noindex,follow. No reopening without evidence/authorization"
worthcalc.win,https://worthcalc.win/en/guides/trade-in-vs-private-sale-net-proceeds/,200,False,"noindex,follow",,https://worthcalc.win/en/guides/trade-in-vs-private-sale-net-proceeds/,False,5,en,Guide,UNKNOWN (supplied aggregate only),INTENTIONAL_NOINDEX,"Exact URL retained in src/data/deindexed-urls.json urls; src/lib/seo.ts isSoftDeindexed/resolveSeo preserves soft consolidation with 200 noindex,follow. No reopening without evidence/authorization"
worthcalc.win,https://worthcalc.win/en/guides/training-certification-break-even/,200,False,"noindex,follow",,https://worthcalc.win/en/guides/training-certification-break-even/,False,4,en,Guide,UNKNOWN (supplied aggregate only),INTENTIONAL_NOINDEX,"Exact URL retained in src/data/deindexed-urls.json urls; src/lib/seo.ts isSoftDeindexed/resolveSeo preserves soft consolidation with 200 noindex,follow. No reopening without evidence/authorization"
worthcalc.win,https://worthcalc.win/en/guides/unused-membership-capacity-cost/,200,False,"noindex,follow",,https://worthcalc.win/en/guides/unused-membership-capacity-cost/,False,5,en,Guide,UNKNOWN (supplied aggregate only),INTENTIONAL_NOINDEX,"Exact URL retained in src/data/deindexed-urls.json urls; src/lib/seo.ts isSoftDeindexed/resolveSeo preserves soft consolidation with 200 noindex,follow. No reopening without evidence/authorization"
worthcalc.win,https://worthcalc.win/en/guides/water-bill-cost-per-gallon-used/,200,False,"noindex,follow",,https://worthcalc.win/en/guides/water-bill-cost-per-gallon-used/,False,5,en,Guide,UNKNOWN (supplied aggregate only),INTENTIONAL_NOINDEX,"Exact URL retained in src/data/deindexed-urls.json urls; src/lib/seo.ts isSoftDeindexed/resolveSeo preserves soft consolidation with 200 noindex,follow. No reopening without evidence/authorization"
worthcalc.win,https://worthcalc.win/en/guides/water-heater-cost-per-gallon-heated/,200,False,"noindex,follow",,https://worthcalc.win/en/guides/water-heater-cost-per-gallon-heated/,False,4,en,Guide,UNKNOWN (supplied aggregate only),INTENTIONAL_NOINDEX,"Exact URL retained in src/data/deindexed-urls.json urls; src/lib/seo.ts isSoftDeindexed/resolveSeo preserves soft consolidation with 200 noindex,follow. No reopening without evidence/authorization"
worthcalc.win,https://worthcalc.win/en/guides/windfall-debt-vs-cash-allocation/,200,False,"noindex,follow",,https://worthcalc.win/en/guides/windfall-debt-vs-cash-allocation/,False,5,en,Guide,UNKNOWN (supplied aggregate only),INTENTIONAL_NOINDEX,"Exact URL retained in src/data/deindexed-urls.json urls; src/lib/seo.ts isSoftDeindexed/resolveSeo preserves soft consolidation with 200 noindex,follow. No reopening without evidence/authorization"
worthcalc.win,https://worthcalc.win/en/gym-membership-cost-per-visit/,200,True,"index, follow, max-image-preview:large",,https://worthcalc.win/en/gym-membership-cost-per-visit/,True,7,en,Content,UNKNOWN (supplied aggregate only),KEEP_INDEXABLE,current HTTP/robots eligibility; quality and search indexing separate
worthcalc.win,https://worthcalc.win/en/home-vs-public-ev-charging-cost/,200,True,"index, follow, max-image-preview:large",,https://worthcalc.win/en/home-vs-public-ev-charging-cost/,True,8,en,Content,UNKNOWN (supplied aggregate only),KEEP_INDEXABLE,current HTTP/robots eligibility; quality and search indexing separate
worthcalc.win,https://worthcalc.win/en/hourly-vs-annual-salary/,200,True,"index, follow, max-image-preview:large",,https://worthcalc.win/en/hourly-vs-annual-salary/,True,8,en,Content,UNKNOWN (supplied aggregate only),KEEP_INDEXABLE,current HTTP/robots eligibility; quality and search indexing separate
worthcalc.win,https://worthcalc.win/en/how-compound-growth-works/,200,True,"index, follow, max-image-preview:large",,https://worthcalc.win/en/how-compound-growth-works/,True,10,en,Content,UNKNOWN (supplied aggregate only),KEEP_INDEXABLE,current HTTP/robots eligibility; quality and search indexing separate
worthcalc.win,https://worthcalc.win/en/how-much-home-can-you-afford/,200,False,"noindex,follow",,https://worthcalc.win/en/how-much-home-can-you-afford/,False,8,en,Content,UNKNOWN (supplied aggregate only),INTENTIONAL_NOINDEX,"Exact URL retained in src/data/deindexed-urls.json urls; src/lib/seo.ts isSoftDeindexed/resolveSeo preserves soft consolidation with 200 noindex,follow. No reopening without evidence/authorization"
worthcalc.win,https://worthcalc.win/en/how-to-calculate-dti/,200,True,"index, follow, max-image-preview:large",,https://worthcalc.win/en/how-to-calculate-dti/,True,8,en,Content,UNKNOWN (supplied aggregate only),KEEP_INDEXABLE,current HTTP/robots eligibility; quality and search indexing separate
worthcalc.win,https://worthcalc.win/en/installment-apr-table/,200,False,"noindex,follow",,https://worthcalc.win/en/installment-apr-table/,False,4,en,Content,UNKNOWN (supplied aggregate only),INTENTIONAL_NOINDEX,"Exact URL retained in src/data/deindexed-urls.json urls; src/lib/seo.ts isSoftDeindexed/resolveSeo preserves soft consolidation with 200 noindex,follow. No reopening without evidence/authorization"
worthcalc.win,https://worthcalc.win/en/is-an-extended-warranty-worth-it/,200,True,"index, follow, max-image-preview:large",,https://worthcalc.win/en/is-an-extended-warranty-worth-it/,True,7,en,Content,UNKNOWN (supplied aggregate only),KEEP_INDEXABLE,current HTTP/robots eligibility; quality and search indexing separate
worthcalc.win,https://worthcalc.win/en/is-costco-executive-membership-worth-it/,200,True,"index, follow, max-image-preview:large",,https://worthcalc.win/en/is-costco-executive-membership-worth-it/,True,8,en,Content,UNKNOWN (supplied aggregate only),KEEP_INDEXABLE,current HTTP/robots eligibility; quality and search indexing separate
worthcalc.win,https://worthcalc.win/en/job-offer-true-value-decision-engine/,200,False,"noindex,follow",,https://worthcalc.win/en/job-offer-true-value-decision-engine/,False,9,en,Content,UNKNOWN (supplied aggregate only),INTENTIONAL_NOINDEX,"Exact URL retained in src/data/deindexed-urls.json urls; src/lib/seo.ts isSoftDeindexed/resolveSeo preserves soft consolidation with 200 noindex,follow. No reopening without evidence/authorization"
worthcalc.win,https://worthcalc.win/en/loan-term-monthly-payment-vs-total-interest/,200,True,"index,follow",,https://worthcalc.win/en/loan-term-monthly-payment-vs-total-interest/,True,7,en,Content,UNKNOWN (supplied aggregate only),KEEP_INDEXABLE,current HTTP/robots eligibility; quality and search indexing separate
worthcalc.win,https://worthcalc.win/en/meal-prep-vs-takeout-cost/,200,False,"noindex,follow",,https://worthcalc.win/en/meal-prep-vs-takeout-cost/,False,7,en,Content,UNKNOWN (supplied aggregate only),INTENTIONAL_NOINDEX,"Exact URL retained in src/data/deindexed-urls.json urls; src/lib/seo.ts isSoftDeindexed/resolveSeo preserves soft consolidation with 200 noindex,follow. No reopening without evidence/authorization"
worthcalc.win,https://worthcalc.win/en/money/auto-loan-rate-by-credit-score-2026/,200,True,"index, follow, max-image-preview:large",,https://worthcalc.win/en/money/auto-loan-rate-by-credit-score-2026/,True,3,en,Content,UNKNOWN (supplied aggregate only),KEEP_INDEXABLE,current HTTP/robots eligibility; quality and search indexing separate
worthcalc.win,https://worthcalc.win/en/money/childcare-cost-2026/,200,True,"index, follow, max-image-preview:large",,https://worthcalc.win/en/money/childcare-cost-2026/,True,4,en,Content,UNKNOWN (supplied aggregate only),KEEP_INDEXABLE,current HTTP/robots eligibility; quality and search indexing separate
worthcalc.win,https://worthcalc.win/en/money/credit-card-apr-2026/,200,True,"index, follow, max-image-preview:large",,https://worthcalc.win/en/money/credit-card-apr-2026/,True,7,en,Content,UNKNOWN (supplied aggregate only),KEEP_INDEXABLE,current HTTP/robots eligibility; quality and search indexing separate
worthcalc.win,https://worthcalc.win/en/money/electricity-price-per-kwh-2026/,200,True,"index, follow, max-image-preview:large",,https://worthcalc.win/en/money/electricity-price-per-kwh-2026/,True,7,en,Content,UNKNOWN (supplied aggregate only),KEEP_INDEXABLE,current HTTP/robots eligibility; quality and search indexing separate
worthcalc.win,https://worthcalc.win/en/money/emergency-fund-size-2026/,200,True,"index, follow, max-image-preview:large",,https://worthcalc.win/en/money/emergency-fund-size-2026/,True,7,en,Content,UNKNOWN (supplied aggregate only),KEEP_INDEXABLE,current HTTP/robots eligibility; quality and search indexing separate
worthcalc.win,https://worthcalc.win/en/money/employer-match-vs-debt-payoff/,200,True,"index, follow, max-image-preview:large",,https://worthcalc.win/en/money/employer-match-vs-debt-payoff/,True,5,en,Content,UNKNOWN (supplied aggregate only),KEEP_INDEXABLE,current HTTP/robots eligibility; quality and search indexing separate
worthcalc.win,https://worthcalc.win/en/money/heat-pump-payback-2026/,200,True,"index, follow, max-image-preview:large",,https://worthcalc.win/en/money/heat-pump-payback-2026/,True,5,en,Content,UNKNOWN (supplied aggregate only),KEEP_INDEXABLE,current HTTP/robots eligibility; quality and search indexing separate
worthcalc.win,https://worthcalc.win/en/money/idle-cash-cost-2026/,200,True,"index, follow, max-image-preview:large",,https://worthcalc.win/en/money/idle-cash-cost-2026/,True,6,en,Content,UNKNOWN (supplied aggregate only),KEEP_INDEXABLE,current HTTP/robots eligibility; quality and search indexing separate
worthcalc.win,https://worthcalc.win/en/money/insurance-deductible-break-even/,200,True,"index, follow, max-image-preview:large",,https://worthcalc.win/en/money/insurance-deductible-break-even/,True,6,en,Content,UNKNOWN (supplied aggregate only),KEEP_INDEXABLE,current HTTP/robots eligibility; quality and search indexing separate
worthcalc.win,https://worthcalc.win/en/money/irs-mileage-rate-2026/,200,True,"index, follow, max-image-preview:large",,https://worthcalc.win/en/money/irs-mileage-rate-2026/,True,6,en,Content,UNKNOWN (supplied aggregate only),KEEP_INDEXABLE,current HTTP/robots eligibility; quality and search indexing separate
worthcalc.win,https://worthcalc.win/en/money/mortgage-rate-2026-payment-impact/,200,True,"index, follow, max-image-preview:large",,https://worthcalc.win/en/money/mortgage-rate-2026-payment-impact/,True,7,en,Content,UNKNOWN (supplied aggregate only),KEEP_INDEXABLE,current HTTP/robots eligibility; quality and search indexing separate
worthcalc.win,https://worthcalc.win/en/money/mortgage-refinance-break-even/,200,True,"index, follow, max-image-preview:large",,https://worthcalc.win/en/money/mortgage-refinance-break-even/,True,5,en,Content,UNKNOWN (supplied aggregate only),KEEP_INDEXABLE,current HTTP/robots eligibility; quality and search indexing separate
worthcalc.win,https://worthcalc.win/en/money/pet-insurance-break-even/,200,True,"index, follow, max-image-preview:large",,https://worthcalc.win/en/money/pet-insurance-break-even/,True,4,en,Content,UNKNOWN (supplied aggregate only),KEEP_INDEXABLE,current HTTP/robots eligibility; quality and search indexing separate
worthcalc.win,https://worthcalc.win/en/money/pmi-removal-timing/,200,True,"index, follow, max-image-preview:large",,https://worthcalc.win/en/money/pmi-removal-timing/,True,5,en,Content,UNKNOWN (supplied aggregate only),KEEP_INDEXABLE,current HTTP/robots eligibility; quality and search indexing separate
worthcalc.win,https://worthcalc.win/en/money/should-i-file-an-insurance-claim/,200,True,"index, follow, max-image-preview:large",,https://worthcalc.win/en/money/should-i-file-an-insurance-claim/,True,4,en,Content,UNKNOWN (supplied aggregate only),KEEP_INDEXABLE,current HTTP/robots eligibility; quality and search indexing separate
worthcalc.win,https://worthcalc.win/en/money/side-hustle-true-hourly-rate/,200,True,"index, follow, max-image-preview:large",,https://worthcalc.win/en/money/side-hustle-true-hourly-rate/,True,5,en,Content,UNKNOWN (supplied aggregate only),KEEP_INDEXABLE,current HTTP/robots eligibility; quality and search indexing separate
worthcalc.win,https://worthcalc.win/en/money/solar-payback-2026/,200,True,"index, follow, max-image-preview:large",,https://worthcalc.win/en/money/solar-payback-2026/,True,5,en,Content,UNKNOWN (supplied aggregate only),KEEP_INDEXABLE,current HTTP/robots eligibility; quality and search indexing separate
worthcalc.win,https://worthcalc.win/en/money/streaming-prices-2026/,200,True,"index, follow, max-image-preview:large",,https://worthcalc.win/en/money/streaming-prices-2026/,True,6,en,Content,UNKNOWN (supplied aggregate only),KEEP_INDEXABLE,current HTTP/robots eligibility; quality and search indexing separate
worthcalc.win,https://worthcalc.win/en/money/tsa-precheck-break-even/,200,True,"index, follow, max-image-preview:large",,https://worthcalc.win/en/money/tsa-precheck-break-even/,True,4,en,Content,UNKNOWN (supplied aggregate only),KEEP_INDEXABLE,current HTTP/robots eligibility; quality and search indexing separate
worthcalc.win,https://worthcalc.win/en/monthly-vs-annual-subscription/,200,True,"index, follow, max-image-preview:large",,https://worthcalc.win/en/monthly-vs-annual-subscription/,True,7,en,Content,UNKNOWN (supplied aggregate only),KEEP_INDEXABLE,current HTTP/robots eligibility; quality and search indexing separate
worthcalc.win,https://worthcalc.win/en/net-worth-vs-liquid-net-worth/,200,True,"index,follow",,https://worthcalc.win/en/net-worth-vs-liquid-net-worth/,True,6,en,Content,UNKNOWN (supplied aggregate only),KEEP_INDEXABLE,current HTTP/robots eligibility; quality and search indexing separate
worthcalc.win,https://worthcalc.win/en/new-vs-used-car-total-cost/,200,True,"index, follow, max-image-preview:large",,https://worthcalc.win/en/new-vs-used-car-total-cost/,True,10,en,Content,UNKNOWN (supplied aggregate only),KEEP_INDEXABLE,current HTTP/robots eligibility; quality and search indexing separate
worthcalc.win,https://worthcalc.win/en/opportunity-cost-everyday/,200,False,"noindex,follow",,https://worthcalc.win/en/opportunity-cost-everyday/,False,7,en,Content,UNKNOWN (supplied aggregate only),INTENTIONAL_NOINDEX,"Exact URL retained in src/data/deindexed-urls.json urls; src/lib/seo.ts isSoftDeindexed/resolveSeo preserves soft consolidation with 200 noindex,follow. No reopening without evidence/authorization"
worthcalc.win,https://worthcalc.win/en/paid-membership-break-even/,200,True,"index, follow, max-image-preview:large",,https://worthcalc.win/en/paid-membership-break-even/,True,7,en,Content,UNKNOWN (supplied aggregate only),KEEP_INDEXABLE,current HTTP/robots eligibility; quality and search indexing separate
worthcalc.win,https://worthcalc.win/en/price-in-work-hours/,200,False,"noindex,follow",,https://worthcalc.win/en/price-in-work-hours/,False,14,en,Content,UNKNOWN (supplied aggregate only),INTENTIONAL_NOINDEX,"Exact URL retained in src/data/deindexed-urls.json urls; src/lib/seo.ts isSoftDeindexed/resolveSeo preserves soft consolidation with 200 noindex,follow. No reopening without evidence/authorization"
worthcalc.win,https://worthcalc.win/en/price-per-wear-clothing-shoes/,200,False,"noindex,follow",,https://worthcalc.win/en/price-per-wear-clothing-shoes/,False,7,en,Content,UNKNOWN (supplied aggregate only),INTENTIONAL_NOINDEX,"Exact URL retained in src/data/deindexed-urls.json urls; src/lib/seo.ts isSoftDeindexed/resolveSeo preserves soft consolidation with 200 noindex,follow. No reopening without evidence/authorization"
worthcalc.win,https://worthcalc.win/en/rent-vs-buy-breakeven-year/,200,True,"index, follow, max-image-preview:large",,https://worthcalc.win/en/rent-vs-buy-breakeven-year/,True,8,en,Content,UNKNOWN (supplied aggregate only),KEEP_INDEXABLE,current HTTP/robots eligibility; quality and search indexing separate
worthcalc.win,https://worthcalc.win/en/repair-or-replace-decision-formula/,200,True,"index, follow, max-image-preview:large",,https://worthcalc.win/en/repair-or-replace-decision-formula/,True,8,en,Content,UNKNOWN (supplied aggregate only),KEEP_INDEXABLE,current HTTP/robots eligibility; quality and search indexing separate
worthcalc.win,https://worthcalc.win/en/return-to-office-cost/,200,False,"noindex,follow",,https://worthcalc.win/en/return-to-office-cost/,False,4,en,Content,UNKNOWN (supplied aggregate only),INTENTIONAL_NOINDEX,"Exact URL retained in src/data/deindexed-urls.json urls; src/lib/seo.ts isSoftDeindexed/resolveSeo preserves soft consolidation with 200 noindex,follow. No reopening without evidence/authorization"
worthcalc.win,https://worthcalc.win/en/reusable-vs-disposable-break-even/,200,False,"noindex,follow",,https://worthcalc.win/en/reusable-vs-disposable-break-even/,False,6,en,Content,UNKNOWN (supplied aggregate only),INTENTIONAL_NOINDEX,"Exact URL retained in src/data/deindexed-urls.json urls; src/lib/seo.ts isSoftDeindexed/resolveSeo preserves soft consolidation with 200 noindex,follow. No reopening without evidence/authorization"
worthcalc.win,https://worthcalc.win/en/rule-of-72-explained/,200,False,"noindex,follow",,https://worthcalc.win/en/rule-of-72-explained/,False,4,en,Content,UNKNOWN (supplied aggregate only),INTENTIONAL_NOINDEX,"Exact URL retained in src/data/deindexed-urls.json urls; src/lib/seo.ts isSoftDeindexed/resolveSeo preserves soft consolidation with 200 noindex,follow. No reopening without evidence/authorization"
worthcalc.win,https://worthcalc.win/en/savings-rate-gross-vs-net/,200,True,"index,follow",,https://worthcalc.win/en/savings-rate-gross-vs-net/,True,9,en,Content,UNKNOWN (supplied aggregate only),KEEP_INDEXABLE,current HTTP/robots eligibility; quality and search indexing separate
worthcalc.win,https://worthcalc.win/en/snowball-vs-avalanche/,200,True,"index, follow, max-image-preview:large",,https://worthcalc.win/en/snowball-vs-avalanche/,True,8,en,Content,UNKNOWN (supplied aggregate only),KEEP_INDEXABLE,current HTTP/robots eligibility; quality and search indexing separate
worthcalc.win,https://worthcalc.win/en/subscription-creep/,200,True,"index, follow, max-image-preview:large",,https://worthcalc.win/en/subscription-creep/,True,13,en,Content,UNKNOWN (supplied aggregate only),KEEP_INDEXABLE,current HTTP/robots eligibility; quality and search indexing separate
worthcalc.win,https://worthcalc.win/en/sunk-cost-fallacy-everyday/,200,False,"noindex,follow",,https://worthcalc.win/en/sunk-cost-fallacy-everyday/,False,4,en,Content,UNKNOWN (supplied aggregate only),INTENTIONAL_NOINDEX,"Exact URL retained in src/data/deindexed-urls.json urls; src/lib/seo.ts isSoftDeindexed/resolveSeo preserves soft consolidation with 200 noindex,follow. No reopening without evidence/authorization"
worthcalc.win,https://worthcalc.win/en/tools/appliance-running-cost/,200,True,"index, follow, max-image-preview:large",,https://worthcalc.win/en/tools/appliance-running-cost/,True,5,en,Tool,UNKNOWN (supplied aggregate only),KEEP_INDEXABLE,current HTTP/robots eligibility; quality and search indexing separate
worthcalc.win,https://worthcalc.win/en/tools/budget-builder/,200,True,"index, follow, max-image-preview:large",,https://worthcalc.win/en/tools/budget-builder/,True,46,en,Tool,UNKNOWN (supplied aggregate only),KEEP_INDEXABLE,current HTTP/robots eligibility; quality and search indexing separate
worthcalc.win,https://worthcalc.win/en/tools/car-affordability/,200,True,"index, follow, max-image-preview:large",,https://worthcalc.win/en/tools/car-affordability/,True,12,en,Tool,UNKNOWN (supplied aggregate only),KEEP_INDEXABLE,current HTTP/robots eligibility; quality and search indexing separate
worthcalc.win,https://worthcalc.win/en/tools/cost-per-mile/,200,True,"index, follow, max-image-preview:large",,https://worthcalc.win/en/tools/cost-per-mile/,True,10,en,Tool,UNKNOWN (supplied aggregate only),KEEP_INDEXABLE,current HTTP/robots eligibility; quality and search indexing separate
worthcalc.win,https://worthcalc.win/en/tools/credit-card-payoff/,200,True,"index, follow, max-image-preview:large",,https://worthcalc.win/en/tools/credit-card-payoff/,True,10,en,Tool,UNKNOWN (supplied aggregate only),KEEP_INDEXABLE,current HTTP/robots eligibility; quality and search indexing separate
worthcalc.win,https://worthcalc.win/en/tools/debt-strategy/,200,True,"index, follow, max-image-preview:large",,https://worthcalc.win/en/tools/debt-strategy/,True,9,en,Tool,UNKNOWN (supplied aggregate only),KEEP_INDEXABLE,current HTTP/robots eligibility; quality and search indexing separate
worthcalc.win,https://worthcalc.win/en/tools/latte-factor/,200,True,"index, follow, max-image-preview:large",,https://worthcalc.win/en/tools/latte-factor/,True,14,en,Tool,UNKNOWN (supplied aggregate only),KEEP_INDEXABLE,current HTTP/robots eligibility; quality and search indexing separate
worthcalc.win,https://worthcalc.win/en/tools/mortgage-payoff/,200,True,"index, follow, max-image-preview:large",,https://worthcalc.win/en/tools/mortgage-payoff/,True,12,en,Tool,UNKNOWN (supplied aggregate only),KEEP_INDEXABLE,current HTTP/robots eligibility; quality and search indexing separate
worthcalc.win,https://worthcalc.win/en/tools/salary-converter/,200,True,"index, follow, max-image-preview:large",,https://worthcalc.win/en/tools/salary-converter/,True,10,en,Tool,UNKNOWN (supplied aggregate only),KEEP_INDEXABLE,current HTTP/robots eligibility; quality and search indexing separate
worthcalc.win,https://worthcalc.win/en/true-cost-of-car-ownership/,200,True,"index, follow, max-image-preview:large",,https://worthcalc.win/en/true-cost-of-car-ownership/,True,9,en,Content,UNKNOWN (supplied aggregate only),KEEP_INDEXABLE,current HTTP/robots eligibility; quality and search indexing separate
worthcalc.win,https://worthcalc.win/en/upfront-fees-financing-cost/,200,True,"index, follow, max-image-preview:large",,https://worthcalc.win/en/upfront-fees-financing-cost/,True,7,en,Content,UNKNOWN (supplied aggregate only),KEEP_INDEXABLE,current HTTP/robots eligibility; quality and search indexing separate
worthcalc.win,https://worthcalc.win/en/upgrade-your-phone-or-keep-it/,200,True,"index, follow, max-image-preview:large",,https://worthcalc.win/en/upgrade-your-phone-or-keep-it/,True,6,en,Content,UNKNOWN (supplied aggregate only),KEEP_INDEXABLE,current HTTP/robots eligibility; quality and search indexing separate
worthcalc.win,https://worthcalc.win/en/work-from-home-vs-commuting-hidden-costs/,200,True,"index, follow, max-image-preview:large",,https://worthcalc.win/en/work-from-home-vs-commuting-hidden-costs/,True,7,en,Content,UNKNOWN (supplied aggregate only),KEEP_INDEXABLE,current HTTP/robots eligibility; quality and search indexing separate
worthcalc.win,https://worthcalc.win/es/about/,200,False,"noindex,follow",,https://worthcalc.win/es/about/,False,71,es,Content,UNKNOWN (supplied aggregate only),INTENTIONAL_NOINDEX,"Existing locale retirement es: src/data/deindexed-urls.json locales; src/lib/seo.ts isSoftDeindexed/resolveSeo. Preserve reversible 200 noindex,follow and omit sitemap/hreflang; review date 2026-12-22"
worthcalc.win,https://worthcalc.win/es/annual-fee-card-breakeven/,200,False,"noindex,follow",,https://worthcalc.win/es/annual-fee-card-breakeven/,False,8,es,Content,UNKNOWN (supplied aggregate only),INTENTIONAL_NOINDEX,"Existing locale retirement es: src/data/deindexed-urls.json locales; src/lib/seo.ts isSoftDeindexed/resolveSeo. Preserve reversible 200 noindex,follow and omit sitemap/hreflang; review date 2026-12-22"
worthcalc.win,https://worthcalc.win/es/changelog/,200,False,"noindex,follow",,https://worthcalc.win/es/changelog/,False,71,es,Content,UNKNOWN (supplied aggregate only),INTENTIONAL_NOINDEX,"Existing locale retirement es: src/data/deindexed-urls.json locales; src/lib/seo.ts isSoftDeindexed/resolveSeo. Preserve reversible 200 noindex,follow and omit sitemap/hreflang; review date 2026-12-22"
worthcalc.win,https://worthcalc.win/es/contact/,200,False,"noindex,follow",,https://worthcalc.win/es/contact/,False,71,es,Content,UNKNOWN (supplied aggregate only),INTENTIONAL_NOINDEX,"Existing locale retirement es: src/data/deindexed-urls.json locales; src/lib/seo.ts isSoftDeindexed/resolveSeo. Preserve reversible 200 noindex,follow and omit sitemap/hreflang; review date 2026-12-22"
worthcalc.win,https://worthcalc.win/es/disclaimer/,200,False,"noindex,follow",,https://worthcalc.win/es/disclaimer/,False,71,es,Content,UNKNOWN (supplied aggregate only),INTENTIONAL_NOINDEX,"Existing locale retirement es: src/data/deindexed-urls.json locales; src/lib/seo.ts isSoftDeindexed/resolveSeo. Preserve reversible 200 noindex,follow and omit sitemap/hreflang; review date 2026-12-22"
worthcalc.win,https://worthcalc.win/es/ev-vs-gas-total-cost/,200,False,"noindex,follow",,https://worthcalc.win/es/ev-vs-gas-total-cost/,False,10,es,Content,UNKNOWN (supplied aggregate only),INTENTIONAL_NOINDEX,"Existing locale retirement es: src/data/deindexed-urls.json locales; src/lib/seo.ts isSoftDeindexed/resolveSeo. Preserve reversible 200 noindex,follow and omit sitemap/hreflang; review date 2026-12-22"
worthcalc.win,https://worthcalc.win/es/guides/,200,False,"noindex,follow",,https://worthcalc.win/es/guides/,False,71,es,Guide,UNKNOWN (supplied aggregate only),INTENTIONAL_NOINDEX,"Existing locale retirement es: src/data/deindexed-urls.json locales; src/lib/seo.ts isSoftDeindexed/resolveSeo. Preserve reversible 200 noindex,follow and omit sitemap/hreflang; review date 2026-12-22"
worthcalc.win,https://worthcalc.win/es/pay-raise-vs-inflation-purchasing-power/,200,False,"noindex,follow",,https://worthcalc.win/es/pay-raise-vs-inflation-purchasing-power/,False,7,es,Content,UNKNOWN (supplied aggregate only),INTENTIONAL_NOINDEX,"Existing locale retirement es: src/data/deindexed-urls.json locales; src/lib/seo.ts isSoftDeindexed/resolveSeo. Preserve reversible 200 noindex,follow and omit sitemap/hreflang; review date 2026-12-22"
worthcalc.win,https://worthcalc.win/es/privacy/,200,False,"noindex,follow",,https://worthcalc.win/es/privacy/,False,71,es,Content,UNKNOWN (supplied aggregate only),INTENTIONAL_NOINDEX,"Existing locale retirement es: src/data/deindexed-urls.json locales; src/lib/seo.ts isSoftDeindexed/resolveSeo. Preserve reversible 200 noindex,follow and omit sitemap/hreflang; review date 2026-12-22"
worthcalc.win,https://worthcalc.win/es/rent-vs-buy-guide/,200,False,"noindex,follow",,https://worthcalc.win/es/rent-vs-buy-guide/,False,8,es,Content,UNKNOWN (supplied aggregate only),INTENTIONAL_NOINDEX,"Existing locale retirement es: src/data/deindexed-urls.json locales; src/lib/seo.ts isSoftDeindexed/resolveSeo. Preserve reversible 200 noindex,follow and omit sitemap/hreflang; review date 2026-12-22"
worthcalc.win,https://worthcalc.win/es/terms/,200,False,"noindex,follow",,https://worthcalc.win/es/terms/,False,71,es,Content,UNKNOWN (supplied aggregate only),INTENTIONAL_NOINDEX,"Existing locale retirement es: src/data/deindexed-urls.json locales; src/lib/seo.ts isSoftDeindexed/resolveSeo. Preserve reversible 200 noindex,follow and omit sitemap/hreflang; review date 2026-12-22"
worthcalc.win,https://worthcalc.win/es/tools/,200,False,"noindex,follow",,https://worthcalc.win/es/tools/,False,71,es,Tool,UNKNOWN (supplied aggregate only),INTENTIONAL_NOINDEX,"Existing locale retirement es: src/data/deindexed-urls.json locales; src/lib/seo.ts isSoftDeindexed/resolveSeo. Preserve reversible 200 noindex,follow and omit sitemap/hreflang; review date 2026-12-22"
worthcalc.win,https://worthcalc.win/es/tools/cashback-breakeven/,200,False,"noindex,follow",,https://worthcalc.win/es/tools/cashback-breakeven/,False,7,es,Tool,UNKNOWN (supplied aggregate only),INTENTIONAL_NOINDEX,"Existing locale retirement es: src/data/deindexed-urls.json locales; src/lib/seo.ts isSoftDeindexed/resolveSeo. Preserve reversible 200 noindex,follow and omit sitemap/hreflang; review date 2026-12-22"
worthcalc.win,https://worthcalc.win/es/tools/commute-cost/,200,False,"noindex,follow",,https://worthcalc.win/es/tools/commute-cost/,False,7,es,Tool,UNKNOWN (supplied aggregate only),INTENTIONAL_NOINDEX,"Existing locale retirement es: src/data/deindexed-urls.json locales; src/lib/seo.ts isSoftDeindexed/resolveSeo. Preserve reversible 200 noindex,follow and omit sitemap/hreflang; review date 2026-12-22"
worthcalc.win,https://worthcalc.win/es/tools/compound-growth/,200,False,"noindex,follow",,https://worthcalc.win/es/tools/compound-growth/,False,8,es,Tool,UNKNOWN (supplied aggregate only),INTENTIONAL_NOINDEX,"Existing locale retirement es: src/data/deindexed-urls.json locales; src/lib/seo.ts isSoftDeindexed/resolveSeo. Preserve reversible 200 noindex,follow and omit sitemap/hreflang; review date 2026-12-22"
worthcalc.win,https://worthcalc.win/es/tools/costco-membership/,200,False,"noindex,follow",,https://worthcalc.win/es/tools/costco-membership/,False,8,es,Tool,UNKNOWN (supplied aggregate only),INTENTIONAL_NOINDEX,"Existing locale retirement es: src/data/deindexed-urls.json locales; src/lib/seo.ts isSoftDeindexed/resolveSeo. Preserve reversible 200 noindex,follow and omit sitemap/hreflang; review date 2026-12-22"
worthcalc.win,https://worthcalc.win/es/tools/dti-calculator/,200,False,"noindex,follow",,https://worthcalc.win/es/tools/dti-calculator/,False,8,es,Tool,UNKNOWN (supplied aggregate only),INTENTIONAL_NOINDEX,"Existing locale retirement es: src/data/deindexed-urls.json locales; src/lib/seo.ts isSoftDeindexed/resolveSeo. Preserve reversible 200 noindex,follow and omit sitemap/hreflang; review date 2026-12-22"
worthcalc.win,https://worthcalc.win/es/tools/ev-vs-gas/,200,False,"noindex,follow",,https://worthcalc.win/es/tools/ev-vs-gas/,False,7,es,Tool,UNKNOWN (supplied aggregate only),INTENTIONAL_NOINDEX,"Existing locale retirement es: src/data/deindexed-urls.json locales; src/lib/seo.ts isSoftDeindexed/resolveSeo. Preserve reversible 200 noindex,follow and omit sitemap/hreflang; review date 2026-12-22"
worthcalc.win,https://worthcalc.win/es/tools/home-affordability/,200,False,"noindex,follow",,https://worthcalc.win/es/tools/home-affordability/,False,8,es,Tool,UNKNOWN (supplied aggregate only),INTENTIONAL_NOINDEX,"Existing locale retirement es: src/data/deindexed-urls.json locales; src/lib/seo.ts isSoftDeindexed/resolveSeo. Preserve reversible 200 noindex,follow and omit sitemap/hreflang; review date 2026-12-22"
worthcalc.win,https://worthcalc.win/es/tools/installment-true-apr/,200,False,"noindex,follow",,https://worthcalc.win/es/tools/installment-true-apr/,False,9,es,Tool,UNKNOWN (supplied aggregate only),INTENTIONAL_NOINDEX,"Existing locale retirement es: src/data/deindexed-urls.json locales; src/lib/seo.ts isSoftDeindexed/resolveSeo. Preserve reversible 200 noindex,follow and omit sitemap/hreflang; review date 2026-12-22"
worthcalc.win,https://worthcalc.win/es/tools/rent-vs-buy/,200,False,"noindex,follow",,https://worthcalc.win/es/tools/rent-vs-buy/,False,7,es,Tool,UNKNOWN (supplied aggregate only),INTENTIONAL_NOINDEX,"Existing locale retirement es: src/data/deindexed-urls.json locales; src/lib/seo.ts isSoftDeindexed/resolveSeo. Preserve reversible 200 noindex,follow and omit sitemap/hreflang; review date 2026-12-22"
worthcalc.win,https://worthcalc.win/es/tools/subscription-audit/,200,False,"noindex,follow",,https://worthcalc.win/es/tools/subscription-audit/,False,10,es,Tool,UNKNOWN (supplied aggregate only),INTENTIONAL_NOINDEX,"Existing locale retirement es: src/data/deindexed-urls.json locales; src/lib/seo.ts isSoftDeindexed/resolveSeo. Preserve reversible 200 noindex,follow and omit sitemap/hreflang; review date 2026-12-22"
worthcalc.win,https://worthcalc.win/es/true-hourly-wage-after-commuting-work-expenses/,200,False,"noindex,follow",,https://worthcalc.win/es/true-hourly-wage-after-commuting-work-expenses/,False,8,es,Content,UNKNOWN (supplied aggregate only),INTENTIONAL_NOINDEX,"Existing locale retirement es: src/data/deindexed-urls.json locales; src/lib/seo.ts isSoftDeindexed/resolveSeo. Preserve reversible 200 noindex,follow and omit sitemap/hreflang; review date 2026-12-22"
worthcalc.win,https://worthcalc.win/es/zero-interest-installments-truth/,200,False,"noindex,follow",,https://worthcalc.win/es/zero-interest-installments-truth/,False,10,es,Content,UNKNOWN (supplied aggregate only),INTENTIONAL_NOINDEX,"Existing locale retirement es: src/data/deindexed-urls.json locales; src/lib/seo.ts isSoftDeindexed/resolveSeo. Preserve reversible 200 noindex,follow and omit sitemap/hreflang; review date 2026-12-22"
worthcalc.win,https://worthcalc.win/fr/about/,200,False,"noindex,follow",,https://worthcalc.win/fr/about/,False,71,fr,Content,UNKNOWN (supplied aggregate only),INTENTIONAL_NOINDEX,"Existing locale retirement fr: src/data/deindexed-urls.json locales; src/lib/seo.ts isSoftDeindexed/resolveSeo. Preserve reversible 200 noindex,follow and omit sitemap/hreflang; review date 2026-12-22"
worthcalc.win,https://worthcalc.win/fr/annual-fee-card-breakeven/,200,False,"noindex,follow",,https://worthcalc.win/fr/annual-fee-card-breakeven/,False,8,fr,Content,UNKNOWN (supplied aggregate only),INTENTIONAL_NOINDEX,"Existing locale retirement fr: src/data/deindexed-urls.json locales; src/lib/seo.ts isSoftDeindexed/resolveSeo. Preserve reversible 200 noindex,follow and omit sitemap/hreflang; review date 2026-12-22"
worthcalc.win,https://worthcalc.win/fr/changelog/,200,False,"noindex,follow",,https://worthcalc.win/fr/changelog/,False,71,fr,Content,UNKNOWN (supplied aggregate only),INTENTIONAL_NOINDEX,"Existing locale retirement fr: src/data/deindexed-urls.json locales; src/lib/seo.ts isSoftDeindexed/resolveSeo. Preserve reversible 200 noindex,follow and omit sitemap/hreflang; review date 2026-12-22"
worthcalc.win,https://worthcalc.win/fr/contact/,200,False,"noindex,follow",,https://worthcalc.win/fr/contact/,False,71,fr,Content,UNKNOWN (supplied aggregate only),INTENTIONAL_NOINDEX,"Existing locale retirement fr: src/data/deindexed-urls.json locales; src/lib/seo.ts isSoftDeindexed/resolveSeo. Preserve reversible 200 noindex,follow and omit sitemap/hreflang; review date 2026-12-22"
worthcalc.win,https://worthcalc.win/fr/disclaimer/,200,False,"noindex,follow",,https://worthcalc.win/fr/disclaimer/,False,71,fr,Content,UNKNOWN (supplied aggregate only),INTENTIONAL_NOINDEX,"Existing locale retirement fr: src/data/deindexed-urls.json locales; src/lib/seo.ts isSoftDeindexed/resolveSeo. Preserve reversible 200 noindex,follow and omit sitemap/hreflang; review date 2026-12-22"
worthcalc.win,https://worthcalc.win/fr/ev-vs-gas-total-cost/,200,False,"noindex,follow",,https://worthcalc.win/fr/ev-vs-gas-total-cost/,False,10,fr,Content,UNKNOWN (supplied aggregate only),INTENTIONAL_NOINDEX,"Existing locale retirement fr: src/data/deindexed-urls.json locales; src/lib/seo.ts isSoftDeindexed/resolveSeo. Preserve reversible 200 noindex,follow and omit sitemap/hreflang; review date 2026-12-22"
worthcalc.win,https://worthcalc.win/fr/guides/,200,False,"noindex,follow",,https://worthcalc.win/fr/guides/,False,71,fr,Guide,UNKNOWN (supplied aggregate only),INTENTIONAL_NOINDEX,"Existing locale retirement fr: src/data/deindexed-urls.json locales; src/lib/seo.ts isSoftDeindexed/resolveSeo. Preserve reversible 200 noindex,follow and omit sitemap/hreflang; review date 2026-12-22"
worthcalc.win,https://worthcalc.win/fr/pay-raise-vs-inflation-purchasing-power/,200,False,"noindex,follow",,https://worthcalc.win/fr/pay-raise-vs-inflation-purchasing-power/,False,7,fr,Content,UNKNOWN (supplied aggregate only),INTENTIONAL_NOINDEX,"Existing locale retirement fr: src/data/deindexed-urls.json locales; src/lib/seo.ts isSoftDeindexed/resolveSeo. Preserve reversible 200 noindex,follow and omit sitemap/hreflang; review date 2026-12-22"
worthcalc.win,https://worthcalc.win/fr/privacy/,200,False,"noindex,follow",,https://worthcalc.win/fr/privacy/,False,71,fr,Content,UNKNOWN (supplied aggregate only),INTENTIONAL_NOINDEX,"Existing locale retirement fr: src/data/deindexed-urls.json locales; src/lib/seo.ts isSoftDeindexed/resolveSeo. Preserve reversible 200 noindex,follow and omit sitemap/hreflang; review date 2026-12-22"
worthcalc.win,https://worthcalc.win/fr/rent-vs-buy-guide/,200,False,"noindex,follow",,https://worthcalc.win/fr/rent-vs-buy-guide/,False,8,fr,Content,UNKNOWN (supplied aggregate only),INTENTIONAL_NOINDEX,"Existing locale retirement fr: src/data/deindexed-urls.json locales; src/lib/seo.ts isSoftDeindexed/resolveSeo. Preserve reversible 200 noindex,follow and omit sitemap/hreflang; review date 2026-12-22"
worthcalc.win,https://worthcalc.win/fr/terms/,200,False,"noindex,follow",,https://worthcalc.win/fr/terms/,False,71,fr,Content,UNKNOWN (supplied aggregate only),INTENTIONAL_NOINDEX,"Existing locale retirement fr: src/data/deindexed-urls.json locales; src/lib/seo.ts isSoftDeindexed/resolveSeo. Preserve reversible 200 noindex,follow and omit sitemap/hreflang; review date 2026-12-22"
worthcalc.win,https://worthcalc.win/fr/tools/,200,False,"noindex,follow",,https://worthcalc.win/fr/tools/,False,71,fr,Tool,UNKNOWN (supplied aggregate only),INTENTIONAL_NOINDEX,"Existing locale retirement fr: src/data/deindexed-urls.json locales; src/lib/seo.ts isSoftDeindexed/resolveSeo. Preserve reversible 200 noindex,follow and omit sitemap/hreflang; review date 2026-12-22"
worthcalc.win,https://worthcalc.win/fr/tools/cashback-breakeven/,200,False,"noindex,follow",,https://worthcalc.win/fr/tools/cashback-breakeven/,False,7,fr,Tool,UNKNOWN (supplied aggregate only),INTENTIONAL_NOINDEX,"Existing locale retirement fr: src/data/deindexed-urls.json locales; src/lib/seo.ts isSoftDeindexed/resolveSeo. Preserve reversible 200 noindex,follow and omit sitemap/hreflang; review date 2026-12-22"
worthcalc.win,https://worthcalc.win/fr/tools/commute-cost/,200,False,"noindex,follow",,https://worthcalc.win/fr/tools/commute-cost/,False,7,fr,Tool,UNKNOWN (supplied aggregate only),INTENTIONAL_NOINDEX,"Existing locale retirement fr: src/data/deindexed-urls.json locales; src/lib/seo.ts isSoftDeindexed/resolveSeo. Preserve reversible 200 noindex,follow and omit sitemap/hreflang; review date 2026-12-22"
worthcalc.win,https://worthcalc.win/fr/tools/compound-growth/,200,False,"noindex,follow",,https://worthcalc.win/fr/tools/compound-growth/,False,8,fr,Tool,UNKNOWN (supplied aggregate only),INTENTIONAL_NOINDEX,"Existing locale retirement fr: src/data/deindexed-urls.json locales; src/lib/seo.ts isSoftDeindexed/resolveSeo. Preserve reversible 200 noindex,follow and omit sitemap/hreflang; review date 2026-12-22"
worthcalc.win,https://worthcalc.win/fr/tools/costco-membership/,200,False,"noindex,follow",,https://worthcalc.win/fr/tools/costco-membership/,False,8,fr,Tool,UNKNOWN (supplied aggregate only),INTENTIONAL_NOINDEX,"Existing locale retirement fr: src/data/deindexed-urls.json locales; src/lib/seo.ts isSoftDeindexed/resolveSeo. Preserve reversible 200 noindex,follow and omit sitemap/hreflang; review date 2026-12-22"
worthcalc.win,https://worthcalc.win/fr/tools/dti-calculator/,200,False,"noindex,follow",,https://worthcalc.win/fr/tools/dti-calculator/,False,8,fr,Tool,UNKNOWN (supplied aggregate only),INTENTIONAL_NOINDEX,"Existing locale retirement fr: src/data/deindexed-urls.json locales; src/lib/seo.ts isSoftDeindexed/resolveSeo. Preserve reversible 200 noindex,follow and omit sitemap/hreflang; review date 2026-12-22"
worthcalc.win,https://worthcalc.win/fr/tools/ev-vs-gas/,200,False,"noindex,follow",,https://worthcalc.win/fr/tools/ev-vs-gas/,False,7,fr,Tool,UNKNOWN (supplied aggregate only),INTENTIONAL_NOINDEX,"Existing locale retirement fr: src/data/deindexed-urls.json locales; src/lib/seo.ts isSoftDeindexed/resolveSeo. Preserve reversible 200 noindex,follow and omit sitemap/hreflang; review date 2026-12-22"
worthcalc.win,https://worthcalc.win/fr/tools/home-affordability/,200,False,"noindex,follow",,https://worthcalc.win/fr/tools/home-affordability/,False,8,fr,Tool,UNKNOWN (supplied aggregate only),INTENTIONAL_NOINDEX,"Existing locale retirement fr: src/data/deindexed-urls.json locales; src/lib/seo.ts isSoftDeindexed/resolveSeo. Preserve reversible 200 noindex,follow and omit sitemap/hreflang; review date 2026-12-22"
worthcalc.win,https://worthcalc.win/fr/tools/installment-true-apr/,200,False,"noindex,follow",,https://worthcalc.win/fr/tools/installment-true-apr/,False,9,fr,Tool,UNKNOWN (supplied aggregate only),INTENTIONAL_NOINDEX,"Existing locale retirement fr: src/data/deindexed-urls.json locales; src/lib/seo.ts isSoftDeindexed/resolveSeo. Preserve reversible 200 noindex,follow and omit sitemap/hreflang; review date 2026-12-22"
worthcalc.win,https://worthcalc.win/fr/tools/rent-vs-buy/,200,False,"noindex,follow",,https://worthcalc.win/fr/tools/rent-vs-buy/,False,7,fr,Tool,UNKNOWN (supplied aggregate only),INTENTIONAL_NOINDEX,"Existing locale retirement fr: src/data/deindexed-urls.json locales; src/lib/seo.ts isSoftDeindexed/resolveSeo. Preserve reversible 200 noindex,follow and omit sitemap/hreflang; review date 2026-12-22"
worthcalc.win,https://worthcalc.win/fr/tools/subscription-audit/,200,False,"noindex,follow",,https://worthcalc.win/fr/tools/subscription-audit/,False,10,fr,Tool,UNKNOWN (supplied aggregate only),INTENTIONAL_NOINDEX,"Existing locale retirement fr: src/data/deindexed-urls.json locales; src/lib/seo.ts isSoftDeindexed/resolveSeo. Preserve reversible 200 noindex,follow and omit sitemap/hreflang; review date 2026-12-22"
worthcalc.win,https://worthcalc.win/fr/true-hourly-wage-after-commuting-work-expenses/,200,False,"noindex,follow",,https://worthcalc.win/fr/true-hourly-wage-after-commuting-work-expenses/,False,8,fr,Content,UNKNOWN (supplied aggregate only),INTENTIONAL_NOINDEX,"Existing locale retirement fr: src/data/deindexed-urls.json locales; src/lib/seo.ts isSoftDeindexed/resolveSeo. Preserve reversible 200 noindex,follow and omit sitemap/hreflang; review date 2026-12-22"
worthcalc.win,https://worthcalc.win/fr/zero-interest-installments-truth/,200,False,"noindex,follow",,https://worthcalc.win/fr/zero-interest-installments-truth/,False,10,fr,Content,UNKNOWN (supplied aggregate only),INTENTIONAL_NOINDEX,"Existing locale retirement fr: src/data/deindexed-urls.json locales; src/lib/seo.ts isSoftDeindexed/resolveSeo. Preserve reversible 200 noindex,follow and omit sitemap/hreflang; review date 2026-12-22"
worthcalc.win,https://worthcalc.win/zh/about/,200,True,"index, follow, max-image-preview:large",,https://worthcalc.win/zh/about/,True,224,zh-TW,Content,UNKNOWN (supplied aggregate only),KEEP_INDEXABLE,current HTTP/robots eligibility; quality and search indexing separate
worthcalc.win,https://worthcalc.win/zh/annual-fee-card-breakeven/,200,True,"index, follow, max-image-preview:large",,https://worthcalc.win/zh/annual-fee-card-breakeven/,True,10,zh-TW,Content,UNKNOWN (supplied aggregate only),KEEP_INDEXABLE,current HTTP/robots eligibility; quality and search indexing separate
worthcalc.win,https://worthcalc.win/zh/changelog/,200,True,"index, follow, max-image-preview:large",,https://worthcalc.win/zh/changelog/,True,224,zh-TW,Content,UNKNOWN (supplied aggregate only),KEEP_INDEXABLE,current HTTP/robots eligibility; quality and search indexing separate
worthcalc.win,https://worthcalc.win/zh/contact/,200,True,"index, follow, max-image-preview:large",,https://worthcalc.win/zh/contact/,True,224,zh-TW,Content,UNKNOWN (supplied aggregate only),KEEP_INDEXABLE,current HTTP/robots eligibility; quality and search indexing separate
worthcalc.win,https://worthcalc.win/zh/disclaimer/,200,True,"index, follow, max-image-preview:large",,https://worthcalc.win/zh/disclaimer/,True,224,zh-TW,Content,UNKNOWN (supplied aggregate only),KEEP_INDEXABLE,current HTTP/robots eligibility; quality and search indexing separate
worthcalc.win,https://worthcalc.win/zh/ev-vs-gas-total-cost/,200,True,"index, follow, max-image-preview:large",,https://worthcalc.win/zh/ev-vs-gas-total-cost/,True,11,zh-TW,Content,UNKNOWN (supplied aggregate only),KEEP_INDEXABLE,current HTTP/robots eligibility; quality and search indexing separate
worthcalc.win,https://worthcalc.win/zh/guides/,200,True,"index, follow, max-image-preview:large",,https://worthcalc.win/zh/guides/,True,224,zh-TW,Guide,UNKNOWN (supplied aggregate only),KEEP_INDEXABLE,current HTTP/robots eligibility; quality and search indexing separate
worthcalc.win,https://worthcalc.win/zh/money/,200,True,"index, follow, max-image-preview:large",,https://worthcalc.win/zh/money/,True,221,zh-TW,Content,UNKNOWN (supplied aggregate only),KEEP_INDEXABLE,current HTTP/robots eligibility; quality and search indexing separate
worthcalc.win,https://worthcalc.win/zh/pay-raise-vs-inflation-purchasing-power/,200,True,"index, follow, max-image-preview:large",,https://worthcalc.win/zh/pay-raise-vs-inflation-purchasing-power/,True,8,zh-TW,Content,UNKNOWN (supplied aggregate only),KEEP_INDEXABLE,current HTTP/robots eligibility; quality and search indexing separate
worthcalc.win,https://worthcalc.win/zh/privacy/,200,True,"index, follow, max-image-preview:large",,https://worthcalc.win/zh/privacy/,True,224,zh-TW,Content,UNKNOWN (supplied aggregate only),KEEP_INDEXABLE,current HTTP/robots eligibility; quality and search indexing separate
worthcalc.win,https://worthcalc.win/zh/rent-vs-buy-guide/,200,True,"index, follow, max-image-preview:large",,https://worthcalc.win/zh/rent-vs-buy-guide/,True,9,zh-TW,Content,UNKNOWN (supplied aggregate only),KEEP_INDEXABLE,current HTTP/robots eligibility; quality and search indexing separate
worthcalc.win,https://worthcalc.win/zh/terms/,200,True,"index, follow, max-image-preview:large",,https://worthcalc.win/zh/terms/,True,224,zh-TW,Content,UNKNOWN (supplied aggregate only),KEEP_INDEXABLE,current HTTP/robots eligibility; quality and search indexing separate
worthcalc.win,https://worthcalc.win/zh/tools/,200,True,"index, follow, max-image-preview:large",,https://worthcalc.win/zh/tools/,True,224,zh-TW,Tool,UNKNOWN (supplied aggregate only),KEEP_INDEXABLE,current HTTP/robots eligibility; quality and search indexing separate
worthcalc.win,https://worthcalc.win/zh/tools/cashback-breakeven/,200,True,"index, follow, max-image-preview:large",,https://worthcalc.win/zh/tools/cashback-breakeven/,True,16,zh-TW,Tool,UNKNOWN (supplied aggregate only),KEEP_INDEXABLE,current HTTP/robots eligibility; quality and search indexing separate
worthcalc.win,https://worthcalc.win/zh/tools/commute-cost/,200,True,"index, follow, max-image-preview:large",,https://worthcalc.win/zh/tools/commute-cost/,True,17,zh-TW,Tool,UNKNOWN (supplied aggregate only),KEEP_INDEXABLE,current HTTP/robots eligibility; quality and search indexing separate
worthcalc.win,https://worthcalc.win/zh/tools/compound-growth/,200,True,"index, follow, max-image-preview:large",,https://worthcalc.win/zh/tools/compound-growth/,True,17,zh-TW,Tool,UNKNOWN (supplied aggregate only),KEEP_INDEXABLE,current HTTP/robots eligibility; quality and search indexing separate
worthcalc.win,https://worthcalc.win/zh/tools/costco-membership/,200,True,"index, follow, max-image-preview:large",,https://worthcalc.win/zh/tools/costco-membership/,True,14,zh-TW,Tool,UNKNOWN (supplied aggregate only),KEEP_INDEXABLE,current HTTP/robots eligibility; quality and search indexing separate
worthcalc.win,https://worthcalc.win/zh/tools/dti-calculator/,200,True,"index, follow, max-image-preview:large",,https://worthcalc.win/zh/tools/dti-calculator/,True,11,zh-TW,Tool,UNKNOWN (supplied aggregate only),KEEP_INDEXABLE,current HTTP/robots eligibility; quality and search indexing separate
worthcalc.win,https://worthcalc.win/zh/tools/ev-vs-gas/,200,True,"index, follow, max-image-preview:large",,https://worthcalc.win/zh/tools/ev-vs-gas/,True,11,zh-TW,Tool,UNKNOWN (supplied aggregate only),KEEP_INDEXABLE,current HTTP/robots eligibility; quality and search indexing separate
worthcalc.win,https://worthcalc.win/zh/tools/home-affordability/,200,True,"index, follow, max-image-preview:large",,https://worthcalc.win/zh/tools/home-affordability/,True,10,zh-TW,Tool,UNKNOWN (supplied aggregate only),KEEP_INDEXABLE,current HTTP/robots eligibility; quality and search indexing separate
worthcalc.win,https://worthcalc.win/zh/tools/installment-true-apr/,200,True,"index, follow, max-image-preview:large",,https://worthcalc.win/zh/tools/installment-true-apr/,True,20,zh-TW,Tool,UNKNOWN (supplied aggregate only),KEEP_INDEXABLE,current HTTP/robots eligibility; quality and search indexing separate
worthcalc.win,https://worthcalc.win/zh/tools/rent-vs-buy/,200,True,"index, follow, max-image-preview:large",,https://worthcalc.win/zh/tools/rent-vs-buy/,True,16,zh-TW,Tool,UNKNOWN (supplied aggregate only),KEEP_INDEXABLE,current HTTP/robots eligibility; quality and search indexing separate
worthcalc.win,https://worthcalc.win/zh/tools/subscription-audit/,200,True,"index, follow, max-image-preview:large",,https://worthcalc.win/zh/tools/subscription-audit/,True,18,zh-TW,Tool,UNKNOWN (supplied aggregate only),KEEP_INDEXABLE,current HTTP/robots eligibility; quality and search indexing separate
worthcalc.win,https://worthcalc.win/zh/topics/debt-credit/,200,True,"index, follow, max-image-preview:large",,https://worthcalc.win/zh/topics/debt-credit/,True,43,zh-TW,Content,UNKNOWN (supplied aggregate only),KEEP_INDEXABLE,current HTTP/robots eligibility; quality and search indexing separate
worthcalc.win,https://worthcalc.win/zh/topics/everyday/,200,True,"index, follow, max-image-preview:large",,https://worthcalc.win/zh/topics/everyday/,True,59,zh-TW,Content,UNKNOWN (supplied aggregate only),KEEP_INDEXABLE,current HTTP/robots eligibility; quality and search indexing separate
worthcalc.win,https://worthcalc.win/zh/topics/housing/,200,True,"index, follow, max-image-preview:large",,https://worthcalc.win/zh/topics/housing/,True,24,zh-TW,Content,UNKNOWN (supplied aggregate only),KEEP_INDEXABLE,current HTTP/robots eligibility; quality and search indexing separate
worthcalc.win,https://worthcalc.win/zh/topics/income-savings/,200,True,"index, follow, max-image-preview:large",,https://worthcalc.win/zh/topics/income-savings/,True,56,zh-TW,Content,UNKNOWN (supplied aggregate only),KEEP_INDEXABLE,current HTTP/robots eligibility; quality and search indexing separate
worthcalc.win,https://worthcalc.win/zh/topics/memberships/,200,True,"index, follow, max-image-preview:large",,https://worthcalc.win/zh/topics/memberships/,True,20,zh-TW,Content,UNKNOWN (supplied aggregate only),KEEP_INDEXABLE,current HTTP/robots eligibility; quality and search indexing separate
worthcalc.win,https://worthcalc.win/zh/topics/transportation/,200,True,"index, follow, max-image-preview:large",,https://worthcalc.win/zh/topics/transportation/,True,30,zh-TW,Content,UNKNOWN (supplied aggregate only),KEEP_INDEXABLE,current HTTP/robots eligibility; quality and search indexing separate
worthcalc.win,https://worthcalc.win/zh/true-hourly-wage-after-commuting-work-expenses/,200,True,"index, follow, max-image-preview:large",,https://worthcalc.win/zh/true-hourly-wage-after-commuting-work-expenses/,True,12,zh-TW,Content,UNKNOWN (supplied aggregate only),KEEP_INDEXABLE,current HTTP/robots eligibility; quality and search indexing separate
worthcalc.win,https://worthcalc.win/zh/zero-interest-installments-truth/,200,True,"index, follow, max-image-preview:large",,https://worthcalc.win/zh/zero-interest-installments-truth/,True,14,zh-TW,Content,UNKNOWN (supplied aggregate only),KEEP_INDEXABLE,current HTTP/robots eligibility; quality and search indexing separate
worthcalc.win,https://worthcalc.win/ar/guides/annual-cost-savings-calculator/,200,False,"noindex,follow",,https://worthcalc.win/ar/guides/annual-cost-savings-calculator/,False,17,ar,Guide,UNKNOWN (supplied aggregate only),INTENTIONAL_NOINDEX,"Exact URL retained in src/data/deindexed-urls.json urls; src/lib/seo.ts isSoftDeindexed/resolveSeo preserves soft consolidation with 200 noindex,follow. No reopening without evidence/authorization"
worthcalc.win,https://worthcalc.win/ar/guides/introductory-discount-renewal-cost/,200,False,"noindex,follow",,https://worthcalc.win/ar/guides/introductory-discount-renewal-cost/,False,4,ar,Guide,UNKNOWN (supplied aggregate only),INTENTIONAL_NOINDEX,"Exact URL retained in src/data/deindexed-urls.json urls; src/lib/seo.ts isSoftDeindexed/resolveSeo preserves soft consolidation with 200 noindex,follow. No reopening without evidence/authorization"
worthcalc.win,https://worthcalc.win/ar/guides/monthly-vs-annual-total-cost/,200,False,"noindex,follow",,https://worthcalc.win/ar/guides/monthly-vs-annual-total-cost/,False,4,ar,Guide,UNKNOWN (supplied aggregate only),INTENTIONAL_NOINDEX,"Exact URL retained in src/data/deindexed-urls.json urls; src/lib/seo.ts isSoftDeindexed/resolveSeo preserves soft consolidation with 200 noindex,follow. No reopening without evidence/authorization"
worthcalc.win,https://worthcalc.win/ar/guides/one-time-switching-cost-payback/,200,False,"noindex,follow",,https://worthcalc.win/ar/guides/one-time-switching-cost-payback/,False,4,ar,Guide,UNKNOWN (supplied aggregate only),INTENTIONAL_NOINDEX,"Exact URL retained in src/data/deindexed-urls.json urls; src/lib/seo.ts isSoftDeindexed/resolveSeo preserves soft consolidation with 200 noindex,follow. No reopening without evidence/authorization"
worthcalc.win,https://worthcalc.win/ar/guides/recurring-costs-annual-total/,200,False,"noindex,follow",,https://worthcalc.win/ar/guides/recurring-costs-annual-total/,False,11,ar,Guide,UNKNOWN (supplied aggregate only),INTENTIONAL_NOINDEX,"Exact URL retained in src/data/deindexed-urls.json urls; src/lib/seo.ts isSoftDeindexed/resolveSeo preserves soft consolidation with 200 noindex,follow. No reopening without evidence/authorization"
worthcalc.win,https://worthcalc.win/ar/guides/savings-break-even-use-period/,200,False,"noindex,follow",,https://worthcalc.win/ar/guides/savings-break-even-use-period/,False,4,ar,Guide,UNKNOWN (supplied aggregate only),INTENTIONAL_NOINDEX,"Exact URL retained in src/data/deindexed-urls.json urls; src/lib/seo.ts isSoftDeindexed/resolveSeo preserves soft consolidation with 200 noindex,follow. No reopening without evidence/authorization"
worthcalc.win,https://worthcalc.win/ar/guides/unused-membership-capacity-cost/,200,False,"noindex,follow",,https://worthcalc.win/ar/guides/unused-membership-capacity-cost/,False,4,ar,Guide,UNKNOWN (supplied aggregate only),INTENTIONAL_NOINDEX,"Exact URL retained in src/data/deindexed-urls.json urls; src/lib/seo.ts isSoftDeindexed/resolveSeo preserves soft consolidation with 200 noindex,follow. No reopening without evidence/authorization"
worthcalc.win,https://worthcalc.win/de/bnpl-vs-credit-card-installments/,200,False,"noindex,follow",,https://worthcalc.win/de/bnpl-vs-credit-card-installments/,False,7,de,Content,UNKNOWN (supplied aggregate only),INTENTIONAL_NOINDEX,"Existing locale retirement de: src/data/deindexed-urls.json locales; src/lib/seo.ts isSoftDeindexed/resolveSeo. Preserve reversible 200 noindex,follow and omit sitemap/hreflang; review date 2026-12-22"
worthcalc.win,https://worthcalc.win/de/budget-with-irregular-income/,200,False,"noindex,follow",,https://worthcalc.win/de/budget-with-irregular-income/,False,7,de,Content,UNKNOWN (supplied aggregate only),INTENTIONAL_NOINDEX,"Existing locale retirement de: src/data/deindexed-urls.json locales; src/lib/seo.ts isSoftDeindexed/resolveSeo. Preserve reversible 200 noindex,follow and omit sitemap/hreflang; review date 2026-12-22"
worthcalc.win,https://worthcalc.win/de/bulk-buying-vs-small-packages/,200,False,"noindex,follow",,https://worthcalc.win/de/bulk-buying-vs-small-packages/,False,8,de,Content,UNKNOWN (supplied aggregate only),INTENTIONAL_NOINDEX,"Existing locale retirement de: src/data/deindexed-urls.json locales; src/lib/seo.ts isSoftDeindexed/resolveSeo. Preserve reversible 200 noindex,follow and omit sitemap/hreflang; review date 2026-12-22"
worthcalc.win,https://worthcalc.win/de/bulk-buying-waste-math/,200,False,"noindex,follow",,https://worthcalc.win/de/bulk-buying-waste-math/,False,7,de,Content,UNKNOWN (supplied aggregate only),INTENTIONAL_NOINDEX,"Existing locale retirement de: src/data/deindexed-urls.json locales; src/lib/seo.ts isSoftDeindexed/resolveSeo. Preserve reversible 200 noindex,follow and omit sitemap/hreflang; review date 2026-12-22"
worthcalc.win,https://worthcalc.win/de/car-lease-vs-buy-total-cost/,200,False,"noindex,follow",,https://worthcalc.win/de/car-lease-vs-buy-total-cost/,False,6,de,Content,UNKNOWN (supplied aggregate only),INTENTIONAL_NOINDEX,"Existing locale retirement de: src/data/deindexed-urls.json locales; src/lib/seo.ts isSoftDeindexed/resolveSeo. Preserve reversible 200 noindex,follow and omit sitemap/hreflang; review date 2026-12-22"
worthcalc.win,https://worthcalc.win/de/cashback-caps-real-reward-rate/,200,False,"noindex,follow",,https://worthcalc.win/de/cashback-caps-real-reward-rate/,False,7,de,Content,UNKNOWN (supplied aggregate only),INTENTIONAL_NOINDEX,"Existing locale retirement de: src/data/deindexed-urls.json locales; src/lib/seo.ts isSoftDeindexed/resolveSeo. Preserve reversible 200 noindex,follow and omit sitemap/hreflang; review date 2026-12-22"
worthcalc.win,https://worthcalc.win/de/cost-per-use-expensive-item/,200,False,"noindex,follow",,https://worthcalc.win/de/cost-per-use-expensive-item/,False,7,de,Content,UNKNOWN (supplied aggregate only),INTENTIONAL_NOINDEX,"Existing locale retirement de: src/data/deindexed-urls.json locales; src/lib/seo.ts isSoftDeindexed/resolveSeo. Preserve reversible 200 noindex,follow and omit sitemap/hreflang; review date 2026-12-22"
worthcalc.win,https://worthcalc.win/de/costco-math/,200,False,"noindex,follow",,https://worthcalc.win/de/costco-math/,False,7,de,Content,UNKNOWN (supplied aggregate only),INTENTIONAL_NOINDEX,"Existing locale retirement de: src/data/deindexed-urls.json locales; src/lib/seo.ts isSoftDeindexed/resolveSeo. Preserve reversible 200 noindex,follow and omit sitemap/hreflang; review date 2026-12-22"
worthcalc.win,https://worthcalc.win/de/credit-card-minimum-payment-trap/,200,False,"noindex,follow",,https://worthcalc.win/de/credit-card-minimum-payment-trap/,False,7,de,Content,UNKNOWN (supplied aggregate only),INTENTIONAL_NOINDEX,"Existing locale retirement de: src/data/deindexed-urls.json locales; src/lib/seo.ts isSoftDeindexed/resolveSeo. Preserve reversible 200 noindex,follow and omit sitemap/hreflang; review date 2026-12-22"
worthcalc.win,https://worthcalc.win/de/delivery-membership-break-even/,200,False,"noindex,follow",,https://worthcalc.win/de/delivery-membership-break-even/,False,6,de,Content,UNKNOWN (supplied aggregate only),INTENTIONAL_NOINDEX,"Existing locale retirement de: src/data/deindexed-urls.json locales; src/lib/seo.ts isSoftDeindexed/resolveSeo. Preserve reversible 200 noindex,follow and omit sitemap/hreflang; review date 2026-12-22"
worthcalc.win,https://worthcalc.win/de/energy-efficient-appliance-payback/,200,False,"noindex,follow",,https://worthcalc.win/de/energy-efficient-appliance-payback/,False,6,de,Content,UNKNOWN (supplied aggregate only),INTENTIONAL_NOINDEX,"Existing locale retirement de: src/data/deindexed-urls.json locales; src/lib/seo.ts isSoftDeindexed/resolveSeo. Preserve reversible 200 noindex,follow and omit sitemap/hreflang; review date 2026-12-22"
worthcalc.win,https://worthcalc.win/de/extra-mortgage-payments-guide/,200,False,"noindex,follow",,https://worthcalc.win/de/extra-mortgage-payments-guide/,False,7,de,Content,UNKNOWN (supplied aggregate only),INTENTIONAL_NOINDEX,"Existing locale retirement de: src/data/deindexed-urls.json locales; src/lib/seo.ts isSoftDeindexed/resolveSeo. Preserve reversible 200 noindex,follow and omit sitemap/hreflang; review date 2026-12-22"
worthcalc.win,https://worthcalc.win/de/full-commute-cost-including-time/,200,False,"noindex,follow",,https://worthcalc.win/de/full-commute-cost-including-time/,False,7,de,Content,UNKNOWN (supplied aggregate only),INTENTIONAL_NOINDEX,"Existing locale retirement de: src/data/deindexed-urls.json locales; src/lib/seo.ts isSoftDeindexed/resolveSeo. Preserve reversible 200 noindex,follow and omit sitemap/hreflang; review date 2026-12-22"
worthcalc.win,https://worthcalc.win/de/gym-membership-cost-per-visit/,200,False,"noindex,follow",,https://worthcalc.win/de/gym-membership-cost-per-visit/,False,6,de,Content,UNKNOWN (supplied aggregate only),INTENTIONAL_NOINDEX,"Existing locale retirement de: src/data/deindexed-urls.json locales; src/lib/seo.ts isSoftDeindexed/resolveSeo. Preserve reversible 200 noindex,follow and omit sitemap/hreflang; review date 2026-12-22"
worthcalc.win,https://worthcalc.win/de/home-vs-public-ev-charging-cost/,200,False,"noindex,follow",,https://worthcalc.win/de/home-vs-public-ev-charging-cost/,False,7,de,Content,UNKNOWN (supplied aggregate only),INTENTIONAL_NOINDEX,"Existing locale retirement de: src/data/deindexed-urls.json locales; src/lib/seo.ts isSoftDeindexed/resolveSeo. Preserve reversible 200 noindex,follow and omit sitemap/hreflang; review date 2026-12-22"
worthcalc.win,https://worthcalc.win/de/hourly-vs-annual-salary/,200,False,"noindex,follow",,https://worthcalc.win/de/hourly-vs-annual-salary/,False,7,de,Content,UNKNOWN (supplied aggregate only),INTENTIONAL_NOINDEX,"Existing locale retirement de: src/data/deindexed-urls.json locales; src/lib/seo.ts isSoftDeindexed/resolveSeo. Preserve reversible 200 noindex,follow and omit sitemap/hreflang; review date 2026-12-22"
worthcalc.win,https://worthcalc.win/de/how-compound-growth-works/,200,False,"noindex,follow",,https://worthcalc.win/de/how-compound-growth-works/,False,7,de,Content,UNKNOWN (supplied aggregate only),INTENTIONAL_NOINDEX,"Existing locale retirement de: src/data/deindexed-urls.json locales; src/lib/seo.ts isSoftDeindexed/resolveSeo. Preserve reversible 200 noindex,follow and omit sitemap/hreflang; review date 2026-12-22"
worthcalc.win,https://worthcalc.win/de/how-much-home-can-you-afford/,200,False,"noindex,follow",,https://worthcalc.win/de/how-much-home-can-you-afford/,False,7,de,Content,UNKNOWN (supplied aggregate only),INTENTIONAL_NOINDEX,"Existing locale retirement de: src/data/deindexed-urls.json locales; src/lib/seo.ts isSoftDeindexed/resolveSeo. Preserve reversible 200 noindex,follow and omit sitemap/hreflang; review date 2026-12-22"
worthcalc.win,https://worthcalc.win/de/how-to-calculate-dti/,200,False,"noindex,follow",,https://worthcalc.win/de/how-to-calculate-dti/,False,7,de,Content,UNKNOWN (supplied aggregate only),INTENTIONAL_NOINDEX,"Existing locale retirement de: src/data/deindexed-urls.json locales; src/lib/seo.ts isSoftDeindexed/resolveSeo. Preserve reversible 200 noindex,follow and omit sitemap/hreflang; review date 2026-12-22"
worthcalc.win,https://worthcalc.win/de/is-an-extended-warranty-worth-it/,200,False,"noindex,follow",,https://worthcalc.win/de/is-an-extended-warranty-worth-it/,False,6,de,Content,UNKNOWN (supplied aggregate only),INTENTIONAL_NOINDEX,"Existing locale retirement de: src/data/deindexed-urls.json locales; src/lib/seo.ts isSoftDeindexed/resolveSeo. Preserve reversible 200 noindex,follow and omit sitemap/hreflang; review date 2026-12-22"
worthcalc.win,https://worthcalc.win/de/is-costco-executive-membership-worth-it/,200,False,"noindex,follow",,https://worthcalc.win/de/is-costco-executive-membership-worth-it/,False,6,de,Content,UNKNOWN (supplied aggregate only),INTENTIONAL_NOINDEX,"Existing locale retirement de: src/data/deindexed-urls.json locales; src/lib/seo.ts isSoftDeindexed/resolveSeo. Preserve reversible 200 noindex,follow and omit sitemap/hreflang; review date 2026-12-22"
worthcalc.win,https://worthcalc.win/de/meal-prep-vs-takeout-cost/,200,False,"noindex,follow",,https://worthcalc.win/de/meal-prep-vs-takeout-cost/,False,6,de,Content,UNKNOWN (supplied aggregate only),INTENTIONAL_NOINDEX,"Existing locale retirement de: src/data/deindexed-urls.json locales; src/lib/seo.ts isSoftDeindexed/resolveSeo. Preserve reversible 200 noindex,follow and omit sitemap/hreflang; review date 2026-12-22"
worthcalc.win,https://worthcalc.win/de/monthly-vs-annual-subscription/,200,False,"noindex,follow",,https://worthcalc.win/de/monthly-vs-annual-subscription/,False,7,de,Content,UNKNOWN (supplied aggregate only),INTENTIONAL_NOINDEX,"Existing locale retirement de: src/data/deindexed-urls.json locales; src/lib/seo.ts isSoftDeindexed/resolveSeo. Preserve reversible 200 noindex,follow and omit sitemap/hreflang; review date 2026-12-22"
worthcalc.win,https://worthcalc.win/de/new-vs-used-car-total-cost/,200,False,"noindex,follow",,https://worthcalc.win/de/new-vs-used-car-total-cost/,False,8,de,Content,UNKNOWN (supplied aggregate only),INTENTIONAL_NOINDEX,"Existing locale retirement de: src/data/deindexed-urls.json locales; src/lib/seo.ts isSoftDeindexed/resolveSeo. Preserve reversible 200 noindex,follow and omit sitemap/hreflang; review date 2026-12-22"
worthcalc.win,https://worthcalc.win/de/paid-membership-break-even/,200,False,"noindex,follow",,https://worthcalc.win/de/paid-membership-break-even/,False,8,de,Content,UNKNOWN (supplied aggregate only),INTENTIONAL_NOINDEX,"Existing locale retirement de: src/data/deindexed-urls.json locales; src/lib/seo.ts isSoftDeindexed/resolveSeo. Preserve reversible 200 noindex,follow and omit sitemap/hreflang; review date 2026-12-22"
worthcalc.win,https://worthcalc.win/de/price-per-wear-clothing-shoes/,200,False,"noindex,follow",,https://worthcalc.win/de/price-per-wear-clothing-shoes/,False,6,de,Content,UNKNOWN (supplied aggregate only),INTENTIONAL_NOINDEX,"Existing locale retirement de: src/data/deindexed-urls.json locales; src/lib/seo.ts isSoftDeindexed/resolveSeo. Preserve reversible 200 noindex,follow and omit sitemap/hreflang; review date 2026-12-22"
worthcalc.win,https://worthcalc.win/de/rent-vs-buy-breakeven-year/,200,False,"noindex,follow",,https://worthcalc.win/de/rent-vs-buy-breakeven-year/,False,7,de,Content,UNKNOWN (supplied aggregate only),INTENTIONAL_NOINDEX,"Existing locale retirement de: src/data/deindexed-urls.json locales; src/lib/seo.ts isSoftDeindexed/resolveSeo. Preserve reversible 200 noindex,follow and omit sitemap/hreflang; review date 2026-12-22"
worthcalc.win,https://worthcalc.win/de/repair-or-replace-decision-formula/,200,False,"noindex,follow",,https://worthcalc.win/de/repair-or-replace-decision-formula/,False,6,de,Content,UNKNOWN (supplied aggregate only),INTENTIONAL_NOINDEX,"Existing locale retirement de: src/data/deindexed-urls.json locales; src/lib/seo.ts isSoftDeindexed/resolveSeo. Preserve reversible 200 noindex,follow and omit sitemap/hreflang; review date 2026-12-22"
worthcalc.win,https://worthcalc.win/de/reusable-vs-disposable-break-even/,200,False,"noindex,follow",,https://worthcalc.win/de/reusable-vs-disposable-break-even/,False,6,de,Content,UNKNOWN (supplied aggregate only),INTENTIONAL_NOINDEX,"Existing locale retirement de: src/data/deindexed-urls.json locales; src/lib/seo.ts isSoftDeindexed/resolveSeo. Preserve reversible 200 noindex,follow and omit sitemap/hreflang; review date 2026-12-22"
worthcalc.win,https://worthcalc.win/de/snowball-vs-avalanche/,200,False,"noindex,follow",,https://worthcalc.win/de/snowball-vs-avalanche/,False,7,de,Content,UNKNOWN (supplied aggregate only),INTENTIONAL_NOINDEX,"Existing locale retirement de: src/data/deindexed-urls.json locales; src/lib/seo.ts isSoftDeindexed/resolveSeo. Preserve reversible 200 noindex,follow and omit sitemap/hreflang; review date 2026-12-22"
worthcalc.win,https://worthcalc.win/de/subscription-creep/,200,False,"noindex,follow",,https://worthcalc.win/de/subscription-creep/,False,8,de,Content,UNKNOWN (supplied aggregate only),INTENTIONAL_NOINDEX,"Existing locale retirement de: src/data/deindexed-urls.json locales; src/lib/seo.ts isSoftDeindexed/resolveSeo. Preserve reversible 200 noindex,follow and omit sitemap/hreflang; review date 2026-12-22"
worthcalc.win,https://worthcalc.win/de/tools/budget-builder/,200,False,"noindex,follow",,https://worthcalc.win/de/tools/budget-builder/,False,7,de,Tool,UNKNOWN (supplied aggregate only),INTENTIONAL_NOINDEX,"Existing locale retirement de: src/data/deindexed-urls.json locales; src/lib/seo.ts isSoftDeindexed/resolveSeo. Preserve reversible 200 noindex,follow and omit sitemap/hreflang; review date 2026-12-22"
worthcalc.win,https://worthcalc.win/de/tools/car-affordability/,200,False,"noindex,follow",,https://worthcalc.win/de/tools/car-affordability/,False,7,de,Tool,UNKNOWN (supplied aggregate only),INTENTIONAL_NOINDEX,"Existing locale retirement de: src/data/deindexed-urls.json locales; src/lib/seo.ts isSoftDeindexed/resolveSeo. Preserve reversible 200 noindex,follow and omit sitemap/hreflang; review date 2026-12-22"
worthcalc.win,https://worthcalc.win/de/tools/credit-card-payoff/,200,False,"noindex,follow",,https://worthcalc.win/de/tools/credit-card-payoff/,False,7,de,Tool,UNKNOWN (supplied aggregate only),INTENTIONAL_NOINDEX,"Existing locale retirement de: src/data/deindexed-urls.json locales; src/lib/seo.ts isSoftDeindexed/resolveSeo. Preserve reversible 200 noindex,follow and omit sitemap/hreflang; review date 2026-12-22"
worthcalc.win,https://worthcalc.win/de/tools/debt-strategy/,200,False,"noindex,follow",,https://worthcalc.win/de/tools/debt-strategy/,False,7,de,Tool,UNKNOWN (supplied aggregate only),INTENTIONAL_NOINDEX,"Existing locale retirement de: src/data/deindexed-urls.json locales; src/lib/seo.ts isSoftDeindexed/resolveSeo. Preserve reversible 200 noindex,follow and omit sitemap/hreflang; review date 2026-12-22"
worthcalc.win,https://worthcalc.win/de/tools/latte-factor/,200,False,"noindex,follow",,https://worthcalc.win/de/tools/latte-factor/,False,6,de,Tool,UNKNOWN (supplied aggregate only),INTENTIONAL_NOINDEX,"Existing locale retirement de: src/data/deindexed-urls.json locales; src/lib/seo.ts isSoftDeindexed/resolveSeo. Preserve reversible 200 noindex,follow and omit sitemap/hreflang; review date 2026-12-22"
worthcalc.win,https://worthcalc.win/de/tools/mortgage-payoff/,200,False,"noindex,follow",,https://worthcalc.win/de/tools/mortgage-payoff/,False,7,de,Tool,UNKNOWN (supplied aggregate only),INTENTIONAL_NOINDEX,"Existing locale retirement de: src/data/deindexed-urls.json locales; src/lib/seo.ts isSoftDeindexed/resolveSeo. Preserve reversible 200 noindex,follow and omit sitemap/hreflang; review date 2026-12-22"
worthcalc.win,https://worthcalc.win/de/tools/salary-converter/,200,False,"noindex,follow",,https://worthcalc.win/de/tools/salary-converter/,False,7,de,Tool,UNKNOWN (supplied aggregate only),INTENTIONAL_NOINDEX,"Existing locale retirement de: src/data/deindexed-urls.json locales; src/lib/seo.ts isSoftDeindexed/resolveSeo. Preserve reversible 200 noindex,follow and omit sitemap/hreflang; review date 2026-12-22"
worthcalc.win,https://worthcalc.win/de/true-cost-of-car-ownership/,200,False,"noindex,follow",,https://worthcalc.win/de/true-cost-of-car-ownership/,False,7,de,Content,UNKNOWN (supplied aggregate only),INTENTIONAL_NOINDEX,"Existing locale retirement de: src/data/deindexed-urls.json locales; src/lib/seo.ts isSoftDeindexed/resolveSeo. Preserve reversible 200 noindex,follow and omit sitemap/hreflang; review date 2026-12-22"
worthcalc.win,https://worthcalc.win/de/upfront-fees-financing-cost/,200,False,"noindex,follow",,https://worthcalc.win/de/upfront-fees-financing-cost/,False,8,de,Content,UNKNOWN (supplied aggregate only),INTENTIONAL_NOINDEX,"Existing locale retirement de: src/data/deindexed-urls.json locales; src/lib/seo.ts isSoftDeindexed/resolveSeo. Preserve reversible 200 noindex,follow and omit sitemap/hreflang; review date 2026-12-22"
worthcalc.win,https://worthcalc.win/de/upgrade-your-phone-or-keep-it/,200,False,"noindex,follow",,https://worthcalc.win/de/upgrade-your-phone-or-keep-it/,False,6,de,Content,UNKNOWN (supplied aggregate only),INTENTIONAL_NOINDEX,"Existing locale retirement de: src/data/deindexed-urls.json locales; src/lib/seo.ts isSoftDeindexed/resolveSeo. Preserve reversible 200 noindex,follow and omit sitemap/hreflang; review date 2026-12-22"
worthcalc.win,https://worthcalc.win/de/work-from-home-vs-commuting-hidden-costs/,200,False,"noindex,follow",,https://worthcalc.win/de/work-from-home-vs-commuting-hidden-costs/,False,7,de,Content,UNKNOWN (supplied aggregate only),INTENTIONAL_NOINDEX,"Existing locale retirement de: src/data/deindexed-urls.json locales; src/lib/seo.ts isSoftDeindexed/resolveSeo. Preserve reversible 200 noindex,follow and omit sitemap/hreflang; review date 2026-12-22"
worthcalc.win,https://worthcalc.win/en/,200,True,"index, follow, max-image-preview:large",,https://worthcalc.win/,False,2,en,Homepage,UNKNOWN (supplied aggregate only),CANONICAL_DUPLICATE,src/lib/seo.ts resolveSeo canonicalPath maps English homepage /en/ to existing root /; canonical consolidation retained and /en/ excluded from sitemap
worthcalc.win,https://worthcalc.win/es/bnpl-vs-credit-card-installments/,200,False,"noindex,follow",,https://worthcalc.win/es/bnpl-vs-credit-card-installments/,False,7,es,Content,UNKNOWN (supplied aggregate only),INTENTIONAL_NOINDEX,"Existing locale retirement es: src/data/deindexed-urls.json locales; src/lib/seo.ts isSoftDeindexed/resolveSeo. Preserve reversible 200 noindex,follow and omit sitemap/hreflang; review date 2026-12-22"
worthcalc.win,https://worthcalc.win/es/budget-with-irregular-income/,200,False,"noindex,follow",,https://worthcalc.win/es/budget-with-irregular-income/,False,7,es,Content,UNKNOWN (supplied aggregate only),INTENTIONAL_NOINDEX,"Existing locale retirement es: src/data/deindexed-urls.json locales; src/lib/seo.ts isSoftDeindexed/resolveSeo. Preserve reversible 200 noindex,follow and omit sitemap/hreflang; review date 2026-12-22"
worthcalc.win,https://worthcalc.win/es/bulk-buying-vs-small-packages/,200,False,"noindex,follow",,https://worthcalc.win/es/bulk-buying-vs-small-packages/,False,8,es,Content,UNKNOWN (supplied aggregate only),INTENTIONAL_NOINDEX,"Existing locale retirement es: src/data/deindexed-urls.json locales; src/lib/seo.ts isSoftDeindexed/resolveSeo. Preserve reversible 200 noindex,follow and omit sitemap/hreflang; review date 2026-12-22"
worthcalc.win,https://worthcalc.win/es/bulk-buying-waste-math/,200,False,"noindex,follow",,https://worthcalc.win/es/bulk-buying-waste-math/,False,7,es,Content,UNKNOWN (supplied aggregate only),INTENTIONAL_NOINDEX,"Existing locale retirement es: src/data/deindexed-urls.json locales; src/lib/seo.ts isSoftDeindexed/resolveSeo. Preserve reversible 200 noindex,follow and omit sitemap/hreflang; review date 2026-12-22"
worthcalc.win,https://worthcalc.win/es/car-lease-vs-buy-total-cost/,200,False,"noindex,follow",,https://worthcalc.win/es/car-lease-vs-buy-total-cost/,False,6,es,Content,UNKNOWN (supplied aggregate only),INTENTIONAL_NOINDEX,"Existing locale retirement es: src/data/deindexed-urls.json locales; src/lib/seo.ts isSoftDeindexed/resolveSeo. Preserve reversible 200 noindex,follow and omit sitemap/hreflang; review date 2026-12-22"
worthcalc.win,https://worthcalc.win/es/cashback-caps-real-reward-rate/,200,False,"noindex,follow",,https://worthcalc.win/es/cashback-caps-real-reward-rate/,False,7,es,Content,UNKNOWN (supplied aggregate only),INTENTIONAL_NOINDEX,"Existing locale retirement es: src/data/deindexed-urls.json locales; src/lib/seo.ts isSoftDeindexed/resolveSeo. Preserve reversible 200 noindex,follow and omit sitemap/hreflang; review date 2026-12-22"
worthcalc.win,https://worthcalc.win/es/cost-per-use-expensive-item/,200,False,"noindex,follow",,https://worthcalc.win/es/cost-per-use-expensive-item/,False,7,es,Content,UNKNOWN (supplied aggregate only),INTENTIONAL_NOINDEX,"Existing locale retirement es: src/data/deindexed-urls.json locales; src/lib/seo.ts isSoftDeindexed/resolveSeo. Preserve reversible 200 noindex,follow and omit sitemap/hreflang; review date 2026-12-22"
worthcalc.win,https://worthcalc.win/es/costco-math/,200,False,"noindex,follow",,https://worthcalc.win/es/costco-math/,False,6,es,Content,UNKNOWN (supplied aggregate only),INTENTIONAL_NOINDEX,"Existing locale retirement es: src/data/deindexed-urls.json locales; src/lib/seo.ts isSoftDeindexed/resolveSeo. Preserve reversible 200 noindex,follow and omit sitemap/hreflang; review date 2026-12-22"
worthcalc.win,https://worthcalc.win/es/credit-card-minimum-payment-trap/,200,False,"noindex,follow",,https://worthcalc.win/es/credit-card-minimum-payment-trap/,False,7,es,Content,UNKNOWN (supplied aggregate only),INTENTIONAL_NOINDEX,"Existing locale retirement es: src/data/deindexed-urls.json locales; src/lib/seo.ts isSoftDeindexed/resolveSeo. Preserve reversible 200 noindex,follow and omit sitemap/hreflang; review date 2026-12-22"
worthcalc.win,https://worthcalc.win/es/delivery-membership-break-even/,200,False,"noindex,follow",,https://worthcalc.win/es/delivery-membership-break-even/,False,6,es,Content,UNKNOWN (supplied aggregate only),INTENTIONAL_NOINDEX,"Existing locale retirement es: src/data/deindexed-urls.json locales; src/lib/seo.ts isSoftDeindexed/resolveSeo. Preserve reversible 200 noindex,follow and omit sitemap/hreflang; review date 2026-12-22"
worthcalc.win,https://worthcalc.win/es/energy-efficient-appliance-payback/,200,False,"noindex,follow",,https://worthcalc.win/es/energy-efficient-appliance-payback/,False,6,es,Content,UNKNOWN (supplied aggregate only),INTENTIONAL_NOINDEX,"Existing locale retirement es: src/data/deindexed-urls.json locales; src/lib/seo.ts isSoftDeindexed/resolveSeo. Preserve reversible 200 noindex,follow and omit sitemap/hreflang; review date 2026-12-22"
worthcalc.win,https://worthcalc.win/es/extra-mortgage-payments-guide/,200,False,"noindex,follow",,https://worthcalc.win/es/extra-mortgage-payments-guide/,False,7,es,Content,UNKNOWN (supplied aggregate only),INTENTIONAL_NOINDEX,"Existing locale retirement es: src/data/deindexed-urls.json locales; src/lib/seo.ts isSoftDeindexed/resolveSeo. Preserve reversible 200 noindex,follow and omit sitemap/hreflang; review date 2026-12-22"
worthcalc.win,https://worthcalc.win/es/full-commute-cost-including-time/,200,False,"noindex,follow",,https://worthcalc.win/es/full-commute-cost-including-time/,False,7,es,Content,UNKNOWN (supplied aggregate only),INTENTIONAL_NOINDEX,"Existing locale retirement es: src/data/deindexed-urls.json locales; src/lib/seo.ts isSoftDeindexed/resolveSeo. Preserve reversible 200 noindex,follow and omit sitemap/hreflang; review date 2026-12-22"
worthcalc.win,https://worthcalc.win/es/gym-membership-cost-per-visit/,200,False,"noindex,follow",,https://worthcalc.win/es/gym-membership-cost-per-visit/,False,6,es,Content,UNKNOWN (supplied aggregate only),INTENTIONAL_NOINDEX,"Existing locale retirement es: src/data/deindexed-urls.json locales; src/lib/seo.ts isSoftDeindexed/resolveSeo. Preserve reversible 200 noindex,follow and omit sitemap/hreflang; review date 2026-12-22"
worthcalc.win,https://worthcalc.win/es/home-vs-public-ev-charging-cost/,200,False,"noindex,follow",,https://worthcalc.win/es/home-vs-public-ev-charging-cost/,False,7,es,Content,UNKNOWN (supplied aggregate only),INTENTIONAL_NOINDEX,"Existing locale retirement es: src/data/deindexed-urls.json locales; src/lib/seo.ts isSoftDeindexed/resolveSeo. Preserve reversible 200 noindex,follow and omit sitemap/hreflang; review date 2026-12-22"
worthcalc.win,https://worthcalc.win/es/hourly-vs-annual-salary/,200,False,"noindex,follow",,https://worthcalc.win/es/hourly-vs-annual-salary/,False,7,es,Content,UNKNOWN (supplied aggregate only),INTENTIONAL_NOINDEX,"Existing locale retirement es: src/data/deindexed-urls.json locales; src/lib/seo.ts isSoftDeindexed/resolveSeo. Preserve reversible 200 noindex,follow and omit sitemap/hreflang; review date 2026-12-22"
worthcalc.win,https://worthcalc.win/es/how-compound-growth-works/,200,False,"noindex,follow",,https://worthcalc.win/es/how-compound-growth-works/,False,7,es,Content,UNKNOWN (supplied aggregate only),INTENTIONAL_NOINDEX,"Existing locale retirement es: src/data/deindexed-urls.json locales; src/lib/seo.ts isSoftDeindexed/resolveSeo. Preserve reversible 200 noindex,follow and omit sitemap/hreflang; review date 2026-12-22"
worthcalc.win,https://worthcalc.win/es/how-much-home-can-you-afford/,200,False,"noindex,follow",,https://worthcalc.win/es/how-much-home-can-you-afford/,False,7,es,Content,UNKNOWN (supplied aggregate only),INTENTIONAL_NOINDEX,"Existing locale retirement es: src/data/deindexed-urls.json locales; src/lib/seo.ts isSoftDeindexed/resolveSeo. Preserve reversible 200 noindex,follow and omit sitemap/hreflang; review date 2026-12-22"
worthcalc.win,https://worthcalc.win/es/how-to-calculate-dti/,200,False,"noindex,follow",,https://worthcalc.win/es/how-to-calculate-dti/,False,7,es,Content,UNKNOWN (supplied aggregate only),INTENTIONAL_NOINDEX,"Existing locale retirement es: src/data/deindexed-urls.json locales; src/lib/seo.ts isSoftDeindexed/resolveSeo. Preserve reversible 200 noindex,follow and omit sitemap/hreflang; review date 2026-12-22"
worthcalc.win,https://worthcalc.win/es/is-an-extended-warranty-worth-it/,200,False,"noindex,follow",,https://worthcalc.win/es/is-an-extended-warranty-worth-it/,False,6,es,Content,UNKNOWN (supplied aggregate only),INTENTIONAL_NOINDEX,"Existing locale retirement es: src/data/deindexed-urls.json locales; src/lib/seo.ts isSoftDeindexed/resolveSeo. Preserve reversible 200 noindex,follow and omit sitemap/hreflang; review date 2026-12-22"
worthcalc.win,https://worthcalc.win/es/is-costco-executive-membership-worth-it/,200,False,"noindex,follow",,https://worthcalc.win/es/is-costco-executive-membership-worth-it/,False,6,es,Content,UNKNOWN (supplied aggregate only),INTENTIONAL_NOINDEX,"Existing locale retirement es: src/data/deindexed-urls.json locales; src/lib/seo.ts isSoftDeindexed/resolveSeo. Preserve reversible 200 noindex,follow and omit sitemap/hreflang; review date 2026-12-22"
worthcalc.win,https://worthcalc.win/es/meal-prep-vs-takeout-cost/,200,False,"noindex,follow",,https://worthcalc.win/es/meal-prep-vs-takeout-cost/,False,6,es,Content,UNKNOWN (supplied aggregate only),INTENTIONAL_NOINDEX,"Existing locale retirement es: src/data/deindexed-urls.json locales; src/lib/seo.ts isSoftDeindexed/resolveSeo. Preserve reversible 200 noindex,follow and omit sitemap/hreflang; review date 2026-12-22"
worthcalc.win,https://worthcalc.win/es/monthly-vs-annual-subscription/,200,False,"noindex,follow",,https://worthcalc.win/es/monthly-vs-annual-subscription/,False,7,es,Content,UNKNOWN (supplied aggregate only),INTENTIONAL_NOINDEX,"Existing locale retirement es: src/data/deindexed-urls.json locales; src/lib/seo.ts isSoftDeindexed/resolveSeo. Preserve reversible 200 noindex,follow and omit sitemap/hreflang; review date 2026-12-22"
worthcalc.win,https://worthcalc.win/es/new-vs-used-car-total-cost/,200,False,"noindex,follow",,https://worthcalc.win/es/new-vs-used-car-total-cost/,False,8,es,Content,UNKNOWN (supplied aggregate only),INTENTIONAL_NOINDEX,"Existing locale retirement es: src/data/deindexed-urls.json locales; src/lib/seo.ts isSoftDeindexed/resolveSeo. Preserve reversible 200 noindex,follow and omit sitemap/hreflang; review date 2026-12-22"
worthcalc.win,https://worthcalc.win/es/paid-membership-break-even/,200,False,"noindex,follow",,https://worthcalc.win/es/paid-membership-break-even/,False,8,es,Content,UNKNOWN (supplied aggregate only),INTENTIONAL_NOINDEX,"Existing locale retirement es: src/data/deindexed-urls.json locales; src/lib/seo.ts isSoftDeindexed/resolveSeo. Preserve reversible 200 noindex,follow and omit sitemap/hreflang; review date 2026-12-22"
worthcalc.win,https://worthcalc.win/es/price-per-wear-clothing-shoes/,200,False,"noindex,follow",,https://worthcalc.win/es/price-per-wear-clothing-shoes/,False,6,es,Content,UNKNOWN (supplied aggregate only),INTENTIONAL_NOINDEX,"Existing locale retirement es: src/data/deindexed-urls.json locales; src/lib/seo.ts isSoftDeindexed/resolveSeo. Preserve reversible 200 noindex,follow and omit sitemap/hreflang; review date 2026-12-22"
worthcalc.win,https://worthcalc.win/es/rent-vs-buy-breakeven-year/,200,False,"noindex,follow",,https://worthcalc.win/es/rent-vs-buy-breakeven-year/,False,7,es,Content,UNKNOWN (supplied aggregate only),INTENTIONAL_NOINDEX,"Existing locale retirement es: src/data/deindexed-urls.json locales; src/lib/seo.ts isSoftDeindexed/resolveSeo. Preserve reversible 200 noindex,follow and omit sitemap/hreflang; review date 2026-12-22"
worthcalc.win,https://worthcalc.win/es/repair-or-replace-decision-formula/,200,False,"noindex,follow",,https://worthcalc.win/es/repair-or-replace-decision-formula/,False,6,es,Content,UNKNOWN (supplied aggregate only),INTENTIONAL_NOINDEX,"Existing locale retirement es: src/data/deindexed-urls.json locales; src/lib/seo.ts isSoftDeindexed/resolveSeo. Preserve reversible 200 noindex,follow and omit sitemap/hreflang; review date 2026-12-22"
worthcalc.win,https://worthcalc.win/es/reusable-vs-disposable-break-even/,200,False,"noindex,follow",,https://worthcalc.win/es/reusable-vs-disposable-break-even/,False,6,es,Content,UNKNOWN (supplied aggregate only),INTENTIONAL_NOINDEX,"Existing locale retirement es: src/data/deindexed-urls.json locales; src/lib/seo.ts isSoftDeindexed/resolveSeo. Preserve reversible 200 noindex,follow and omit sitemap/hreflang; review date 2026-12-22"
worthcalc.win,https://worthcalc.win/es/snowball-vs-avalanche/,200,False,"noindex,follow",,https://worthcalc.win/es/snowball-vs-avalanche/,False,7,es,Content,UNKNOWN (supplied aggregate only),INTENTIONAL_NOINDEX,"Existing locale retirement es: src/data/deindexed-urls.json locales; src/lib/seo.ts isSoftDeindexed/resolveSeo. Preserve reversible 200 noindex,follow and omit sitemap/hreflang; review date 2026-12-22"
worthcalc.win,https://worthcalc.win/es/subscription-creep/,200,False,"noindex,follow",,https://worthcalc.win/es/subscription-creep/,False,8,es,Content,UNKNOWN (supplied aggregate only),INTENTIONAL_NOINDEX,"Existing locale retirement es: src/data/deindexed-urls.json locales; src/lib/seo.ts isSoftDeindexed/resolveSeo. Preserve reversible 200 noindex,follow and omit sitemap/hreflang; review date 2026-12-22"
worthcalc.win,https://worthcalc.win/es/tools/budget-builder/,200,False,"noindex,follow",,https://worthcalc.win/es/tools/budget-builder/,False,7,es,Tool,UNKNOWN (supplied aggregate only),INTENTIONAL_NOINDEX,"Existing locale retirement es: src/data/deindexed-urls.json locales; src/lib/seo.ts isSoftDeindexed/resolveSeo. Preserve reversible 200 noindex,follow and omit sitemap/hreflang; review date 2026-12-22"
worthcalc.win,https://worthcalc.win/es/tools/car-affordability/,200,False,"noindex,follow",,https://worthcalc.win/es/tools/car-affordability/,False,7,es,Tool,UNKNOWN (supplied aggregate only),INTENTIONAL_NOINDEX,"Existing locale retirement es: src/data/deindexed-urls.json locales; src/lib/seo.ts isSoftDeindexed/resolveSeo. Preserve reversible 200 noindex,follow and omit sitemap/hreflang; review date 2026-12-22"
worthcalc.win,https://worthcalc.win/es/tools/credit-card-payoff/,200,False,"noindex,follow",,https://worthcalc.win/es/tools/credit-card-payoff/,False,7,es,Tool,UNKNOWN (supplied aggregate only),INTENTIONAL_NOINDEX,"Existing locale retirement es: src/data/deindexed-urls.json locales; src/lib/seo.ts isSoftDeindexed/resolveSeo. Preserve reversible 200 noindex,follow and omit sitemap/hreflang; review date 2026-12-22"
worthcalc.win,https://worthcalc.win/es/tools/debt-strategy/,200,False,"noindex,follow",,https://worthcalc.win/es/tools/debt-strategy/,False,7,es,Tool,UNKNOWN (supplied aggregate only),INTENTIONAL_NOINDEX,"Existing locale retirement es: src/data/deindexed-urls.json locales; src/lib/seo.ts isSoftDeindexed/resolveSeo. Preserve reversible 200 noindex,follow and omit sitemap/hreflang; review date 2026-12-22"
worthcalc.win,https://worthcalc.win/es/tools/latte-factor/,200,False,"noindex,follow",,https://worthcalc.win/es/tools/latte-factor/,False,6,es,Tool,UNKNOWN (supplied aggregate only),INTENTIONAL_NOINDEX,"Existing locale retirement es: src/data/deindexed-urls.json locales; src/lib/seo.ts isSoftDeindexed/resolveSeo. Preserve reversible 200 noindex,follow and omit sitemap/hreflang; review date 2026-12-22"
worthcalc.win,https://worthcalc.win/es/tools/mortgage-payoff/,200,False,"noindex,follow",,https://worthcalc.win/es/tools/mortgage-payoff/,False,7,es,Tool,UNKNOWN (supplied aggregate only),INTENTIONAL_NOINDEX,"Existing locale retirement es: src/data/deindexed-urls.json locales; src/lib/seo.ts isSoftDeindexed/resolveSeo. Preserve reversible 200 noindex,follow and omit sitemap/hreflang; review date 2026-12-22"
worthcalc.win,https://worthcalc.win/es/tools/salary-converter/,200,False,"noindex,follow",,https://worthcalc.win/es/tools/salary-converter/,False,7,es,Tool,UNKNOWN (supplied aggregate only),INTENTIONAL_NOINDEX,"Existing locale retirement es: src/data/deindexed-urls.json locales; src/lib/seo.ts isSoftDeindexed/resolveSeo. Preserve reversible 200 noindex,follow and omit sitemap/hreflang; review date 2026-12-22"
worthcalc.win,https://worthcalc.win/es/true-cost-of-car-ownership/,200,False,"noindex,follow",,https://worthcalc.win/es/true-cost-of-car-ownership/,False,7,es,Content,UNKNOWN (supplied aggregate only),INTENTIONAL_NOINDEX,"Existing locale retirement es: src/data/deindexed-urls.json locales; src/lib/seo.ts isSoftDeindexed/resolveSeo. Preserve reversible 200 noindex,follow and omit sitemap/hreflang; review date 2026-12-22"
worthcalc.win,https://worthcalc.win/es/upfront-fees-financing-cost/,200,False,"noindex,follow",,https://worthcalc.win/es/upfront-fees-financing-cost/,False,8,es,Content,UNKNOWN (supplied aggregate only),INTENTIONAL_NOINDEX,"Existing locale retirement es: src/data/deindexed-urls.json locales; src/lib/seo.ts isSoftDeindexed/resolveSeo. Preserve reversible 200 noindex,follow and omit sitemap/hreflang; review date 2026-12-22"
worthcalc.win,https://worthcalc.win/es/upgrade-your-phone-or-keep-it/,200,False,"noindex,follow",,https://worthcalc.win/es/upgrade-your-phone-or-keep-it/,False,6,es,Content,UNKNOWN (supplied aggregate only),INTENTIONAL_NOINDEX,"Existing locale retirement es: src/data/deindexed-urls.json locales; src/lib/seo.ts isSoftDeindexed/resolveSeo. Preserve reversible 200 noindex,follow and omit sitemap/hreflang; review date 2026-12-22"
worthcalc.win,https://worthcalc.win/es/work-from-home-vs-commuting-hidden-costs/,200,False,"noindex,follow",,https://worthcalc.win/es/work-from-home-vs-commuting-hidden-costs/,False,7,es,Content,UNKNOWN (supplied aggregate only),INTENTIONAL_NOINDEX,"Existing locale retirement es: src/data/deindexed-urls.json locales; src/lib/seo.ts isSoftDeindexed/resolveSeo. Preserve reversible 200 noindex,follow and omit sitemap/hreflang; review date 2026-12-22"
worthcalc.win,https://worthcalc.win/fr/bnpl-vs-credit-card-installments/,200,False,"noindex,follow",,https://worthcalc.win/fr/bnpl-vs-credit-card-installments/,False,7,fr,Content,UNKNOWN (supplied aggregate only),INTENTIONAL_NOINDEX,"Existing locale retirement fr: src/data/deindexed-urls.json locales; src/lib/seo.ts isSoftDeindexed/resolveSeo. Preserve reversible 200 noindex,follow and omit sitemap/hreflang; review date 2026-12-22"
worthcalc.win,https://worthcalc.win/fr/budget-with-irregular-income/,200,False,"noindex,follow",,https://worthcalc.win/fr/budget-with-irregular-income/,False,7,fr,Content,UNKNOWN (supplied aggregate only),INTENTIONAL_NOINDEX,"Existing locale retirement fr: src/data/deindexed-urls.json locales; src/lib/seo.ts isSoftDeindexed/resolveSeo. Preserve reversible 200 noindex,follow and omit sitemap/hreflang; review date 2026-12-22"
worthcalc.win,https://worthcalc.win/fr/bulk-buying-vs-small-packages/,200,False,"noindex,follow",,https://worthcalc.win/fr/bulk-buying-vs-small-packages/,False,8,fr,Content,UNKNOWN (supplied aggregate only),INTENTIONAL_NOINDEX,"Existing locale retirement fr: src/data/deindexed-urls.json locales; src/lib/seo.ts isSoftDeindexed/resolveSeo. Preserve reversible 200 noindex,follow and omit sitemap/hreflang; review date 2026-12-22"
worthcalc.win,https://worthcalc.win/fr/bulk-buying-waste-math/,200,False,"noindex,follow",,https://worthcalc.win/fr/bulk-buying-waste-math/,False,7,fr,Content,UNKNOWN (supplied aggregate only),INTENTIONAL_NOINDEX,"Existing locale retirement fr: src/data/deindexed-urls.json locales; src/lib/seo.ts isSoftDeindexed/resolveSeo. Preserve reversible 200 noindex,follow and omit sitemap/hreflang; review date 2026-12-22"
worthcalc.win,https://worthcalc.win/fr/car-lease-vs-buy-total-cost/,200,False,"noindex,follow",,https://worthcalc.win/fr/car-lease-vs-buy-total-cost/,False,6,fr,Content,UNKNOWN (supplied aggregate only),INTENTIONAL_NOINDEX,"Existing locale retirement fr: src/data/deindexed-urls.json locales; src/lib/seo.ts isSoftDeindexed/resolveSeo. Preserve reversible 200 noindex,follow and omit sitemap/hreflang; review date 2026-12-22"
worthcalc.win,https://worthcalc.win/fr/cashback-caps-real-reward-rate/,200,False,"noindex,follow",,https://worthcalc.win/fr/cashback-caps-real-reward-rate/,False,7,fr,Content,UNKNOWN (supplied aggregate only),INTENTIONAL_NOINDEX,"Existing locale retirement fr: src/data/deindexed-urls.json locales; src/lib/seo.ts isSoftDeindexed/resolveSeo. Preserve reversible 200 noindex,follow and omit sitemap/hreflang; review date 2026-12-22"
worthcalc.win,https://worthcalc.win/fr/cost-per-use-expensive-item/,200,False,"noindex,follow",,https://worthcalc.win/fr/cost-per-use-expensive-item/,False,7,fr,Content,UNKNOWN (supplied aggregate only),INTENTIONAL_NOINDEX,"Existing locale retirement fr: src/data/deindexed-urls.json locales; src/lib/seo.ts isSoftDeindexed/resolveSeo. Preserve reversible 200 noindex,follow and omit sitemap/hreflang; review date 2026-12-22"
worthcalc.win,https://worthcalc.win/fr/costco-math/,200,False,"noindex,follow",,https://worthcalc.win/fr/costco-math/,False,6,fr,Content,UNKNOWN (supplied aggregate only),INTENTIONAL_NOINDEX,"Existing locale retirement fr: src/data/deindexed-urls.json locales; src/lib/seo.ts isSoftDeindexed/resolveSeo. Preserve reversible 200 noindex,follow and omit sitemap/hreflang; review date 2026-12-22"
worthcalc.win,https://worthcalc.win/fr/credit-card-minimum-payment-trap/,200,False,"noindex,follow",,https://worthcalc.win/fr/credit-card-minimum-payment-trap/,False,7,fr,Content,UNKNOWN (supplied aggregate only),INTENTIONAL_NOINDEX,"Existing locale retirement fr: src/data/deindexed-urls.json locales; src/lib/seo.ts isSoftDeindexed/resolveSeo. Preserve reversible 200 noindex,follow and omit sitemap/hreflang; review date 2026-12-22"
worthcalc.win,https://worthcalc.win/fr/delivery-membership-break-even/,200,False,"noindex,follow",,https://worthcalc.win/fr/delivery-membership-break-even/,False,6,fr,Content,UNKNOWN (supplied aggregate only),INTENTIONAL_NOINDEX,"Existing locale retirement fr: src/data/deindexed-urls.json locales; src/lib/seo.ts isSoftDeindexed/resolveSeo. Preserve reversible 200 noindex,follow and omit sitemap/hreflang; review date 2026-12-22"
worthcalc.win,https://worthcalc.win/fr/energy-efficient-appliance-payback/,200,False,"noindex,follow",,https://worthcalc.win/fr/energy-efficient-appliance-payback/,False,6,fr,Content,UNKNOWN (supplied aggregate only),INTENTIONAL_NOINDEX,"Existing locale retirement fr: src/data/deindexed-urls.json locales; src/lib/seo.ts isSoftDeindexed/resolveSeo. Preserve reversible 200 noindex,follow and omit sitemap/hreflang; review date 2026-12-22"
worthcalc.win,https://worthcalc.win/fr/extra-mortgage-payments-guide/,200,False,"noindex,follow",,https://worthcalc.win/fr/extra-mortgage-payments-guide/,False,7,fr,Content,UNKNOWN (supplied aggregate only),INTENTIONAL_NOINDEX,"Existing locale retirement fr: src/data/deindexed-urls.json locales; src/lib/seo.ts isSoftDeindexed/resolveSeo. Preserve reversible 200 noindex,follow and omit sitemap/hreflang; review date 2026-12-22"
worthcalc.win,https://worthcalc.win/fr/full-commute-cost-including-time/,200,False,"noindex,follow",,https://worthcalc.win/fr/full-commute-cost-including-time/,False,7,fr,Content,UNKNOWN (supplied aggregate only),INTENTIONAL_NOINDEX,"Existing locale retirement fr: src/data/deindexed-urls.json locales; src/lib/seo.ts isSoftDeindexed/resolveSeo. Preserve reversible 200 noindex,follow and omit sitemap/hreflang; review date 2026-12-22"
worthcalc.win,https://worthcalc.win/fr/gym-membership-cost-per-visit/,200,False,"noindex,follow",,https://worthcalc.win/fr/gym-membership-cost-per-visit/,False,6,fr,Content,UNKNOWN (supplied aggregate only),INTENTIONAL_NOINDEX,"Existing locale retirement fr: src/data/deindexed-urls.json locales; src/lib/seo.ts isSoftDeindexed/resolveSeo. Preserve reversible 200 noindex,follow and omit sitemap/hreflang; review date 2026-12-22"
worthcalc.win,https://worthcalc.win/fr/home-vs-public-ev-charging-cost/,200,False,"noindex,follow",,https://worthcalc.win/fr/home-vs-public-ev-charging-cost/,False,7,fr,Content,UNKNOWN (supplied aggregate only),INTENTIONAL_NOINDEX,"Existing locale retirement fr: src/data/deindexed-urls.json locales; src/lib/seo.ts isSoftDeindexed/resolveSeo. Preserve reversible 200 noindex,follow and omit sitemap/hreflang; review date 2026-12-22"
worthcalc.win,https://worthcalc.win/fr/hourly-vs-annual-salary/,200,False,"noindex,follow",,https://worthcalc.win/fr/hourly-vs-annual-salary/,False,7,fr,Content,UNKNOWN (supplied aggregate only),INTENTIONAL_NOINDEX,"Existing locale retirement fr: src/data/deindexed-urls.json locales; src/lib/seo.ts isSoftDeindexed/resolveSeo. Preserve reversible 200 noindex,follow and omit sitemap/hreflang; review date 2026-12-22"
worthcalc.win,https://worthcalc.win/fr/how-compound-growth-works/,200,False,"noindex,follow",,https://worthcalc.win/fr/how-compound-growth-works/,False,7,fr,Content,UNKNOWN (supplied aggregate only),INTENTIONAL_NOINDEX,"Existing locale retirement fr: src/data/deindexed-urls.json locales; src/lib/seo.ts isSoftDeindexed/resolveSeo. Preserve reversible 200 noindex,follow and omit sitemap/hreflang; review date 2026-12-22"
worthcalc.win,https://worthcalc.win/fr/how-much-home-can-you-afford/,200,False,"noindex,follow",,https://worthcalc.win/fr/how-much-home-can-you-afford/,False,7,fr,Content,UNKNOWN (supplied aggregate only),INTENTIONAL_NOINDEX,"Existing locale retirement fr: src/data/deindexed-urls.json locales; src/lib/seo.ts isSoftDeindexed/resolveSeo. Preserve reversible 200 noindex,follow and omit sitemap/hreflang; review date 2026-12-22"
worthcalc.win,https://worthcalc.win/fr/how-to-calculate-dti/,200,False,"noindex,follow",,https://worthcalc.win/fr/how-to-calculate-dti/,False,7,fr,Content,UNKNOWN (supplied aggregate only),INTENTIONAL_NOINDEX,"Existing locale retirement fr: src/data/deindexed-urls.json locales; src/lib/seo.ts isSoftDeindexed/resolveSeo. Preserve reversible 200 noindex,follow and omit sitemap/hreflang; review date 2026-12-22"
worthcalc.win,https://worthcalc.win/fr/is-an-extended-warranty-worth-it/,200,False,"noindex,follow",,https://worthcalc.win/fr/is-an-extended-warranty-worth-it/,False,6,fr,Content,UNKNOWN (supplied aggregate only),INTENTIONAL_NOINDEX,"Existing locale retirement fr: src/data/deindexed-urls.json locales; src/lib/seo.ts isSoftDeindexed/resolveSeo. Preserve reversible 200 noindex,follow and omit sitemap/hreflang; review date 2026-12-22"
worthcalc.win,https://worthcalc.win/fr/is-costco-executive-membership-worth-it/,200,False,"noindex,follow",,https://worthcalc.win/fr/is-costco-executive-membership-worth-it/,False,6,fr,Content,UNKNOWN (supplied aggregate only),INTENTIONAL_NOINDEX,"Existing locale retirement fr: src/data/deindexed-urls.json locales; src/lib/seo.ts isSoftDeindexed/resolveSeo. Preserve reversible 200 noindex,follow and omit sitemap/hreflang; review date 2026-12-22"
worthcalc.win,https://worthcalc.win/fr/meal-prep-vs-takeout-cost/,200,False,"noindex,follow",,https://worthcalc.win/fr/meal-prep-vs-takeout-cost/,False,6,fr,Content,UNKNOWN (supplied aggregate only),INTENTIONAL_NOINDEX,"Existing locale retirement fr: src/data/deindexed-urls.json locales; src/lib/seo.ts isSoftDeindexed/resolveSeo. Preserve reversible 200 noindex,follow and omit sitemap/hreflang; review date 2026-12-22"
worthcalc.win,https://worthcalc.win/fr/monthly-vs-annual-subscription/,200,False,"noindex,follow",,https://worthcalc.win/fr/monthly-vs-annual-subscription/,False,7,fr,Content,UNKNOWN (supplied aggregate only),INTENTIONAL_NOINDEX,"Existing locale retirement fr: src/data/deindexed-urls.json locales; src/lib/seo.ts isSoftDeindexed/resolveSeo. Preserve reversible 200 noindex,follow and omit sitemap/hreflang; review date 2026-12-22"
worthcalc.win,https://worthcalc.win/fr/new-vs-used-car-total-cost/,200,False,"noindex,follow",,https://worthcalc.win/fr/new-vs-used-car-total-cost/,False,8,fr,Content,UNKNOWN (supplied aggregate only),INTENTIONAL_NOINDEX,"Existing locale retirement fr: src/data/deindexed-urls.json locales; src/lib/seo.ts isSoftDeindexed/resolveSeo. Preserve reversible 200 noindex,follow and omit sitemap/hreflang; review date 2026-12-22"
worthcalc.win,https://worthcalc.win/fr/paid-membership-break-even/,200,False,"noindex,follow",,https://worthcalc.win/fr/paid-membership-break-even/,False,8,fr,Content,UNKNOWN (supplied aggregate only),INTENTIONAL_NOINDEX,"Existing locale retirement fr: src/data/deindexed-urls.json locales; src/lib/seo.ts isSoftDeindexed/resolveSeo. Preserve reversible 200 noindex,follow and omit sitemap/hreflang; review date 2026-12-22"
worthcalc.win,https://worthcalc.win/fr/price-per-wear-clothing-shoes/,200,False,"noindex,follow",,https://worthcalc.win/fr/price-per-wear-clothing-shoes/,False,6,fr,Content,UNKNOWN (supplied aggregate only),INTENTIONAL_NOINDEX,"Existing locale retirement fr: src/data/deindexed-urls.json locales; src/lib/seo.ts isSoftDeindexed/resolveSeo. Preserve reversible 200 noindex,follow and omit sitemap/hreflang; review date 2026-12-22"
worthcalc.win,https://worthcalc.win/fr/rent-vs-buy-breakeven-year/,200,False,"noindex,follow",,https://worthcalc.win/fr/rent-vs-buy-breakeven-year/,False,7,fr,Content,UNKNOWN (supplied aggregate only),INTENTIONAL_NOINDEX,"Existing locale retirement fr: src/data/deindexed-urls.json locales; src/lib/seo.ts isSoftDeindexed/resolveSeo. Preserve reversible 200 noindex,follow and omit sitemap/hreflang; review date 2026-12-22"
worthcalc.win,https://worthcalc.win/fr/repair-or-replace-decision-formula/,200,False,"noindex,follow",,https://worthcalc.win/fr/repair-or-replace-decision-formula/,False,6,fr,Content,UNKNOWN (supplied aggregate only),INTENTIONAL_NOINDEX,"Existing locale retirement fr: src/data/deindexed-urls.json locales; src/lib/seo.ts isSoftDeindexed/resolveSeo. Preserve reversible 200 noindex,follow and omit sitemap/hreflang; review date 2026-12-22"
worthcalc.win,https://worthcalc.win/fr/reusable-vs-disposable-break-even/,200,False,"noindex,follow",,https://worthcalc.win/fr/reusable-vs-disposable-break-even/,False,6,fr,Content,UNKNOWN (supplied aggregate only),INTENTIONAL_NOINDEX,"Existing locale retirement fr: src/data/deindexed-urls.json locales; src/lib/seo.ts isSoftDeindexed/resolveSeo. Preserve reversible 200 noindex,follow and omit sitemap/hreflang; review date 2026-12-22"
worthcalc.win,https://worthcalc.win/fr/snowball-vs-avalanche/,200,False,"noindex,follow",,https://worthcalc.win/fr/snowball-vs-avalanche/,False,7,fr,Content,UNKNOWN (supplied aggregate only),INTENTIONAL_NOINDEX,"Existing locale retirement fr: src/data/deindexed-urls.json locales; src/lib/seo.ts isSoftDeindexed/resolveSeo. Preserve reversible 200 noindex,follow and omit sitemap/hreflang; review date 2026-12-22"
worthcalc.win,https://worthcalc.win/fr/subscription-creep/,200,False,"noindex,follow",,https://worthcalc.win/fr/subscription-creep/,False,8,fr,Content,UNKNOWN (supplied aggregate only),INTENTIONAL_NOINDEX,"Existing locale retirement fr: src/data/deindexed-urls.json locales; src/lib/seo.ts isSoftDeindexed/resolveSeo. Preserve reversible 200 noindex,follow and omit sitemap/hreflang; review date 2026-12-22"
worthcalc.win,https://worthcalc.win/fr/tools/budget-builder/,200,False,"noindex,follow",,https://worthcalc.win/fr/tools/budget-builder/,False,7,fr,Tool,UNKNOWN (supplied aggregate only),INTENTIONAL_NOINDEX,"Existing locale retirement fr: src/data/deindexed-urls.json locales; src/lib/seo.ts isSoftDeindexed/resolveSeo. Preserve reversible 200 noindex,follow and omit sitemap/hreflang; review date 2026-12-22"
worthcalc.win,https://worthcalc.win/fr/tools/car-affordability/,200,False,"noindex,follow",,https://worthcalc.win/fr/tools/car-affordability/,False,7,fr,Tool,UNKNOWN (supplied aggregate only),INTENTIONAL_NOINDEX,"Existing locale retirement fr: src/data/deindexed-urls.json locales; src/lib/seo.ts isSoftDeindexed/resolveSeo. Preserve reversible 200 noindex,follow and omit sitemap/hreflang; review date 2026-12-22"
worthcalc.win,https://worthcalc.win/fr/tools/credit-card-payoff/,200,False,"noindex,follow",,https://worthcalc.win/fr/tools/credit-card-payoff/,False,7,fr,Tool,UNKNOWN (supplied aggregate only),INTENTIONAL_NOINDEX,"Existing locale retirement fr: src/data/deindexed-urls.json locales; src/lib/seo.ts isSoftDeindexed/resolveSeo. Preserve reversible 200 noindex,follow and omit sitemap/hreflang; review date 2026-12-22"
worthcalc.win,https://worthcalc.win/fr/tools/debt-strategy/,200,False,"noindex,follow",,https://worthcalc.win/fr/tools/debt-strategy/,False,7,fr,Tool,UNKNOWN (supplied aggregate only),INTENTIONAL_NOINDEX,"Existing locale retirement fr: src/data/deindexed-urls.json locales; src/lib/seo.ts isSoftDeindexed/resolveSeo. Preserve reversible 200 noindex,follow and omit sitemap/hreflang; review date 2026-12-22"
worthcalc.win,https://worthcalc.win/fr/tools/latte-factor/,200,False,"noindex,follow",,https://worthcalc.win/fr/tools/latte-factor/,False,6,fr,Tool,UNKNOWN (supplied aggregate only),INTENTIONAL_NOINDEX,"Existing locale retirement fr: src/data/deindexed-urls.json locales; src/lib/seo.ts isSoftDeindexed/resolveSeo. Preserve reversible 200 noindex,follow and omit sitemap/hreflang; review date 2026-12-22"
worthcalc.win,https://worthcalc.win/fr/tools/mortgage-payoff/,200,False,"noindex,follow",,https://worthcalc.win/fr/tools/mortgage-payoff/,False,7,fr,Tool,UNKNOWN (supplied aggregate only),INTENTIONAL_NOINDEX,"Existing locale retirement fr: src/data/deindexed-urls.json locales; src/lib/seo.ts isSoftDeindexed/resolveSeo. Preserve reversible 200 noindex,follow and omit sitemap/hreflang; review date 2026-12-22"
worthcalc.win,https://worthcalc.win/fr/tools/salary-converter/,200,False,"noindex,follow",,https://worthcalc.win/fr/tools/salary-converter/,False,7,fr,Tool,UNKNOWN (supplied aggregate only),INTENTIONAL_NOINDEX,"Existing locale retirement fr: src/data/deindexed-urls.json locales; src/lib/seo.ts isSoftDeindexed/resolveSeo. Preserve reversible 200 noindex,follow and omit sitemap/hreflang; review date 2026-12-22"
worthcalc.win,https://worthcalc.win/fr/true-cost-of-car-ownership/,200,False,"noindex,follow",,https://worthcalc.win/fr/true-cost-of-car-ownership/,False,7,fr,Content,UNKNOWN (supplied aggregate only),INTENTIONAL_NOINDEX,"Existing locale retirement fr: src/data/deindexed-urls.json locales; src/lib/seo.ts isSoftDeindexed/resolveSeo. Preserve reversible 200 noindex,follow and omit sitemap/hreflang; review date 2026-12-22"
worthcalc.win,https://worthcalc.win/fr/upfront-fees-financing-cost/,200,False,"noindex,follow",,https://worthcalc.win/fr/upfront-fees-financing-cost/,False,8,fr,Content,UNKNOWN (supplied aggregate only),INTENTIONAL_NOINDEX,"Existing locale retirement fr: src/data/deindexed-urls.json locales; src/lib/seo.ts isSoftDeindexed/resolveSeo. Preserve reversible 200 noindex,follow and omit sitemap/hreflang; review date 2026-12-22"
worthcalc.win,https://worthcalc.win/fr/upgrade-your-phone-or-keep-it/,200,False,"noindex,follow",,https://worthcalc.win/fr/upgrade-your-phone-or-keep-it/,False,6,fr,Content,UNKNOWN (supplied aggregate only),INTENTIONAL_NOINDEX,"Existing locale retirement fr: src/data/deindexed-urls.json locales; src/lib/seo.ts isSoftDeindexed/resolveSeo. Preserve reversible 200 noindex,follow and omit sitemap/hreflang; review date 2026-12-22"
worthcalc.win,https://worthcalc.win/fr/work-from-home-vs-commuting-hidden-costs/,200,False,"noindex,follow",,https://worthcalc.win/fr/work-from-home-vs-commuting-hidden-costs/,False,7,fr,Content,UNKNOWN (supplied aggregate only),INTENTIONAL_NOINDEX,"Existing locale retirement fr: src/data/deindexed-urls.json locales; src/lib/seo.ts isSoftDeindexed/resolveSeo. Preserve reversible 200 noindex,follow and omit sitemap/hreflang; review date 2026-12-22"
worthcalc.win,https://worthcalc.win/hi/guides/annual-cost-savings-calculator/,200,False,"noindex,follow",,https://worthcalc.win/hi/guides/annual-cost-savings-calculator/,False,17,hi,Guide,UNKNOWN (supplied aggregate only),INTENTIONAL_NOINDEX,"Exact URL retained in src/data/deindexed-urls.json urls; src/lib/seo.ts isSoftDeindexed/resolveSeo preserves soft consolidation with 200 noindex,follow. No reopening without evidence/authorization"
worthcalc.win,https://worthcalc.win/hi/guides/introductory-discount-renewal-cost/,200,False,"noindex,follow",,https://worthcalc.win/hi/guides/introductory-discount-renewal-cost/,False,4,hi,Guide,UNKNOWN (supplied aggregate only),INTENTIONAL_NOINDEX,"Exact URL retained in src/data/deindexed-urls.json urls; src/lib/seo.ts isSoftDeindexed/resolveSeo preserves soft consolidation with 200 noindex,follow. No reopening without evidence/authorization"
worthcalc.win,https://worthcalc.win/hi/guides/monthly-vs-annual-total-cost/,200,False,"noindex,follow",,https://worthcalc.win/hi/guides/monthly-vs-annual-total-cost/,False,4,hi,Guide,UNKNOWN (supplied aggregate only),INTENTIONAL_NOINDEX,"Exact URL retained in src/data/deindexed-urls.json urls; src/lib/seo.ts isSoftDeindexed/resolveSeo preserves soft consolidation with 200 noindex,follow. No reopening without evidence/authorization"
worthcalc.win,https://worthcalc.win/hi/guides/one-time-switching-cost-payback/,200,False,"noindex,follow",,https://worthcalc.win/hi/guides/one-time-switching-cost-payback/,False,4,hi,Guide,UNKNOWN (supplied aggregate only),INTENTIONAL_NOINDEX,"Exact URL retained in src/data/deindexed-urls.json urls; src/lib/seo.ts isSoftDeindexed/resolveSeo preserves soft consolidation with 200 noindex,follow. No reopening without evidence/authorization"
worthcalc.win,https://worthcalc.win/hi/guides/recurring-costs-annual-total/,200,False,"noindex,follow",,https://worthcalc.win/hi/guides/recurring-costs-annual-total/,False,11,hi,Guide,UNKNOWN (supplied aggregate only),INTENTIONAL_NOINDEX,"Exact URL retained in src/data/deindexed-urls.json urls; src/lib/seo.ts isSoftDeindexed/resolveSeo preserves soft consolidation with 200 noindex,follow. No reopening without evidence/authorization"
worthcalc.win,https://worthcalc.win/hi/guides/savings-break-even-use-period/,200,False,"noindex,follow",,https://worthcalc.win/hi/guides/savings-break-even-use-period/,False,4,hi,Guide,UNKNOWN (supplied aggregate only),INTENTIONAL_NOINDEX,"Exact URL retained in src/data/deindexed-urls.json urls; src/lib/seo.ts isSoftDeindexed/resolveSeo preserves soft consolidation with 200 noindex,follow. No reopening without evidence/authorization"
worthcalc.win,https://worthcalc.win/hi/guides/unused-membership-capacity-cost/,200,False,"noindex,follow",,https://worthcalc.win/hi/guides/unused-membership-capacity-cost/,False,4,hi,Guide,UNKNOWN (supplied aggregate only),INTENTIONAL_NOINDEX,"Exact URL retained in src/data/deindexed-urls.json urls; src/lib/seo.ts isSoftDeindexed/resolveSeo preserves soft consolidation with 200 noindex,follow. No reopening without evidence/authorization"
worthcalc.win,https://worthcalc.win/zh/annual-vs-monthly-billing/,200,True,"index, follow, max-image-preview:large",,https://worthcalc.win/zh/annual-vs-monthly-billing/,True,5,zh-TW,Content,UNKNOWN (supplied aggregate only),KEEP_INDEXABLE,current HTTP/robots eligibility; quality and search indexing separate
worthcalc.win,https://worthcalc.win/zh/apr-vs-apy/,200,True,"index,follow",,https://worthcalc.win/zh/apr-vs-apy/,True,6,zh-TW,Content,UNKNOWN (supplied aggregate only),KEEP_INDEXABLE,current HTTP/robots eligibility; quality and search indexing separate
worthcalc.win,https://worthcalc.win/zh/average-commuting-cost/,200,True,"index, follow, max-image-preview:large",,https://worthcalc.win/zh/average-commuting-cost/,True,4,zh-TW,Content,UNKNOWN (supplied aggregate only),KEEP_INDEXABLE,current HTTP/robots eligibility; quality and search indexing separate
worthcalc.win,https://worthcalc.win/zh/bnpl-vs-credit-card-installments/,200,True,"index, follow, max-image-preview:large",,https://worthcalc.win/zh/bnpl-vs-credit-card-installments/,True,7,zh-TW,Content,UNKNOWN (supplied aggregate only),KEEP_INDEXABLE,current HTTP/robots eligibility; quality and search indexing separate
worthcalc.win,https://worthcalc.win/zh/budget-with-irregular-income/,200,True,"index, follow, max-image-preview:large",,https://worthcalc.win/zh/budget-with-irregular-income/,True,8,zh-TW,Content,UNKNOWN (supplied aggregate only),KEEP_INDEXABLE,current HTTP/robots eligibility; quality and search indexing separate
worthcalc.win,https://worthcalc.win/zh/bulk-buying-vs-small-packages/,200,True,"index, follow, max-image-preview:large",,https://worthcalc.win/zh/bulk-buying-vs-small-packages/,True,7,zh-TW,Content,UNKNOWN (supplied aggregate only),KEEP_INDEXABLE,current HTTP/robots eligibility; quality and search indexing separate
worthcalc.win,https://worthcalc.win/zh/bulk-buying-waste-math/,200,True,"index, follow, max-image-preview:large",,https://worthcalc.win/zh/bulk-buying-waste-math/,True,8,zh-TW,Content,UNKNOWN (supplied aggregate only),KEEP_INDEXABLE,current HTTP/robots eligibility; quality and search indexing separate
worthcalc.win,https://worthcalc.win/zh/car-lease-vs-buy-total-cost/,200,True,"index, follow, max-image-preview:large",,https://worthcalc.win/zh/car-lease-vs-buy-total-cost/,True,7,zh-TW,Content,UNKNOWN (supplied aggregate only),KEEP_INDEXABLE,current HTTP/robots eligibility; quality and search indexing separate
worthcalc.win,https://worthcalc.win/zh/cashback-caps-real-reward-rate/,200,True,"index, follow, max-image-preview:large",,https://worthcalc.win/zh/cashback-caps-real-reward-rate/,True,7,zh-TW,Content,UNKNOWN (supplied aggregate only),KEEP_INDEXABLE,current HTTP/robots eligibility; quality and search indexing separate
worthcalc.win,https://worthcalc.win/zh/cost-per-use-expensive-item/,200,True,"index, follow, max-image-preview:large",,https://worthcalc.win/zh/cost-per-use-expensive-item/,True,7,zh-TW,Content,UNKNOWN (supplied aggregate only),KEEP_INDEXABLE,current HTTP/robots eligibility; quality and search indexing separate
worthcalc.win,https://worthcalc.win/zh/costco-math/,200,True,"index, follow, max-image-preview:large",,https://worthcalc.win/zh/costco-math/,True,12,zh-TW,Content,UNKNOWN (supplied aggregate only),KEEP_INDEXABLE,current HTTP/robots eligibility; quality and search indexing separate
worthcalc.win,https://worthcalc.win/zh/credit-card-minimum-payment-trap/,200,True,"index, follow, max-image-preview:large",,https://worthcalc.win/zh/credit-card-minimum-payment-trap/,True,9,zh-TW,Content,UNKNOWN (supplied aggregate only),KEEP_INDEXABLE,current HTTP/robots eligibility; quality and search indexing separate
worthcalc.win,https://worthcalc.win/zh/delivery-membership-break-even/,200,True,"index, follow, max-image-preview:large",,https://worthcalc.win/zh/delivery-membership-break-even/,True,7,zh-TW,Content,UNKNOWN (supplied aggregate only),KEEP_INDEXABLE,current HTTP/robots eligibility; quality and search indexing separate
worthcalc.win,https://worthcalc.win/zh/emergency-fund-how-much/,200,True,"index,follow",,https://worthcalc.win/zh/emergency-fund-how-much/,True,9,zh-TW,Content,UNKNOWN (supplied aggregate only),KEEP_INDEXABLE,current HTTP/robots eligibility; quality and search indexing separate
worthcalc.win,https://worthcalc.win/zh/emergency-fund-irregular-income/,200,True,"index,follow",,https://worthcalc.win/zh/emergency-fund-irregular-income/,True,7,zh-TW,Content,UNKNOWN (supplied aggregate only),KEEP_INDEXABLE,current HTTP/robots eligibility; quality and search indexing separate
worthcalc.win,https://worthcalc.win/zh/emergency-fund-vs-debt-payoff/,200,True,"index,follow",,https://worthcalc.win/zh/emergency-fund-vs-debt-payoff/,True,5,zh-TW,Content,UNKNOWN (supplied aggregate only),KEEP_INDEXABLE,current HTTP/robots eligibility; quality and search indexing separate
worthcalc.win,https://worthcalc.win/zh/emergency-fund-vs-sinking-fund/,200,True,"index,follow",,https://worthcalc.win/zh/emergency-fund-vs-sinking-fund/,True,6,zh-TW,Content,UNKNOWN (supplied aggregate only),KEEP_INDEXABLE,current HTTP/robots eligibility; quality and search indexing separate
worthcalc.win,https://worthcalc.win/zh/energy-efficient-appliance-payback/,200,True,"index, follow, max-image-preview:large",,https://worthcalc.win/zh/energy-efficient-appliance-payback/,True,9,zh-TW,Content,UNKNOWN (supplied aggregate only),KEEP_INDEXABLE,current HTTP/robots eligibility; quality and search indexing separate
worthcalc.win,https://worthcalc.win/zh/extended-warranty-math/,200,True,"index, follow, max-image-preview:large",,https://worthcalc.win/zh/extended-warranty-math/,True,3,zh-TW,Content,UNKNOWN (supplied aggregate only),KEEP_INDEXABLE,current HTTP/robots eligibility; quality and search indexing separate
worthcalc.win,https://worthcalc.win/zh/extra-mortgage-payments-guide/,200,True,"index, follow, max-image-preview:large",,https://worthcalc.win/zh/extra-mortgage-payments-guide/,True,10,zh-TW,Content,UNKNOWN (supplied aggregate only),KEEP_INDEXABLE,current HTTP/robots eligibility; quality and search indexing separate
worthcalc.win,https://worthcalc.win/zh/free-shipping-threshold/,200,False,"noindex,follow",,https://worthcalc.win/zh/free-shipping-threshold/,False,5,zh-TW,Content,UNKNOWN (supplied aggregate only),INTENTIONAL_NOINDEX,"Exact URL retained in src/data/deindexed-urls.json urls; src/lib/seo.ts isSoftDeindexed/resolveSeo preserves soft consolidation with 200 noindex,follow. No reopening without evidence/authorization"
worthcalc.win,https://worthcalc.win/zh/freelancer-pricing-decision-engine/,200,False,"noindex,follow",,https://worthcalc.win/zh/freelancer-pricing-decision-engine/,False,6,zh-TW,Content,UNKNOWN (supplied aggregate only),INTENTIONAL_NOINDEX,"Exact URL retained in src/data/deindexed-urls.json urls; src/lib/seo.ts isSoftDeindexed/resolveSeo preserves soft consolidation with 200 noindex,follow. No reopening without evidence/authorization"
worthcalc.win,https://worthcalc.win/zh/full-commute-cost-including-time/,200,True,"index, follow, max-image-preview:large",,https://worthcalc.win/zh/full-commute-cost-including-time/,True,8,zh-TW,Content,UNKNOWN (supplied aggregate only),KEEP_INDEXABLE,current HTTP/robots eligibility; quality and search indexing separate
worthcalc.win,https://worthcalc.win/zh/guides/ai-tool-realized-time-savings-break-even/,200,False,"noindex,follow",,https://worthcalc.win/zh/guides/ai-tool-realized-time-savings-break-even/,False,4,zh-TW,Guide,UNKNOWN (supplied aggregate only),INTENTIONAL_NOINDEX,"Exact URL retained in src/data/deindexed-urls.json urls; src/lib/seo.ts isSoftDeindexed/resolveSeo preserves soft consolidation with 200 noindex,follow. No reopening without evidence/authorization"
worthcalc.win,https://worthcalc.win/zh/guides/amortization-schedule-explained/,200,False,"noindex,follow",,https://worthcalc.win/zh/guides/amortization-schedule-explained/,False,7,zh-TW,Guide,UNKNOWN (supplied aggregate only),INTENTIONAL_NOINDEX,"Exact URL retained in src/data/deindexed-urls.json urls; src/lib/seo.ts isSoftDeindexed/resolveSeo preserves soft consolidation with 200 noindex,follow. No reopening without evidence/authorization"
worthcalc.win,https://worthcalc.win/zh/guides/annual-bill-cluster-cash-low-point/,200,False,"noindex,follow",,https://worthcalc.win/zh/guides/annual-bill-cluster-cash-low-point/,False,5,zh-TW,Guide,UNKNOWN (supplied aggregate only),INTENTIONAL_NOINDEX,"Exact URL retained in src/data/deindexed-urls.json urls; src/lib/seo.ts isSoftDeindexed/resolveSeo preserves soft consolidation with 200 noindex,follow. No reopening without evidence/authorization"
worthcalc.win,https://worthcalc.win/zh/guides/annual-expenses-monthly-equivalent/,200,False,"noindex,follow",,https://worthcalc.win/zh/guides/annual-expenses-monthly-equivalent/,False,8,zh-TW,Guide,UNKNOWN (supplied aggregate only),INTENTIONAL_NOINDEX,"Exact URL retained in src/data/deindexed-urls.json urls; src/lib/seo.ts isSoftDeindexed/resolveSeo preserves soft consolidation with 200 noindex,follow. No reopening without evidence/authorization"
worthcalc.win,https://worthcalc.win/zh/guides/annual-plan-cancellation-risk-break-even/,200,False,"noindex,follow",,https://worthcalc.win/zh/guides/annual-plan-cancellation-risk-break-even/,False,5,zh-TW,Guide,UNKNOWN (supplied aggregate only),INTENTIONAL_NOINDEX,"Exact URL retained in src/data/deindexed-urls.json urls; src/lib/seo.ts isSoftDeindexed/resolveSeo preserves soft consolidation with 200 noindex,follow. No reopening without evidence/authorization"
worthcalc.win,https://worthcalc.win/zh/guides/auto-loan-negative-equity-rollover-cost/,200,False,"noindex,follow",,https://worthcalc.win/zh/guides/auto-loan-negative-equity-rollover-cost/,False,7,zh-TW,Guide,UNKNOWN (supplied aggregate only),INTENTIONAL_NOINDEX,"Exact URL retained in src/data/deindexed-urls.json urls; src/lib/seo.ts isSoftDeindexed/resolveSeo preserves soft consolidation with 200 noindex,follow. No reopening without evidence/authorization"
worthcalc.win,https://worthcalc.win/zh/guides/balance-transfer-fee-break-even/,200,False,"noindex,follow",,https://worthcalc.win/zh/guides/balance-transfer-fee-break-even/,False,4,zh-TW,Guide,UNKNOWN (supplied aggregate only),INTENTIONAL_NOINDEX,"Exact URL retained in src/data/deindexed-urls.json urls; src/lib/seo.ts isSoftDeindexed/resolveSeo preserves soft consolidation with 200 noindex,follow. No reopening without evidence/authorization"
worthcalc.win,https://worthcalc.win/zh/guides/base-salary-vs-bonus-fixed-cost-capacity/,200,False,"noindex,follow",,https://worthcalc.win/zh/guides/base-salary-vs-bonus-fixed-cost-capacity/,False,3,zh-TW,Guide,UNKNOWN (supplied aggregate only),INTENTIONAL_NOINDEX,"Exact URL retained in src/data/deindexed-urls.json urls; src/lib/seo.ts isSoftDeindexed/resolveSeo preserves soft consolidation with 200 noindex,follow. No reopening without evidence/authorization"
worthcalc.win,https://worthcalc.win/zh/guides/car-down-payment-vs-liquidity/,200,False,"noindex,follow",,https://worthcalc.win/zh/guides/car-down-payment-vs-liquidity/,False,10,zh-TW,Guide,UNKNOWN (supplied aggregate only),INTENTIONAL_NOINDEX,"Exact URL retained in src/data/deindexed-urls.json urls; src/lib/seo.ts isSoftDeindexed/resolveSeo preserves soft consolidation with 200 noindex,follow. No reopening without evidence/authorization"
worthcalc.win,https://worthcalc.win/zh/guides/car-loan-60-72-84-early-exit/,200,False,"noindex,follow",,https://worthcalc.win/zh/guides/car-loan-60-72-84-early-exit/,False,7,zh-TW,Guide,UNKNOWN (supplied aggregate only),INTENTIONAL_NOINDEX,"Exact URL retained in src/data/deindexed-urls.json urls; src/lib/seo.ts isSoftDeindexed/resolveSeo preserves soft consolidation with 200 noindex,follow. No reopening without evidence/authorization"
worthcalc.win,https://worthcalc.win/zh/guides/car-major-repair-hold-period-break-even/,200,False,"noindex,follow",,https://worthcalc.win/zh/guides/car-major-repair-hold-period-break-even/,False,3,zh-TW,Guide,UNKNOWN (supplied aggregate only),INTENTIONAL_NOINDEX,"Exact URL retained in src/data/deindexed-urls.json urls; src/lib/seo.ts isSoftDeindexed/resolveSeo preserves soft consolidation with 200 noindex,follow. No reopening without evidence/authorization"
worthcalc.win,https://worthcalc.win/zh/guides/cash-discount-vs-financing/,200,False,"noindex,follow",,https://worthcalc.win/zh/guides/cash-discount-vs-financing/,False,6,zh-TW,Guide,UNKNOWN (supplied aggregate only),INTENTIONAL_NOINDEX,"Exact URL retained in src/data/deindexed-urls.json urls; src/lib/seo.ts isSoftDeindexed/resolveSeo preserves soft consolidation with 200 noindex,follow. No reopening without evidence/authorization"
worthcalc.win,https://worthcalc.win/zh/guides/cash-flow-buffer-vs-emergency-fund/,200,False,"noindex,follow",,https://worthcalc.win/zh/guides/cash-flow-buffer-vs-emergency-fund/,False,9,zh-TW,Guide,UNKNOWN (supplied aggregate only),INTENTIONAL_NOINDEX,"Exact URL retained in src/data/deindexed-urls.json urls; src/lib/seo.ts isSoftDeindexed/resolveSeo preserves soft consolidation with 200 noindex,follow. No reopening without evidence/authorization"
worthcalc.win,https://worthcalc.win/zh/guides/cash-runway-before-quitting-job/,200,False,"noindex,follow",,https://worthcalc.win/zh/guides/cash-runway-before-quitting-job/,False,4,zh-TW,Guide,UNKNOWN (supplied aggregate only),INTENTIONAL_NOINDEX,"Exact URL retained in src/data/deindexed-urls.json urls; src/lib/seo.ts isSoftDeindexed/resolveSeo preserves soft consolidation with 200 noindex,follow. No reopening without evidence/authorization"
worthcalc.win,https://worthcalc.win/zh/guides/cash-vs-car-loan-liquidity-adjusted/,200,False,"noindex,follow",,https://worthcalc.win/zh/guides/cash-vs-car-loan-liquidity-adjusted/,False,4,zh-TW,Guide,UNKNOWN (supplied aggregate only),INTENTIONAL_NOINDEX,"Exact URL retained in src/data/deindexed-urls.json urls; src/lib/seo.ts isSoftDeindexed/resolveSeo preserves soft consolidation with 200 noindex,follow. No reopening without evidence/authorization"
worthcalc.win,https://worthcalc.win/zh/guides/childcare-deposit-enrollment-cashflow/,200,False,"noindex,follow",,https://worthcalc.win/zh/guides/childcare-deposit-enrollment-cashflow/,False,4,zh-TW,Guide,UNKNOWN (supplied aggregate only),INTENTIONAL_NOINDEX,"Exact URL retained in src/data/deindexed-urls.json urls; src/lib/seo.ts isSoftDeindexed/resolveSeo preserves soft consolidation with 200 noindex,follow. No reopening without evidence/authorization"
worthcalc.win,https://worthcalc.win/zh/guides/childcare-return-to-work-break-even/,200,False,"noindex,follow",,https://worthcalc.win/zh/guides/childcare-return-to-work-break-even/,False,7,zh-TW,Guide,UNKNOWN (supplied aggregate only),INTENTIONAL_NOINDEX,"Exact URL retained in src/data/deindexed-urls.json urls; src/lib/seo.ts isSoftDeindexed/resolveSeo preserves soft consolidation with 200 noindex,follow. No reopening without evidence/authorization"
worthcalc.win,https://worthcalc.win/zh/guides/commission-income-tax-reserve-cashflow/,200,False,"noindex,follow",,https://worthcalc.win/zh/guides/commission-income-tax-reserve-cashflow/,False,5,zh-TW,Guide,UNKNOWN (supplied aggregate only),INTENTIONAL_NOINDEX,"Exact URL retained in src/data/deindexed-urls.json urls; src/lib/seo.ts isSoftDeindexed/resolveSeo preserves soft consolidation with 200 noindex,follow. No reopening without evidence/authorization"
worthcalc.win,https://worthcalc.win/zh/guides/cost-of-delaying-savings-goal/,200,False,"noindex,follow",,https://worthcalc.win/zh/guides/cost-of-delaying-savings-goal/,False,5,zh-TW,Guide,UNKNOWN (supplied aggregate only),INTENTIONAL_NOINDEX,"Exact URL retained in src/data/deindexed-urls.json urls; src/lib/seo.ts isSoftDeindexed/resolveSeo preserves soft consolidation with 200 noindex,follow. No reopening without evidence/authorization"
worthcalc.win,https://worthcalc.win/zh/guides/debt-consolidation-break-even/,200,False,"noindex,follow",,https://worthcalc.win/zh/guides/debt-consolidation-break-even/,False,5,zh-TW,Guide,UNKNOWN (supplied aggregate only),INTENTIONAL_NOINDEX,"Exact URL retained in src/data/deindexed-urls.json urls; src/lib/seo.ts isSoftDeindexed/resolveSeo preserves soft consolidation with 200 noindex,follow. No reopening without evidence/authorization"
worthcalc.win,https://worthcalc.win/zh/guides/debt-free-fixed-cost-creep/,200,False,"noindex,follow",,https://worthcalc.win/zh/guides/debt-free-fixed-cost-creep/,False,4,zh-TW,Guide,UNKNOWN (supplied aggregate only),INTENTIONAL_NOINDEX,"Exact URL retained in src/data/deindexed-urls.json urls; src/lib/seo.ts isSoftDeindexed/resolveSeo preserves soft consolidation with 200 noindex,follow. No reopening without evidence/authorization"
worthcalc.win,https://worthcalc.win/zh/guides/debt-paydown-interest-vs-cashflow/,200,False,"noindex,follow",,https://worthcalc.win/zh/guides/debt-paydown-interest-vs-cashflow/,False,5,zh-TW,Guide,UNKNOWN (supplied aggregate only),INTENTIONAL_NOINDEX,"Exact URL retained in src/data/deindexed-urls.json urls; src/lib/seo.ts isSoftDeindexed/resolveSeo preserves soft consolidation with 200 noindex,follow. No reopening without evidence/authorization"
worthcalc.win,https://worthcalc.win/zh/guides/debt-to-assets-ratio-personal/,200,False,"noindex,follow",,https://worthcalc.win/zh/guides/debt-to-assets-ratio-personal/,False,5,zh-TW,Guide,UNKNOWN (supplied aggregate only),INTENTIONAL_NOINDEX,"Exact URL retained in src/data/deindexed-urls.json urls; src/lib/seo.ts isSoftDeindexed/resolveSeo preserves soft consolidation with 200 noindex,follow. No reopening without evidence/authorization"
worthcalc.win,https://worthcalc.win/zh/guides/down-payment-vs-post-purchase-liquidity/,200,False,"noindex,follow",,https://worthcalc.win/zh/guides/down-payment-vs-post-purchase-liquidity/,False,4,zh-TW,Guide,UNKNOWN (supplied aggregate only),INTENTIONAL_NOINDEX,"Exact URL retained in src/data/deindexed-urls.json urls; src/lib/seo.ts isSoftDeindexed/resolveSeo preserves soft consolidation with 200 noindex,follow. No reopening without evidence/authorization"
worthcalc.win,https://worthcalc.win/zh/guides/effective-interest-rate-explained/,200,False,"noindex,follow",,https://worthcalc.win/zh/guides/effective-interest-rate-explained/,False,5,zh-TW,Guide,UNKNOWN (supplied aggregate only),INTENTIONAL_NOINDEX,"Exact URL retained in src/data/deindexed-urls.json urls; src/lib/seo.ts isSoftDeindexed/resolveSeo preserves soft consolidation with 200 noindex,follow. No reopening without evidence/authorization"
worthcalc.win,https://worthcalc.win/zh/guides/electricity-cost-per-kwh-used/,200,False,"noindex,follow",,https://worthcalc.win/zh/guides/electricity-cost-per-kwh-used/,False,4,zh-TW,Guide,UNKNOWN (supplied aggregate only),INTENTIONAL_NOINDEX,"Exact URL retained in src/data/deindexed-urls.json urls; src/lib/seo.ts isSoftDeindexed/resolveSeo preserves soft consolidation with 200 noindex,follow. No reopening without evidence/authorization"
worthcalc.win,https://worthcalc.win/zh/guides/emergency-fund-rebuild-after-move/,200,False,"noindex,follow",,https://worthcalc.win/zh/guides/emergency-fund-rebuild-after-move/,False,5,zh-TW,Guide,UNKNOWN (supplied aggregate only),INTENTIONAL_NOINDEX,"Exact URL retained in src/data/deindexed-urls.json urls; src/lib/seo.ts isSoftDeindexed/resolveSeo preserves soft consolidation with 200 noindex,follow. No reopening without evidence/authorization"
worthcalc.win,https://worthcalc.win/zh/guides/emergency-fund-rebuild-after-use/,200,False,"noindex,follow",,https://worthcalc.win/zh/guides/emergency-fund-rebuild-after-use/,False,5,zh-TW,Guide,UNKNOWN (supplied aggregate only),INTENTIONAL_NOINDEX,"Exact URL retained in src/data/deindexed-urls.json urls; src/lib/seo.ts isSoftDeindexed/resolveSeo preserves soft consolidation with 200 noindex,follow. No reopening without evidence/authorization"
worthcalc.win,https://worthcalc.win/zh/guides/employer-benefits-replacement-cost-vs-cash/,200,False,"noindex,follow",,https://worthcalc.win/zh/guides/employer-benefits-replacement-cost-vs-cash/,False,4,zh-TW,Guide,UNKNOWN (supplied aggregate only),INTENTIONAL_NOINDEX,"Exact URL retained in src/data/deindexed-urls.json urls; src/lib/seo.ts isSoftDeindexed/resolveSeo preserves soft consolidation with 200 noindex,follow. No reopening without evidence/authorization"
worthcalc.win,https://worthcalc.win/zh/guides/extra-payment-personal-loan/,200,False,"noindex,follow",,https://worthcalc.win/zh/guides/extra-payment-personal-loan/,False,4,zh-TW,Guide,UNKNOWN (supplied aggregate only),INTENTIONAL_NOINDEX,"Exact URL retained in src/data/deindexed-urls.json urls; src/lib/seo.ts isSoftDeindexed/resolveSeo preserves soft consolidation with 200 noindex,follow. No reopening without evidence/authorization"
worthcalc.win,https://worthcalc.win/zh/guides/extra-principal-before-car-trade-vs-cash/,200,False,"noindex,follow",,https://worthcalc.win/zh/guides/extra-principal-before-car-trade-vs-cash/,False,3,zh-TW,Guide,UNKNOWN (supplied aggregate only),INTENTIONAL_NOINDEX,"Exact URL retained in src/data/deindexed-urls.json urls; src/lib/seo.ts isSoftDeindexed/resolveSeo preserves soft consolidation with 200 noindex,follow. No reopening without evidence/authorization"
worthcalc.win,https://worthcalc.win/zh/guides/extra-room-home-office-incremental-rent-break-even/,200,False,"noindex,follow",,https://worthcalc.win/zh/guides/extra-room-home-office-incremental-rent-break-even/,False,4,zh-TW,Guide,UNKNOWN (supplied aggregate only),INTENTIONAL_NOINDEX,"Exact URL retained in src/data/deindexed-urls.json urls; src/lib/seo.ts isSoftDeindexed/resolveSeo preserves soft consolidation with 200 noindex,follow. No reopening without evidence/authorization"
worthcalc.win,https://worthcalc.win/zh/guides/financial-runway-months/,200,False,"noindex,follow",,https://worthcalc.win/zh/guides/financial-runway-months/,False,13,zh-TW,Guide,UNKNOWN (supplied aggregate only),INTENTIONAL_NOINDEX,"Exact URL retained in src/data/deindexed-urls.json urls; src/lib/seo.ts isSoftDeindexed/resolveSeo preserves soft consolidation with 200 noindex,follow. No reopening without evidence/authorization"
worthcalc.win,https://worthcalc.win/zh/guides/fixed-cost-ratio-personal-budget/,200,False,"noindex,follow",,https://worthcalc.win/zh/guides/fixed-cost-ratio-personal-budget/,False,7,zh-TW,Guide,UNKNOWN (supplied aggregate only),INTENTIONAL_NOINDEX,"Exact URL retained in src/data/deindexed-urls.json urls; src/lib/seo.ts isSoftDeindexed/resolveSeo preserves soft consolidation with 200 noindex,follow. No reopening without evidence/authorization"
worthcalc.win,https://worthcalc.win/zh/guides/fixed-vs-variable-rate-scenario/,200,False,"noindex,follow",,https://worthcalc.win/zh/guides/fixed-vs-variable-rate-scenario/,False,3,zh-TW,Guide,UNKNOWN (supplied aggregate only),INTENTIONAL_NOINDEX,"Exact URL retained in src/data/deindexed-urls.json urls; src/lib/seo.ts isSoftDeindexed/resolveSeo preserves soft consolidation with 200 noindex,follow. No reopening without evidence/authorization"
worthcalc.win,https://worthcalc.win/zh/guides/freelance-minimum-billable-rate/,200,False,"noindex,follow",,https://worthcalc.win/zh/guides/freelance-minimum-billable-rate/,False,5,zh-TW,Guide,UNKNOWN (supplied aggregate only),INTENTIONAL_NOINDEX,"Exact URL retained in src/data/deindexed-urls.json urls; src/lib/seo.ts isSoftDeindexed/resolveSeo preserves soft consolidation with 200 noindex,follow. No reopening without evidence/authorization"
worthcalc.win,https://worthcalc.win/zh/guides/high-vs-low-deductible-break-even/,200,False,"noindex,follow",,https://worthcalc.win/zh/guides/high-vs-low-deductible-break-even/,False,4,zh-TW,Guide,UNKNOWN (supplied aggregate only),INTENTIONAL_NOINDEX,"Exact URL retained in src/data/deindexed-urls.json urls; src/lib/seo.ts isSoftDeindexed/resolveSeo preserves soft consolidation with 200 noindex,follow. No reopening without evidence/authorization"
worthcalc.win,https://worthcalc.win/zh/guides/higher-salary-long-commute-vs-lower-salary-nearby/,200,False,"noindex,follow",,https://worthcalc.win/zh/guides/higher-salary-long-commute-vs-lower-salary-nearby/,False,5,zh-TW,Guide,UNKNOWN (supplied aggregate only),INTENTIONAL_NOINDEX,"Exact URL retained in src/data/deindexed-urls.json urls; src/lib/seo.ts isSoftDeindexed/resolveSeo preserves soft consolidation with 200 noindex,follow. No reopening without evidence/authorization"
worthcalc.win,https://worthcalc.win/zh/guides/how-much-cash-to-keep/,200,False,"noindex,follow",,https://worthcalc.win/zh/guides/how-much-cash-to-keep/,False,6,zh-TW,Guide,UNKNOWN (supplied aggregate only),INTENTIONAL_NOINDEX,"Exact URL retained in src/data/deindexed-urls.json urls; src/lib/seo.ts isSoftDeindexed/resolveSeo preserves soft consolidation with 200 noindex,follow. No reopening without evidence/authorization"
worthcalc.win,https://worthcalc.win/zh/guides/inflation-adjusted-savings-goal/,200,False,"noindex,follow",,https://worthcalc.win/zh/guides/inflation-adjusted-savings-goal/,False,3,zh-TW,Guide,UNKNOWN (supplied aggregate only),INTENTIONAL_NOINDEX,"Exact URL retained in src/data/deindexed-urls.json urls; src/lib/seo.ts isSoftDeindexed/resolveSeo preserves soft consolidation with 200 noindex,follow. No reopening without evidence/authorization"
worthcalc.win,https://worthcalc.win/zh/guides/insurance-annual-vs-monthly-payment/,200,False,"noindex,follow",,https://worthcalc.win/zh/guides/insurance-annual-vs-monthly-payment/,False,4,zh-TW,Guide,UNKNOWN (supplied aggregate only),INTENTIONAL_NOINDEX,"Exact URL retained in src/data/deindexed-urls.json urls; src/lib/seo.ts isSoftDeindexed/resolveSeo preserves soft consolidation with 200 noindex,follow. No reopening without evidence/authorization"
worthcalc.win,https://worthcalc.win/zh/guides/insurance-deductible-cash-reserve/,200,False,"noindex,follow",,https://worthcalc.win/zh/guides/insurance-deductible-cash-reserve/,False,7,zh-TW,Guide,UNKNOWN (supplied aggregate only),INTENTIONAL_NOINDEX,"Exact URL retained in src/data/deindexed-urls.json urls; src/lib/seo.ts isSoftDeindexed/resolveSeo preserves soft consolidation with 200 noindex,follow. No reopening without evidence/authorization"
worthcalc.win,https://worthcalc.win/zh/guides/interest-only-period-total-cost/,200,False,"noindex,follow",,https://worthcalc.win/zh/guides/interest-only-period-total-cost/,False,4,zh-TW,Guide,UNKNOWN (supplied aggregate only),INTENTIONAL_NOINDEX,"Exact URL retained in src/data/deindexed-urls.json urls; src/lib/seo.ts isSoftDeindexed/resolveSeo preserves soft consolidation with 200 noindex,follow. No reopening without evidence/authorization"
worthcalc.win,https://worthcalc.win/zh/guides/job-change-pay-gap-cashflow/,200,False,"noindex,follow",,https://worthcalc.win/zh/guides/job-change-pay-gap-cashflow/,False,7,zh-TW,Guide,UNKNOWN (supplied aggregate only),INTENTIONAL_NOINDEX,"Exact URL retained in src/data/deindexed-urls.json urls; src/lib/seo.ts isSoftDeindexed/resolveSeo preserves soft consolidation with 200 noindex,follow. No reopening without evidence/authorization"
worthcalc.win,https://worthcalc.win/zh/guides/joint-account-minimum-cash-floor/,200,False,"noindex,follow",,https://worthcalc.win/zh/guides/joint-account-minimum-cash-floor/,False,4,zh-TW,Guide,UNKNOWN (supplied aggregate only),INTENTIONAL_NOINDEX,"Exact URL retained in src/data/deindexed-urls.json urls; src/lib/seo.ts isSoftDeindexed/resolveSeo preserves soft consolidation with 200 noindex,follow. No reopening without evidence/authorization"
worthcalc.win,https://worthcalc.win/zh/guides/lifestyle-inflation-raise-capture/,200,False,"noindex,follow",,https://worthcalc.win/zh/guides/lifestyle-inflation-raise-capture/,False,5,zh-TW,Guide,UNKNOWN (supplied aggregate only),INTENTIONAL_NOINDEX,"Exact URL retained in src/data/deindexed-urls.json urls; src/lib/seo.ts isSoftDeindexed/resolveSeo preserves soft consolidation with 200 noindex,follow. No reopening without evidence/authorization"
worthcalc.win,https://worthcalc.win/zh/guides/loan-refinance-break-even/,200,False,"noindex,follow",,https://worthcalc.win/zh/guides/loan-refinance-break-even/,False,5,zh-TW,Guide,UNKNOWN (supplied aggregate only),INTENTIONAL_NOINDEX,"Exact URL retained in src/data/deindexed-urls.json urls; src/lib/seo.ts isSoftDeindexed/resolveSeo preserves soft consolidation with 200 noindex,follow. No reopening without evidence/authorization"
worthcalc.win,https://worthcalc.win/zh/guides/minimum-cash-balance-checking/,200,False,"noindex,follow",,https://worthcalc.win/zh/guides/minimum-cash-balance-checking/,False,5,zh-TW,Guide,UNKNOWN (supplied aggregate only),INTENTIONAL_NOINDEX,"Exact URL retained in src/data/deindexed-urls.json urls; src/lib/seo.ts isSoftDeindexed/resolveSeo preserves soft consolidation with 200 noindex,follow. No reopening without evidence/authorization"
worthcalc.win,https://worthcalc.win/zh/guides/monthly-extra-vs-annual-lump-sum/,200,False,"noindex,follow",,https://worthcalc.win/zh/guides/monthly-extra-vs-annual-lump-sum/,False,4,zh-TW,Guide,UNKNOWN (supplied aggregate only),INTENTIONAL_NOINDEX,"Exact URL retained in src/data/deindexed-urls.json urls; src/lib/seo.ts isSoftDeindexed/resolveSeo preserves soft consolidation with 200 noindex,follow. No reopening without evidence/authorization"
worthcalc.win,https://worthcalc.win/zh/guides/monthly-payment-affordability-vs-total-cost/,200,False,"noindex,follow",,https://worthcalc.win/zh/guides/monthly-payment-affordability-vs-total-cost/,False,6,zh-TW,Guide,UNKNOWN (supplied aggregate only),INTENTIONAL_NOINDEX,"Exact URL retained in src/data/deindexed-urls.json urls; src/lib/seo.ts isSoftDeindexed/resolveSeo preserves soft consolidation with 200 noindex,follow. No reopening without evidence/authorization"
worthcalc.win,https://worthcalc.win/zh/guides/mortgage-fee-rate-break-even/,200,False,"noindex,follow",,https://worthcalc.win/zh/guides/mortgage-fee-rate-break-even/,False,5,zh-TW,Guide,UNKNOWN (supplied aggregate only),INTENTIONAL_NOINDEX,"Exact URL retained in src/data/deindexed-urls.json urls; src/lib/seo.ts isSoftDeindexed/resolveSeo preserves soft consolidation with 200 noindex,follow. No reopening without evidence/authorization"
worthcalc.win,https://worthcalc.win/zh/guides/mortgage-recast-vs-refinance-vs-prepay/,200,False,"noindex,follow",,https://worthcalc.win/zh/guides/mortgage-recast-vs-refinance-vs-prepay/,False,5,zh-TW,Guide,UNKNOWN (supplied aggregate only),INTENTIONAL_NOINDEX,"Exact URL retained in src/data/deindexed-urls.json urls; src/lib/seo.ts isSoftDeindexed/resolveSeo preserves soft consolidation with 200 noindex,follow. No reopening without evidence/authorization"
worthcalc.win,https://worthcalc.win/zh/guides/net-worth-tracking-frequency/,200,False,"noindex,follow",,https://worthcalc.win/zh/guides/net-worth-tracking-frequency/,False,4,zh-TW,Guide,UNKNOWN (supplied aggregate only),INTENTIONAL_NOINDEX,"Exact URL retained in src/data/deindexed-urls.json urls; src/lib/seo.ts isSoftDeindexed/resolveSeo preserves soft consolidation with 200 noindex,follow. No reopening without evidence/authorization"
worthcalc.win,https://worthcalc.win/zh/guides/overtime-marginal-take-home-cost/,200,False,"noindex,follow",,https://worthcalc.win/zh/guides/overtime-marginal-take-home-cost/,False,3,zh-TW,Guide,UNKNOWN (supplied aggregate only),INTENTIONAL_NOINDEX,"Exact URL retained in src/data/deindexed-urls.json urls; src/lib/seo.ts isSoftDeindexed/resolveSeo preserves soft consolidation with 200 noindex,follow. No reopening without evidence/authorization"
worthcalc.win,https://worthcalc.win/zh/guides/paycheck-budgeting-limitations/,200,False,"noindex,follow",,https://worthcalc.win/zh/guides/paycheck-budgeting-limitations/,False,6,zh-TW,Guide,UNKNOWN (supplied aggregate only),INTENTIONAL_NOINDEX,"Exact URL retained in src/data/deindexed-urls.json urls; src/lib/seo.ts isSoftDeindexed/resolveSeo preserves soft consolidation with 200 noindex,follow. No reopening without evidence/authorization"
worthcalc.win,https://worthcalc.win/zh/guides/personal-liquidity-ratio/,200,False,"noindex,follow",,https://worthcalc.win/zh/guides/personal-liquidity-ratio/,False,6,zh-TW,Guide,UNKNOWN (supplied aggregate only),INTENTIONAL_NOINDEX,"Exact URL retained in src/data/deindexed-urls.json urls; src/lib/seo.ts isSoftDeindexed/resolveSeo preserves soft consolidation with 200 noindex,follow. No reopening without evidence/authorization"
worthcalc.win,https://worthcalc.win/zh/guides/post-debt-payoff-cashflow-plan/,200,False,"noindex,follow",,https://worthcalc.win/zh/guides/post-debt-payoff-cashflow-plan/,False,5,zh-TW,Guide,UNKNOWN (supplied aggregate only),INTENTIONAL_NOINDEX,"Exact URL retained in src/data/deindexed-urls.json urls; src/lib/seo.ts isSoftDeindexed/resolveSeo preserves soft consolidation with 200 noindex,follow. No reopening without evidence/authorization"
worthcalc.win,https://worthcalc.win/zh/guides/prepay-rent-discount-vs-liquidity/,200,False,"noindex,follow",,https://worthcalc.win/zh/guides/prepay-rent-discount-vs-liquidity/,False,6,zh-TW,Guide,UNKNOWN (supplied aggregate only),INTENTIONAL_NOINDEX,"Exact URL retained in src/data/deindexed-urls.json urls; src/lib/seo.ts isSoftDeindexed/resolveSeo preserves soft consolidation with 200 noindex,follow. No reopening without evidence/authorization"
worthcalc.win,https://worthcalc.win/zh/guides/principal-equal-vs-payment-equal-amortization/,200,False,"noindex,follow",,https://worthcalc.win/zh/guides/principal-equal-vs-payment-equal-amortization/,False,4,zh-TW,Guide,UNKNOWN (supplied aggregate only),INTENTIONAL_NOINDEX,"Exact URL retained in src/data/deindexed-urls.json urls; src/lib/seo.ts isSoftDeindexed/resolveSeo preserves soft consolidation with 200 noindex,follow. No reopening without evidence/authorization"
worthcalc.win,https://worthcalc.win/zh/guides/professional-membership-replacement-value-break-even/,200,False,"noindex,follow",,https://worthcalc.win/zh/guides/professional-membership-replacement-value-break-even/,False,4,zh-TW,Guide,UNKNOWN (supplied aggregate only),INTENTIONAL_NOINDEX,"Exact URL retained in src/data/deindexed-urls.json urls; src/lib/seo.ts isSoftDeindexed/resolveSeo preserves soft consolidation with 200 noindex,follow. No reopening without evidence/authorization"
worthcalc.win,https://worthcalc.win/zh/guides/promo-apr-payoff-deadline/,200,False,"noindex,follow",,https://worthcalc.win/zh/guides/promo-apr-payoff-deadline/,False,5,zh-TW,Guide,UNKNOWN (supplied aggregate only),INTENTIONAL_NOINDEX,"Exact URL retained in src/data/deindexed-urls.json urls; src/lib/seo.ts isSoftDeindexed/resolveSeo preserves soft consolidation with 200 noindex,follow. No reopening without evidence/authorization"
worthcalc.win,https://worthcalc.win/zh/guides/real-vs-nominal-return/,200,False,"noindex,follow",,https://worthcalc.win/zh/guides/real-vs-nominal-return/,False,4,zh-TW,Guide,UNKNOWN (supplied aggregate only),INTENTIONAL_NOINDEX,"Exact URL retained in src/data/deindexed-urls.json urls; src/lib/seo.ts isSoftDeindexed/resolveSeo preserves soft consolidation with 200 noindex,follow. No reopening without evidence/authorization"
worthcalc.win,https://worthcalc.win/zh/guides/relocation-for-higher-salary-break-even/,200,False,"noindex,follow",,https://worthcalc.win/zh/guides/relocation-for-higher-salary-break-even/,False,4,zh-TW,Guide,UNKNOWN (supplied aggregate only),INTENTIONAL_NOINDEX,"Exact URL retained in src/data/deindexed-urls.json urls; src/lib/seo.ts isSoftDeindexed/resolveSeo preserves soft consolidation with 200 noindex,follow. No reopening without evidence/authorization"
worthcalc.win,https://worthcalc.win/zh/guides/remote-work-pay-cut-cash-break-even/,200,False,"noindex,follow",,https://worthcalc.win/zh/guides/remote-work-pay-cut-cash-break-even/,False,4,zh-TW,Guide,UNKNOWN (supplied aggregate only),INTENTIONAL_NOINDEX,"Exact URL retained in src/data/deindexed-urls.json urls; src/lib/seo.ts isSoftDeindexed/resolveSeo preserves soft consolidation with 200 noindex,follow. No reopening without evidence/authorization"
worthcalc.win,https://worthcalc.win/zh/guides/rent-increase-vs-moving-break-even/,200,False,"noindex,follow",,https://worthcalc.win/zh/guides/rent-increase-vs-moving-break-even/,False,7,zh-TW,Guide,UNKNOWN (supplied aggregate only),INTENTIONAL_NOINDEX,"Exact URL retained in src/data/deindexed-urls.json urls; src/lib/seo.ts isSoftDeindexed/resolveSeo preserves soft consolidation with 200 noindex,follow. No reopening without evidence/authorization"
worthcalc.win,https://worthcalc.win/zh/guides/rental-deposit-liquidity-cost/,200,False,"noindex,follow",,https://worthcalc.win/zh/guides/rental-deposit-liquidity-cost/,False,6,zh-TW,Guide,UNKNOWN (supplied aggregate only),INTENTIONAL_NOINDEX,"Exact URL retained in src/data/deindexed-urls.json urls; src/lib/seo.ts isSoftDeindexed/resolveSeo preserves soft consolidation with 200 noindex,follow. No reopening without evidence/authorization"
worthcalc.win,https://worthcalc.win/zh/guides/return-to-work-fulltime-vs-parttime/,200,False,"noindex,follow",,https://worthcalc.win/zh/guides/return-to-work-fulltime-vs-parttime/,False,6,zh-TW,Guide,UNKNOWN (supplied aggregate only),INTENTIONAL_NOINDEX,"Exact URL retained in src/data/deindexed-urls.json urls; src/lib/seo.ts isSoftDeindexed/resolveSeo preserves soft consolidation with 200 noindex,follow. No reopening without evidence/authorization"
worthcalc.win,https://worthcalc.win/zh/guides/save-first-vs-installment-purchase/,200,False,"noindex,follow",,https://worthcalc.win/zh/guides/save-first-vs-installment-purchase/,False,4,zh-TW,Guide,UNKNOWN (supplied aggregate only),INTENTIONAL_NOINDEX,"Exact URL retained in src/data/deindexed-urls.json urls; src/lib/seo.ts isSoftDeindexed/resolveSeo preserves soft consolidation with 200 noindex,follow. No reopening without evidence/authorization"
worthcalc.win,https://worthcalc.win/zh/guides/shared-expenses-income-split/,200,False,"noindex,follow",,https://worthcalc.win/zh/guides/shared-expenses-income-split/,False,6,zh-TW,Guide,UNKNOWN (supplied aggregate only),INTENTIONAL_NOINDEX,"Exact URL retained in src/data/deindexed-urls.json urls; src/lib/seo.ts isSoftDeindexed/resolveSeo preserves soft consolidation with 200 noindex,follow. No reopening without evidence/authorization"
worthcalc.win,https://worthcalc.win/zh/guides/side-hustle-equipment-billable-utilization-break-even/,200,False,"noindex,follow",,https://worthcalc.win/zh/guides/side-hustle-equipment-billable-utilization-break-even/,False,3,zh-TW,Guide,UNKNOWN (supplied aggregate only),INTENTIONAL_NOINDEX,"Exact URL retained in src/data/deindexed-urls.json urls; src/lib/seo.ts isSoftDeindexed/resolveSeo preserves soft consolidation with 200 noindex,follow. No reopening without evidence/authorization"
worthcalc.win,https://worthcalc.win/zh/guides/signing-bonus-vs-higher-base-clawback-break-even/,200,False,"noindex,follow",,https://worthcalc.win/zh/guides/signing-bonus-vs-higher-base-clawback-break-even/,False,3,zh-TW,Guide,UNKNOWN (supplied aggregate only),INTENTIONAL_NOINDEX,"Exact URL retained in src/data/deindexed-urls.json urls; src/lib/seo.ts isSoftDeindexed/resolveSeo preserves soft consolidation with 200 noindex,follow. No reopening without evidence/authorization"
worthcalc.win,https://worthcalc.win/zh/guides/single-income-household-stress-test/,200,False,"noindex,follow",,https://worthcalc.win/zh/guides/single-income-household-stress-test/,False,4,zh-TW,Guide,UNKNOWN (supplied aggregate only),INTENTIONAL_NOINDEX,"Exact URL retained in src/data/deindexed-urls.json urls; src/lib/seo.ts isSoftDeindexed/resolveSeo preserves soft consolidation with 200 noindex,follow. No reopening without evidence/authorization"
worthcalc.win,https://worthcalc.win/zh/guides/sinking-fund-by-deadline/,200,False,"noindex,follow",,https://worthcalc.win/zh/guides/sinking-fund-by-deadline/,False,7,zh-TW,Guide,UNKNOWN (supplied aggregate only),INTENTIONAL_NOINDEX,"Exact URL retained in src/data/deindexed-urls.json urls; src/lib/seo.ts isSoftDeindexed/resolveSeo preserves soft consolidation with 200 noindex,follow. No reopening without evidence/authorization"
worthcalc.win,https://worthcalc.win/zh/guides/step-rate-loan-total-cost/,200,False,"noindex,follow",,https://worthcalc.win/zh/guides/step-rate-loan-total-cost/,False,4,zh-TW,Guide,UNKNOWN (supplied aggregate only),INTENTIONAL_NOINDEX,"Exact URL retained in src/data/deindexed-urls.json urls; src/lib/seo.ts isSoftDeindexed/resolveSeo preserves soft consolidation with 200 noindex,follow. No reopening without evidence/authorization"
worthcalc.win,https://worthcalc.win/zh/guides/subscription-opportunity-cost/,200,False,"noindex,follow",,https://worthcalc.win/zh/guides/subscription-opportunity-cost/,False,4,zh-TW,Guide,UNKNOWN (supplied aggregate only),INTENTIONAL_NOINDEX,"Exact URL retained in src/data/deindexed-urls.json urls; src/lib/seo.ts isSoftDeindexed/resolveSeo preserves soft consolidation with 200 noindex,follow. No reopening without evidence/authorization"
worthcalc.win,https://worthcalc.win/zh/guides/trade-in-vs-private-sale-net-proceeds/,200,False,"noindex,follow",,https://worthcalc.win/zh/guides/trade-in-vs-private-sale-net-proceeds/,False,5,zh-TW,Guide,UNKNOWN (supplied aggregate only),INTENTIONAL_NOINDEX,"Exact URL retained in src/data/deindexed-urls.json urls; src/lib/seo.ts isSoftDeindexed/resolveSeo preserves soft consolidation with 200 noindex,follow. No reopening without evidence/authorization"
worthcalc.win,https://worthcalc.win/zh/guides/training-certification-break-even/,200,False,"noindex,follow",,https://worthcalc.win/zh/guides/training-certification-break-even/,False,5,zh-TW,Guide,UNKNOWN (supplied aggregate only),INTENTIONAL_NOINDEX,"Exact URL retained in src/data/deindexed-urls.json urls; src/lib/seo.ts isSoftDeindexed/resolveSeo preserves soft consolidation with 200 noindex,follow. No reopening without evidence/authorization"
worthcalc.win,https://worthcalc.win/zh/guides/transit-pass-vs-pay-as-you-go-usage-break-even/,200,False,"noindex,follow",,https://worthcalc.win/zh/guides/transit-pass-vs-pay-as-you-go-usage-break-even/,False,3,zh-TW,Guide,UNKNOWN (supplied aggregate only),INTENTIONAL_NOINDEX,"Exact URL retained in src/data/deindexed-urls.json urls; src/lib/seo.ts isSoftDeindexed/resolveSeo preserves soft consolidation with 200 noindex,follow. No reopening without evidence/authorization"
worthcalc.win,https://worthcalc.win/zh/guides/variable-bonus-income-fixed-obligations/,200,False,"noindex,follow",,https://worthcalc.win/zh/guides/variable-bonus-income-fixed-obligations/,False,5,zh-TW,Guide,UNKNOWN (supplied aggregate only),INTENTIONAL_NOINDEX,"Exact URL retained in src/data/deindexed-urls.json urls; src/lib/seo.ts isSoftDeindexed/resolveSeo preserves soft consolidation with 200 noindex,follow. No reopening without evidence/authorization"
worthcalc.win,https://worthcalc.win/zh/guides/windfall-debt-vs-cash-allocation/,200,False,"noindex,follow",,https://worthcalc.win/zh/guides/windfall-debt-vs-cash-allocation/,False,5,zh-TW,Guide,UNKNOWN (supplied aggregate only),INTENTIONAL_NOINDEX,"Exact URL retained in src/data/deindexed-urls.json urls; src/lib/seo.ts isSoftDeindexed/resolveSeo preserves soft consolidation with 200 noindex,follow. No reopening without evidence/authorization"
worthcalc.win,https://worthcalc.win/zh/guides/work-equipment-reimbursement-break-even/,200,False,"noindex,follow",,https://worthcalc.win/zh/guides/work-equipment-reimbursement-break-even/,False,3,zh-TW,Guide,UNKNOWN (supplied aggregate only),INTENTIONAL_NOINDEX,"Exact URL retained in src/data/deindexed-urls.json urls; src/lib/seo.ts isSoftDeindexed/resolveSeo preserves soft consolidation with 200 noindex,follow. No reopening without evidence/authorization"
worthcalc.win,https://worthcalc.win/zh/gym-membership-cost-per-visit/,200,True,"index, follow, max-image-preview:large",,https://worthcalc.win/zh/gym-membership-cost-per-visit/,True,7,zh-TW,Content,UNKNOWN (supplied aggregate only),KEEP_INDEXABLE,current HTTP/robots eligibility; quality and search indexing separate
worthcalc.win,https://worthcalc.win/zh/home-vs-public-ev-charging-cost/,200,True,"index, follow, max-image-preview:large",,https://worthcalc.win/zh/home-vs-public-ev-charging-cost/,True,9,zh-TW,Content,UNKNOWN (supplied aggregate only),KEEP_INDEXABLE,current HTTP/robots eligibility; quality and search indexing separate
worthcalc.win,https://worthcalc.win/zh/hourly-vs-annual-salary/,200,True,"index, follow, max-image-preview:large",,https://worthcalc.win/zh/hourly-vs-annual-salary/,True,8,zh-TW,Content,UNKNOWN (supplied aggregate only),KEEP_INDEXABLE,current HTTP/robots eligibility; quality and search indexing separate
worthcalc.win,https://worthcalc.win/zh/how-compound-growth-works/,200,True,"index, follow, max-image-preview:large",,https://worthcalc.win/zh/how-compound-growth-works/,True,10,zh-TW,Content,UNKNOWN (supplied aggregate only),KEEP_INDEXABLE,current HTTP/robots eligibility; quality and search indexing separate
worthcalc.win,https://worthcalc.win/zh/how-much-home-can-you-afford/,200,True,"index, follow, max-image-preview:large",,https://worthcalc.win/zh/how-much-home-can-you-afford/,True,8,zh-TW,Content,UNKNOWN (supplied aggregate only),KEEP_INDEXABLE,current HTTP/robots eligibility; quality and search indexing separate
worthcalc.win,https://worthcalc.win/zh/how-to-calculate-dti/,200,True,"index, follow, max-image-preview:large",,https://worthcalc.win/zh/how-to-calculate-dti/,True,8,zh-TW,Content,UNKNOWN (supplied aggregate only),KEEP_INDEXABLE,current HTTP/robots eligibility; quality and search indexing separate
worthcalc.win,https://worthcalc.win/zh/how-to-calculate-net-worth/,200,True,"index,follow",,https://worthcalc.win/zh/how-to-calculate-net-worth/,True,7,zh-TW,Content,UNKNOWN (supplied aggregate only),KEEP_INDEXABLE,current HTTP/robots eligibility; quality and search indexing separate
worthcalc.win,https://worthcalc.win/zh/how-to-calculate-savings-rate/,200,True,"index,follow",,https://worthcalc.win/zh/how-to-calculate-savings-rate/,True,11,zh-TW,Content,UNKNOWN (supplied aggregate only),KEEP_INDEXABLE,current HTTP/robots eligibility; quality and search indexing separate
worthcalc.win,https://worthcalc.win/zh/installment-apr-table/,200,False,"noindex,follow",,https://worthcalc.win/zh/installment-apr-table/,False,4,zh-TW,Content,UNKNOWN (supplied aggregate only),INTENTIONAL_NOINDEX,"Exact URL retained in src/data/deindexed-urls.json urls; src/lib/seo.ts isSoftDeindexed/resolveSeo preserves soft consolidation with 200 noindex,follow. No reopening without evidence/authorization"
worthcalc.win,https://worthcalc.win/zh/is-an-extended-warranty-worth-it/,200,True,"index, follow, max-image-preview:large",,https://worthcalc.win/zh/is-an-extended-warranty-worth-it/,True,7,zh-TW,Content,UNKNOWN (supplied aggregate only),KEEP_INDEXABLE,current HTTP/robots eligibility; quality and search indexing separate
worthcalc.win,https://worthcalc.win/zh/is-costco-executive-membership-worth-it/,200,True,"index, follow, max-image-preview:large",,https://worthcalc.win/zh/is-costco-executive-membership-worth-it/,True,8,zh-TW,Content,UNKNOWN (supplied aggregate only),KEEP_INDEXABLE,current HTTP/robots eligibility; quality and search indexing separate
worthcalc.win,https://worthcalc.win/zh/job-offer-true-value-decision-engine/,200,False,"noindex,follow",,https://worthcalc.win/zh/job-offer-true-value-decision-engine/,False,6,zh-TW,Content,UNKNOWN (supplied aggregate only),INTENTIONAL_NOINDEX,"Exact URL retained in src/data/deindexed-urls.json urls; src/lib/seo.ts isSoftDeindexed/resolveSeo preserves soft consolidation with 200 noindex,follow. No reopening without evidence/authorization"
worthcalc.win,https://worthcalc.win/zh/liquid-net-worth-explained/,200,False,"noindex,follow",,https://worthcalc.win/zh/liquid-net-worth-explained/,False,7,zh-TW,Content,UNKNOWN (supplied aggregate only),INTENTIONAL_NOINDEX,"Exact URL retained in src/data/deindexed-urls.json urls; src/lib/seo.ts isSoftDeindexed/resolveSeo preserves soft consolidation with 200 noindex,follow. No reopening without evidence/authorization"
worthcalc.win,https://worthcalc.win/zh/loan-term-vs-total-interest/,200,True,"index,follow",,https://worthcalc.win/zh/loan-term-vs-total-interest/,True,8,zh-TW,Content,UNKNOWN (supplied aggregate only),KEEP_INDEXABLE,current HTTP/robots eligibility; quality and search indexing separate
worthcalc.win,https://worthcalc.win/zh/meal-prep-vs-takeout-cost/,200,True,"index, follow, max-image-preview:large",,https://worthcalc.win/zh/meal-prep-vs-takeout-cost/,True,6,zh-TW,Content,UNKNOWN (supplied aggregate only),KEEP_INDEXABLE,current HTTP/robots eligibility; quality and search indexing separate
worthcalc.win,https://worthcalc.win/zh/money/auto-loan-rate-by-credit-score-2026/,200,True,"index, follow, max-image-preview:large",,https://worthcalc.win/zh/money/auto-loan-rate-by-credit-score-2026/,True,3,zh-TW,Content,UNKNOWN (supplied aggregate only),KEEP_INDEXABLE,current HTTP/robots eligibility; quality and search indexing separate
worthcalc.win,https://worthcalc.win/zh/money/car-road-fee-license-tax-fixed-cost/,200,True,"index, follow, max-image-preview:large",,https://worthcalc.win/zh/money/car-road-fee-license-tax-fixed-cost/,True,3,zh-TW,Content,UNKNOWN (supplied aggregate only),KEEP_INDEXABLE,current HTTP/robots eligibility; quality and search indexing separate
worthcalc.win,https://worthcalc.win/zh/money/central-bank-rate-mortgage-payment/,200,True,"index, follow, max-image-preview:large",,https://worthcalc.win/zh/money/central-bank-rate-mortgage-payment/,True,5,zh-TW,Content,UNKNOWN (supplied aggregate only),KEEP_INDEXABLE,current HTTP/robots eligibility; quality and search indexing separate
worthcalc.win,https://worthcalc.win/zh/money/childcare-cost-2026/,200,True,"index, follow, max-image-preview:large",,https://worthcalc.win/zh/money/childcare-cost-2026/,True,4,zh-TW,Content,UNKNOWN (supplied aggregate only),KEEP_INDEXABLE,current HTTP/robots eligibility; quality and search indexing separate
worthcalc.win,https://worthcalc.win/zh/money/credit-card-apr-2026/,200,True,"index, follow, max-image-preview:large",,https://worthcalc.win/zh/money/credit-card-apr-2026/,True,7,zh-TW,Content,UNKNOWN (supplied aggregate only),KEEP_INDEXABLE,current HTTP/robots eligibility; quality and search indexing separate
worthcalc.win,https://worthcalc.win/zh/money/dependent-exemption-tax-savings/,200,True,"index, follow, max-image-preview:large",,https://worthcalc.win/zh/money/dependent-exemption-tax-savings/,True,5,zh-TW,Content,UNKNOWN (supplied aggregate only),KEEP_INDEXABLE,current HTTP/robots eligibility; quality and search indexing separate
worthcalc.win,https://worthcalc.win/zh/money/electricity-price-per-kwh-2026/,200,True,"index, follow, max-image-preview:large",,https://worthcalc.win/zh/money/electricity-price-per-kwh-2026/,True,8,zh-TW,Content,UNKNOWN (supplied aggregate only),KEEP_INDEXABLE,current HTTP/robots eligibility; quality and search indexing separate
worthcalc.win,https://worthcalc.win/zh/money/emergency-fund-size-2026/,200,True,"index, follow, max-image-preview:large",,https://worthcalc.win/zh/money/emergency-fund-size-2026/,True,7,zh-TW,Content,UNKNOWN (supplied aggregate only),KEEP_INDEXABLE,current HTTP/robots eligibility; quality and search indexing separate
worthcalc.win,https://worthcalc.win/zh/money/employer-match-vs-debt-payoff/,200,True,"index, follow, max-image-preview:large",,https://worthcalc.win/zh/money/employer-match-vs-debt-payoff/,True,5,zh-TW,Content,UNKNOWN (supplied aggregate only),KEEP_INDEXABLE,current HTTP/robots eligibility; quality and search indexing separate
worthcalc.win,https://worthcalc.win/zh/money/heat-pump-payback-2026/,200,True,"index, follow, max-image-preview:large",,https://worthcalc.win/zh/money/heat-pump-payback-2026/,True,5,zh-TW,Content,UNKNOWN (supplied aggregate only),KEEP_INDEXABLE,current HTTP/robots eligibility; quality and search indexing separate
worthcalc.win,https://worthcalc.win/zh/money/house-tax-owner-occupied-vs-non/,200,True,"index, follow, max-image-preview:large",,https://worthcalc.win/zh/money/house-tax-owner-occupied-vs-non/,True,6,zh-TW,Content,UNKNOWN (supplied aggregate only),KEEP_INDEXABLE,current HTTP/robots eligibility; quality and search indexing separate
worthcalc.win,https://worthcalc.win/zh/money/idle-cash-cost-2026/,200,True,"index, follow, max-image-preview:large",,https://worthcalc.win/zh/money/idle-cash-cost-2026/,True,6,zh-TW,Content,UNKNOWN (supplied aggregate only),KEEP_INDEXABLE,current HTTP/robots eligibility; quality and search indexing separate
worthcalc.win,https://worthcalc.win/zh/money/insurance-deductible-break-even/,200,True,"index, follow, max-image-preview:large",,https://worthcalc.win/zh/money/insurance-deductible-break-even/,True,6,zh-TW,Content,UNKNOWN (supplied aggregate only),KEEP_INDEXABLE,current HTTP/robots eligibility; quality and search indexing separate
worthcalc.win,https://worthcalc.win/zh/money/irs-mileage-rate-2026/,200,True,"index, follow, max-image-preview:large",,https://worthcalc.win/zh/money/irs-mileage-rate-2026/,True,6,zh-TW,Content,UNKNOWN (supplied aggregate only),KEEP_INDEXABLE,current HTTP/robots eligibility; quality and search indexing separate
worthcalc.win,https://worthcalc.win/zh/money/itemized-vs-standard-deduction/,200,True,"index, follow, max-image-preview:large",,https://worthcalc.win/zh/money/itemized-vs-standard-deduction/,True,7,zh-TW,Content,UNKNOWN (supplied aggregate only),KEEP_INDEXABLE,current HTTP/robots eligibility; quality and search indexing separate
worthcalc.win,https://worthcalc.win/zh/money/labor-insurance-old-age-lump-sum-vs-annuity/,200,True,"index, follow, max-image-preview:large",,https://worthcalc.win/zh/money/labor-insurance-old-age-lump-sum-vs-annuity/,True,4,zh-TW,Content,UNKNOWN (supplied aggregate only),KEEP_INDEXABLE,current HTTP/robots eligibility; quality and search indexing separate
worthcalc.win,https://worthcalc.win/zh/money/labor-pension-contribution-wage-table/,200,True,"index, follow, max-image-preview:large",,https://worthcalc.win/zh/money/labor-pension-contribution-wage-table/,True,4,zh-TW,Content,UNKNOWN (supplied aggregate only),KEEP_INDEXABLE,current HTTP/robots eligibility; quality and search indexing separate
worthcalc.win,https://worthcalc.win/zh/money/labor-pension-voluntary-contribution-tax/,200,True,"index, follow, max-image-preview:large",,https://worthcalc.win/zh/money/labor-pension-voluntary-contribution-tax/,True,5,zh-TW,Content,UNKNOWN (supplied aggregate only),KEEP_INDEXABLE,current HTTP/robots eligibility; quality and search indexing separate
worthcalc.win,https://worthcalc.win/zh/money/land-value-tax-owner-occupied-rate/,200,True,"index, follow, max-image-preview:large",,https://worthcalc.win/zh/money/land-value-tax-owner-occupied-rate/,True,4,zh-TW,Content,UNKNOWN (supplied aggregate only),KEEP_INDEXABLE,current HTTP/robots eligibility; quality and search indexing separate
worthcalc.win,https://worthcalc.win/zh/money/mortgage-grace-period-end-payment/,200,True,"index, follow, max-image-preview:large",,https://worthcalc.win/zh/money/mortgage-grace-period-end-payment/,True,3,zh-TW,Content,UNKNOWN (supplied aggregate only),KEEP_INDEXABLE,current HTTP/robots eligibility; quality and search indexing separate
worthcalc.win,https://worthcalc.win/zh/money/mortgage-prepay-vs-invest/,200,True,"index, follow, max-image-preview:large",,https://worthcalc.win/zh/money/mortgage-prepay-vs-invest/,True,4,zh-TW,Content,UNKNOWN (supplied aggregate only),KEEP_INDEXABLE,current HTTP/robots eligibility; quality and search indexing separate
worthcalc.win,https://worthcalc.win/zh/money/mortgage-rate-2026-payment-impact/,200,True,"index, follow, max-image-preview:large",,https://worthcalc.win/zh/money/mortgage-rate-2026-payment-impact/,True,7,zh-TW,Content,UNKNOWN (supplied aggregate only),KEEP_INDEXABLE,current HTTP/robots eligibility; quality and search indexing separate
worthcalc.win,https://worthcalc.win/zh/money/mortgage-refinance-break-even/,200,True,"index, follow, max-image-preview:large",,https://worthcalc.win/zh/money/mortgage-refinance-break-even/,True,5,zh-TW,Content,UNKNOWN (supplied aggregate only),KEEP_INDEXABLE,current HTTP/robots eligibility; quality and search indexing separate
worthcalc.win,https://worthcalc.win/zh/money/national-pension-vs-labor-insurance/,200,True,"index, follow, max-image-preview:large",,https://worthcalc.win/zh/money/national-pension-vs-labor-insurance/,True,2,zh-TW,Content,UNKNOWN (supplied aggregate only),KEEP_INDEXABLE,current HTTP/robots eligibility; quality and search indexing separate
worthcalc.win,https://worthcalc.win/zh/money/nhi-premium-insured-salary-grade/,200,True,"index, follow, max-image-preview:large",,https://worthcalc.win/zh/money/nhi-premium-insured-salary-grade/,True,3,zh-TW,Content,UNKNOWN (supplied aggregate only),KEEP_INDEXABLE,current HTTP/robots eligibility; quality and search indexing separate
worthcalc.win,https://worthcalc.win/zh/money/nhi-supplementary-premium/,200,True,"index, follow, max-image-preview:large",,https://worthcalc.win/zh/money/nhi-supplementary-premium/,True,3,zh-TW,Content,UNKNOWN (supplied aggregate only),KEEP_INDEXABLE,current HTTP/robots eligibility; quality and search indexing separate
worthcalc.win,https://worthcalc.win/zh/money/pet-insurance-break-even/,200,True,"index, follow, max-image-preview:large",,https://worthcalc.win/zh/money/pet-insurance-break-even/,True,4,zh-TW,Content,UNKNOWN (supplied aggregate only),KEEP_INDEXABLE,current HTTP/robots eligibility; quality and search indexing separate
worthcalc.win,https://worthcalc.win/zh/money/pmi-removal-timing/,200,True,"index, follow, max-image-preview:large",,https://worthcalc.win/zh/money/pmi-removal-timing/,True,5,zh-TW,Content,UNKNOWN (supplied aggregate only),KEEP_INDEXABLE,current HTTP/robots eligibility; quality and search indexing separate
worthcalc.win,https://worthcalc.win/zh/money/rent-subsidy-300b-amount/,200,True,"index, follow, max-image-preview:large",,https://worthcalc.win/zh/money/rent-subsidy-300b-amount/,True,2,zh-TW,Content,UNKNOWN (supplied aggregate only),KEEP_INDEXABLE,current HTTP/robots eligibility; quality and search indexing separate
worthcalc.win,https://worthcalc.win/zh/money/should-i-file-an-insurance-claim/,200,True,"index, follow, max-image-preview:large",,https://worthcalc.win/zh/money/should-i-file-an-insurance-claim/,True,4,zh-TW,Content,UNKNOWN (supplied aggregate only),KEEP_INDEXABLE,current HTTP/robots eligibility; quality and search indexing separate
worthcalc.win,https://worthcalc.win/zh/money/side-hustle-true-hourly-rate/,200,True,"index, follow, max-image-preview:large",,https://worthcalc.win/zh/money/side-hustle-true-hourly-rate/,True,5,zh-TW,Content,UNKNOWN (supplied aggregate only),KEEP_INDEXABLE,current HTTP/robots eligibility; quality and search indexing separate
worthcalc.win,https://worthcalc.win/zh/money/solar-payback-2026/,200,True,"index, follow, max-image-preview:large",,https://worthcalc.win/zh/money/solar-payback-2026/,True,5,zh-TW,Content,UNKNOWN (supplied aggregate only),KEEP_INDEXABLE,current HTTP/robots eligibility; quality and search indexing separate
worthcalc.win,https://worthcalc.win/zh/money/streaming-prices-2026/,200,True,"index, follow, max-image-preview:large",,https://worthcalc.win/zh/money/streaming-prices-2026/,True,6,zh-TW,Content,UNKNOWN (supplied aggregate only),KEEP_INDEXABLE,current HTTP/robots eligibility; quality and search indexing separate
worthcalc.win,https://worthcalc.win/zh/money/taipower-summer-rates-ac-bill/,200,True,"index, follow, max-image-preview:large",,https://worthcalc.win/zh/money/taipower-summer-rates-ac-bill/,True,4,zh-TW,Content,UNKNOWN (supplied aggregate only),KEEP_INDEXABLE,current HTTP/robots eligibility; quality and search indexing separate
worthcalc.win,https://worthcalc.win/zh/money/taipower-summer-vs-non-summer-rates/,200,True,"index, follow, max-image-preview:large",,https://worthcalc.win/zh/money/taipower-summer-vs-non-summer-rates/,True,4,zh-TW,Content,UNKNOWN (supplied aggregate only),KEEP_INDEXABLE,current HTTP/robots eligibility; quality and search indexing separate
worthcalc.win,https://worthcalc.win/zh/money/taipower-time-of-use-vs-tiered/,200,True,"index, follow, max-image-preview:large",,https://worthcalc.win/zh/money/taipower-time-of-use-vs-tiered/,True,4,zh-TW,Content,UNKNOWN (supplied aggregate only),KEEP_INDEXABLE,current HTTP/robots eligibility; quality and search indexing separate
worthcalc.win,https://worthcalc.win/zh/money/time-deposit-early-withdrawal/,200,True,"index, follow, max-image-preview:large",,https://worthcalc.win/zh/money/time-deposit-early-withdrawal/,True,3,zh-TW,Content,UNKNOWN (supplied aggregate only),KEEP_INDEXABLE,current HTTP/robots eligibility; quality and search indexing separate
worthcalc.win,https://worthcalc.win/zh/money/tpass-commuter-pass-breakeven/,200,True,"index, follow, max-image-preview:large",,https://worthcalc.win/zh/money/tpass-commuter-pass-breakeven/,True,3,zh-TW,Content,UNKNOWN (supplied aggregate only),KEEP_INDEXABLE,current HTTP/robots eligibility; quality and search indexing separate
worthcalc.win,https://worthcalc.win/zh/money/tsa-precheck-break-even/,200,True,"index, follow, max-image-preview:large",,https://worthcalc.win/zh/money/tsa-precheck-break-even/,True,4,zh-TW,Content,UNKNOWN (supplied aggregate only),KEEP_INDEXABLE,current HTTP/robots eligibility; quality and search indexing separate
worthcalc.win,https://worthcalc.win/zh/money/year-end-bonus-withholding-tax/,200,True,"index, follow, max-image-preview:large",,https://worthcalc.win/zh/money/year-end-bonus-withholding-tax/,True,5,zh-TW,Content,UNKNOWN (supplied aggregate only),KEEP_INDEXABLE,current HTTP/robots eligibility; quality and search indexing separate
worthcalc.win,https://worthcalc.win/zh/money/youth-home-loan-3-subsidy-value/,200,True,"index, follow, max-image-preview:large",,https://worthcalc.win/zh/money/youth-home-loan-3-subsidy-value/,True,3,zh-TW,Content,UNKNOWN (supplied aggregate only),KEEP_INDEXABLE,current HTTP/robots eligibility; quality and search indexing separate
worthcalc.win,https://worthcalc.win/zh/monthly-vs-annual-subscription/,200,True,"index, follow, max-image-preview:large",,https://worthcalc.win/zh/monthly-vs-annual-subscription/,True,7,zh-TW,Content,UNKNOWN (supplied aggregate only),KEEP_INDEXABLE,current HTTP/robots eligibility; quality and search indexing separate
worthcalc.win,https://worthcalc.win/zh/new-vs-used-car-total-cost/,200,True,"index, follow, max-image-preview:large",,https://worthcalc.win/zh/new-vs-used-car-total-cost/,True,9,zh-TW,Content,UNKNOWN (supplied aggregate only),KEEP_INDEXABLE,current HTTP/robots eligibility; quality and search indexing separate
worthcalc.win,https://worthcalc.win/zh/opportunity-cost-everyday/,200,False,"noindex,follow",,https://worthcalc.win/zh/opportunity-cost-everyday/,False,8,zh-TW,Content,UNKNOWN (supplied aggregate only),INTENTIONAL_NOINDEX,"Exact URL retained in src/data/deindexed-urls.json urls; src/lib/seo.ts isSoftDeindexed/resolveSeo preserves soft consolidation with 200 noindex,follow. No reopening without evidence/authorization"
worthcalc.win,https://worthcalc.win/zh/paid-membership-break-even/,200,True,"index, follow, max-image-preview:large",,https://worthcalc.win/zh/paid-membership-break-even/,True,7,zh-TW,Content,UNKNOWN (supplied aggregate only),KEEP_INDEXABLE,current HTTP/robots eligibility; quality and search indexing separate
worthcalc.win,https://worthcalc.win/zh/price-in-work-hours/,200,False,"noindex,follow",,https://worthcalc.win/zh/price-in-work-hours/,False,5,zh-TW,Content,UNKNOWN (supplied aggregate only),INTENTIONAL_NOINDEX,"Exact URL retained in src/data/deindexed-urls.json urls; src/lib/seo.ts isSoftDeindexed/resolveSeo preserves soft consolidation with 200 noindex,follow. No reopening without evidence/authorization"
worthcalc.win,https://worthcalc.win/zh/price-per-wear-clothing-shoes/,200,True,"index, follow, max-image-preview:large",,https://worthcalc.win/zh/price-per-wear-clothing-shoes/,True,7,zh-TW,Content,UNKNOWN (supplied aggregate only),KEEP_INDEXABLE,current HTTP/robots eligibility; quality and search indexing separate
worthcalc.win,https://worthcalc.win/zh/rent-vs-buy-breakeven-year/,200,True,"index, follow, max-image-preview:large",,https://worthcalc.win/zh/rent-vs-buy-breakeven-year/,True,8,zh-TW,Content,UNKNOWN (supplied aggregate only),KEEP_INDEXABLE,current HTTP/robots eligibility; quality and search indexing separate
worthcalc.win,https://worthcalc.win/zh/repair-or-replace-decision-formula/,200,True,"index, follow, max-image-preview:large",,https://worthcalc.win/zh/repair-or-replace-decision-formula/,True,8,zh-TW,Content,UNKNOWN (supplied aggregate only),KEEP_INDEXABLE,current HTTP/robots eligibility; quality and search indexing separate
worthcalc.win,https://worthcalc.win/zh/return-to-office-cost/,200,False,"noindex,follow",,https://worthcalc.win/zh/return-to-office-cost/,False,4,zh-TW,Content,UNKNOWN (supplied aggregate only),INTENTIONAL_NOINDEX,"Exact URL retained in src/data/deindexed-urls.json urls; src/lib/seo.ts isSoftDeindexed/resolveSeo preserves soft consolidation with 200 noindex,follow. No reopening without evidence/authorization"
worthcalc.win,https://worthcalc.win/zh/reusable-vs-disposable-break-even/,200,True,"index, follow, max-image-preview:large",,https://worthcalc.win/zh/reusable-vs-disposable-break-even/,True,6,zh-TW,Content,UNKNOWN (supplied aggregate only),KEEP_INDEXABLE,current HTTP/robots eligibility; quality and search indexing separate
worthcalc.win,https://worthcalc.win/zh/rule-of-72-explained/,200,False,"noindex,follow",,https://worthcalc.win/zh/rule-of-72-explained/,False,4,zh-TW,Content,UNKNOWN (supplied aggregate only),INTENTIONAL_NOINDEX,"Exact URL retained in src/data/deindexed-urls.json urls; src/lib/seo.ts isSoftDeindexed/resolveSeo preserves soft consolidation with 200 noindex,follow. No reopening without evidence/authorization"
worthcalc.win,https://worthcalc.win/zh/simple-vs-compound-interest/,200,True,"index,follow",,https://worthcalc.win/zh/simple-vs-compound-interest/,True,5,zh-TW,Content,UNKNOWN (supplied aggregate only),KEEP_INDEXABLE,current HTTP/robots eligibility; quality and search indexing separate
worthcalc.win,https://worthcalc.win/zh/snowball-vs-avalanche/,200,True,"index, follow, max-image-preview:large",,https://worthcalc.win/zh/snowball-vs-avalanche/,True,8,zh-TW,Content,UNKNOWN (supplied aggregate only),KEEP_INDEXABLE,current HTTP/robots eligibility; quality and search indexing separate
worthcalc.win,https://worthcalc.win/zh/subscription-creep/,200,True,"index, follow, max-image-preview:large",,https://worthcalc.win/zh/subscription-creep/,True,13,zh-TW,Content,UNKNOWN (supplied aggregate only),KEEP_INDEXABLE,current HTTP/robots eligibility; quality and search indexing separate
worthcalc.win,https://worthcalc.win/zh/sunk-cost-fallacy-everyday/,200,False,"noindex,follow",,https://worthcalc.win/zh/sunk-cost-fallacy-everyday/,False,5,zh-TW,Content,UNKNOWN (supplied aggregate only),INTENTIONAL_NOINDEX,"Exact URL retained in src/data/deindexed-urls.json urls; src/lib/seo.ts isSoftDeindexed/resolveSeo preserves soft consolidation with 200 noindex,follow. No reopening without evidence/authorization"
worthcalc.win,https://worthcalc.win/zh/tools/appliance-electricity-cost/,200,True,"index, follow, max-image-preview:large",,https://worthcalc.win/zh/tools/appliance-electricity-cost/,True,8,zh-TW,Tool,UNKNOWN (supplied aggregate only),KEEP_INDEXABLE,current HTTP/robots eligibility; quality and search indexing separate
worthcalc.win,https://worthcalc.win/zh/tools/budget-builder/,200,True,"index, follow, max-image-preview:large",,https://worthcalc.win/zh/tools/budget-builder/,True,35,zh-TW,Tool,UNKNOWN (supplied aggregate only),KEEP_INDEXABLE,current HTTP/robots eligibility; quality and search indexing separate
worthcalc.win,https://worthcalc.win/zh/tools/car-affordability/,200,True,"index, follow, max-image-preview:large",,https://worthcalc.win/zh/tools/car-affordability/,True,16,zh-TW,Tool,UNKNOWN (supplied aggregate only),KEEP_INDEXABLE,current HTTP/robots eligibility; quality and search indexing separate
worthcalc.win,https://worthcalc.win/zh/tools/cost-per-mile/,200,True,"index, follow, max-image-preview:large",,https://worthcalc.win/zh/tools/cost-per-mile/,True,10,zh-TW,Tool,UNKNOWN (supplied aggregate only),KEEP_INDEXABLE,current HTTP/robots eligibility; quality and search indexing separate
worthcalc.win,https://worthcalc.win/zh/tools/credit-card-payoff/,200,True,"index, follow, max-image-preview:large",,https://worthcalc.win/zh/tools/credit-card-payoff/,True,11,zh-TW,Tool,UNKNOWN (supplied aggregate only),KEEP_INDEXABLE,current HTTP/robots eligibility; quality and search indexing separate
worthcalc.win,https://worthcalc.win/zh/tools/debt-strategy/,200,True,"index, follow, max-image-preview:large",,https://worthcalc.win/zh/tools/debt-strategy/,True,10,zh-TW,Tool,UNKNOWN (supplied aggregate only),KEEP_INDEXABLE,current HTTP/robots eligibility; quality and search indexing separate
worthcalc.win,https://worthcalc.win/zh/tools/latte-factor/,200,True,"index, follow, max-image-preview:large",,https://worthcalc.win/zh/tools/latte-factor/,True,14,zh-TW,Tool,UNKNOWN (supplied aggregate only),KEEP_INDEXABLE,current HTTP/robots eligibility; quality and search indexing separate
worthcalc.win,https://worthcalc.win/zh/tools/mortgage-payoff/,200,True,"index, follow, max-image-preview:large",,https://worthcalc.win/zh/tools/mortgage-payoff/,True,16,zh-TW,Tool,UNKNOWN (supplied aggregate only),KEEP_INDEXABLE,current HTTP/robots eligibility; quality and search indexing separate
worthcalc.win,https://worthcalc.win/zh/tools/salary-converter/,200,True,"index, follow, max-image-preview:large",,https://worthcalc.win/zh/tools/salary-converter/,True,16,zh-TW,Tool,UNKNOWN (supplied aggregate only),KEEP_INDEXABLE,current HTTP/robots eligibility; quality and search indexing separate
worthcalc.win,https://worthcalc.win/zh/true-cost-of-car-ownership/,200,True,"index, follow, max-image-preview:large",,https://worthcalc.win/zh/true-cost-of-car-ownership/,True,9,zh-TW,Content,UNKNOWN (supplied aggregate only),KEEP_INDEXABLE,current HTTP/robots eligibility; quality and search indexing separate
worthcalc.win,https://worthcalc.win/zh/upfront-fees-financing-cost/,200,True,"index, follow, max-image-preview:large",,https://worthcalc.win/zh/upfront-fees-financing-cost/,True,7,zh-TW,Content,UNKNOWN (supplied aggregate only),KEEP_INDEXABLE,current HTTP/robots eligibility; quality and search indexing separate
worthcalc.win,https://worthcalc.win/zh/upgrade-your-phone-or-keep-it/,200,True,"index, follow, max-image-preview:large",,https://worthcalc.win/zh/upgrade-your-phone-or-keep-it/,True,7,zh-TW,Content,UNKNOWN (supplied aggregate only),KEEP_INDEXABLE,current HTTP/robots eligibility; quality and search indexing separate
worthcalc.win,https://worthcalc.win/zh/work-from-home-vs-commuting-hidden-costs/,200,True,"index, follow, max-image-preview:large",,https://worthcalc.win/zh/work-from-home-vs-commuting-hidden-costs/,True,7,zh-TW,Content,UNKNOWN (supplied aggregate only),KEEP_INDEXABLE,current HTTP/robots eligibility; quality and search indexing separate
worthcalc.win,https://worthcalc.win/ar/guides/true-cost-of-buy-now-pay-later/,200,False,"noindex,follow",,https://worthcalc.win/ar/guides/true-cost-of-buy-now-pay-later/,False,3,ar,Guide,UNKNOWN (supplied aggregate only),INTENTIONAL_NOINDEX,"Exact URL retained in src/data/deindexed-urls.json urls; src/lib/seo.ts isSoftDeindexed/resolveSeo preserves soft consolidation with 200 noindex,follow. No reopening without evidence/authorization"
worthcalc.win,https://worthcalc.win/ar/guides/true-cost-of-convenience-delivery/,200,False,"noindex,follow",,https://worthcalc.win/ar/guides/true-cost-of-convenience-delivery/,False,9,ar,Guide,UNKNOWN (supplied aggregate only),INTENTIONAL_NOINDEX,"Exact URL retained in src/data/deindexed-urls.json urls; src/lib/seo.ts isSoftDeindexed/resolveSeo preserves soft consolidation with 200 noindex,follow. No reopening without evidence/authorization"
worthcalc.win,https://worthcalc.win/ar/guides/true-cost-of-extended-warranty/,200,False,"noindex,follow",,https://worthcalc.win/ar/guides/true-cost-of-extended-warranty/,False,3,ar,Guide,UNKNOWN (supplied aggregate only),INTENTIONAL_NOINDEX,"Exact URL retained in src/data/deindexed-urls.json urls; src/lib/seo.ts isSoftDeindexed/resolveSeo preserves soft consolidation with 200 noindex,follow. No reopening without evidence/authorization"
worthcalc.win,https://worthcalc.win/ar/guides/true-cost-of-free-shipping-threshold/,200,False,"noindex,follow",,https://worthcalc.win/ar/guides/true-cost-of-free-shipping-threshold/,False,4,ar,Guide,UNKNOWN (supplied aggregate only),INTENTIONAL_NOINDEX,"Exact URL retained in src/data/deindexed-urls.json urls; src/lib/seo.ts isSoftDeindexed/resolveSeo preserves soft consolidation with 200 noindex,follow. No reopening without evidence/authorization"
worthcalc.win,https://worthcalc.win/ar/guides/true-cost-of-home-service-plan/,200,False,"noindex,follow",,https://worthcalc.win/ar/guides/true-cost-of-home-service-plan/,False,3,ar,Guide,UNKNOWN (supplied aggregate only),INTENTIONAL_NOINDEX,"Exact URL retained in src/data/deindexed-urls.json urls; src/lib/seo.ts isSoftDeindexed/resolveSeo preserves soft consolidation with 200 noindex,follow. No reopening without evidence/authorization"
worthcalc.win,https://worthcalc.win/ar/guides/true-cost-of-rental-car/,200,False,"noindex,follow",,https://worthcalc.win/ar/guides/true-cost-of-rental-car/,False,3,ar,Guide,UNKNOWN (supplied aggregate only),INTENTIONAL_NOINDEX,"Exact URL retained in src/data/deindexed-urls.json urls; src/lib/seo.ts isSoftDeindexed/resolveSeo preserves soft consolidation with 200 noindex,follow. No reopening without evidence/authorization"
worthcalc.win,https://worthcalc.win/ar/guides/true-cost-of-upgrade-feature/,200,False,"noindex,follow",,https://worthcalc.win/ar/guides/true-cost-of-upgrade-feature/,False,3,ar,Guide,UNKNOWN (supplied aggregate only),INTENTIONAL_NOINDEX,"Exact URL retained in src/data/deindexed-urls.json urls; src/lib/seo.ts isSoftDeindexed/resolveSeo preserves soft consolidation with 200 noindex,follow. No reopening without evidence/authorization"
worthcalc.win,https://worthcalc.win/hi/guides/true-cost-of-buy-now-pay-later/,200,False,"noindex,follow",,https://worthcalc.win/hi/guides/true-cost-of-buy-now-pay-later/,False,3,hi,Guide,UNKNOWN (supplied aggregate only),INTENTIONAL_NOINDEX,"Exact URL retained in src/data/deindexed-urls.json urls; src/lib/seo.ts isSoftDeindexed/resolveSeo preserves soft consolidation with 200 noindex,follow. No reopening without evidence/authorization"
worthcalc.win,https://worthcalc.win/hi/guides/true-cost-of-convenience-delivery/,200,False,"noindex,follow",,https://worthcalc.win/hi/guides/true-cost-of-convenience-delivery/,False,9,hi,Guide,UNKNOWN (supplied aggregate only),INTENTIONAL_NOINDEX,"Exact URL retained in src/data/deindexed-urls.json urls; src/lib/seo.ts isSoftDeindexed/resolveSeo preserves soft consolidation with 200 noindex,follow. No reopening without evidence/authorization"
worthcalc.win,https://worthcalc.win/hi/guides/true-cost-of-extended-warranty/,200,False,"noindex,follow",,https://worthcalc.win/hi/guides/true-cost-of-extended-warranty/,False,3,hi,Guide,UNKNOWN (supplied aggregate only),INTENTIONAL_NOINDEX,"Exact URL retained in src/data/deindexed-urls.json urls; src/lib/seo.ts isSoftDeindexed/resolveSeo preserves soft consolidation with 200 noindex,follow. No reopening without evidence/authorization"
worthcalc.win,https://worthcalc.win/hi/guides/true-cost-of-free-shipping-threshold/,200,False,"noindex,follow",,https://worthcalc.win/hi/guides/true-cost-of-free-shipping-threshold/,False,4,hi,Guide,UNKNOWN (supplied aggregate only),INTENTIONAL_NOINDEX,"Exact URL retained in src/data/deindexed-urls.json urls; src/lib/seo.ts isSoftDeindexed/resolveSeo preserves soft consolidation with 200 noindex,follow. No reopening without evidence/authorization"
worthcalc.win,https://worthcalc.win/hi/guides/true-cost-of-home-service-plan/,200,False,"noindex,follow",,https://worthcalc.win/hi/guides/true-cost-of-home-service-plan/,False,3,hi,Guide,UNKNOWN (supplied aggregate only),INTENTIONAL_NOINDEX,"Exact URL retained in src/data/deindexed-urls.json urls; src/lib/seo.ts isSoftDeindexed/resolveSeo preserves soft consolidation with 200 noindex,follow. No reopening without evidence/authorization"
worthcalc.win,https://worthcalc.win/hi/guides/true-cost-of-rental-car/,200,False,"noindex,follow",,https://worthcalc.win/hi/guides/true-cost-of-rental-car/,False,3,hi,Guide,UNKNOWN (supplied aggregate only),INTENTIONAL_NOINDEX,"Exact URL retained in src/data/deindexed-urls.json urls; src/lib/seo.ts isSoftDeindexed/resolveSeo preserves soft consolidation with 200 noindex,follow. No reopening without evidence/authorization"
worthcalc.win,https://worthcalc.win/hi/guides/true-cost-of-upgrade-feature/,200,False,"noindex,follow",,https://worthcalc.win/hi/guides/true-cost-of-upgrade-feature/,False,3,hi,Guide,UNKNOWN (supplied aggregate only),INTENTIONAL_NOINDEX,"Exact URL retained in src/data/deindexed-urls.json urls; src/lib/seo.ts isSoftDeindexed/resolveSeo preserves soft consolidation with 200 noindex,follow. No reopening without evidence/authorization"
