url,locale,page_type,source_file,http_status,final_url,redirect_hops,indexable,robots_meta,x_robots_tag,canonical,canonical_status,canonical_self,hreflang_count,hreflang_reciprocal,in_sitemap,inlinks,click_depth,title,h1,word_count,main_content_hash
https://worthcalc.win/ar/guides/3d-printer-electricity-cost-per-print-used/,ar,guide,src/content/growth-articles/ar/3d-printer-electricity-cost-per-print-used.md,200,https://worthcalc.win/ar/guides/3d-printer-electricity-cost-per-print-used/,0,true,"index,follow",,https://worthcalc.win/ar/guides/3d-printer-electricity-cost-per-print-used/,200,true,6,true,true,9,3,تكلفة طابعة ثلاثية الأبعاد لكل طباعة: وزّع التسخين ووقت التشغيل | WorthCalc,تكلفة طابعة ثلاثية الأبعاد لكل طباعة: وزّع التسخين ووقت التشغيل,539,f4a444f1772fc20d75a66c0e71ae4299cfd04992e5a9ff892c65a11ca6879a25
https://worthcalc.win/ar/guides/3d-scanner-electricity-cost-per-scanning-session-used/,ar,guide,src/content/growth-articles/ar/3d-scanner-electricity-cost-per-scanning-session-used.md,200,https://worthcalc.win/ar/guides/3d-scanner-electricity-cost-per-scanning-session-used/,0,true,"index,follow",,https://worthcalc.win/ar/guides/3d-scanner-electricity-cost-per-scanning-session-used/,200,true,6,true,true,9,3,تكلفة كهرباء الماسح ثلاثي الأبعاد لكل جلسة: افصل حمل الحاسوب | WorthCalc,تكلفة كهرباء الماسح ثلاثي الأبعاد لكل جلسة: افصل حمل الحاسوب,423,82bac1ca7ffcb10fd860919c0e4f1be30820c78e5e8b05bc753b0623d7363ca0
https://worthcalc.win/ar/guides/air-fryer-cost-per-cooking-cycle-used/,ar,guide,src/content/growth-articles/ar/air-fryer-cost-per-cooking-cycle-used.md,200,https://worthcalc.win/ar/guides/air-fryer-cost-per-cooking-cycle-used/,0,true,"index,follow",,https://worthcalc.win/ar/guides/air-fryer-cost-per-cooking-cycle-used/,200,true,6,true,true,9,3,تكلفة القلاية الهوائية لكل دورة طهي | WorthCalc,تكلفة القلاية الهوائية لكل دورة طهي,397,f28478834f11d3eb6816d711425cefda12ec7743d8433dd59a2495320b7b6f58
https://worthcalc.win/ar/guides/air-purifier-cost-per-clean-air-hour-used/,ar,guide,src/content/growth-articles/ar/air-purifier-cost-per-clean-air-hour-used.md,200,https://worthcalc.win/ar/guides/air-purifier-cost-per-clean-air-hour-used/,0,true,"index,follow",,https://worthcalc.win/ar/guides/air-purifier-cost-per-clean-air-hour-used/,200,true,6,true,true,7,3,تكلفة منقّي الهواء لكل ساعة هواء نظيف: قارن القدرة وCADR والمرشحات | WorthCalc,تكلفة منقّي الهواء لكل ساعة هواء نظيف: قارن القدرة وCADR والمرشحات,191,e096cfed75ad23208d8625c9adffcba585c1dd7880bf30627f4e234cf1f38660
https://worthcalc.win/ar/guides/annual-cost-savings-calculator/,ar,guide,src/content/growth-articles/ar/annual-cost-savings-calculator.md,200,https://worthcalc.win/ar/guides/annual-cost-savings-calculator/,0,true,"index,follow",,https://worthcalc.win/ar/guides/annual-cost-savings-calculator/,200,true,6,true,true,45,3,حاسبة التوفير السنوي | WorthCalc,حاسبة التوفير السنوي: احسب التوفير الحقيقي بعد الرسوم والاستخدام,509,e2934e44a0b82e1021be9e1e7f4b41507d7eea47fc920582c986041b8828b939
https://worthcalc.win/ar/guides/aquarium-air-pump-electricity-cost-per-filtration-day-used/,ar,guide,src/content/growth-articles/ar/aquarium-air-pump-electricity-cost-per-filtration-day-used.md,200,https://worthcalc.win/ar/guides/aquarium-air-pump-electricity-cost-per-filtration-day-used/,0,true,"index,follow",,https://worthcalc.win/ar/guides/aquarium-air-pump-electricity-cost-per-filtration-day-used/,200,true,6,true,true,9,3,تكلفة مضخة هواء الحوض لكل يوم ترشيح: أدرج الضغط العكسي | WorthCalc,تكلفة مضخة هواء الحوض لكل يوم ترشيح: أدرج الضغط العكسي,395,130bae7283da87c652518db4cc769761e2eabbeaad3d9c7ed59c56023a104a36
https://worthcalc.win/ar/guides/aquarium-heater-electricity-cost-per-tank-day-used/,ar,guide,src/content/growth-articles/ar/aquarium-heater-electricity-cost-per-tank-day-used.md,200,https://worthcalc.win/ar/guides/aquarium-heater-electricity-cost-per-tank-day-used/,0,true,"index,follow",,https://worthcalc.win/ar/guides/aquarium-heater-electricity-cost-per-tank-day-used/,200,true,6,true,true,10,3,تكلفة سخان الحوض لكل يوم: افصل دورات منظم الحرارة | WorthCalc,تكلفة سخان الحوض لكل يوم: افصل دورات منظم الحرارة,527,bd55a0d051fec3eb4ab235d3c22eca248c4fb37e20f01f3b7af68bc13c8ba7ef
https://worthcalc.win/ar/guides/attic-fan-electricity-cost-per-ventilation-hour-used/,ar,guide,src/content/growth-articles/ar/attic-fan-electricity-cost-per-ventilation-hour-used.md,200,https://worthcalc.win/ar/guides/attic-fan-electricity-cost-per-ventilation-hour-used/,0,true,"index,follow",,https://worthcalc.win/ar/guides/attic-fan-electricity-cost-per-ventilation-hour-used/,200,true,6,true,true,6,3,تكلفة مروحة العلية لكل ساعة تهوية: قِس دورة التشغيل | WorthCalc,تكلفة مروحة العلية لكل ساعة تهوية: قِس دورة التشغيل,323,8b1b08d3a2dae198d5255167f468c2f0e19f12ddf9b89e6c032f19f393368230
https://worthcalc.win/ar/guides/bathroom-ventilation-fan-electricity-cost-per-shower-used/,ar,guide,src/content/growth-articles/ar/bathroom-ventilation-fan-electricity-cost-per-shower-used.md,200,https://worthcalc.win/ar/guides/bathroom-ventilation-fan-electricity-cost-per-shower-used/,0,true,"index,follow",,https://worthcalc.win/ar/guides/bathroom-ventilation-fan-electricity-cost-per-shower-used/,200,true,6,true,true,11,3,تكلفة مروحة تهوية الحمام لكل دش: أدرج مؤقت التشغيل اللاحق | WorthCalc,تكلفة مروحة تهوية الحمام لكل دش: أدرج مؤقت التشغيل اللاحق,370,b972c1a924df38408c6f9300e18b1af5df99fb428beb0a7247fbd923a6d0b01f
https://worthcalc.win/ar/guides/billing-date-cash-flow-overlap/,ar,guide,src/content/growth-articles/ar/billing-date-cash-flow-overlap.md,200,https://worthcalc.win/ar/guides/billing-date-cash-flow-overlap/,0,true,"index,follow",,https://worthcalc.win/ar/guides/billing-date-cash-flow-overlap/,200,true,6,true,true,7,3,تداخل مواعيد الخصم: خطط للرسوم الكبيرة في الأسبوع نفسه | WorthCalc,تداخل مواعيد الخصم: خطط للرسوم الكبيرة في الأسبوع نفسه,410,f488f09efee2ff111c55e5fa1b23ffdf6cedb553a89a5e36b7ed22c40db14125
https://worthcalc.win/ar/guides/blender-cost-per-blending-session-used/,ar,guide,src/content/growth-articles/ar/blender-cost-per-blending-session-used.md,200,https://worthcalc.win/ar/guides/blender-cost-per-blending-session-used/,0,true,"index,follow",,https://worthcalc.win/ar/guides/blender-cost-per-blending-session-used/,200,true,6,true,true,9,3,تكلفة الخلاط لكل جلسة خلط | WorthCalc,تكلفة الخلاط لكل جلسة خلط,405,a1db5205d16cf3ec139618de94319d6d87ccb3e6447ff601f2d3ec6ddb277d24
https://worthcalc.win/ar/guides/bread-maker-cost-per-loaf-used/,ar,guide,src/content/growth-articles/ar/bread-maker-cost-per-loaf-used.md,200,https://worthcalc.win/ar/guides/bread-maker-cost-per-loaf-used/,0,true,"index,follow",,https://worthcalc.win/ar/guides/bread-maker-cost-per-loaf-used/,200,true,6,true,true,9,3,تكلفة آلة صنع الخبز لكل رغيف: احسب طاقة العجن والخبز | WorthCalc,تكلفة آلة صنع الخبز لكل رغيف: احسب طاقة العجن والخبز,587,aedaf055ea583693af8039f9b979dcee8f59a8e74945c23ba3636a62b05593db
https://worthcalc.win/ar/guides/ceiling-fan-cost-per-operating-hour-used/,ar,guide,src/content/growth-articles/ar/ceiling-fan-cost-per-operating-hour-used.md,200,https://worthcalc.win/ar/guides/ceiling-fan-cost-per-operating-hour-used/,0,true,"index,follow",,https://worthcalc.win/ar/guides/ceiling-fan-cost-per-operating-hour-used/,200,true,6,true,true,7,3,تكلفة مروحة السقف لكل ساعة تشغيل: افصل الهواء عن الإضاءة | WorthCalc,تكلفة مروحة السقف لكل ساعة تشغيل: افصل الهواء عن الإضاءة,188,30df67466a18ddf89dd40780056e21840ce4862dcb9218f82d4e16f10033004b
https://worthcalc.win/ar/guides/ceiling-fan-electricity-cost-per-cooling-hour-used/,ar,guide,src/content/growth-articles/ar/ceiling-fan-electricity-cost-per-cooling-hour-used.md,200,https://worthcalc.win/ar/guides/ceiling-fan-electricity-cost-per-cooling-hour-used/,0,true,"index,follow",,https://worthcalc.win/ar/guides/ceiling-fan-electricity-cost-per-cooling-hour-used/,200,true,6,true,true,10,3,تكلفة مروحة السقف لكل ساعة تبريد: افصل المصباح والاستعداد | WorthCalc,تكلفة مروحة السقف لكل ساعة تبريد: افصل المصباح والاستعداد,395,a1f73e042475c9542b36115b8ea47349941cf34f8addb8af97b9ac50d1854465
https://worthcalc.win/ar/guides/childcare-cost-per-hour-used/,ar,guide,src/content/growth-articles/ar/childcare-cost-per-hour-used.md,200,https://worthcalc.win/ar/guides/childcare-cost-per-hour-used/,0,true,"index,follow",,https://worthcalc.win/ar/guides/childcare-cost-per-hour-used/,200,true,6,true,true,7,3,تكلفة رعاية الطفل لكل ساعة مستخدمة: احسب الجدول الذي تحتاجه فعلاً | WorthCalc,تكلفة رعاية الطفل لكل ساعة مستخدمة: احسب الجدول الذي تحتاجه فعلاً,303,78c04356796e880357d43cdf2f9aa9db2d0735c5480ce3d557fc085b49c808d8
https://worthcalc.win/ar/guides/clothes-dryer-cost-per-load-used/,ar,guide,src/content/growth-articles/ar/clothes-dryer-cost-per-load-used.md,200,https://worthcalc.win/ar/guides/clothes-dryer-cost-per-load-used/,0,true,"index,follow",,https://worthcalc.win/ar/guides/clothes-dryer-cost-per-load-used/,200,true,6,true,true,6,3,تكلفة المجفف لكل حمولة مستخدمة: قارن الحرارة والوقت وحجم الحمولة | WorthCalc,تكلفة المجفف لكل حمولة مستخدمة: قارن الحرارة والوقت وحجم الحمولة,356,db378f654a9a5bff834206e0bc69dc7e187110cccbb8f66188cc969154875026
https://worthcalc.win/ar/guides/cloud-storage-cost-per-retained-gb/,ar,guide,src/content/growth-articles/ar/cloud-storage-cost-per-retained-gb.md,200,https://worthcalc.win/ar/guides/cloud-storage-cost-per-retained-gb/,0,true,"index,follow",,https://worthcalc.win/ar/guides/cloud-storage-cost-per-retained-gb/,200,true,6,true,true,8,3,تكلفة التخزين السحابي لكل جيجابايت محتفظ بها: احسب التكرار والسعة غير المستخدمة | WorthCalc,تكلفة التخزين السحابي لكل جيجابايت محتفظ بها: احسب التكرار والسعة غير المستخدمة,310,6a1e486e1cc5c324f16ff26b1cc655cd16532dba9d3b70608b2f85aabe8329db
https://worthcalc.win/ar/guides/coffee-maker-cost-per-brew-used/,ar,guide,src/content/growth-articles/ar/coffee-maker-cost-per-brew-used.md,200,https://worthcalc.win/ar/guides/coffee-maker-cost-per-brew-used/,0,true,"index,follow",,https://worthcalc.win/ar/guides/coffee-maker-cost-per-brew-used/,200,true,6,true,true,8,3,تكلفة ماكينة القهوة لكل تحضير: افصل التخمير والحفاظ على الحرارة والأكواب | WorthCalc,تكلفة ماكينة القهوة لكل تحضير: افصل التخمير والحفاظ على الحرارة والأكواب,258,c34171ab156cf63801c84cc341f2c2e7ee4f720b8a85fccbfe68f5ee4688d0ca
https://worthcalc.win/ar/guides/computer-electricity-cost-per-day-used/,ar,guide,src/content/growth-articles/ar/computer-electricity-cost-per-day-used.md,200,https://worthcalc.win/ar/guides/computer-electricity-cost-per-day-used/,0,true,"index,follow",,https://worthcalc.win/ar/guides/computer-electricity-cost-per-day-used/,200,true,6,true,true,8,3,تكلفة الكمبيوتر الكهربائية يومياً: افصل العمل والسكون والشحن | WorthCalc,تكلفة الكمبيوتر الكهربائية يومياً: افصل العمل والسكون والشحن,267,926befe2adf0e166954a2b71e2807f4bfdbf0ebd0371b693bb0907871432cf15
https://worthcalc.win/ar/guides/cost-per-use-kitchen-appliance/,ar,guide,src/content/growth-articles/ar/cost-per-use-kitchen-appliance.md,200,https://worthcalc.win/ar/guides/cost-per-use-kitchen-appliance/,0,true,"index,follow",,https://worthcalc.win/ar/guides/cost-per-use-kitchen-appliance/,200,true,6,true,true,12,3,تكلفة استخدام جهاز المطبخ: أضف الطاقة والتنظيف والاستبدال | WorthCalc,تكلفة استخدام جهاز المطبخ: أضف الطاقة والتنظيف والاستبدال,294,5547e032f37295dfc4e92d83048ded9a69a4671bfe4085335be98473f661df14
https://worthcalc.win/ar/guides/cost-per-wear-clothing/,ar,guide,src/content/growth-articles/ar/cost-per-wear-clothing.md,200,https://worthcalc.win/ar/guides/cost-per-wear-clothing/,0,true,"index,follow",,https://worthcalc.win/ar/guides/cost-per-wear-clothing/,200,true,6,true,true,7,3,حاسبة تكلفة ارتداء الملابس: احسب السعر حسب الاستخدام الواقعي | WorthCalc,حاسبة تكلفة ارتداء الملابس: احسب السعر حسب الاستخدام الواقعي,294,3d8e3bf06ac3d04b95282a71a163054d1370d7f30218df28722c2407e37d1ce8
https://worthcalc.win/ar/guides/costco-executive-break-even-eligible-spend/,ar,guide,src/content/growth-articles/ar/costco-executive-break-even-eligible-spend.md,200,https://worthcalc.win/ar/guides/costco-executive-break-even-eligible-spend/,0,true,"index,follow",,https://worthcalc.win/ar/guides/costco-executive-break-even-eligible-spend/,200,true,6,true,true,11,3,نقطة تعادل Costco Executive: كم يلزم من الإنفاق المؤهل لتغطية الترقية؟ | WorthCalc,نقطة تعادل Costco Executive: كم يلزم من الإنفاق المؤهل لتغطية الترقية؟,441,245b7acf409903ff1ed739b5318c4bb5f55e3f61191a2c706ad619f6406c5bfe
https://worthcalc.win/ar/guides/costco-gas-detour-break-even/,ar,guide,src/content/growth-articles/ar/costco-gas-detour-break-even.md,200,https://worthcalc.win/ar/guides/costco-gas-detour-break-even/,0,true,"index,follow",,https://worthcalc.win/ar/guides/costco-gas-detour-break-even/,200,true,6,true,true,6,3,نقطة تعادل الانحراف إلى وقود Costco: هل يعوض السعر الأقل الرحلة؟ | WorthCalc,نقطة تعادل الانحراف إلى وقود Costco: هل يعوض السعر الأقل الرحلة؟,344,2d0091f6bae9f55879443936c2831a71122c603d6594c96e6646c6b5848da9a6
https://worthcalc.win/ar/guides/costco-household-card-break-even-use/,ar,guide,src/content/growth-articles/ar/costco-household-card-break-even-use.md,200,https://worthcalc.win/ar/guides/costco-household-card-break-even-use/,0,true,"index,follow",,https://worthcalc.win/ar/guides/costco-household-card-break-even-use/,200,true,6,true,true,6,3,بطاقة الأسرة في Costco: كيف تقيس قيمة الاستخدام المشترك فعلياً؟ | WorthCalc,بطاقة الأسرة في Costco: كيف تقيس قيمة الاستخدام المشترك فعلياً؟,333,ce2e1e5116c9840f7e2bbc9725dfad76661b641d1eb7762e530f0e9a7318e5a0
https://worthcalc.win/ar/guides/costco-membership-fee-break-even-savings/,ar,guide,src/content/growth-articles/ar/costco-membership-fee-break-even-savings.md,200,https://worthcalc.win/ar/guides/costco-membership-fee-break-even-savings/,0,true,"index,follow",,https://worthcalc.win/ar/guides/costco-membership-fee-break-even-savings/,200,true,6,true,true,10,3,نقطة تعادل عضوية Costco: كم يجب أن تتسوق لتعويض الرسم؟ | WorthCalc,نقطة تعادل عضوية Costco: كم يجب أن تتسوق لتعويض الرسم؟,352,7675ff53abc32dbbb6151d0d16593ccea9e144ebe5701c8ab4022d13edfe3cf6
https://worthcalc.win/ar/guides/costco-renewal-refund-reward-timing/,ar,guide,src/content/growth-articles/ar/costco-renewal-refund-reward-timing.md,200,https://worthcalc.win/ar/guides/costco-renewal-refund-reward-timing/,0,true,"index,follow",,https://worthcalc.win/ar/guides/costco-renewal-refund-reward-timing/,200,true,6,true,true,7,3,توقيت تجديد Costco والاسترداد والمكافأة: احسب التكلفة الصافية | WorthCalc,توقيت تجديد Costco والاسترداد والمكافأة: احسب التكلفة الصافية,329,a43ffa4ddb8ca4b8c886eb1e71cf208f5c321dad7c11ae206c81b9add244fc56
https://worthcalc.win/ar/guides/costco-reward-cap-usage-break-even/,ar,guide,src/content/growth-articles/ar/costco-reward-cap-usage-break-even.md,200,https://worthcalc.win/ar/guides/costco-reward-cap-usage-break-even/,0,true,"index,follow",,https://worthcalc.win/ar/guides/costco-reward-cap-usage-break-even/,200,true,6,true,true,7,3,سقف مكافأة Costco: متى يتوقف الإنفاق الإضافي عن زيادة الفائدة؟ | WorthCalc,سقف مكافأة Costco: متى يتوقف الإنفاق الإضافي عن زيادة الفائدة؟,328,f83667bdabe90c8a26c7b5a79da8b9a6cba2f0c4fc4d84feda0f66acca168b22
https://worthcalc.win/ar/guides/costco-reward-exclusion-effective-rate/,ar,guide,src/content/growth-articles/ar/costco-reward-exclusion-effective-rate.md,200,https://worthcalc.win/ar/guides/costco-reward-exclusion-effective-rate/,0,true,"index,follow",,https://worthcalc.win/ar/guides/costco-reward-exclusion-effective-rate/,200,true,6,true,true,10,3,استثناءات مكافآت Costco: احسب معدل المكافأة الفعلي لديك | WorthCalc,استثناءات مكافآت Costco: احسب معدل المكافأة الفعلي لديك,325,7e756ca071d2005502d89cab03e44eb153b5a78034dbea47752b4e46c7a984e3
https://worthcalc.win/ar/guides/countertop-ice-maker-cost-per-batch-used/,ar,guide,src/content/growth-articles/ar/countertop-ice-maker-cost-per-batch-used.md,200,https://worthcalc.win/ar/guides/countertop-ice-maker-cost-per-batch-used/,0,true,"index,follow",,https://worthcalc.win/ar/guides/countertop-ice-maker-cost-per-batch-used/,200,true,6,true,true,9,3,تكلفة آلة الثلج لكل دفعة: أدرج التجميد ووقت الاحتفاظ | WorthCalc,تكلفة آلة الثلج لكل دفعة: أدرج التجميد ووقت الاحتفاظ,515,a978b0a3479cf337e4e35df724611ae2d74e346eef8b3664b93a4f09ea279fe9
https://worthcalc.win/ar/guides/coworking-membership-cost-per-day/,ar,guide,src/content/growth-articles/ar/coworking-membership-cost-per-day.md,200,https://worthcalc.win/ar/guides/coworking-membership-cost-per-day/,0,true,"index,follow",,https://worthcalc.win/ar/guides/coworking-membership-cost-per-day/,200,true,6,true,true,7,3,تكلفة يوم العمل المشترك: احسب الوصول غير المستخدم | WorthCalc,تكلفة يوم العمل المشترك: احسب الوصول غير المستخدم,286,f3828986af82e61aee96db855095668843ab4d50d4ff7b6cf54293e2bc68d3be
https://worthcalc.win/ar/guides/dehumidifier-cost-per-pint-removed/,ar,guide,src/content/growth-articles/ar/dehumidifier-cost-per-pint-removed.md,200,https://worthcalc.win/ar/guides/dehumidifier-cost-per-pint-removed/,0,true,"index,follow",,https://worthcalc.win/ar/guides/dehumidifier-cost-per-pint-removed/,200,true,6,true,true,7,3,تكلفة مزيل الرطوبة لكل وحدة ماء مستخرجة: قارن الطاقة والوقت والرطوبة | WorthCalc,تكلفة مزيل الرطوبة لكل وحدة ماء مستخرجة: قارن الطاقة والوقت والرطوبة,201,62a9d80e9b1175f56fe302d761d7e116429b792c5a7e504fdbfea9c90524de80
https://worthcalc.win/ar/guides/dehumidifier-electricity-cost-per-laundry-drying-session-used/,ar,guide,src/content/growth-articles/ar/dehumidifier-electricity-cost-per-laundry-drying-session-used.md,200,https://worthcalc.win/ar/guides/dehumidifier-electricity-cost-per-laundry-drying-session-used/,0,true,"index,follow",,https://worthcalc.win/ar/guides/dehumidifier-electricity-cost-per-laundry-drying-session-used/,200,true,6,true,true,9,3,تكلفة مزيل الرطوبة لكل ساعة تجفيف: أدرج توقفات الضاغط | WorthCalc,تكلفة مزيل الرطوبة لكل ساعة تجفيف: أدرج توقفات الضاغط,482,35ddff386b68afa924eb9f773999153a734564c17e1bef27859cfdb806f3fd17
https://worthcalc.win/ar/guides/desk-fan-electricity-cost-per-cooling-hour-used/,ar,guide,src/content/growth-articles/ar/desk-fan-electricity-cost-per-cooling-hour-used.md,200,https://worthcalc.win/ar/guides/desk-fan-electricity-cost-per-cooling-hour-used/,0,true,"index,follow",,https://worthcalc.win/ar/guides/desk-fan-electricity-cost-per-cooling-hour-used/,200,true,6,true,true,9,3,تكلفة مروحة المكتب لكل ساعة تبريد: أدرج السرعة والتذبذب | WorthCalc,تكلفة مروحة المكتب لكل ساعة تبريد: أدرج السرعة والتذبذب,376,6e435660ff26935991f909360ab39f5cd9137969762e552a9e9db43083952a31
https://worthcalc.win/ar/guides/desktop-speakers-electricity-cost-per-listening-hour-used/,ar,guide,src/content/growth-articles/ar/desktop-speakers-electricity-cost-per-listening-hour-used.md,200,https://worthcalc.win/ar/guides/desktop-speakers-electricity-cost-per-listening-hour-used/,0,true,"index,follow",,https://worthcalc.win/ar/guides/desktop-speakers-electricity-cost-per-listening-hour-used/,200,true,6,true,true,9,3,تكلفة كهرباء مكبرات المكتب لكل ساعة استماع: قِس المضخم والخمول | WorthCalc,تكلفة كهرباء مكبرات المكتب لكل ساعة استماع: قِس المضخم والخمول,524,483bcbb9d369604f39f244bfc39402367afdb6cd3aa3c2d2bfb05665301a0f42
https://worthcalc.win/ar/guides/digital-photo-frame-electricity-cost-per-display-day-used/,ar,guide,src/content/growth-articles/ar/digital-photo-frame-electricity-cost-per-display-day-used.md,200,https://worthcalc.win/ar/guides/digital-photo-frame-electricity-cost-per-display-day-used/,0,true,"index,follow",,https://worthcalc.win/ar/guides/digital-photo-frame-electricity-cost-per-display-day-used/,200,true,6,true,true,6,3,تكلفة إطار الصور الرقمي لكل يوم عرض: افصل الشاشة واستعداد الشبكة | WorthCalc,تكلفة إطار الصور الرقمي لكل يوم عرض: افصل الشاشة واستعداد الشبكة,389,177b5eb76392562c421cd349a788d3daf89d8f3f80978910719056a6949bd5c5
https://worthcalc.win/ar/guides/dishwasher-cost-per-cycle-used/,ar,guide,src/content/growth-articles/ar/dishwasher-cost-per-cycle-used.md,200,https://worthcalc.win/ar/guides/dishwasher-cost-per-cycle-used/,0,true,"index,follow",,https://worthcalc.win/ar/guides/dishwasher-cost-per-cycle-used/,200,true,6,true,true,8,3,تكلفة غسالة الصحون لكل دورة مستخدمة: احسب الطاقة والماء والمنظف | WorthCalc,تكلفة غسالة الصحون لكل دورة مستخدمة: احسب الطاقة والماء والمنظف,369,c99c097a124b521b8ec558b9181e9b87b432ae0ea7881ce93ef0365e0d37646c
https://worthcalc.win/ar/guides/document-camera-electricity-cost-per-presentation-hour-used/,ar,guide,src/content/growth-articles/ar/document-camera-electricity-cost-per-presentation-hour-used.md,200,https://worthcalc.win/ar/guides/document-camera-electricity-cost-per-presentation-hour-used/,0,true,"index,follow",,https://worthcalc.win/ar/guides/document-camera-electricity-cost-per-presentation-hour-used/,200,true,6,true,true,9,3,تكلفة كاميرا المستندات لكل ساعة عرض: أدرج المصباح والحاسوب | WorthCalc,تكلفة كاميرا المستندات لكل ساعة عرض: أدرج المصباح والحاسوب,376,629611ebccb9601920a7f2bd881206c4bde5618a90c712b7c1120082961d5b55
https://worthcalc.win/ar/guides/e-reader-electricity-cost-per-reading-hour-used/,ar,guide,src/content/growth-articles/ar/e-reader-electricity-cost-per-reading-hour-used.md,200,https://worthcalc.win/ar/guides/e-reader-electricity-cost-per-reading-hour-used/,0,true,"index,follow",,https://worthcalc.win/ar/guides/e-reader-electricity-cost-per-reading-hour-used/,200,true,6,true,true,9,3,تكلفة قارئ الكتب الإلكتروني لكل ساعة قراءة: احسب طاقة الشحن | WorthCalc,تكلفة قارئ الكتب الإلكتروني لكل ساعة قراءة: احسب طاقة الشحن,397,40066c385d2716be6b73eedf91a43ad48c9e41b284feff5b49675d2336244423
https://worthcalc.win/ar/guides/electric-air-pump-electricity-cost-per-inflation-session-used/,ar,guide,src/content/growth-articles/ar/electric-air-pump-electricity-cost-per-inflation-session-used.md,200,https://worthcalc.win/ar/guides/electric-air-pump-electricity-cost-per-inflation-session-used/,0,true,"index,follow",,https://worthcalc.win/ar/guides/electric-air-pump-electricity-cost-per-inflation-session-used/,200,true,6,true,true,6,3,تكلفة مضخة الهواء لكل جلسة نفخ: أدرج توقف الضغط والمحاولات | WorthCalc,تكلفة مضخة الهواء لكل جلسة نفخ: أدرج توقف الضغط والمحاولات,388,dac556174ddd653c8c3f3c2b3695b25cc4715c953f7ab4d908485f579906e02f
https://worthcalc.win/ar/guides/electric-blanket-cost-per-night-used/,ar,guide,src/content/growth-articles/ar/electric-blanket-cost-per-night-used.md,200,https://worthcalc.win/ar/guides/electric-blanket-cost-per-night-used/,0,true,"index,follow",,https://worthcalc.win/ar/guides/electric-blanket-cost-per-night-used/,200,true,6,true,true,7,3,تكلفة البطانية الكهربائية لكل ليلة: أدرج إعدادات الحرارة ووقت النوم الفعلي | WorthCalc,تكلفة البطانية الكهربائية لكل ليلة: أدرج إعدادات الحرارة ووقت النوم الفعلي,260,5e3db4ce9a69fd4c569ff6607de70018d72785e1d3b3596551d2297e2e9ea110
https://worthcalc.win/ar/guides/electric-can-opener-cost-per-use-used/,ar,guide,src/content/growth-articles/ar/electric-can-opener-cost-per-use-used.md,200,https://worthcalc.win/ar/guides/electric-can-opener-cost-per-use-used/,0,true,"index,follow",,https://worthcalc.win/ar/guides/electric-can-opener-cost-per-use-used/,200,true,6,true,true,9,3,تكلفة فتاحة العلب الكهربائية لكل استخدام: قِس وقت المحرك | WorthCalc,تكلفة فتاحة العلب الكهربائية لكل استخدام: قِس وقت المحرك,593,9898a28b21cf9ecb4c803ec863d0337c999699582109cbf47ad7713e4c5d4a44
https://worthcalc.win/ar/guides/electric-citrus-juicer-cost-per-juice-session-used/,ar,guide,src/content/growth-articles/ar/electric-citrus-juicer-cost-per-juice-session-used.md,200,https://worthcalc.win/ar/guides/electric-citrus-juicer-cost-per-juice-session-used/,0,true,"index,follow",,https://worthcalc.win/ar/guides/electric-citrus-juicer-cost-per-juice-session-used/,200,true,6,true,true,9,3,تكلفة عصارة الحمضيات لكل جلسة: قِس وقت الضغط والمحرك | WorthCalc,تكلفة عصارة الحمضيات لكل جلسة: قِس وقت الضغط والمحرك,497,681c6e7179a1e7e392e2b9bfe7731155e8e73633aed2add12e18d14f14c51f8f
https://worthcalc.win/ar/guides/electric-egg-cooker-cost-per-cooking-cycle-used/,ar,guide,src/content/growth-articles/ar/electric-egg-cooker-cost-per-cooking-cycle-used.md,200,https://worthcalc.win/ar/guides/electric-egg-cooker-cost-per-cooking-cycle-used/,0,true,"index,follow",,https://worthcalc.win/ar/guides/electric-egg-cooker-cost-per-cooking-cycle-used/,200,true,6,true,true,9,3,تكلفة جهاز طهي البيض لكل دورة: احسب التسخين والماء | WorthCalc,تكلفة جهاز طهي البيض لكل دورة: احسب التسخين والماء,591,a416355f795271edfbabeb00bdc28c58cc96bcf92f0038a51b595c5bd21a1a02
https://worthcalc.win/ar/guides/electric-fireplace-electricity-cost-per-heating-hour-used/,ar,guide,src/content/growth-articles/ar/electric-fireplace-electricity-cost-per-heating-hour-used.md,200,https://worthcalc.win/ar/guides/electric-fireplace-electricity-cost-per-heating-hour-used/,0,true,"index,follow",,https://worthcalc.win/ar/guides/electric-fireplace-electricity-cost-per-heating-hour-used/,200,true,6,true,true,14,3,تكلفة المدفأة الكهربائية لكل ساعة تدفئة: افصل وضع اللهب | WorthCalc,تكلفة المدفأة الكهربائية لكل ساعة تدفئة: افصل وضع اللهب,519,8c0ad720a1aaa713ae71a67485cc58d22ab91ae091f1eb99cf05ee04ff8fd32c
https://worthcalc.win/ar/guides/electric-food-warmer-cost-per-heating-hour-used/,ar,guide,src/content/growth-articles/ar/electric-food-warmer-cost-per-heating-hour-used.md,200,https://worthcalc.win/ar/guides/electric-food-warmer-cost-per-heating-hour-used/,0,true,"index,follow",,https://worthcalc.win/ar/guides/electric-food-warmer-cost-per-heating-hour-used/,200,true,6,true,true,9,3,تكلفة سخان الطعام لكل ساعة: قِس دورات الثرموستات | WorthCalc,تكلفة سخان الطعام لكل ساعة: قِس دورات الثرموستات,508,7b0a8832eae8443a02e5aeaf6debcccc7d8ba2948a6e29d03bb83c1425d41f98
https://worthcalc.win/ar/guides/electric-foot-massager-electricity-cost-per-massage-session-used/,ar,guide,src/content/growth-articles/ar/electric-foot-massager-electricity-cost-per-massage-session-used.md,200,https://worthcalc.win/ar/guides/electric-foot-massager-electricity-cost-per-massage-session-used/,0,true,"index,follow",,https://worthcalc.win/ar/guides/electric-foot-massager-electricity-cost-per-massage-session-used/,200,true,6,true,true,9,3,تكلفة جهاز تدليك القدم لكل جلسة: افصل الاستعداد والتدفئة | WorthCalc,تكلفة جهاز تدليك القدم لكل جلسة: افصل الاستعداد والتدفئة,383,6bb4ba364a00e2868d402ead76447b0ab77406b558667c91e42a84649503a674
https://worthcalc.win/ar/guides/electric-griddle-cost-per-cooking-hour-used/,ar,guide,src/content/growth-articles/ar/electric-griddle-cost-per-cooking-hour-used.md,200,https://worthcalc.win/ar/guides/electric-griddle-cost-per-cooking-hour-used/,0,true,"index,follow",,https://worthcalc.win/ar/guides/electric-griddle-cost-per-cooking-hour-used/,200,true,6,true,true,9,3,تكلفة الصاج الكهربائي لكل ساعة طهي: افصل التسخين والطهي الفعلي | WorthCalc,تكلفة الصاج الكهربائي لكل ساعة طهي: افصل التسخين والطهي الفعلي,266,ef4e87969cc5b76de5b75ba6eada4139fef9819c043b71b80b15fb760f12e16d
https://worthcalc.win/ar/guides/electric-hand-mixer-electricity-cost-per-mixing-session-used/,ar,guide,src/content/growth-articles/ar/electric-hand-mixer-electricity-cost-per-mixing-session-used.md,200,https://worthcalc.win/ar/guides/electric-hand-mixer-electricity-cost-per-mixing-session-used/,0,true,"index,follow",,https://worthcalc.win/ar/guides/electric-hand-mixer-electricity-cost-per-mixing-session-used/,200,true,6,true,true,10,3,تكلفة الخلاط اليدوي لكل جلسة خلط: احسب السرعة | WorthCalc,تكلفة الخلاط اليدوي لكل جلسة خلط: احسب السرعة,330,b1adb6528521919322839943aead4468b85b6eb5058b1a340ee636d39be0e865
https://worthcalc.win/ar/guides/electric-insect-zapper-electricity-cost-per-overnight-used/,ar,guide,src/content/growth-articles/ar/electric-insect-zapper-electricity-cost-per-overnight-used.md,200,https://worthcalc.win/ar/guides/electric-insect-zapper-electricity-cost-per-overnight-used/,0,true,"index,follow",,https://worthcalc.win/ar/guides/electric-insect-zapper-electricity-cost-per-overnight-used/,200,true,6,true,true,10,3,تكلفة صاعق الحشرات لكل ليلة: افصل الاستعداد والتشغيل | WorthCalc,تكلفة صاعق الحشرات لكل ليلة: افصل الاستعداد والتشغيل,528,516ff42e34fedbb2e8306c22c6d4dc88a8e36ea67793a5479a1c0896e5e2bdb1
https://worthcalc.win/ar/guides/electric-kettle-cost-per-boil-used/,ar,guide,src/content/growth-articles/ar/electric-kettle-cost-per-boil-used.md,200,https://worthcalc.win/ar/guides/electric-kettle-cost-per-boil-used/,0,true,"index,follow",,https://worthcalc.win/ar/guides/electric-kettle-cost-per-boil-used/,200,true,6,true,true,8,3,تكلفة الغلاية الكهربائية لكل غليان: أدرج كمية الماء والإيقاف | WorthCalc,تكلفة الغلاية الكهربائية لكل غليان: أدرج كمية الماء والإيقاف,273,a0b66b9b51eb2938e9e12e3b7c54e1aab59776fe3a4a1f97c8fbf837ddd11dd0
https://worthcalc.win/ar/guides/electric-lunch-box-cost-per-heating-cycle-used/,ar,guide,src/content/growth-articles/ar/electric-lunch-box-cost-per-heating-cycle-used.md,200,https://worthcalc.win/ar/guides/electric-lunch-box-cost-per-heating-cycle-used/,0,true,"index,follow",,https://worthcalc.win/ar/guides/electric-lunch-box-cost-per-heating-cycle-used/,200,true,6,true,true,9,3,تكلفة علبة الطعام الكهربائية لكل دورة تسخين: افصل التسخين والانتظار | WorthCalc,تكلفة علبة الطعام الكهربائية لكل دورة تسخين: افصل التسخين والانتظار,581,aff0549e9aa00d37bcc1d0475d3373904f6260b658b2f64d2b8df9c4af5c91c9
https://worthcalc.win/ar/guides/electric-meat-grinder-cost-per-grinding-session-used/,ar,guide,src/content/growth-articles/ar/electric-meat-grinder-cost-per-grinding-session-used.md,200,https://worthcalc.win/ar/guides/electric-meat-grinder-cost-per-grinding-session-used/,0,true,"index,follow",,https://worthcalc.win/ar/guides/electric-meat-grinder-cost-per-grinding-session-used/,200,true,6,true,true,9,3,تكلفة مفرمة اللحم لكل جلسة: وزّع وقت المحرك | WorthCalc,تكلفة مفرمة اللحم لكل جلسة: وزّع وقت المحرك,512,de6e3c2fca70ff1640835378bf55eafecd3a97c1d2dd8891ae287d0ae7296358
https://worthcalc.win/ar/guides/electric-milk-frother-cost-per-frothing-session-used/,ar,guide,src/content/growth-articles/ar/electric-milk-frother-cost-per-frothing-session-used.md,200,https://worthcalc.win/ar/guides/electric-milk-frother-cost-per-frothing-session-used/,0,true,"index,follow",,https://worthcalc.win/ar/guides/electric-milk-frother-cost-per-frothing-session-used/,200,true,6,true,true,9,3,تكلفة مخفّق الحليب لكل جلسة: افصل التسخين والخفق | WorthCalc,تكلفة مخفّق الحليب لكل جلسة: افصل التسخين والخفق,510,f6d18315220608bc36f2093c35289cf718ebd98e0270e770f1943979f3b4fa69
https://worthcalc.win/ar/guides/electric-pasta-maker-cost-per-batch-used/,ar,guide,src/content/growth-articles/ar/electric-pasta-maker-cost-per-batch-used.md,200,https://worthcalc.win/ar/guides/electric-pasta-maker-cost-per-batch-used/,0,true,"index,follow",,https://worthcalc.win/ar/guides/electric-pasta-maker-cost-per-batch-used/,200,true,6,true,true,9,3,تكلفة آلة المعكرونة لكل دفعة: احسب الخلط والبثق والتجفيف | WorthCalc,تكلفة آلة المعكرونة لكل دفعة: احسب الخلط والبثق والتجفيف,519,b5a0ed38ff1541bfb7cf70afb834c6ade8461228a6a5d05a61de1182d835b79a
https://worthcalc.win/ar/guides/electric-pencil-sharpener-electricity-cost-per-sharpening-session-used/,ar,guide,src/content/growth-articles/ar/electric-pencil-sharpener-electricity-cost-per-sharpening-session-used.md,200,https://worthcalc.win/ar/guides/electric-pencil-sharpener-electricity-cost-per-sharpening-session-used/,0,true,"index,follow",,https://worthcalc.win/ar/guides/electric-pencil-sharpener-electricity-cost-per-sharpening-session-used/,200,true,6,true,true,9,3,تكلفة مبراة القلم الكهربائية لكل جلسة: احسب الدورات المتكررة | WorthCalc,تكلفة مبراة القلم الكهربائية لكل جلسة: احسب الدورات المتكررة,374,b3c29372e42006bb6da03a11a07a74a7150a94f060b75582e2f0722ab519d633
https://worthcalc.win/ar/guides/electric-pressure-cooker-cost-per-cooking-cycle-used/,ar,guide,src/content/growth-articles/ar/electric-pressure-cooker-cost-per-cooking-cycle-used.md,200,https://worthcalc.win/ar/guides/electric-pressure-cooker-cost-per-cooking-cycle-used/,0,true,"index,follow",,https://worthcalc.win/ar/guides/electric-pressure-cooker-cost-per-cooking-cycle-used/,200,true,6,true,true,9,3,تكلفة قدر الضغط الكهربائي لكل دورة طهي | WorthCalc,تكلفة قدر الضغط الكهربائي لكل دورة طهي,266,6ec324365d042c601fb65e690eb14615e1a06b7becc61cd6b82edc0811aa89af
https://worthcalc.win/ar/guides/electric-shaver-electricity-cost-per-grooming-session-used/,ar,guide,src/content/growth-articles/ar/electric-shaver-electricity-cost-per-grooming-session-used.md,200,https://worthcalc.win/ar/guides/electric-shaver-electricity-cost-per-grooming-session-used/,0,true,"index,follow",,https://worthcalc.win/ar/guides/electric-shaver-electricity-cost-per-grooming-session-used/,200,true,6,true,true,10,3,تكلفة الحلاقة الكهربائية لكل جلسة عناية: احسب الشحن | WorthCalc,تكلفة الحلاقة الكهربائية لكل جلسة عناية: احسب الشحن,326,964aef7ff16a07d12fe1a43ce124101ef42fea2ea1f6226a5b63860293e4c239
https://worthcalc.win/ar/guides/electric-space-heater-cost-per-heating-hour-used/,ar,guide,src/content/growth-articles/ar/electric-space-heater-cost-per-heating-hour-used.md,200,https://worthcalc.win/ar/guides/electric-space-heater-cost-per-heating-hour-used/,0,true,"index,follow",,https://worthcalc.win/ar/guides/electric-space-heater-cost-per-heating-hour-used/,200,true,6,true,true,8,3,تكلفة المدفأة الكهربائية لكل ساعة تدفئة: قارن القدرة ودورة التشغيل والغرفة | WorthCalc,تكلفة المدفأة الكهربائية لكل ساعة تدفئة: قارن القدرة ودورة التشغيل والغرفة,207,29b8b7562c5a19b389ebd03cd434dd34af3cfdb43e6804fec1d222f821b11f15
https://worthcalc.win/ar/guides/electric-standing-desk-electricity-cost-per-adjusted-day-used/,ar,guide,src/content/growth-articles/ar/electric-standing-desk-electricity-cost-per-adjusted-day-used.md,200,https://worthcalc.win/ar/guides/electric-standing-desk-electricity-cost-per-adjusted-day-used/,0,true,"index,follow",,https://worthcalc.win/ar/guides/electric-standing-desk-electricity-cost-per-adjusted-day-used/,200,true,6,true,true,9,3,تكلفة المكتب الكهربائي لكل يوم ضبط: أدرج المحرك والاستعداد | WorthCalc,تكلفة المكتب الكهربائي لكل يوم ضبط: أدرج المحرك والاستعداد,432,71e5f8b909827a2d2d5868449f26cf908892e15580bcfe360e0736cf043c61ec
https://worthcalc.win/ar/guides/electric-stapler-electricity-cost-per-stapling-session-used/,ar,guide,src/content/growth-articles/ar/electric-stapler-electricity-cost-per-stapling-session-used.md,200,https://worthcalc.win/ar/guides/electric-stapler-electricity-cost-per-stapling-session-used/,0,true,"index,follow",,https://worthcalc.win/ar/guides/electric-stapler-electricity-cost-per-stapling-session-used/,200,true,6,true,true,9,3,تكلفة دباسة كهربائية لكل جلسة تدبيس: افصل حالات الانسداد | WorthCalc,تكلفة دباسة كهربائية لكل جلسة تدبيس: افصل حالات الانسداد,370,29339bd24b284999c0a1c353f6eceb2fbba3e8181e402b86bb592f1125eba4ba
https://worthcalc.win/ar/guides/electric-toothbrush-electricity-cost-per-charging-day-used/,ar,guide,src/content/growth-articles/ar/electric-toothbrush-electricity-cost-per-charging-day-used.md,200,https://worthcalc.win/ar/guides/electric-toothbrush-electricity-cost-per-charging-day-used/,0,true,"index,follow",,https://worthcalc.win/ar/guides/electric-toothbrush-electricity-cost-per-charging-day-used/,200,true,6,true,true,10,3,تكلفة كهرباء فرشاة الأسنان لكل يوم شحن: أدرج استعداد القاعدة | WorthCalc,تكلفة كهرباء فرشاة الأسنان لكل يوم شحن: أدرج استعداد القاعدة,335,258b003b67d30e9f7f3d5af6933e63a12453d857574ee69bf41941eeb3c25755
https://worthcalc.win/ar/guides/electric-wine-cooler-electricity-cost-per-storage-day-used/,ar,guide,src/content/growth-articles/ar/electric-wine-cooler-electricity-cost-per-storage-day-used.md,200,https://worthcalc.win/ar/guides/electric-wine-cooler-electricity-cost-per-storage-day-used/,0,true,"index,follow",,https://worthcalc.win/ar/guides/electric-wine-cooler-electricity-cost-per-storage-day-used/,200,true,6,true,true,6,3,تكلفة مبرد النبيذ لكل يوم تخزين: احسب دورات الضاغط | WorthCalc,تكلفة مبرد النبيذ لكل يوم تخزين: احسب دورات الضاغط,334,8d8e24a20e330e85c526b7800d15b1a55231385869f3ef5d72a27b6e0c3df99a
https://worthcalc.win/ar/guides/electric-yogurt-maker-cost-per-batch-used/,ar,guide,src/content/growth-articles/ar/electric-yogurt-maker-cost-per-batch-used.md,200,https://worthcalc.win/ar/guides/electric-yogurt-maker-cost-per-batch-used/,0,true,"index,follow",,https://worthcalc.win/ar/guides/electric-yogurt-maker-cost-per-batch-used/,200,true,6,true,true,9,3,تكلفة صانعة الزبادي الكهربائية لكل دفعة: أدرج ساعات التخمير | WorthCalc,تكلفة صانعة الزبادي الكهربائية لكل دفعة: أدرج ساعات التخمير,586,3fe243b8965b85cb33729bdae5f04630fa9d6999fb59f7aa19d035e3ae4aadf9
https://worthcalc.win/ar/guides/electricity-cost-per-kwh-used/,ar,guide,src/content/growth-articles/ar/electricity-cost-per-kwh-used.md,200,https://worthcalc.win/ar/guides/electricity-cost-per-kwh-used/,0,true,"index,follow",,https://worthcalc.win/ar/guides/electricity-cost-per-kwh-used/,200,true,6,true,true,42,3,تكلفة الكهرباء لكل كيلوواط ساعي مستخدم: أضف الرسوم الثابتة والائتمانات | WorthCalc,تكلفة الكهرباء لكل كيلوواط ساعي مستخدم: أضف الرسوم الثابتة والائتمانات,364,ff44bdfb286d02c861e4772749e2ae4554b9ab1197e4e4bed2029369aa6dd14a
https://worthcalc.win/ar/guides/espresso-machine-cost-per-shot-used/,ar,guide,src/content/growth-articles/ar/espresso-machine-cost-per-shot-used.md,200,https://worthcalc.win/ar/guides/espresso-machine-cost-per-shot-used/,0,true,"index,follow",,https://worthcalc.win/ar/guides/espresso-machine-cost-per-shot-used/,200,true,6,true,true,9,3,تكلفة ماكينة الإسبريسو لكل جرعة: أدرج التسخين والتحضير والبخار | WorthCalc,تكلفة ماكينة الإسبريسو لكل جرعة: أدرج التسخين والتحضير والبخار,274,4b1ae565e7f148424ce7fc64db8cf3197353729de61c65e92bda455cf4800094
https://worthcalc.win/ar/guides/event-ticket-cost-per-attended-hour/,ar,guide,src/content/growth-articles/ar/event-ticket-cost-per-attended-hour.md,200,https://worthcalc.win/ar/guides/event-ticket-cost-per-attended-hour/,0,true,"index,follow",,https://worthcalc.win/ar/guides/event-ticket-cost-per-attended-hour/,200,true,6,true,true,7,3,تكلفة تذكرة الفعالية لكل ساعة حضور: أضف السفر والرسوم والوقت الفائت | WorthCalc,تكلفة تذكرة الفعالية لكل ساعة حضور: أضف السفر والرسوم والوقت الفائت,274,e53d71ba3a91e60310c99aa6fd5cd1dbc44ff4d5a0e6bf76e8f877ad6c98a027
https://worthcalc.win/ar/guides/external-hard-drive-electricity-cost-per-backup-job-used/,ar,guide,src/content/growth-articles/ar/external-hard-drive-electricity-cost-per-backup-job-used.md,200,https://worthcalc.win/ar/guides/external-hard-drive-electricity-cost-per-backup-job-used/,0,true,"index,follow",,https://worthcalc.win/ar/guides/external-hard-drive-electricity-cost-per-backup-job-used/,200,true,6,true,true,10,3,تكلفة القرص الخارجي لكل مهمة نسخ احتياطي: احسب النقل والخمول | WorthCalc,تكلفة القرص الخارجي لكل مهمة نسخ احتياطي: احسب النقل والخمول,391,affe376771bf05206216b1d2463cbf1fe7e66a96ef93d6faf2a9e6d3586db090
https://worthcalc.win/ar/guides/family-plan-break-even-members/,ar,guide,src/content/growth-articles/ar/family-plan-break-even-members.md,200,https://worthcalc.win/ar/guides/family-plan-break-even-members/,0,true,"index,follow",,https://worthcalc.win/ar/guides/family-plan-break-even-members/,200,true,6,true,true,6,3,نقطة التعادل للخطة العائلية: كم عضواً يجعل الترقية مجدية؟ | WorthCalc,نقطة التعادل للخطة العائلية: كم عضواً يجعل الترقية مجدية؟,388,c18a3f47708565bbc53266b15095321ce669a46850b454c7e0641bb47fa00152
https://worthcalc.win/ar/guides/food-dehydrator-cost-per-drying-hour-used/,ar,guide,src/content/growth-articles/ar/food-dehydrator-cost-per-drying-hour-used.md,200,https://worthcalc.win/ar/guides/food-dehydrator-cost-per-drying-hour-used/,0,true,"index,follow",,https://worthcalc.win/ar/guides/food-dehydrator-cost-per-drying-hour-used/,200,true,6,true,true,9,3,تكلفة مجفف الطعام لكل ساعة تجفيف: قِس السخان والمروحة | WorthCalc,تكلفة مجفف الطعام لكل ساعة تجفيف: قِس السخان والمروحة,589,46e4650217882b613974a0413d8a40bbcbae50511fc374e5bced4f2c5bd28c51
https://worthcalc.win/ar/guides/food-processor-cost-per-prep-session-used/,ar,guide,src/content/growth-articles/ar/food-processor-cost-per-prep-session-used.md,200,https://worthcalc.win/ar/guides/food-processor-cost-per-prep-session-used/,0,true,"index,follow",,https://worthcalc.win/ar/guides/food-processor-cost-per-prep-session-used/,200,true,6,true,true,9,3,تكلفة محضرة الطعام لكل جلسة تجهيز | WorthCalc,تكلفة محضرة الطعام لكل جلسة تجهيز,380,174b85554775d02f58f62406851b843f6d16510fd4c3fcd2e88a27c326477f1d
https://worthcalc.win/ar/guides/free-trial-auto-renewal-first-charge/,ar,guide,src/content/growth-articles/ar/free-trial-auto-renewal-first-charge.md,200,https://worthcalc.win/ar/guides/free-trial-auto-renewal-first-charge/,0,true,"index,follow",,https://worthcalc.win/ar/guides/free-trial-auto-renewal-first-charge/,200,true,6,true,true,6,3,تكلفة التجربة المجانية والتجديد التلقائي: احسب أول خصم محتمل | WorthCalc,تكلفة التجربة المجانية والتجديد التلقائي: احسب أول خصم محتمل,431,16062ebcf6e552866c1e2485350c2025457c2c4e8db7202e8867dbbddf1c671d
https://worthcalc.win/ar/guides/freezer-cost-per-day-used/,ar,guide,src/content/growth-articles/ar/freezer-cost-per-day-used.md,200,https://worthcalc.win/ar/guides/freezer-cost-per-day-used/,0,true,"index,follow",,https://worthcalc.win/ar/guides/freezer-cost-per-day-used/,200,true,6,true,true,7,3,تكلفة المجمد لكل يوم استخدام: قارن طاقة الاستعداد والسعة والتخزين | WorthCalc,تكلفة المجمد لكل يوم استخدام: قارن طاقة الاستعداد والسعة والتخزين,194,d81a4d4e4bbbeeefdbe79994ba2e887702862cba16cfa9ef4a1a09fe0985ab8a
https://worthcalc.win/ar/guides/gaming-console-electricity-cost-per-gaming-hour-used/,ar,guide,src/content/growth-articles/ar/gaming-console-electricity-cost-per-gaming-hour-used.md,200,https://worthcalc.win/ar/guides/gaming-console-electricity-cost-per-gaming-hour-used/,0,true,"index,follow",,https://worthcalc.win/ar/guides/gaming-console-electricity-cost-per-gaming-hour-used/,200,true,6,true,true,9,3,تكلفة كهرباء منصة الألعاب لكل ساعة: أدرج حدود الشاشة والشبكة | WorthCalc,تكلفة كهرباء منصة الألعاب لكل ساعة: أدرج حدود الشاشة والشبكة,533,e6f68229f77e6d68a04edc1ca6b44fc0b883ac32e50cd15ea995260d60a2783a
https://worthcalc.win/ar/guides/garage-door-opener-electricity-cost-per-cycle-used/,ar,guide,src/content/growth-articles/ar/garage-door-opener-electricity-cost-per-cycle-used.md,200,https://worthcalc.win/ar/guides/garage-door-opener-electricity-cost-per-cycle-used/,0,true,"index,follow",,https://worthcalc.win/ar/guides/garage-door-opener-electricity-cost-per-cycle-used/,200,true,6,true,true,13,3,تكلفة مشغل باب المرآب لكل دورة: افصل الضوء والاستعداد | WorthCalc,تكلفة مشغل باب المرآب لكل دورة: افصل الضوء والاستعداد,532,12408fd3572ec4584e2ad52c0821b6a8a6700e8d38f2e9392c488513f6ea0b92
https://worthcalc.win/ar/guides/garment-steamer-cost-per-steaming-hour-used/,ar,guide,src/content/growth-articles/ar/garment-steamer-cost-per-steaming-hour-used.md,200,https://worthcalc.win/ar/guides/garment-steamer-cost-per-steaming-hour-used/,0,true,"index,follow",,https://worthcalc.win/ar/guides/garment-steamer-cost-per-steaming-hour-used/,200,true,6,true,true,7,3,تكلفة جهاز تبخير الملابس لكل ساعة: أدرج التسخين ووقت البخار الفعلي | WorthCalc,تكلفة جهاز تبخير الملابس لكل ساعة: أدرج التسخين ووقت البخار الفعلي,253,75ad1865d28334968dee4f1d0a3aa2e015bc0b1c8368664b6662d4bae05ff417
https://worthcalc.win/ar/guides/glue-gun-electricity-cost-per-crafting-hour-used/,ar,guide,src/content/growth-articles/ar/glue-gun-electricity-cost-per-crafting-hour-used.md,200,https://worthcalc.win/ar/guides/glue-gun-electricity-cost-per-crafting-hour-used/,0,true,"index,follow",,https://worthcalc.win/ar/guides/glue-gun-electricity-cost-per-crafting-hour-used/,200,true,6,true,true,10,3,تكلفة مسدس الغراء لكل ساعة حرفة: افصل الحرارة والخمول | WorthCalc,تكلفة مسدس الغراء لكل ساعة حرفة: افصل الحرارة والخمول,333,acc3b9219759fbb7b7d17468ed105f61a37d41608eb2efd611a823eb95a917b2
https://worthcalc.win/ar/guides/gym-membership-cost-per-visit/,ar,guide,src/content/growth-articles/ar/gym-membership-cost-per-visit.md,200,https://worthcalc.win/ar/guides/gym-membership-cost-per-visit/,0,true,"index,follow",,https://worthcalc.win/ar/guides/gym-membership-cost-per-visit/,200,true,6,true,true,7,3,تكلفة زيارة النادي: أضف رسوم الانضمام والأشهر الفائتة | WorthCalc,تكلفة زيارة النادي: أضف رسوم الانضمام والأشهر الفائتة,276,2cf045278e367453e909cbf1ec24803cc47b045fcd75461db397dcb3e5faac6b
https://worthcalc.win/ar/guides/hair-dryer-cost-per-drying-session-used/,ar,guide,src/content/growth-articles/ar/hair-dryer-cost-per-drying-session-used.md,200,https://worthcalc.win/ar/guides/hair-dryer-cost-per-drying-session-used/,0,true,"index,follow",,https://worthcalc.win/ar/guides/hair-dryer-cost-per-drying-session-used/,200,true,6,true,true,6,3,تكلفة مجفف الشعر لكل جلسة: افصل الحرارة وتدفق الهواء والدقائق | WorthCalc,تكلفة مجفف الشعر لكل جلسة: افصل الحرارة وتدفق الهواء والدقائق,235,3ac0bb39bef989309cd3f7c3c0000aea2e452a3554bdc74d53b7c4fda5e77dc1
https://worthcalc.win/ar/guides/heat-pump-cost-per-heating-hour-used/,ar,guide,src/content/growth-articles/ar/heat-pump-cost-per-heating-hour-used.md,200,https://worthcalc.win/ar/guides/heat-pump-cost-per-heating-hour-used/,0,true,"index,follow",,https://worthcalc.win/ar/guides/heat-pump-cost-per-heating-hour-used/,200,true,6,true,true,7,3,تكلفة المضخة الحرارية لكل ساعة تدفئة: افصل السعة والوقت والطقس | WorthCalc,تكلفة المضخة الحرارية لكل ساعة تدفئة: افصل السعة والوقت والطقس,311,8704f5386a6dd2ef609f9c152485ff3a3902dd5a0d5979460c138c01e5bb7f53
https://worthcalc.win/ar/guides/hobby-equipment-cost-per-use/,ar,guide,src/content/growth-articles/ar/hobby-equipment-cost-per-use.md,200,https://worthcalc.win/ar/guides/hobby-equipment-cost-per-use/,0,true,"index,follow",,https://worthcalc.win/ar/guides/hobby-equipment-cost-per-use/,200,true,6,true,true,7,3,تكلفة استخدام معدات الهواية: أضف التخزين والصيانة ومخاطر إعادة البيع | WorthCalc,تكلفة استخدام معدات الهواية: أضف التخزين والصيانة ومخاطر إعادة البيع,281,1eeb5078012aa0c04d6172ba8d45530140fd4a885e13f0ed7ffc828cff2b507d
https://worthcalc.win/ar/guides/home-internet-cost-per-gb-used/,ar,guide,src/content/growth-articles/ar/home-internet-cost-per-gb-used.md,200,https://worthcalc.win/ar/guides/home-internet-cost-per-gb-used/,0,true,"index,follow",,https://worthcalc.win/ar/guides/home-internet-cost-per-gb-used/,200,true,6,true,true,8,3,تكلفة الإنترنت المنزلي لكل جيجابايت مستخدمة: أضف المعدات ورسوم الزيادة | WorthCalc,تكلفة الإنترنت المنزلي لكل جيجابايت مستخدمة: أضف المعدات ورسوم الزيادة,334,81bd109aed0717b5d04edb907da80ac9bed07b872a458db4a31d55413f7a060b
https://worthcalc.win/ar/guides/humidifier-electricity-cost-per-humidifying-hour-used/,ar,guide,src/content/growth-articles/ar/humidifier-electricity-cost-per-humidifying-hour-used.md,200,https://worthcalc.win/ar/guides/humidifier-electricity-cost-per-humidifying-hour-used/,0,true,"index,follow",,https://worthcalc.win/ar/guides/humidifier-electricity-cost-per-humidifying-hour-used/,200,true,6,true,true,10,3,تكلفة المرطب لكل ساعة ترطيب: قِس الرذاذ ووضع المروحة | WorthCalc,تكلفة المرطب لكل ساعة ترطيب: قِس الرذاذ ووضع المروحة,383,39d8c5618ad55f7cc61c42bf4f152cc1ec2056514fb9229dfe0ea2229bcf4bcf
https://worthcalc.win/ar/guides/hvac-cost-per-operating-hour-used/,ar,guide,src/content/growth-articles/ar/hvac-cost-per-operating-hour-used.md,200,https://worthcalc.win/ar/guides/hvac-cost-per-operating-hour-used/,0,true,"index,follow",,https://worthcalc.win/ar/guides/hvac-cost-per-operating-hour-used/,200,true,6,true,true,12,3,تكلفة التكييف لكل ساعة تشغيل مستخدمة: قارن وقت التشغيل والتعرفة الموسمية | WorthCalc,تكلفة التكييف لكل ساعة تشغيل مستخدمة: قارن وقت التشغيل والتعرفة الموسمية,262,52736b8be5bf93fa3e8d29bc46724e95be0403e3361e01333131c12c6372ede1
https://worthcalc.win/ar/guides/induction-cooktop-cost-per-cooking-hour-used/,ar,guide,src/content/growth-articles/ar/induction-cooktop-cost-per-cooking-hour-used.md,200,https://worthcalc.win/ar/guides/induction-cooktop-cost-per-cooking-hour-used/,0,true,"index,follow",,https://worthcalc.win/ar/guides/induction-cooktop-cost-per-cooking-hour-used/,200,true,6,true,true,6,3,تكلفة موقد الحث لكل ساعة طبخ: افصل التسخين والاستعداد والتنظيف | WorthCalc,تكلفة موقد الحث لكل ساعة طبخ: افصل التسخين والاستعداد والتنظيف,267,a02eb607963848b86750ba60ee584b707c3d35533763a37125995d21b1185fe5
https://worthcalc.win/ar/guides/introductory-discount-renewal-cost/,ar,guide,src/content/growth-articles/ar/introductory-discount-renewal-cost.md,200,https://worthcalc.win/ar/guides/introductory-discount-renewal-cost/,0,true,"index,follow",,https://worthcalc.win/ar/guides/introductory-discount-renewal-cost/,200,true,6,true,true,6,3,الخصم التمهيدي وتكلفة التجديد: احسب إجمالي السنة الأولى | WorthCalc,الخصم التمهيدي وتكلفة التجديد: احسب إجمالي السنة الأولى,244,26d518e26ea863d6da9c4b211994d6629adb151578c5eea2eb4f11090883c9b9
https://worthcalc.win/ar/guides/label-maker-electricity-cost-per-labeling-session-used/,ar,guide,src/content/growth-articles/ar/label-maker-electricity-cost-per-labeling-session-used.md,200,https://worthcalc.win/ar/guides/label-maker-electricity-cost-per-labeling-session-used/,0,true,"index,follow",,https://worthcalc.win/ar/guides/label-maker-electricity-cost-per-labeling-session-used/,200,true,6,true,true,9,3,تكلفة كهرباء آلة الملصقات لكل جلسة: أدرج التسخين والاستعداد | WorthCalc,تكلفة كهرباء آلة الملصقات لكل جلسة: أدرج التسخين والاستعداد,419,45252190785f138d0cbdf85373c17559563b4bb365ace7b61e9ff941b7e15dbc
https://worthcalc.win/ar/guides/laminator-electricity-cost-per-laminating-batch-used/,ar,guide,src/content/growth-articles/ar/laminator-electricity-cost-per-laminating-batch-used.md,200,https://worthcalc.win/ar/guides/laminator-electricity-cost-per-laminating-batch-used/,0,true,"index,follow",,https://worthcalc.win/ar/guides/laminator-electricity-cost-per-laminating-batch-used/,200,true,6,true,true,9,3,تكلفة كهرباء آلة التغليف لكل دفعة: أدرج التسخين | WorthCalc,تكلفة كهرباء آلة التغليف لكل دفعة: أدرج التسخين,430,a7cf9d22674a44ff4f44a3cec5b223ae954c6c50525d4c65c9a18ba1ea15eaff
https://worthcalc.win/ar/guides/language-class-cost-per-completed-session/,ar,guide,src/content/growth-articles/ar/language-class-cost-per-completed-session.md,200,https://worthcalc.win/ar/guides/language-class-cost-per-completed-session/,0,true,"index,follow",,https://worthcalc.win/ar/guides/language-class-cost-per-completed-session/,200,true,6,true,true,7,3,تكلفة درس اللغة لكل جلسة مكتملة: احسب الدروس التي أنهيتها | WorthCalc,تكلفة درس اللغة لكل جلسة مكتملة: احسب الدروس التي أنهيتها,280,65627e61c9d1174cfe24c8782abec7ac0207bf99d83cbdd7cdf521e3f3710810
https://worthcalc.win/ar/guides/laptop-docking-station-electricity-cost-per-workday-used/,ar,guide,src/content/growth-articles/ar/laptop-docking-station-electricity-cost-per-workday-used.md,200,https://worthcalc.win/ar/guides/laptop-docking-station-electricity-cost-per-workday-used/,0,true,"index,follow",,https://worthcalc.win/ar/guides/laptop-docking-station-electricity-cost-per-workday-used/,200,true,6,true,true,10,3,تكلفة قاعدة توصيل الحاسوب المحمول لكل يوم عمل: افصل الشاشة والشحن | WorthCalc,تكلفة قاعدة توصيل الحاسوب المحمول لكل يوم عمل: افصل الشاشة والشحن,387,9c290868212bb45c55d4a149ced0a9776a98241499a46cd1ecdef849296b84cf
https://worthcalc.win/ar/guides/laundry-cost-per-load/,ar,guide,src/content/growth-articles/ar/laundry-cost-per-load.md,200,https://worthcalc.win/ar/guides/laundry-cost-per-load/,0,true,"index,follow",,https://worthcalc.win/ar/guides/laundry-cost-per-load/,200,true,6,true,true,9,3,تكلفة الغسيل لكل حمولة: أضف الماء والطاقة والمنظف وإعادة الغسل | WorthCalc,تكلفة الغسيل لكل حمولة: أضف الماء والطاقة والمنظف وإعادة الغسل,350,c6d7f85d0efd1167f3b531920958e8218e142cce0df418da6a2e69a51d64de8f
https://worthcalc.win/ar/guides/led-lighting-cost-per-hour-used/,ar,guide,src/content/growth-articles/ar/led-lighting-cost-per-hour-used.md,200,https://worthcalc.win/ar/guides/led-lighting-cost-per-hour-used/,0,true,"index,follow",,https://worthcalc.win/ar/guides/led-lighting-cost-per-hour-used/,200,true,6,true,true,8,3,تكلفة إضاءة LED لكل ساعة استخدام: أدرج القدرة وعدد المصابيح والعمر | WorthCalc,تكلفة إضاءة LED لكل ساعة استخدام: أدرج القدرة وعدد المصابيح والعمر,256,f32dceff200f4d1b9b6f8bc06db30d35bb0aa65db6bd070db953cf6cc406aa00
https://worthcalc.win/ar/guides/meal-delivery-plan-cost-per-eaten-meal/,ar,guide,src/content/growth-articles/ar/meal-delivery-plan-cost-per-eaten-meal.md,200,https://worthcalc.win/ar/guides/meal-delivery-plan-cost-per-eaten-meal/,0,true,"index,follow",,https://worthcalc.win/ar/guides/meal-delivery-plan-cost-per-eaten-meal/,200,true,6,true,true,7,3,تكلفة خطة توصيل الطعام لكل وجبة مأكولة: أضف الطلبات المتروكة والبدائل | WorthCalc,تكلفة خطة توصيل الطعام لكل وجبة مأكولة: أضف الطلبات المتروكة والبدائل,287,b583673131e09b7850e66958f2e84a6a1ebc9101e9d4a901dd31f2e3a17e891c
https://worthcalc.win/ar/guides/meal-kit-cost-per-serving-after-waste/,ar,guide,src/content/growth-articles/ar/meal-kit-cost-per-serving-after-waste.md,200,https://worthcalc.win/ar/guides/meal-kit-cost-per-serving-after-waste/,0,true,"index,follow",,https://worthcalc.win/ar/guides/meal-kit-cost-per-serving-after-waste/,200,true,6,true,true,7,3,تكلفة حصة صندوق الوجبات بعد الهدر: احسب المكونات غير المأكولة | WorthCalc,تكلفة حصة صندوق الوجبات بعد الهدر: احسب المكونات غير المأكولة,279,8db0824fb38dd458ec30d3cfd54482c5f34ae5a168014e97fc5d9934413407c3
https://worthcalc.win/ar/guides/microwave-cost-per-cooking-cycle-used/,ar,guide,src/content/growth-articles/ar/microwave-cost-per-cooking-cycle-used.md,200,https://worthcalc.win/ar/guides/microwave-cost-per-cooking-cycle-used/,0,true,"index,follow",,https://worthcalc.win/ar/guides/microwave-cost-per-cooking-cycle-used/,200,true,6,true,true,6,3,تكلفة الميكروويف لكل دورة طبخ: احسب القدرة والوقت وإعادة التسخين | WorthCalc,تكلفة الميكروويف لكل دورة طبخ: احسب القدرة والوقت وإعادة التسخين,259,fe81b5754abea320a347331c8ac60bd14d3ab6e691cc9bcd3c3275bdb34e5391
https://worthcalc.win/ar/guides/minimum-spend-fee-waiver-break-even/,ar,guide,src/content/growth-articles/ar/minimum-spend-fee-waiver-break-even.md,200,https://worthcalc.win/ar/guides/minimum-spend-fee-waiver-break-even/,0,true,"index,follow",,https://worthcalc.win/ar/guides/minimum-spend-fee-waiver-break-even/,200,true,6,true,true,6,3,الإعفاء عند حد أدنى للإنفاق: احسب هل يوفر المال فعلاً | WorthCalc,الإعفاء عند حد أدنى للإنفاق: احسب هل يوفر المال فعلاً,389,f52e7ffb0457ff8e2c6ad2fe2a4729a06cf5df2adb98d51a5f36ca1acb5ce67f
https://worthcalc.win/ar/guides/mobile-data-cost-per-gb-used/,ar,guide,src/content/growth-articles/ar/mobile-data-cost-per-gb-used.md,200,https://worthcalc.win/ar/guides/mobile-data-cost-per-gb-used/,0,true,"index,follow",,https://worthcalc.win/ar/guides/mobile-data-cost-per-gb-used/,200,true,6,true,true,9,3,تكلفة بيانات الهاتف لكل جيجابايت مستخدمة: قارن الحد الأدنى بالاستخدام الفعلي | WorthCalc,تكلفة بيانات الهاتف لكل جيجابايت مستخدمة: قارن الحد الأدنى بالاستخدام الفعلي,280,fc6c2c28666a452753b01a2de44e6dc42fabf6026d7fcb7bb0bf3625802d674c
https://worthcalc.win/ar/guides/monitor-electricity-cost-per-work-hour-used/,ar,guide,src/content/growth-articles/ar/monitor-electricity-cost-per-work-hour-used.md,200,https://worthcalc.win/ar/guides/monitor-electricity-cost-per-work-hour-used/,0,true,"index,follow",,https://worthcalc.win/ar/guides/monitor-electricity-cost-per-work-hour-used/,200,true,6,true,true,7,3,تكلفة الشاشة لكل ساعة عمل: أدرج السطوع والسكون وطاقة USB | WorthCalc,تكلفة الشاشة لكل ساعة عمل: أدرج السطوع والسكون وطاقة USB,255,bcddf0e15429217bd6e0936637186f1ccabfb66065caa7dab32aeb1881479e23
https://worthcalc.win/ar/guides/monthly-vs-annual-total-cost/,ar,guide,src/content/growth-articles/ar/monthly-vs-annual-total-cost.md,200,https://worthcalc.win/ar/guides/monthly-vs-annual-total-cost/,0,true,"index,follow",,https://worthcalc.win/ar/guides/monthly-vs-annual-total-cost/,200,true,6,true,true,6,3,الدفع الشهري أم السنوي: قارن التكلفة ومخاطر السيولة | WorthCalc,الدفع الشهري أم السنوي: قارن التكلفة ومخاطر السيولة,281,7bab4bf91dbfc9b1b849be65e1c844a19acf331b9302fb38e929f258bef637ef
https://worthcalc.win/ar/guides/natural-gas-cost-per-therm-used/,ar,guide,src/content/growth-articles/ar/natural-gas-cost-per-therm-used.md,200,https://worthcalc.win/ar/guides/natural-gas-cost-per-therm-used/,0,true,"index,follow",,https://worthcalc.win/ar/guides/natural-gas-cost-per-therm-used/,200,true,6,true,true,13,3,تكلفة الغاز الطبيعي لكل وحدة حرارية مستخدمة: حوّل الفاتورة قبل المقارنة | WorthCalc,تكلفة الغاز الطبيعي لكل وحدة حرارية مستخدمة: حوّل الفاتورة قبل المقارنة,385,5ba68809dbc1d9077827f6fb1d3796b788eb98742614c772e2b96e4872a9538f
https://worthcalc.win/ar/guides/one-time-switching-cost-payback/,ar,guide,src/content/growth-articles/ar/one-time-switching-cost-payback.md,200,https://worthcalc.win/ar/guides/one-time-switching-cost-payback/,0,true,"index,follow",,https://worthcalc.win/ar/guides/one-time-switching-cost-payback/,200,true,6,true,true,6,3,استرداد تكلفة التبديل لمرة واحدة: متى يعوضها السعر الأقل؟ | WorthCalc,استرداد تكلفة التبديل لمرة واحدة: متى يعوضها السعر الأقل؟,212,eb74933dd3067c49e44377eb47a03d2d9ee09f63cafa6f3183345a6589bf2831
https://worthcalc.win/ar/guides/online-course-cost-per-completed-lesson/,ar,guide,src/content/growth-articles/ar/online-course-cost-per-completed-lesson.md,200,https://worthcalc.win/ar/guides/online-course-cost-per-completed-lesson/,0,true,"index,follow",,https://worthcalc.win/ar/guides/online-course-cost-per-completed-lesson/,200,true,6,true,true,7,3,تكلفة الدورة عبر الإنترنت لكل درس مكتمل: سعّر التقدم لا الوصول | WorthCalc,تكلفة الدورة عبر الإنترنت لكل درس مكتمل: سعّر التقدم لا الوصول,283,17b8cb55fd0f938e0fa078bdb7ebac2b7ac9e311636424646fe491afc046e864
https://worthcalc.win/ar/guides/outdoor-string-lights-electricity-cost-per-evening-used/,ar,guide,src/content/growth-articles/ar/outdoor-string-lights-electricity-cost-per-evening-used.md,200,https://worthcalc.win/ar/guides/outdoor-string-lights-electricity-cost-per-evening-used/,0,true,"index,follow",,https://worthcalc.win/ar/guides/outdoor-string-lights-electricity-cost-per-evening-used/,200,true,6,true,true,10,3,تكلفة أضواء السلسلة الخارجية لكل مساء: قِس المؤقت والمحول | WorthCalc,تكلفة أضواء السلسلة الخارجية لكل مساء: قِس المؤقت والمحول,519,8bc895f25e2d9b4f916bc7b0befcb33c4b942b9f75142cb4c72806e097d40f7e
https://worthcalc.win/ar/guides/oven-stove-cost-per-cooking-hour-used/,ar,guide,src/content/growth-articles/ar/oven-stove-cost-per-cooking-hour-used.md,200,https://worthcalc.win/ar/guides/oven-stove-cost-per-cooking-hour-used/,0,true,"index,follow",,https://worthcalc.win/ar/guides/oven-stove-cost-per-cooking-hour-used/,200,true,6,true,true,9,3,تكلفة الفرن والموقد لكل ساعة طبخ مستخدمة: قارن الحرارة والتسخين المسبق والوقود | WorthCalc,تكلفة الفرن والموقد لكل ساعة طبخ مستخدمة: قارن الحرارة والتسخين المسبق والوقود,266,2ac5a3d67b863f10f156f946524e49933a0232bb30ccac69c2d41c2ac83baf0f
https://worthcalc.win/ar/guides/paper-shredder-electricity-cost-per-shredding-session-used/,ar,guide,src/content/growth-articles/ar/paper-shredder-electricity-cost-per-shredding-session-used.md,200,https://worthcalc.win/ar/guides/paper-shredder-electricity-cost-per-shredding-session-used/,0,true,"index,follow",,https://worthcalc.win/ar/guides/paper-shredder-electricity-cost-per-shredding-session-used/,200,true,6,true,true,9,3,تكلفة كهرباء آلة تمزيق الورق لكل جلسة: احسب دورات المحرك | WorthCalc,تكلفة كهرباء آلة تمزيق الورق لكل جلسة: احسب دورات المحرك,432,6e71cf68f9a1ec3109b20a6a87b7d786bf79674e1cb2a696ac53bfa8384cb59f
https://worthcalc.win/ar/guides/parking-pass-cost-per-day-used/,ar,guide,src/content/growth-articles/ar/parking-pass-cost-per-day-used.md,200,https://worthcalc.win/ar/guides/parking-pass-cost-per-day-used/,0,true,"index,follow",,https://worthcalc.win/ar/guides/parking-pass-cost-per-day-used/,200,true,6,true,true,7,3,تكلفة تصريح الوقوف لكل يوم مستخدم: أضف أيام العمل عن بعد | WorthCalc,تكلفة تصريح الوقوف لكل يوم مستخدم: أضف أيام العمل عن بعد,303,1e5a0836a8c32e0fc401df868bc8ae948806383169c3adc9fb214ecb16a40fb3
https://worthcalc.win/ar/guides/pause-vs-cancel-membership-cost/,ar,guide,src/content/growth-articles/ar/pause-vs-cancel-membership-cost.md,200,https://worthcalc.win/ar/guides/pause-vs-cancel-membership-cost/,0,true,"index,follow",,https://worthcalc.win/ar/guides/pause-vs-cancel-membership-cost/,200,true,6,true,true,6,3,إيقاف العضوية أم إلغاؤها: قارن تكلفة الاحتفاظ بالوصول | WorthCalc,إيقاف العضوية أم إلغاؤها: قارن تكلفة الاحتفاظ بالوصول,407,2637b3b8b5c811b55ccab1e12e99ed797082bf1558b2b506967e1447f030c321
https://worthcalc.win/ar/guides/phone-charger-cost-per-charge-used/,ar,guide,src/content/growth-articles/ar/phone-charger-cost-per-charge-used.md,200,https://worthcalc.win/ar/guides/phone-charger-cost-per-charge-used/,0,true,"index,follow",,https://worthcalc.win/ar/guides/phone-charger-cost-per-charge-used/,200,true,6,true,true,9,3,تكلفة شاحن الهاتف لكل شحنة: قِس طاقة الحائط لا أقصى قدرة المحول | WorthCalc,تكلفة شاحن الهاتف لكل شحنة: قِس طاقة الحائط لا أقصى قدرة المحول,242,1e32ffb5055a71b17836c69271731a06384920b3acbc0f354cf96efa8f1e42fd
https://worthcalc.win/ar/guides/pool-pump-cost-per-operating-hour-used/,ar,guide,src/content/growth-articles/ar/pool-pump-cost-per-operating-hour-used.md,200,https://worthcalc.win/ar/guides/pool-pump-cost-per-operating-hour-used/,0,true,"index,follow",,https://worthcalc.win/ar/guides/pool-pump-cost-per-operating-hour-used/,200,true,6,true,true,6,3,تكلفة مضخة المسبح لكل ساعة تشغيل: افصل السرعة والتدفق والمهام | WorthCalc,تكلفة مضخة المسبح لكل ساعة تشغيل: افصل السرعة والتدفق والمهام,265,fd66782773061a5253423f77b1a06f77b2a0f4973ca8e9c3c80fce8acdebfd87
https://worthcalc.win/ar/guides/pool-pump-electricity-cost-per-filtration-cycle-used/,ar,guide,src/content/growth-articles/ar/pool-pump-electricity-cost-per-filtration-cycle-used.md,200,https://worthcalc.win/ar/guides/pool-pump-electricity-cost-per-filtration-cycle-used/,0,true,"index,follow",,https://worthcalc.win/ar/guides/pool-pump-electricity-cost-per-filtration-cycle-used/,200,true,6,true,true,8,3,تكلفة مضخة المسبح لكل ساعة ترشيح: افصل زمن التشغيل | WorthCalc,تكلفة مضخة المسبح لكل ساعة ترشيح: افصل زمن التشغيل,479,e9738b9c56046faf5873a4bbd73e3b4909fb7be12016061e0f13951c24374c56
https://worthcalc.win/ar/guides/portable-ac-cost-per-cooling-hour-used/,ar,guide,src/content/growth-articles/ar/portable-ac-cost-per-cooling-hour-used.md,200,https://worthcalc.win/ar/guides/portable-ac-cost-per-cooling-hour-used/,0,true,"index,follow",,https://worthcalc.win/ar/guides/portable-ac-cost-per-cooling-hour-used/,200,true,6,true,true,6,3,تكلفة المكيف المحمول لكل ساعة تبريد: قِس العادم والمروحة وحمل الغرفة | WorthCalc,تكلفة المكيف المحمول لكل ساعة تبريد: قِس العادم والمروحة وحمل الغرفة,283,bc1eee04e501a637373599ae09384f301afda02cedbac111039aa8cb95c649d9
https://worthcalc.win/ar/guides/portable-air-conditioner-electricity-cost-per-cooling-session-used/,ar,guide,src/content/growth-articles/ar/portable-air-conditioner-electricity-cost-per-cooling-session-used.md,200,https://worthcalc.win/ar/guides/portable-air-conditioner-electricity-cost-per-cooling-session-used/,0,true,"index,follow",,https://worthcalc.win/ar/guides/portable-air-conditioner-electricity-cost-per-cooling-session-used/,200,true,6,true,true,10,3,تكلفة مكيف الهواء المتنقل لكل ساعة تبريد: احسب دورات الضاغط | WorthCalc,تكلفة مكيف الهواء المتنقل لكل ساعة تبريد: احسب دورات الضاغط,481,40af0d6849534cd9d0496bddcf78934169984cfbb30f21a0346173390250072d
https://worthcalc.win/ar/guides/prepaid-balance-expiration-cost/,ar,guide,src/content/growth-articles/ar/prepaid-balance-expiration-cost.md,200,https://worthcalc.win/ar/guides/prepaid-balance-expiration-cost/,0,true,"index,follow",,https://worthcalc.win/ar/guides/prepaid-balance-expiration-cost/,200,true,6,true,true,6,3,تكلفة الرصيد المدفوع مسبقاً عند انتهاء الصلاحية: احسب الاستخدام الفعلي | WorthCalc,تكلفة الرصيد المدفوع مسبقاً عند انتهاء الصلاحية: احسب الاستخدام الفعلي,436,ac134616705402d49a4ce0f87deba655293d15706779533b1599a07e07f991b7
https://worthcalc.win/ar/guides/printer-electricity-cost-per-print-job-used/,ar,guide,src/content/growth-articles/ar/printer-electricity-cost-per-print-job-used.md,200,https://worthcalc.win/ar/guides/printer-electricity-cost-per-print-job-used/,0,true,"index,follow",,https://worthcalc.win/ar/guides/printer-electricity-cost-per-print-job-used/,200,true,6,true,true,9,3,تكلفة كهرباء الطابعة لكل مهمة طباعة: أدرج التسخين والاستعداد | WorthCalc,تكلفة كهرباء الطابعة لكل مهمة طباعة: أدرج التسخين والاستعداد,528,b34af082a58fc73c76559d5e9877959da2874ba17d7ec4759f6bb30f31315880
https://worthcalc.win/ar/guides/projector-electricity-cost-per-presentation-hour-used/,ar,guide,src/content/growth-articles/ar/projector-electricity-cost-per-presentation-hour-used.md,200,https://worthcalc.win/ar/guides/projector-electricity-cost-per-presentation-hour-used/,0,true,"index,follow",,https://worthcalc.win/ar/guides/projector-electricity-cost-per-presentation-hour-used/,200,true,6,true,true,9,3,تكلفة كهرباء جهاز العرض لكل ساعة تقديم: أدرج التسخين والتبريد | WorthCalc,تكلفة كهرباء جهاز العرض لكل ساعة تقديم: أدرج التسخين والتبريد,392,6141fb839babfa509d102bc9d155d0f0363d4d245fc8c82792149bda405b7189
https://worthcalc.win/ar/guides/recurring-costs-annual-total/,ar,guide,src/content/growth-articles/ar/recurring-costs-annual-total.md,200,https://worthcalc.win/ar/guides/recurring-costs-annual-total/,0,true,"index,follow",,https://worthcalc.win/ar/guides/recurring-costs-annual-total/,200,true,6,true,true,40,3,إجمالي التكاليف المتكررة سنوياً: اجمع الدفعات الشهرية والربع سنوية | WorthCalc,إجمالي التكاليف المتكررة سنوياً: اجمع الدفعات الشهرية والربع سنوية,295,a2e9c8efcd9ad684d12e9238c6075abff3d2c48006212eb5307c3e03b5b096fe
https://worthcalc.win/ar/guides/refrigerator-cost-per-day-used/,ar,guide,src/content/growth-articles/ar/refrigerator-cost-per-day-used.md,200,https://worthcalc.win/ar/guides/refrigerator-cost-per-day-used/,0,true,"index,follow",,https://worthcalc.win/ar/guides/refrigerator-cost-per-day-used/,200,true,6,true,true,9,3,تكلفة الثلاجة لكل يوم استخدام: حوّل الطاقة السنوية إلى تكلفة منزلك | WorthCalc,تكلفة الثلاجة لكل يوم استخدام: حوّل الطاقة السنوية إلى تكلفة منزلك,266,32a2d5b706d9af04f275a6af0d62cc412fb9e860d48650d07489b32905dd37a2
https://worthcalc.win/ar/guides/rice-cooker-cost-per-cooking-cycle-used/,ar,guide,src/content/growth-articles/ar/rice-cooker-cost-per-cooking-cycle-used.md,200,https://worthcalc.win/ar/guides/rice-cooker-cost-per-cooking-cycle-used/,0,true,"index,follow",,https://worthcalc.win/ar/guides/rice-cooker-cost-per-cooking-cycle-used/,200,true,6,true,true,9,3,تكلفة طباخة الأرز لكل دورة طهي | WorthCalc,تكلفة طباخة الأرز لكل دورة طهي,390,faae8dbc530a0a5c712b875820ae948eb3e74429b368103848eba7e32916fa21
https://worthcalc.win/ar/guides/robot-vacuum-cost-per-cleaning-cycle-used/,ar,guide,src/content/growth-articles/ar/robot-vacuum-cost-per-cleaning-cycle-used.md,200,https://worthcalc.win/ar/guides/robot-vacuum-cost-per-cleaning-cycle-used/,0,true,"index,follow",,https://worthcalc.win/ar/guides/robot-vacuum-cost-per-cleaning-cycle-used/,200,true,6,true,true,8,3,تكلفة المكنسة الروبوتية لكل دورة تنظيف: أدرج القاعدة والشحن والتفريغ | WorthCalc,تكلفة المكنسة الروبوتية لكل دورة تنظيف: أدرج القاعدة والشحن والتفريغ,254,120ff9b015f0d792114fb1d7a0d0de0095ddb92be26f9dd82c53f0df70d0f9ce
https://worthcalc.win/ar/guides/room-air-conditioner-cost-per-cooling-hour-used/,ar,guide,src/content/growth-articles/ar/room-air-conditioner-cost-per-cooling-hour-used.md,200,https://worthcalc.win/ar/guides/room-air-conditioner-cost-per-cooling-hour-used/,0,true,"index,follow",,https://worthcalc.win/ar/guides/room-air-conditioner-cost-per-cooling-hour-used/,200,true,6,true,true,9,3,تكلفة مكيف الغرفة لكل ساعة تبريد: أدرج الضاغط والمروحة والخمول | WorthCalc,تكلفة مكيف الغرفة لكل ساعة تبريد: أدرج الضاغط والمروحة والخمول,192,e8f6437372275bf3e4213cf33341437a4933c6b46ab26e9f5ce2c2d0ebb6c8db
https://worthcalc.win/ar/guides/router-electricity-cost-per-month-used/,ar,guide,src/content/growth-articles/ar/router-electricity-cost-per-month-used.md,200,https://worthcalc.win/ar/guides/router-electricity-cost-per-month-used/,0,true,"index,follow",,https://worthcalc.win/ar/guides/router-electricity-cost-per-month-used/,200,true,6,true,true,9,3,تكلفة كهرباء الموجّه شهرياً: افصل الطاقة المستمرة عن خدمة الإنترنت | WorthCalc,تكلفة كهرباء الموجّه شهرياً: افصل الطاقة المستمرة عن خدمة الإنترنت,266,ae3bccbebca165d2f7eb19fef6a1b4be51eeab89b981da215f3c2e7ff664aef5
https://worthcalc.win/ar/guides/sandwich-maker-cost-per-use-used/,ar,guide,src/content/growth-articles/ar/sandwich-maker-cost-per-use-used.md,200,https://worthcalc.win/ar/guides/sandwich-maker-cost-per-use-used/,0,true,"index,follow",,https://worthcalc.win/ar/guides/sandwich-maker-cost-per-use-used/,200,true,6,true,true,9,3,تكلفة آلة الساندويتش لكل استخدام: أدرج التسخين والصفائح الفعلية | WorthCalc,تكلفة آلة الساندويتش لكل استخدام: أدرج التسخين والصفائح الفعلية,261,ac8b92eb804c67d62df39d72e5405cfc4e4e92ef79786fd0b9a1c9613f4d4937
https://worthcalc.win/ar/guides/savings-break-even-use-period/,ar,guide,src/content/growth-articles/ar/savings-break-even-use-period.md,200,https://worthcalc.win/ar/guides/savings-break-even-use-period/,0,true,"index,follow",,https://worthcalc.win/ar/guides/savings-break-even-use-period/,200,true,6,true,true,6,3,فترة التعادل في التوفير: كم شهراً أو استخداماً يلزم للتبديل؟ | WorthCalc,فترة التعادل في التوفير: كم شهراً أو استخداماً يلزم للتبديل؟,235,cd8091b7db03c2c9b9c3d70864b2e6bc6f783f73a9aeb2e3e6d395ce9ea2459c
https://worthcalc.win/ar/guides/scanner-electricity-cost-per-scanning-session-used/,ar,guide,src/content/growth-articles/ar/scanner-electricity-cost-per-scanning-session-used.md,200,https://worthcalc.win/ar/guides/scanner-electricity-cost-per-scanning-session-used/,0,true,"index,follow",,https://worthcalc.win/ar/guides/scanner-electricity-cost-per-scanning-session-used/,200,true,6,true,true,9,3,تكلفة كهرباء الماسح لكل جلسة: احسب المصباح والاستعداد | WorthCalc,تكلفة كهرباء الماسح لكل جلسة: احسب المصباح والاستعداد,521,1a9ec099785c3f05e8cecf042c9069985e58960b4fc35a48191ecd2b89e3e8ac
https://worthcalc.win/ar/guides/sewing-machine-electricity-cost-per-sewing-hour-used/,ar,guide,src/content/growth-articles/ar/sewing-machine-electricity-cost-per-sewing-hour-used.md,200,https://worthcalc.win/ar/guides/sewing-machine-electricity-cost-per-sewing-hour-used/,0,true,"index,follow",,https://worthcalc.win/ar/guides/sewing-machine-electricity-cost-per-sewing-hour-used/,200,true,6,true,true,10,3,تكلفة ماكينة الخياطة لكل ساعة خياطة: أدرج زمن الدواسة | WorthCalc,تكلفة ماكينة الخياطة لكل ساعة خياطة: أدرج زمن الدواسة,330,a46cbb737ea4646e4fc17ea364795da8625742122ac47cb51e2d57c8f1b4634e
https://worthcalc.win/ar/guides/slow-cooker-cost-per-cooking-hour-used/,ar,guide,src/content/growth-articles/ar/slow-cooker-cost-per-cooking-hour-used.md,200,https://worthcalc.win/ar/guides/slow-cooker-cost-per-cooking-hour-used/,0,true,"index,follow",,https://worthcalc.win/ar/guides/slow-cooker-cost-per-cooking-hour-used/,200,true,6,true,true,9,3,تكلفة الطباخة البطيئة لكل ساعة طهي | WorthCalc,تكلفة الطباخة البطيئة لكل ساعة طهي,386,de0f0b1696c979d39ec1f6adfcdd1906d5bcc65b289abd259a54f29c3f3ad0d1
https://worthcalc.win/ar/guides/smart-speaker-electricity-cost-per-listening-hour-used/,ar,guide,src/content/growth-articles/ar/smart-speaker-electricity-cost-per-listening-hour-used.md,200,https://worthcalc.win/ar/guides/smart-speaker-electricity-cost-per-listening-hour-used/,0,true,"index,follow",,https://worthcalc.win/ar/guides/smart-speaker-electricity-cost-per-listening-hour-used/,200,true,6,true,true,9,3,تكلفة مكبر الصوت الذكي لكل ساعة استماع: افصل التشغيل والاستعداد | WorthCalc,تكلفة مكبر الصوت الذكي لكل ساعة استماع: افصل التشغيل والاستعداد,427,479bfc478b893706c139744375e6a6369acd8d7c1279a71d5070aa1de49e6d8d
https://worthcalc.win/ar/guides/software-add-on-cost-per-active-seat/,ar,guide,src/content/growth-articles/ar/software-add-on-cost-per-active-seat.md,200,https://worthcalc.win/ar/guides/software-add-on-cost-per-active-seat/,0,true,"index,follow",,https://worthcalc.win/ar/guides/software-add-on-cost-per-active-seat/,200,true,6,true,true,7,3,تكلفة إضافة البرنامج لكل مقعد نشط: افصل الوصول عن التبني | WorthCalc,تكلفة إضافة البرنامج لكل مقعد نشط: افصل الوصول عن التبني,280,b7479e9f21159c9d73f9cb257d3d658b1ebcfb2085dce4b4d5072321cbe81ce1
https://worthcalc.win/ar/guides/software-seat-cost-per-active-user/,ar,guide,src/content/growth-articles/ar/software-seat-cost-per-active-user.md,200,https://worthcalc.win/ar/guides/software-seat-cost-per-active-user/,0,true,"index,follow",,https://worthcalc.win/ar/guides/software-seat-cost-per-active-user/,200,true,6,true,true,7,3,تكلفة مقعد البرنامج لكل مستخدم نشط: احسب الوصول غير المستخدم | WorthCalc,تكلفة مقعد البرنامج لكل مستخدم نشط: احسب الوصول غير المستخدم,279,a38ec62d50661b257f3446bf7459457b4de332578f97c3316006cc91abb70162
https://worthcalc.win/ar/guides/solar-inverter-electricity-cost-per-monitoring-day-used/,ar,guide,src/content/growth-articles/ar/solar-inverter-electricity-cost-per-monitoring-day-used.md,200,https://worthcalc.win/ar/guides/solar-inverter-electricity-cost-per-monitoring-day-used/,0,true,"index,follow",,https://worthcalc.win/ar/guides/solar-inverter-electricity-cost-per-monitoring-day-used/,200,true,6,true,true,6,3,تكلفة عاكس الطاقة الشمسية لكل يوم مراقبة: افصل الاستعداد والتحويل | WorthCalc,تكلفة عاكس الطاقة الشمسية لكل يوم مراقبة: افصل الاستعداد والتحويل,323,78871303ccc4a6e478cd6a68afbc9037b0dc79625a47e23fb43f16ec1087e0e8
https://worthcalc.win/ar/guides/soldering-iron-electricity-cost-per-repair-hour-used/,ar,guide,src/content/growth-articles/ar/soldering-iron-electricity-cost-per-repair-hour-used.md,200,https://worthcalc.win/ar/guides/soldering-iron-electricity-cost-per-repair-hour-used/,0,true,"index,follow",,https://worthcalc.win/ar/guides/soldering-iron-electricity-cost-per-repair-hour-used/,200,true,6,true,true,10,3,تكلفة مكواة اللحام لكل ساعة إصلاح: أدرج التسخين الأولي | WorthCalc,تكلفة مكواة اللحام لكل ساعة إصلاح: أدرج التسخين الأولي,337,fd464c51a69d792cf66c2d8bdc9db1720128e4e099e0db024c07d05afe003a9f
https://worthcalc.win/ar/guides/soundbar-electricity-cost-per-watched-hour-used/,ar,guide,src/content/growth-articles/ar/soundbar-electricity-cost-per-watched-hour-used.md,200,https://worthcalc.win/ar/guides/soundbar-electricity-cost-per-watched-hour-used/,0,true,"index,follow",,https://worthcalc.win/ar/guides/soundbar-electricity-cost-per-watched-hour-used/,200,true,6,true,true,9,3,تكلفة كهرباء مكبر الصوت لكل ساعة مشاهدة: افصل التشغيل والاستعداد | WorthCalc,تكلفة كهرباء مكبر الصوت لكل ساعة مشاهدة: افصل التشغيل والاستعداد,527,a01afce39c03c0375f4c32d4471fddad8eac29fe8b7a7c1992cc11b83bbcb12b
https://worthcalc.win/ar/guides/stand-mixer-cost-per-mixing-session-used/,ar,guide,src/content/growth-articles/ar/stand-mixer-cost-per-mixing-session-used.md,200,https://worthcalc.win/ar/guides/stand-mixer-cost-per-mixing-session-used/,0,true,"index,follow",,https://worthcalc.win/ar/guides/stand-mixer-cost-per-mixing-session-used/,200,true,6,true,true,9,3,تكلفة الخلاط العمودي لكل جلسة خلط: أدرج وقت المحرك والملحقات | WorthCalc,تكلفة الخلاط العمودي لكل جلسة خلط: أدرج وقت المحرك والملحقات,255,a11f63d3b462bf5900762b830722d44b979e918314a171626ff393c92f3d3fe4
https://worthcalc.win/ar/guides/standby-power-cost-per-day-used/,ar,guide,src/content/growth-articles/ar/standby-power-cost-per-day-used.md,200,https://worthcalc.win/ar/guides/standby-power-cost-per-day-used/,0,true,"index,follow",,https://worthcalc.win/ar/guides/standby-power-cost-per-day-used/,200,true,6,true,true,13,3,تكلفة طاقة الاستعداد يومياً: قِس الحمل والخدمة التي يحافظ عليها | WorthCalc,تكلفة طاقة الاستعداد يومياً: قِس الحمل والخدمة التي يحافظ عليها,292,da04c852baca55de735470d14fee97c0b064c0dffa2ffa19cb8c221c275583eb
https://worthcalc.win/ar/guides/streaming-cost-per-watched-hour/,ar,guide,src/content/growth-articles/ar/streaming-cost-per-watched-hour.md,200,https://worthcalc.win/ar/guides/streaming-cost-per-watched-hour/,0,true,"index,follow",,https://worthcalc.win/ar/guides/streaming-cost-per-watched-hour/,200,true,6,true,true,7,3,تكلفة البث لكل ساعة مشاهدة: أضف الإعلانات والإضافات والتجديد التلقائي | WorthCalc,تكلفة البث لكل ساعة مشاهدة: أضف الإعلانات والإضافات والتجديد التلقائي,281,4093081e61ff75f51b14ed59dbd4c90b505ef31d503c3a4c1a63fbe1023dce84
https://worthcalc.win/ar/guides/subscription-price-increase-annual-impact/,ar,guide,src/content/growth-articles/ar/subscription-price-increase-annual-impact.md,200,https://worthcalc.win/ar/guides/subscription-price-increase-annual-impact/,0,true,"index,follow",,https://worthcalc.win/ar/guides/subscription-price-increase-annual-impact/,200,true,6,true,true,6,3,زيادة سعر الاشتراك: احسب أثرها السنوي على ميزانيتك | WorthCalc,زيادة سعر الاشتراك: احسب أثرها السنوي على ميزانيتك,475,ae67816b290e6d71c9e2507aa55d55f2895d00085d451b6ba5af5077b421c2ed
https://worthcalc.win/ar/guides/television-electricity-cost-per-watched-hour-used/,ar,guide,src/content/growth-articles/ar/television-electricity-cost-per-watched-hour-used.md,200,https://worthcalc.win/ar/guides/television-electricity-cost-per-watched-hour-used/,0,true,"index,follow",,https://worthcalc.win/ar/guides/television-electricity-cost-per-watched-hour-used/,200,true,6,true,true,7,3,تكلفة التلفاز لكل ساعة مشاهدة: أدرج وضع الصورة وأجهزة البث | WorthCalc,تكلفة التلفاز لكل ساعة مشاهدة: أدرج وضع الصورة وأجهزة البث,267,b1357cfadc6264cd48cd1eb7bea6595437edb498913ee376fc0036e3796fcd70
https://worthcalc.win/ar/guides/terrarium-heat-lamp-electricity-cost-per-heating-hour-used/,ar,guide,src/content/growth-articles/ar/terrarium-heat-lamp-electricity-cost-per-heating-hour-used.md,200,https://worthcalc.win/ar/guides/terrarium-heat-lamp-electricity-cost-per-heating-hour-used/,0,true,"index,follow",,https://worthcalc.win/ar/guides/terrarium-heat-lamp-electricity-cost-per-heating-hour-used/,200,true,6,true,true,10,3,تكلفة مصباح حرارة الحوض لكل ساعة تدفئة: احسب فترة المؤقت | WorthCalc,تكلفة مصباح حرارة الحوض لكل ساعة تدفئة: احسب فترة المؤقت,523,86f47a1c09002be5795337e5c23a77aee045ea7c4a17578a80586fc0b7baa166
https://worthcalc.win/ar/guides/toaster-cost-per-use-used/,ar,guide,src/content/growth-articles/ar/toaster-cost-per-use-used.md,200,https://worthcalc.win/ar/guides/toaster-cost-per-use-used/,0,true,"index,follow",,https://worthcalc.win/ar/guides/toaster-cost-per-use-used/,200,true,6,true,true,9,3,تكلفة محمصة الخبز لكل استخدام | WorthCalc,تكلفة محمصة الخبز لكل استخدام,391,ebe1e40fe57a38abd1d7b5b7eb3e0b8ef8ea2c0ff5691f443a070589b7513962
https://worthcalc.win/ar/guides/tool-rental-cost-per-project/,ar,guide,src/content/growth-articles/ar/tool-rental-cost-per-project.md,200,https://worthcalc.win/ar/guides/tool-rental-cost-per-project/,0,true,"index,follow",,https://worthcalc.win/ar/guides/tool-rental-cost-per-project/,200,true,6,true,true,7,3,تكلفة استئجار الأداة لكل مشروع: قارن أيام الإيجار بالملكية | WorthCalc,تكلفة استئجار الأداة لكل مشروع: قارن أيام الإيجار بالملكية,284,162dbcbd3d1d1fbb82dbb4ddbcc1428afc80a3f2abf5fad07b89cac41812c95e
https://worthcalc.win/ar/guides/transit-pass-cost-per-ride-used/,ar,guide,src/content/growth-articles/ar/transit-pass-cost-per-ride-used.md,200,https://worthcalc.win/ar/guides/transit-pass-cost-per-ride-used/,0,true,"index,follow",,https://worthcalc.win/ar/guides/transit-pass-cost-per-ride-used/,200,true,6,true,true,7,3,تكلفة بطاقة النقل لكل رحلة مستخدمة: احسب التحويلات والأيام الفائتة | WorthCalc,تكلفة بطاقة النقل لكل رحلة مستخدمة: احسب التحويلات والأيام الفائتة,297,2268dc49458963df43ccf62ebce71510ffeb899ee786932a5f93a6b7e4e378c3
https://worthcalc.win/ar/guides/true-cost-of-buy-now-pay-later/,ar,guide,src/content/growth-articles/ar/true-cost-of-buy-now-pay-later.md,200,https://worthcalc.win/ar/guides/true-cost-of-buy-now-pay-later/,0,true,"index,follow",,https://worthcalc.win/ar/guides/true-cost-of-buy-now-pay-later/,200,true,6,true,true,6,3,التكلفة الحقيقية للشراء الآن والدفع لاحقاً: احسب الرسوم والتوقيت والمخاطر | WorthCalc,التكلفة الحقيقية للشراء الآن والدفع لاحقاً: احسب الرسوم والتوقيت والمخاطر,333,4a46cd4653c1312fe27dd544ac70066d4e50b1858a76215d4dd7ed2162c00698
https://worthcalc.win/ar/guides/true-cost-of-convenience-delivery/,ar,guide,src/content/growth-articles/ar/true-cost-of-convenience-delivery.md,200,https://worthcalc.win/ar/guides/true-cost-of-convenience-delivery/,0,true,"index,follow",,https://worthcalc.win/ar/guides/true-cost-of-convenience-delivery/,200,true,6,true,true,12,3,التكلفة الحقيقية للتوصيل للراحة: أضف الرسوم والإكرامية والوقت | WorthCalc,التكلفة الحقيقية للتوصيل للراحة: أضف الرسوم والإكرامية والوقت,352,5347e6af4ea44e2cb5673385f77d6029a37bc166ed46e4a4807405e10d854fd9
https://worthcalc.win/ar/guides/true-cost-of-extended-warranty/,ar,guide,src/content/growth-articles/ar/true-cost-of-extended-warranty.md,200,https://worthcalc.win/ar/guides/true-cost-of-extended-warranty/,0,true,"index,follow",,https://worthcalc.win/ar/guides/true-cost-of-extended-warranty/,200,true,6,true,true,6,3,التكلفة الحقيقية للضمان الممتد: قارن التغطية باحتياطي الإصلاح | WorthCalc,التكلفة الحقيقية للضمان الممتد: قارن التغطية باحتياطي الإصلاح,316,78cf3564441b8bb89002874b88264091018ca05093906df35b93bda85f86bfc3
https://worthcalc.win/ar/guides/true-cost-of-free-shipping-threshold/,ar,guide,src/content/growth-articles/ar/true-cost-of-free-shipping-threshold.md,200,https://worthcalc.win/ar/guides/true-cost-of-free-shipping-threshold/,0,true,"index,follow",,https://worthcalc.win/ar/guides/true-cost-of-free-shipping-threshold/,200,true,6,true,true,7,3,التكلفة الحقيقية لحد الشحن المجاني: متى يجعلك الحد تنفق أكثر؟ | WorthCalc,التكلفة الحقيقية لحد الشحن المجاني: متى يجعلك الحد تنفق أكثر؟,341,a8ebe5489ef05138f46767cbc90dd807edb744d537d5b4c70232e7eddbdb0088
https://worthcalc.win/ar/guides/true-cost-of-home-service-plan/,ar,guide,src/content/growth-articles/ar/true-cost-of-home-service-plan.md,200,https://worthcalc.win/ar/guides/true-cost-of-home-service-plan/,0,true,"index,follow",,https://worthcalc.win/ar/guides/true-cost-of-home-service-plan/,200,true,6,true,true,6,3,التكلفة الحقيقية لخطة خدمات المنزل: سعّر التغطية المستخدمة فعلياً | WorthCalc,التكلفة الحقيقية لخطة خدمات المنزل: سعّر التغطية المستخدمة فعلياً,303,1fdb236d2045d8be579feacf233356435cc6c0a14b6d0efdaacfb1a4e3eaa6e0
https://worthcalc.win/ar/guides/true-cost-of-rental-car/,ar,guide,src/content/growth-articles/ar/true-cost-of-rental-car.md,200,https://worthcalc.win/ar/guides/true-cost-of-rental-car/,0,true,"index,follow",,https://worthcalc.win/ar/guides/true-cost-of-rental-car/,200,true,6,true,true,6,3,التكلفة الحقيقية لاستئجار سيارة: أضف الوقود والتأمين والوديعة والوقت | WorthCalc,التكلفة الحقيقية لاستئجار سيارة: أضف الوقود والتأمين والوديعة والوقت,312,22df0e21431d9db2e2b29a45c37d3b371831d7f58583c95fa78ad27e866d7df8
https://worthcalc.win/ar/guides/true-cost-of-upgrade-feature/,ar,guide,src/content/growth-articles/ar/true-cost-of-upgrade-feature.md,200,https://worthcalc.win/ar/guides/true-cost-of-upgrade-feature/,0,true,"index,follow",,https://worthcalc.win/ar/guides/true-cost-of-upgrade-feature/,200,true,6,true,true,6,3,التكلفة الحقيقية لترقية ميزة مدفوعة: قِس القيمة الإضافية لا قائمة المزايا | WorthCalc,التكلفة الحقيقية لترقية ميزة مدفوعة: قِس القيمة الإضافية لا قائمة المزايا,315,f8d65738737cce2c81cb650635a0c32e5217c373dd1a507788d3ecdff7739b23
https://worthcalc.win/ar/guides/unused-membership-capacity-cost/,ar,guide,src/content/growth-articles/ar/unused-membership-capacity-cost.md,200,https://worthcalc.win/ar/guides/unused-membership-capacity-cost/,0,true,"index,follow",,https://worthcalc.win/ar/guides/unused-membership-capacity-cost/,200,true,6,true,true,7,3,السعة غير المستخدمة في العضوية: احسب تكلفة المزايا التي لا تستفيد منها | WorthCalc,السعة غير المستخدمة في العضوية: احسب تكلفة المزايا التي لا تستفيد منها,218,6fdd4d6a4a24d030ac75c8a7de7cffe5ab9c971610f0781bb8992486531f0385
https://worthcalc.win/ar/guides/usb-charging-hub-electricity-cost-per-charging-session-used/,ar,guide,src/content/growth-articles/ar/usb-charging-hub-electricity-cost-per-charging-session-used.md,200,https://worthcalc.win/ar/guides/usb-charging-hub-electricity-cost-per-charging-session-used/,0,true,"index,follow",,https://worthcalc.win/ar/guides/usb-charging-hub-electricity-cost-per-charging-session-used/,200,true,6,true,true,10,3,تكلفة موزع شحن USB لكل جلسة: قِس الأجهزة معاً | WorthCalc,تكلفة موزع شحن USB لكل جلسة: قِس الأجهزة معاً,383,5cb9f51fbc87e63ca7a69987eaf036389b19a0058f4cb1252ea6819b140c330e
https://worthcalc.win/ar/guides/vacuum-cleaner-electricity-cost-per-cleaning-hour-used/,ar,guide,src/content/growth-articles/ar/vacuum-cleaner-electricity-cost-per-cleaning-hour-used.md,200,https://worthcalc.win/ar/guides/vacuum-cleaner-electricity-cost-per-cleaning-hour-used/,0,true,"index,follow",,https://worthcalc.win/ar/guides/vacuum-cleaner-electricity-cost-per-cleaning-hour-used/,200,true,6,true,true,8,3,تكلفة المكنسة الكهربائية لكل ساعة تنظيف: قِس الجلسة الفعلية | WorthCalc,تكلفة المكنسة الكهربائية لكل ساعة تنظيف: قِس الجلسة الفعلية,261,dff323cec0f1e511cf13564f0f63c14e1163f112633b1996ff10b69797012532
https://worthcalc.win/ar/guides/waffle-maker-cost-per-cooking-cycle-used/,ar,guide,src/content/growth-articles/ar/waffle-maker-cost-per-cooking-cycle-used.md,200,https://worthcalc.win/ar/guides/waffle-maker-cost-per-cooking-cycle-used/,0,true,"index,follow",,https://worthcalc.win/ar/guides/waffle-maker-cost-per-cooking-cycle-used/,200,true,6,true,true,9,3,تكلفة آلة الوافل لكل دورة طهي: أدرج التسخين والصفائح المتكررة | WorthCalc,تكلفة آلة الوافل لكل دورة طهي: أدرج التسخين والصفائح المتكررة,263,8fd19a6831e2cab7f80be09b1aac31900cd73a83780081044e86ee27951129e5
https://worthcalc.win/ar/guides/water-bill-cost-per-gallon-used/,ar,guide,src/content/growth-articles/ar/water-bill-cost-per-gallon-used.md,200,https://worthcalc.win/ar/guides/water-bill-cost-per-gallon-used/,0,true,"index,follow",,https://worthcalc.win/ar/guides/water-bill-cost-per-gallon-used/,200,true,6,true,true,8,3,تكلفة المياه لكل جالون مستخدم: أضف الصرف والرسوم الثابتة | WorthCalc,تكلفة المياه لكل جالون مستخدم: أضف الصرف والرسوم الثابتة,352,ad8f513034d9b0b40585db94c0233c5e715aa22529c8cbd0f8e57b32c1395f1c
https://worthcalc.win/ar/guides/water-cooler-electricity-cost-per-cooling-day-used/,ar,guide,src/content/growth-articles/ar/water-cooler-electricity-cost-per-cooling-day-used.md,200,https://worthcalc.win/ar/guides/water-cooler-electricity-cost-per-cooling-day-used/,0,true,"index,follow",,https://worthcalc.win/ar/guides/water-cooler-electricity-cost-per-cooling-day-used/,200,true,6,true,true,10,3,تكلفة مبرد المياه لكل يوم تبريد: افصل الوضع البارد والساخن | WorthCalc,تكلفة مبرد المياه لكل يوم تبريد: افصل الوضع البارد والساخن,389,9393e0f90cca3a70ba56aeb2902186547754876529f35615ad796fc2f8a93076
https://worthcalc.win/ar/guides/water-heater-cost-per-gallon-heated/,ar,guide,src/content/growth-articles/ar/water-heater-cost-per-gallon-heated.md,200,https://worthcalc.win/ar/guides/water-heater-cost-per-gallon-heated/,0,true,"index,follow",,https://worthcalc.win/ar/guides/water-heater-cost-per-gallon-heated/,200,true,6,true,true,8,3,تكلفة سخان الماء لكل غالون مسخّن: افصل الماء الساخن عن تكلفة الاستعداد | WorthCalc,تكلفة سخان الماء لكل غالون مسخّن: افصل الماء الساخن عن تكلفة الاستعداد,254,167a15f5af587a52e7d9bf2ddcd863a00c5832bd7ff19da73ca284148ef8e2b5
https://worthcalc.win/ar/guides/webcam-electricity-cost-per-meeting-hour-used/,ar,guide,src/content/growth-articles/ar/webcam-electricity-cost-per-meeting-hour-used.md,200,https://worthcalc.win/ar/guides/webcam-electricity-cost-per-meeting-hour-used/,0,true,"index,follow",,https://worthcalc.win/ar/guides/webcam-electricity-cost-per-meeting-hour-used/,200,true,6,true,true,10,3,تكلفة كاميرا الويب لكل ساعة اجتماع: افصل الكاميرا وإضاءة LED | WorthCalc,تكلفة كاميرا الويب لكل ساعة اجتماع: افصل الكاميرا وإضاءة LED,425,8c96509baa262b4181de7107f320962db175e70dea92b6a5b156ea0ebca93950
https://worthcalc.win/de/about/,de,legal,src/pages/[locale]/[legal].astro,200,https://worthcalc.win/de/about/,0,false,"noindex,follow",,https://worthcalc.win/de/about/,200,true,0,true,false,139,2,"Über WorthCalc: Rechenmethode, Unabhängigkeit und Prüfung | WorthCalc","Über WorthCalc: Rechenmethode, Unabhängigkeit und Prüfung",274,e65c77d75be0756d1d70683b370f319aa5ef61bf45f143bf5f09dcad291adabd
https://worthcalc.win/de/annual-fee-card-breakeven/,de,editorial,,200,https://worthcalc.win/de/annual-fee-card-breakeven/,0,true,"index, follow, max-image-preview:large",,https://worthcalc.win/de/annual-fee-card-breakeven/,200,true,6,true,true,8,2,Wie viel Umsatz gleicht die Jahresgebühr einer Kreditkarte aus? | WorthCalc,Wie viel Umsatz gleicht die Jahresgebühr einer Kreditkarte aus?,884,cff0791e381d13206a243c4971f599daf13ee5bb0154b8683838c083830e18ca
https://worthcalc.win/de/bnpl-vs-credit-card-installments/,de,editorial,,200,https://worthcalc.win/de/bnpl-vs-credit-card-installments/,0,false,"noindex,follow",,https://worthcalc.win/de/bnpl-vs-credit-card-installments/,200,true,0,true,false,7,3,"Buy now, pay later oder Kreditkartenraten: Kosten und Fälligkeiten vergleichen | WorthCalc","Buy now, pay later oder Kreditkartenraten: Kosten und Fälligkeiten vergleichen",1235,08ead9638a0f7e2c704cbcee89f3a308148c2bdb8338f90617198877671772b9
https://worthcalc.win/de/budget-with-irregular-income/,de,editorial,,200,https://worthcalc.win/de/budget-with-irregular-income/,0,false,"noindex,follow",,https://worthcalc.win/de/budget-with-irregular-income/,200,true,0,true,false,7,3,Budget bei schwankendem Selbstständigen-Einkommen: Steuerrücklage richtig planen | WorthCalc,Budget bei schwankendem Selbstständigen-Einkommen: Steuerrücklage richtig planen,904,b5fc2e270c72700c07c01e63c540a8808946d37c70f350dcf272b8b236254c67
https://worthcalc.win/de/bulk-buying-vs-small-packages/,de,editorial,,200,https://worthcalc.win/de/bulk-buying-vs-small-packages/,0,false,"noindex,follow",,https://worthcalc.win/de/bulk-buying-vs-small-packages/,200,true,0,true,false,8,3,Großpackung oder klein: echte Stückkosten nach Verderb und Lagerung | WorthCalc,Großpackung oder klein: echte Stückkosten nach Verderb und Lagerung,553,a3dfbb9d418211d9d5575203c27b393d1db13955a5146c9484b36cdef42fb21e
https://worthcalc.win/de/bulk-buying-waste-math/,de,editorial,,200,https://worthcalc.win/de/bulk-buying-waste-math/,0,false,"noindex,follow",,https://worthcalc.win/de/bulk-buying-waste-math/,200,true,0,true,false,7,3,Großpackung: maximalen Verlust bis zum Break-even berechnen | WorthCalc,Großpackung: maximalen Verlust bis zum Break-even berechnen,468,2230fc584dd0313a17c99eddb0c20c83e21ae3a52390d037492f9fe20d72b420
https://worthcalc.win/de/car-lease-vs-buy-total-cost/,de,editorial,,200,https://worthcalc.win/de/car-lease-vs-buy-total-cost/,0,false,"noindex,follow",,https://worthcalc.win/de/car-lease-vs-buy-total-cost/,200,true,0,true,false,6,3,"Leasing oder Autokauf: Gesamtkosten, Kilometer und Restwertrisiko vergleichen | WorthCalc","Leasing oder Autokauf: Gesamtkosten, Kilometer und Restwertrisiko vergleichen",1123,cdc6e8549b467eaf773b1fbc8d4924e88ce98690528aef8ffcb079d0f8863894
https://worthcalc.win/de/cashback-caps-real-reward-rate/,de,editorial,,200,https://worthcalc.win/de/cashback-caps-real-reward-rate/,0,true,"index, follow, max-image-preview:large",,https://worthcalc.win/de/cashback-caps-real-reward-rate/,200,true,6,true,true,7,3,Cashback-Limits und Bonuskategorien: So berechnen Sie die tatsächliche Rückvergütung | WorthCalc,Cashback-Limits und Bonuskategorien: So berechnen Sie die tatsächliche Rückvergütung,942,be98404734edf72bb33ce1e58508eb2d59d1e94b9cd198dc43c3d0ced984e85e
https://worthcalc.win/de/changelog/,de,legal,src/pages/[locale]/[legal].astro,200,https://worthcalc.win/de/changelog/,0,false,"noindex,follow",,https://worthcalc.win/de/changelog/,200,true,0,true,false,72,2,Änderungsprotokoll von WorthCalc | WorthCalc,Änderungsprotokoll von WorthCalc,272,8f953eaae5ab6d3c2c0905b3b3dc4c85245483545384f3b0c8586c38878ecbd0
https://worthcalc.win/de/contact/,de,legal,src/pages/[locale]/[legal].astro,200,https://worthcalc.win/de/contact/,0,false,"noindex,follow",,https://worthcalc.win/de/contact/,200,true,0,true,false,72,2,"WorthCalc kontaktieren: Rechenfehler, Quelle oder Vorschlag | WorthCalc","WorthCalc kontaktieren: Rechenfehler, Quelle oder Vorschlag",305,a51fba67c824910b5f4e6a1fc44a7440e47b6b65b10a319e8139fee556b46843
https://worthcalc.win/de/cost-per-use-expensive-item/,de,editorial,,200,https://worthcalc.win/de/cost-per-use-expensive-item/,0,false,"noindex,follow",,https://worthcalc.win/de/cost-per-use-expensive-item/,200,true,0,true,false,7,3,"Kosten pro Nutzung teurer Gegenstände: geplant, tatsächlich und Break-even | WorthCalc","Kosten pro Nutzung teurer Gegenstände: geplant, tatsächlich und Break-even",526,dbb7975116b02c50007c136e446e770bca5c04b77754a2862d620e185085ac4c
https://worthcalc.win/de/costco-math/,de,editorial,,200,https://worthcalc.win/de/costco-math/,0,false,"noindex,follow",,https://worthcalc.win/de/costco-math/,200,true,0,true,false,7,3,"Lohnt sich Costco aus Deutschland? Mitgliedsbeitrag, Auslandsfahrt und Break-even | WorthCalc","Lohnt sich Costco aus Deutschland? Mitgliedsbeitrag, Auslandsfahrt und Break-even",473,60367028fa2af425f5aa4dc93a03e5bc6d87c3fd1d5af65b58e04f4a482879e8
https://worthcalc.win/de/credit-card-minimum-payment-trap/,de,editorial,,200,https://worthcalc.win/de/credit-card-minimum-payment-trap/,0,false,"noindex,follow",,https://worthcalc.win/de/credit-card-minimum-payment-trap/,200,true,0,true,false,7,3,Dispozinsen berechnen: Warum der Dispokredit teurer ist als die Kreditkarte | WorthCalc,Dispozinsen berechnen: Warum der Dispokredit teurer ist als die Kreditkarte,945,0ff9327f13471a9e62c3091720d2d977201eb4aba900616aac94713799d89c0d
https://worthcalc.win/de/delivery-membership-break-even/,de,editorial,,200,https://worthcalc.win/de/delivery-membership-break-even/,0,false,"noindex,follow",,https://worthcalc.win/de/delivery-membership-break-even/,200,true,0,true,false,6,3,Ab wann lohnt sich eine Liefermitgliedschaft? | WorthCalc,Ab wann lohnt sich eine Liefermitgliedschaft?,836,24675e6ae963107071a76a48c5eabb0cb6072be83732659cc4a0945f9364a780
https://worthcalc.win/de/disclaimer/,de,legal,src/pages/[locale]/[legal].astro,200,https://worthcalc.win/de/disclaimer/,0,false,"noindex,follow",,https://worthcalc.win/de/disclaimer/,200,true,0,true,false,72,2,Hinweis zu Ergebnissen und Grenzen von WorthCalc | WorthCalc,Hinweis zu Ergebnissen und Grenzen von WorthCalc,336,13cf767ebbb0649a6c23390fd4fec266098d2677d505d19a0590d3adfef96d06
https://worthcalc.win/de/energy-efficient-appliance-payback/,de,editorial,,200,https://worthcalc.win/de/energy-efficient-appliance-payback/,0,false,"noindex,follow",,https://worthcalc.win/de/energy-efficient-appliance-payback/,200,true,0,true,false,6,3,"Amortisation effizienter Haushaltsgeräte: Aufpreis, kWh und Break-even | WorthCalc","Amortisation effizienter Haushaltsgeräte: Aufpreis, kWh und Break-even",568,3979454f4edabb624a998b2aff96d890d20e643020d6e8ac25cc47c3bb134368
https://worthcalc.win/de/ev-vs-gas-total-cost/,de,editorial,,200,https://worthcalc.win/de/ev-vs-gas-total-cost/,0,true,"index, follow, max-image-preview:large",,https://worthcalc.win/de/ev-vs-gas-total-cost/,200,true,6,true,true,10,2,E-Auto oder Verbrenner: So vergleichen Sie die Gesamtkosten | WorthCalc,E-Auto oder Verbrenner: So vergleichen Sie die Gesamtkosten,1132,d3f1444f2b2171b7c3ff64fd8c697536cf4ea5bf49758d194b3b3c6c6fd0143f
https://worthcalc.win/de/extra-mortgage-payments-guide/,de,editorial,,200,https://worthcalc.win/de/extra-mortgage-payments-guide/,0,false,"noindex,follow",,https://worthcalc.win/de/extra-mortgage-payments-guide/,200,true,0,true,false,7,3,Sondertilgung oder §489 BGB: Wann sich vorzeitige Tilgung wirklich lohnt | WorthCalc,Sondertilgung oder §489 BGB: Wann sich vorzeitige Tilgung wirklich lohnt,1190,c898eca3ed8bd982171385cddd6f5cff4f4d9249eb539ba5dcc4c5b4095bc722
https://worthcalc.win/de/full-commute-cost-including-time/,de,editorial,,200,https://worthcalc.win/de/full-commute-cost-including-time/,0,true,"index, follow, max-image-preview:large",,https://worthcalc.win/de/full-commute-cost-including-time/,200,true,6,true,true,7,3,So berechnen Sie die vollständigen Pendelkosten einschließlich Zeit | WorthCalc,So berechnen Sie die vollständigen Pendelkosten einschließlich Zeit,821,6158d6e791c36ba90d1e8f8281a15a4c08c82abb17849807f54ac9f5838a4756
https://worthcalc.win/de/guides/,de,guides-directory,src/pages/[locale]/guides/index.astro,200,https://worthcalc.win/de/guides/,0,true,"index, follow, max-image-preview:large",,https://worthcalc.win/de/guides/,200,true,6,true,true,199,2,Alle Ratgeber | WorthCalc,Alle Ratgeber,618,52d0b510aab15367c0babbab8c35c468171f6706d5911b9a1786bf3cc0709cab
https://worthcalc.win/de/gym-membership-cost-per-visit/,de,editorial,,200,https://worthcalc.win/de/gym-membership-cost-per-visit/,0,false,"noindex,follow",,https://worthcalc.win/de/gym-membership-cost-per-visit/,200,true,0,true,false,6,3,"Fitnessstudio-Kosten pro Besuch: Wie oft müssen Sie trainieren, damit es sich lohnt? | WorthCalc","Fitnessstudio-Kosten pro Besuch: Wie oft müssen Sie trainieren, damit es sich lohnt?",908,1779f4d0436aa922f922a2d7e4e36576b315ed31ae7a77964236797dcf0072b1
https://worthcalc.win/de/home-vs-public-ev-charging-cost/,de,editorial,,200,https://worthcalc.win/de/home-vs-public-ev-charging-cost/,0,false,"noindex,follow",,https://worthcalc.win/de/home-vs-public-ev-charging-cost/,200,true,0,true,false,7,3,Zu Hause oder öffentlich laden: Was kostet ein E-Auto wirklich pro Kilometer? | WorthCalc,Zu Hause oder öffentlich laden: Was kostet ein E-Auto wirklich pro Kilometer?,1102,f44fd4bd895c1246f09dd906a32064578884b3e9dc8da031f652fb518f6142db
https://worthcalc.win/de/hourly-vs-annual-salary/,de,editorial,,200,https://worthcalc.win/de/hourly-vs-annual-salary/,0,false,"noindex,follow",,https://worthcalc.win/de/hourly-vs-annual-salary/,200,true,0,true,false,7,3,Brutto-Netto-Rechner verstehen: Vom Stundenlohn zum tatsächlichen Jahresgehalt | WorthCalc,Brutto-Netto-Rechner verstehen: Vom Stundenlohn zum tatsächlichen Jahresgehalt,828,13be320f2390be68ae7b42499f2607a865e8438bfbe982e01fae0941cdee62d1
https://worthcalc.win/de/how-compound-growth-works/,de,editorial,,200,https://worthcalc.win/de/how-compound-growth-works/,0,false,"noindex,follow",,https://worthcalc.win/de/how-compound-growth-works/,200,true,0,true,false,7,3,Zinseszins nach Steuern: Was von Ihren Kapitalerträgen nach Abgeltungsteuer wirklich übrig bleibt | WorthCalc,Zinseszins nach Steuern: Was von Ihren Kapitalerträgen nach Abgeltungsteuer wirklich übrig bleibt,1302,fa62e7daf88ebbc3b8dd68c579b0d81538ec6a77f2213bc4fb77e19d44737a73
https://worthcalc.win/de/how-much-home-can-you-afford/,de,editorial,,200,https://worthcalc.win/de/how-much-home-can-you-afford/,0,false,"noindex,follow",,https://worthcalc.win/de/how-much-home-can-you-afford/,200,true,0,true,false,7,3,Kaufnebenkosten berechnen: Warum ein Haus 10–15 % mehr kostet als der Kaufpreis | WorthCalc,Kaufnebenkosten berechnen: Warum ein Haus 10–15 % mehr kostet als der Kaufpreis,863,18767f9d72d7ead2c4222528fd9527a2effca76f3f9295ef0d55ce4a4e39a139
https://worthcalc.win/de/how-to-calculate-dti/,de,editorial,,200,https://worthcalc.win/de/how-to-calculate-dti/,0,false,"noindex,follow",,https://worthcalc.win/de/how-to-calculate-dti/,200,true,0,true,false,7,3,Haushaltsrechnung statt DTI-Quote: Wie deutsche Banken Ihre Kreditwürdigkeit wirklich prüfen | WorthCalc,Haushaltsrechnung statt DTI-Quote: Wie deutsche Banken Ihre Kreditwürdigkeit wirklich prüfen,830,8debde7fffe4ed02bfb256bf5d852fe3068957bc3f26bcd519d07879009a90e2
https://worthcalc.win/de/,de,home,src/pages/[locale]/index.astro,200,https://worthcalc.win/de/,0,true,"index, follow, max-image-preview:large",,https://worthcalc.win/de/,200,true,6,true,true,206,1,Transparente Rechner für echte Geldentscheidungen | WorthCalc,Vor dem Abschluss den echten Preis berechnen.,944,80276a431bd3d42aeda500f0e0346973c992d1fe3d32f5a452aaaa4e56f7bc8e
https://worthcalc.win/de/is-an-extended-warranty-worth-it/,de,editorial,,200,https://worthcalc.win/de/is-an-extended-warranty-worth-it/,0,false,"noindex,follow",,https://worthcalc.win/de/is-an-extended-warranty-worth-it/,200,true,0,true,false,6,3,"Lohnt sich eine Garantieverlängerung? Preis, Ausfallrisiko und Reparaturkosten | WorthCalc","Lohnt sich eine Garantieverlängerung? Preis, Ausfallrisiko und Reparaturkosten",690,e632f0fc8a39629bb072d6abcf565be94b523b33032e73780d5650244db2a496
https://worthcalc.win/de/is-costco-executive-membership-worth-it/,de,editorial,,200,https://worthcalc.win/de/is-costco-executive-membership-worth-it/,0,true,"index, follow, max-image-preview:large",,https://worthcalc.win/de/is-costco-executive-membership-worth-it/,200,true,6,true,true,6,3,Gibt es Costco Executive in Deutschland? Standorte und 2%-Bonus 2026 | WorthCalc,Gibt es Costco Executive in Deutschland? Standorte und 2%-Bonus 2026,617,b585fbaaac7e61493bbf9b834af137644d75d943dc6ce14943ae48cb700bb68c
https://worthcalc.win/de/meal-prep-vs-takeout-cost/,de,editorial,,200,https://worthcalc.win/de/meal-prep-vs-takeout-cost/,0,false,"noindex,follow",,https://worthcalc.win/de/meal-prep-vs-takeout-cost/,200,true,0,true,false,6,3,Meal Prep oder bestellen: Kosten je Portion mit Zeit und Verlust | WorthCalc,Meal Prep oder bestellen: Kosten je Portion mit Zeit und Verlust,573,cfce95ab59eb05276f517dd74a99002a4fb66fa96172555355e3320ec824e869
https://worthcalc.win/de/monthly-vs-annual-subscription/,de,editorial,,200,https://worthcalc.win/de/monthly-vs-annual-subscription/,0,true,"index, follow, max-image-preview:large",,https://worthcalc.win/de/monthly-vs-annual-subscription/,200,true,6,true,true,7,3,Monats- oder Jahresabo: Wann lohnt sich die jährliche Zahlung? | WorthCalc,Monats- oder Jahresabo: Wann lohnt sich die jährliche Zahlung?,972,a972081a494bb39796bfe00f99ba821ce1c1c488ffacf7b733f72818bd9cdd77
https://worthcalc.win/de/new-vs-used-car-total-cost/,de,editorial,,200,https://worthcalc.win/de/new-vs-used-car-total-cost/,0,true,"index, follow, max-image-preview:large",,https://worthcalc.win/de/new-vs-used-car-total-cost/,200,true,6,true,true,8,3,"Neuwagen oder Gebrauchtwagen: Wertverlust, Reparaturen, Finanzierung und Restwert vergleichen | WorthCalc","Neuwagen oder Gebrauchtwagen: Wertverlust, Reparaturen, Finanzierung und Restwert vergleichen",1157,22f37cb3705133765526fc9a26fb6445afc03a0c1128d9ee88120ab5d11be0e3
https://worthcalc.win/de/paid-membership-break-even/,de,editorial,,200,https://worthcalc.win/de/paid-membership-break-even/,0,false,"noindex,follow",,https://worthcalc.win/de/paid-membership-break-even/,200,true,0,true,false,8,3,Kostenpflichtige Mitgliedschaft: Ab wann lohnt sich der Beitrag? | WorthCalc,Kostenpflichtige Mitgliedschaft: Ab wann lohnt sich der Beitrag?,769,6e6a9fd8465a347b8faaed3696268c4597b4d96155c0e6fc9aace613cf176892
https://worthcalc.win/de/pay-raise-vs-inflation-purchasing-power/,de,editorial,,200,https://worthcalc.win/de/pay-raise-vs-inflation-purchasing-power/,0,false,"noindex,follow",,https://worthcalc.win/de/pay-raise-vs-inflation-purchasing-power/,200,true,0,true,false,7,2,Gehaltserhöhung und Inflation: Ist die Kaufkraft gestiegen? | WorthCalc,Gehaltserhöhung und Inflation: Ist die Kaufkraft gestiegen?,545,828122f3ed156488a7229f2184b4518c680163b6778cdab84a46bdba8290664c
https://worthcalc.win/de/price-per-wear-clothing-shoes/,de,editorial,,200,https://worthcalc.win/de/price-per-wear-clothing-shoes/,0,false,"noindex,follow",,https://worthcalc.win/de/price-per-wear-clothing-shoes/,200,true,0,true,false,6,3,Kosten pro Tragen: Kleidung und Schuhe nach echter Nutzung vergleichen | WorthCalc,Kosten pro Tragen: Kleidung und Schuhe nach echter Nutzung vergleichen,510,4e31f53c61cf09bb7b8a94ede08edec3a79a4b426d4464a69bbbea0daf21e6d6
https://worthcalc.win/de/privacy/,de,legal,src/pages/[locale]/[legal].astro,200,https://worthcalc.win/de/privacy/,0,false,"noindex,follow",,https://worthcalc.win/de/privacy/,200,true,0,true,false,72,2,Datenschutzerklärung von WorthCalc | WorthCalc,Datenschutzerklärung von WorthCalc,425,3d14d2428b1bf3c89314a82582a51a27937465e66b179d2b018e56df822493ae
https://worthcalc.win/de/rent-vs-buy-breakeven-year/,de,editorial,,200,https://worthcalc.win/de/rent-vs-buy-breakeven-year/,0,false,"noindex,follow",,https://worthcalc.win/de/rent-vs-buy-breakeven-year/,200,true,0,true,false,7,3,"Wie lange müssen Sie bleiben, damit Kaufen günstiger als Mieten werden kann? | WorthCalc","Wie lange müssen Sie bleiben, damit Kaufen günstiger als Mieten werden kann?",1090,f270c488d5271b98633dfca02293aee47f4afa967a2ec2fc8468ab9ab38113eb
https://worthcalc.win/de/rent-vs-buy-guide/,de,editorial,,200,https://worthcalc.win/de/rent-vs-buy-guide/,0,false,"noindex,follow",,https://worthcalc.win/de/rent-vs-buy-guide/,200,true,0,true,false,8,2,Mieten oder Kaufen: Welche Annahmen das Ergebnis wirklich verändern | WorthCalc,Mieten oder Kaufen: Welche Annahmen das Ergebnis wirklich verändern,896,5d609e662104601671d66d3f621fb90c70af3de3cc33977fdd37b446a0f29052
https://worthcalc.win/de/repair-or-replace-decision-formula/,de,editorial,,200,https://worthcalc.win/de/repair-or-replace-decision-formula/,0,false,"noindex,follow",,https://worthcalc.win/de/repair-or-replace-decision-formula/,200,true,0,true,false,6,3,"Reparieren oder ersetzen: Entscheidungsformel für Haushaltsgerät, Handy und Auto | WorthCalc","Reparieren oder ersetzen: Entscheidungsformel für Haushaltsgerät, Handy und Auto",794,49441daeba544091b4a5a2c7e00dd54c30eb21fd572f063160a21c59f62625ee
https://worthcalc.win/de/reusable-vs-disposable-break-even/,de,editorial,,200,https://worthcalc.win/de/reusable-vs-disposable-break-even/,0,false,"noindex,follow",,https://worthcalc.win/de/reusable-vs-disposable-break-even/,200,true,0,true,false,6,3,Mehrweg oder Einweg: Kosten je Nutzung und echte Gewinnschwelle | WorthCalc,Mehrweg oder Einweg: Kosten je Nutzung und echte Gewinnschwelle,546,989252f04bb0150728295ef2686be66186431b58a95d139f3c42b7d14dfaa125
https://worthcalc.win/de/snowball-vs-avalanche/,de,editorial,,200,https://worthcalc.win/de/snowball-vs-avalanche/,0,false,"noindex,follow",,https://worthcalc.win/de/snowball-vs-avalanche/,200,true,0,true,false,7,3,Schulden abbauen in der richtigen Reihenfolge: Warum der Dispo zuerst dran ist | WorthCalc,Schulden abbauen in der richtigen Reihenfolge: Warum der Dispo zuerst dran ist,844,46f200863c08820b8822b52202b760621d855ccccf64ff3fb3e0b2c85c665644
https://worthcalc.win/de/subscription-creep/,de,editorial,,200,https://worthcalc.win/de/subscription-creep/,0,false,"noindex,follow",,https://worthcalc.win/de/subscription-creep/,200,true,0,true,false,8,3,Abo-Check: So berechnen Sie Ihre echten Jahreskosten | WorthCalc,Abo-Check: So berechnen Sie Ihre echten Jahreskosten,749,cb58d6e20449170d3038dd6ca248ff2337904ec5b18aa14328ab3addf8fd79fb
https://worthcalc.win/de/terms/,de,legal,src/pages/[locale]/[legal].astro,200,https://worthcalc.win/de/terms/,0,true,"index, follow, max-image-preview:large",,https://worthcalc.win/de/terms/,200,true,6,true,true,72,2,Nutzungsbedingungen für WorthCalc | WorthCalc,Nutzungsbedingungen für WorthCalc,338,eac35c925d7b43b8ffa11910a2141c83add94adc11d77b74e3f4f4fad2881319
https://worthcalc.win/de/tools/budget-builder/,de,calculator,src/content/growth-tools/de/budget-builder.md,200,https://worthcalc.win/de/tools/budget-builder/,0,false,"noindex,follow",,https://worthcalc.win/de/tools/budget-builder/,200,true,0,true,false,7,3,Budgetplaner für Selbstständige mit schwankendem Einkommen | WorthCalc,Budgetplaner für Selbstständige mit schwankendem Einkommen,622,4a8aa317d548a2ca9209b9a2c5ba54d782bfb8424dd4947fff6b55e23d86849b
https://worthcalc.win/de/tools/car-affordability/,de,calculator,src/content/growth-tools/de/car-affordability.md,200,https://worthcalc.win/de/tools/car-affordability/,0,false,"noindex,follow",,https://worthcalc.win/de/tools/car-affordability/,200,true,0,true,false,7,3,"Auto-Gesamtkostenrechner: Kfz-Steuer, Versicherung und Rate zusammen planen | WorthCalc","Auto-Gesamtkostenrechner: Kfz-Steuer, Versicherung und Rate zusammen planen",713,a5a656a4e15af2270c257a4a1912166e155b07fa4ef359fcf361fde14775a604
https://worthcalc.win/de/tools/cashback-breakeven/,de,calculator,src/pages/[locale]/tools/[tool].astro,200,https://worthcalc.win/de/tools/cashback-breakeven/,0,false,"noindex,follow",,https://worthcalc.win/de/tools/cashback-breakeven/,200,true,0,true,false,7,2,Cashback-Break-even-Rechner für Kreditkartengebühren | WorthCalc,Cashback-Break-even-Rechner für Kreditkartengebühren,596,bd15f1cd0c8d913d73e3a073d9b7be272e83c9978c1d18af04bb6d6a531f0077
https://worthcalc.win/de/tools/commute-cost/,de,calculator,src/pages/[locale]/tools/[tool].astro,200,https://worthcalc.win/de/tools/commute-cost/,0,true,"index, follow, max-image-preview:large",,https://worthcalc.win/de/tools/commute-cost/,200,true,6,true,true,7,2,Pendelkosten-Rechner inklusive Zeit | WorthCalc,Pendelkosten-Rechner inklusive Zeit,701,aa81a19e59eb60ab7a97f096b8bd2ebb9a35bdc417e0e2ecbc4fbc0ecf0f3ec9
https://worthcalc.win/de/tools/compound-growth/,de,calculator,src/content/growth-tools/de/compound-growth.md,200,https://worthcalc.win/de/tools/compound-growth/,0,false,"noindex,follow",,https://worthcalc.win/de/tools/compound-growth/,200,true,0,true,false,8,2,Zinseszins- und Sparzielrechner | WorthCalc,Zinseszins- und Sparzielrechner,772,e4de062ee46165a83a2079407d351f8b91bf6e30f88fcc77dd2e2958d0f95303
https://worthcalc.win/de/tools/costco-membership/,de,calculator,src/pages/[locale]/tools/[tool].astro,200,https://worthcalc.win/de/tools/costco-membership/,0,false,"noindex,follow",,https://worthcalc.win/de/tools/costco-membership/,200,true,0,true,false,8,2,Kosten-Rechner für Costco- und Einkaufsklub-Mitgliedschaften | WorthCalc,Kosten-Rechner für Costco- und Einkaufsklub-Mitgliedschaften,644,571ea525552bd3bf9895e10f4361e8843477b0aab896b7a0f584d470c0f0e03f
https://worthcalc.win/de/tools/credit-card-payoff/,de,calculator,src/content/growth-tools/de/credit-card-payoff.md,200,https://worthcalc.win/de/tools/credit-card-payoff/,0,false,"noindex,follow",,https://worthcalc.win/de/tools/credit-card-payoff/,200,true,0,true,false,7,3,Dispo- und Kartenschulden-Rechner: Laufzeit und Zinskosten | WorthCalc,Dispo- und Kartenschulden-Rechner: Laufzeit und Zinskosten,706,476507412a6c425382cdb1e3249e8fe0af9c47eaca5d272fc6a612d1ea8e2208
https://worthcalc.win/de/tools/debt-strategy/,de,calculator,src/content/growth-tools/de/debt-strategy.md,200,https://worthcalc.win/de/tools/debt-strategy/,0,false,"noindex,follow",,https://worthcalc.win/de/tools/debt-strategy/,200,true,0,true,false,7,3,Schneeball- oder Lawinen-Rechner: Schulden in der richtigen Reihenfolge tilgen | WorthCalc,Schneeball- oder Lawinen-Rechner: Schulden in der richtigen Reihenfolge tilgen,637,e7b53f33625b977fcc506dc76abf9cb54111610a572950b03be32079bc4a127a
https://worthcalc.win/de/tools/dti-calculator/,de,calculator,src/content/growth-tools/de/dti-calculator.md,200,https://worthcalc.win/de/tools/dti-calculator/,0,false,"noindex,follow",,https://worthcalc.win/de/tools/dti-calculator/,200,true,0,true,false,8,2,Schuldendienstquoten-Rechner: Grober Selbsttest vor der Haushaltsrechnung | WorthCalc,Schuldendienstquoten-Rechner: Grober Selbsttest vor der Haushaltsrechnung,619,e3ed505600713fe09a4408384153f2778f5e924c55e6ef4ad5c417be59fca407
https://worthcalc.win/de/tools/ev-vs-gas/,de,calculator,src/pages/[locale]/tools/[tool].astro,200,https://worthcalc.win/de/tools/ev-vs-gas/,0,true,"index, follow, max-image-preview:large",,https://worthcalc.win/de/tools/ev-vs-gas/,200,true,6,true,true,7,2,Gesamtkosten-Rechner: Elektroauto oder Benziner | WorthCalc,Gesamtkosten-Rechner: Elektroauto oder Benziner,761,e3c48e2a8f0665be9610599cd96875f434321df4885082c25a7e6e5524bf64c3
https://worthcalc.win/de/tools/home-affordability/,de,calculator,src/content/growth-tools/de/home-affordability.md,200,https://worthcalc.win/de/tools/home-affordability/,0,false,"noindex,follow",,https://worthcalc.win/de/tools/home-affordability/,200,true,0,true,false,8,2,Immobilien-Budget-Rechner: Maximaler Kaufpreis inklusive Kaufnebenkosten | WorthCalc,Immobilien-Budget-Rechner: Maximaler Kaufpreis inklusive Kaufnebenkosten,891,8cae6811c6689260dd84e0e17b59fd3723d75c5ac6af7ab43d03881ec78a3096
https://worthcalc.win/de/tools/,de,tools-directory,src/pages/[locale]/tools/index.astro,200,https://worthcalc.win/de/tools/,0,true,"index, follow, max-image-preview:large",,https://worthcalc.win/de/tools/,200,true,6,true,true,268,2,Alle Rechner | WorthCalc,Alle Rechner,553,39dc3f81f1e79609b3f83f0f43c7a0b62bf469fe424e4245deafc1872b0dc6ff
https://worthcalc.win/de/tools/installment-true-apr/,de,calculator,src/pages/[locale]/tools/[tool].astro,200,https://worthcalc.win/de/tools/installment-true-apr/,0,true,"index, follow, max-image-preview:large",,https://worthcalc.win/de/tools/installment-true-apr/,200,true,6,true,true,9,2,Effektiver-Jahreszins-Rechner für Ratenkauf | WorthCalc,Effektiver-Jahreszins-Rechner für Ratenkauf,550,a075107f665eb34ebbc0bcae30725cdfc7a9ff9cb6f918ca093b53e6c7591c89
https://worthcalc.win/de/tools/latte-factor/,de,calculator,src/pages/[locale]/tools/[tool].astro,200,https://worthcalc.win/de/tools/latte-factor/,0,false,"noindex,follow",,https://worthcalc.win/de/tools/latte-factor/,200,true,0,true,false,6,3,Latte-Faktor-Rechner für kleine wiederkehrende Ausgaben | WorthCalc,Latte-Faktor-Rechner für kleine wiederkehrende Ausgaben,627,dcb3c415c52b72e62f3ea21d1dac38616a992eb57db21a8596b1f5106b540317
https://worthcalc.win/de/tools/mortgage-payoff/,de,calculator,src/content/growth-tools/de/mortgage-payoff.md,200,https://worthcalc.win/de/tools/mortgage-payoff/,0,false,"noindex,follow",,https://worthcalc.win/de/tools/mortgage-payoff/,200,true,0,true,false,7,3,"Sondertilgungsrechner: Restschuld, Zinsersparnis und Vorfälligkeitsentschädigung | WorthCalc","Sondertilgungsrechner: Restschuld, Zinsersparnis und Vorfälligkeitsentschädigung",712,58f782dad1602b004eb6330a46354aa5d74f5c17461df25eaa27a7c4792bea7d
https://worthcalc.win/de/tools/rent-vs-buy/,de,calculator,src/pages/[locale]/tools/[tool].astro,200,https://worthcalc.win/de/tools/rent-vs-buy/,0,true,"index, follow, max-image-preview:large",,https://worthcalc.win/de/tools/rent-vs-buy/,200,true,6,true,true,7,2,Mieten-oder-Kaufen-Rechner für Deutschland | WorthCalc,Mieten-oder-Kaufen-Rechner für Deutschland,677,1ebe4d44d65febbfd31c8d116c5ecac8905b72d7a608993d7caa83c7542c532d
https://worthcalc.win/de/tools/salary-converter/,de,calculator,src/content/growth-tools/de/salary-converter.md,200,https://worthcalc.win/de/tools/salary-converter/,0,false,"noindex,follow",,https://worthcalc.win/de/tools/salary-converter/,200,true,0,true,false,7,3,Stundenlohn-Jahresgehalt-Rechner mit Mindestlohn-Vergleich | WorthCalc,Stundenlohn-Jahresgehalt-Rechner mit Mindestlohn-Vergleich,634,c0afec810280116bb6adfaa590786629ec09ad200cad7c4c96e6985ff406f0fa
https://worthcalc.win/de/tools/subscription-audit/,de,calculator,src/pages/[locale]/tools/[tool].astro,200,https://worthcalc.win/de/tools/subscription-audit/,0,false,"noindex,follow",,https://worthcalc.win/de/tools/subscription-audit/,200,true,0,true,false,10,2,Abo-Kosten-Rechner für Monats- und Jahresverträge | WorthCalc,Abo-Kosten-Rechner für Monats- und Jahresverträge,498,c79354be6ca7993d962ef560b5285e4a602ec35435e52939632fbae1bf120629
https://worthcalc.win/de/true-cost-of-car-ownership/,de,editorial,,200,https://worthcalc.win/de/true-cost-of-car-ownership/,0,true,"index, follow, max-image-preview:large",,https://worthcalc.win/de/true-cost-of-car-ownership/,200,true,6,true,true,7,3,"Autokosten in Deutschland: Kfz-Steuer, Typklasse und HU realistisch einplanen | WorthCalc","Autokosten in Deutschland: Kfz-Steuer, Typklasse und HU realistisch einplanen",965,9ebd4c6e99b90ab61aabc5d88ca283e04c39eca484c6344bf3913d5c4a6162cc
https://worthcalc.win/de/true-hourly-wage-after-commuting-work-expenses/,de,editorial,,200,https://worthcalc.win/de/true-hourly-wage-after-commuting-work-expenses/,0,false,"noindex,follow",,https://worthcalc.win/de/true-hourly-wage-after-commuting-work-expenses/,200,true,0,true,false,8,2,Tatsächlicher Stundenlohn nach Pendel- und Arbeitskosten | WorthCalc,Tatsächlicher Stundenlohn nach Pendel- und Arbeitskosten,537,6fe1139b7f1e12a5c1bd83afa57fc0ca165f8d9a16e19869897cf3195e2058f2
https://worthcalc.win/de/upfront-fees-financing-cost/,de,editorial,,200,https://worthcalc.win/de/upfront-fees-financing-cost/,0,false,"noindex,follow",,https://worthcalc.win/de/upfront-fees-financing-cost/,200,true,0,true,false,8,3,Wie einmalige Gebühren die tatsächlichen Finanzierungskosten verändern | WorthCalc,Wie einmalige Gebühren die tatsächlichen Finanzierungskosten verändern,1182,c98b2e27072411d4dec925c6c03ce719a846b70465f97bb586ce02d23bbc2003
https://worthcalc.win/de/upgrade-your-phone-or-keep-it/,de,editorial,,200,https://worthcalc.win/de/upgrade-your-phone-or-keep-it/,0,false,"noindex,follow",,https://worthcalc.win/de/upgrade-your-phone-or-keep-it/,200,true,0,true,false,6,3,"Smartphone upgraden oder behalten? Reparatur, Ankauf, Tarif und Monatskosten | WorthCalc","Smartphone upgraden oder behalten? Reparatur, Ankauf, Tarif und Monatskosten",768,309e8f2c7ed76a10bf2239fd33fe6cb931db98c602bc0d748665ad57baca6abd
https://worthcalc.win/de/work-from-home-vs-commuting-hidden-costs/,de,editorial,,200,https://worthcalc.win/de/work-from-home-vs-commuting-hidden-costs/,0,false,"noindex,follow",,https://worthcalc.win/de/work-from-home-vs-commuting-hidden-costs/,200,true,0,true,false,7,3,Homeoffice oder Pendeln: Versteckte monatliche Kosten vergleichen | WorthCalc,Homeoffice oder Pendeln: Versteckte monatliche Kosten vergleichen,834,43aca7de5a9823652a1a9cdb77d7eaeca285319722a957538a9621075e8c96a2
https://worthcalc.win/de/zero-interest-installments-truth/,de,editorial,,200,https://worthcalc.win/de/zero-interest-installments-truth/,0,true,"index, follow, max-image-preview:large",,https://worthcalc.win/de/zero-interest-installments-truth/,200,true,6,true,true,10,2,So berechnen Sie die tatsächlichen Kosten einer 0%-Finanzierung | WorthCalc,So berechnen Sie die tatsächlichen Kosten einer 0%-Finanzierung,778,60a2efdacfe1b16ce976245514dc829f0d7607f7569f0fdeb19b44b0661806a3
https://worthcalc.win/en/about/,en,legal,src/pages/en/about.astro,200,https://worthcalc.win/en/about/,0,true,"index, follow, max-image-preview:large",,https://worthcalc.win/en/about/,200,true,5,true,true,1196,1,About WorthCalc | WorthCalc,About WorthCalc,546,0d498e03a04fc491d63f867e75163f8613d3d699a9e4dba4b50c61d00742be12
https://worthcalc.win/en/annual-fee-card-breakeven/,en,editorial,src/pages/en/annual-fee-card-breakeven.astro,200,https://worthcalc.win/en/annual-fee-card-breakeven/,0,true,"index, follow, max-image-preview:large",,https://worthcalc.win/en/annual-fee-card-breakeven/,200,true,6,true,true,11,1,Credit Card Annual Fee Break-Even: How Much to Spend on a $95 Fee | WorthCalc,Credit Card Annual Fee Break-Even: How Much to Spend on a $95 Fee,1548,08d8b6252cd1336b56bd884b6fa45827822f2847a5f0900b05de9b4b72ceb672
https://worthcalc.win/en/annual-vs-monthly-billing/,en,editorial,src/pages/en/annual-vs-monthly-billing.astro,200,https://worthcalc.win/en/annual-vs-monthly-billing/,0,true,"index, follow, max-image-preview:large",,https://worthcalc.win/en/annual-vs-monthly-billing/,200,true,3,true,true,5,2,Annual or Monthly Billing? The Breakeven Math on Subscription Discounts | WorthCalc,Annual or Monthly Billing? The Breakeven Math on Subscription Discounts,799,da5fe16293c4184a357c347c61432c0905d1b0c90f18c01353535fa8cdf434a7
https://worthcalc.win/en/apr-vs-apy/,en,editorial,,200,https://worthcalc.win/en/apr-vs-apy/,0,true,"index,follow",,https://worthcalc.win/en/apr-vs-apy/,200,true,3,true,true,7,2,"APR vs APY: Interest Rate, Borrowing Cost &amp; Savings Yield Explained | WorthCalc",APR vs. APY: Why Borrowing Rates and Savings Yields Are Not the Same Number,1420,40855c80d9db2aa41f0e7ba5a5fcbe70c46b3921d74443c373d690308f9f1da3
https://worthcalc.win/en/average-commuting-cost/,en,editorial,src/pages/en/average-commuting-cost.astro,200,https://worthcalc.win/en/average-commuting-cost/,0,true,"index, follow, max-image-preview:large",,https://worthcalc.win/en/average-commuting-cost/,200,true,3,true,true,4,2,Average Commuting Cost: Build a Benchmark Without a Misleading National Average | WorthCalc,Average Commuting Cost: Build a Benchmark Without a Misleading National Average,1017,874ef3903de058bff491164ac06bcca04d72808fc907698a220f7de794342daa
https://worthcalc.win/en/bnpl-vs-credit-card-installments/,en,editorial,,200,https://worthcalc.win/en/bnpl-vs-credit-card-installments/,0,true,"index, follow, max-image-preview:large",,https://worthcalc.win/en/bnpl-vs-credit-card-installments/,200,true,5,true,true,7,2,"Buy now, pay later vs credit-card installments: compare total cost and timing | WorthCalc","Buy now, pay later vs credit-card installments: compare total cost and timing",1487,0d849418da506006ca558f1152a2d8cdf1526885d88b164aca864813048365b6
https://worthcalc.win/en/budget-with-irregular-income/,en,editorial,,200,https://worthcalc.win/en/budget-with-irregular-income/,0,true,"index, follow, max-image-preview:large",,https://worthcalc.win/en/budget-with-irregular-income/,200,true,5,true,true,12,2,How to Budget on Irregular Income Without Guessing Next Month | WorthCalc,How to Budget on Irregular Income Without Guessing Next Month,1008,d5495dd32afe5c98abb97421600b847de66a0a78773ff4b66a685775e052cb78
https://worthcalc.win/en/bulk-buying-vs-small-packages/,en,editorial,,200,https://worthcalc.win/en/bulk-buying-vs-small-packages/,0,true,"index, follow, max-image-preview:large",,https://worthcalc.win/en/bulk-buying-vs-small-packages/,200,true,5,true,true,7,2,Bulk buy or small pack? Effective unit cost after waste and storage | WorthCalc,Bulk buy or small pack? Effective unit cost after waste and storage,771,feb661203c3cafc0c2111cad3c14e38de46008cdee6961b1a2eb6903c0edd746
https://worthcalc.win/en/bulk-buying-waste-math/,en,editorial,src/pages/en/bulk-buying-waste-math.astro,200,https://worthcalc.win/en/bulk-buying-waste-math/,0,true,"index, follow, max-image-preview:large",,https://worthcalc.win/en/bulk-buying-waste-math/,200,true,5,true,true,8,2,Is Buying in Bulk Actually Cheaper? Price the Part You Throw Away | WorthCalc,Is Buying in Bulk Actually Cheaper? Price the Part You Throw Away,981,655301b4d13eee57c42f010445e515cd31c4bd7cc127fe52bb49d430bd2764b9
https://worthcalc.win/en/car-lease-vs-buy-total-cost/,en,editorial,,200,https://worthcalc.win/en/car-lease-vs-buy-total-cost/,0,true,"index, follow, max-image-preview:large",,https://worthcalc.win/en/car-lease-vs-buy-total-cost/,200,true,5,true,true,7,2,"Lease vs buy a car: compare total cost, mileage, and resale risk | WorthCalc","Lease vs buy a car: compare total cost, mileage, and resale risk",1513,7fc32fa84c897ebeb8a27a541609ee67823c473b358033601495aa04361a6c04
https://worthcalc.win/en/cashback-caps-real-reward-rate/,en,editorial,,200,https://worthcalc.win/en/cashback-caps-real-reward-rate/,0,true,"index, follow, max-image-preview:large",,https://worthcalc.win/en/cashback-caps-real-reward-rate/,200,true,6,true,true,7,2,Cashback caps and bonus categories: calculate your real reward rate | WorthCalc,Cashback caps and bonus categories: calculate your real reward rate,1178,a1030c5134cfef77c1e6b178adb1a8ce82a837aec266264c6d272e5beacbb1a5
https://worthcalc.win/en/changelog/,en,legal,src/pages/en/changelog.astro,200,https://worthcalc.win/en/changelog/,0,true,"index, follow, max-image-preview:large",,https://worthcalc.win/en/changelog/,200,true,5,true,true,600,1,Changelog | WorthCalc,Changelog,405,c2e71f1dd7a772e23fd5b4e44a2f571185a94e55255f8b5a6fa5fec009aa18c8
https://worthcalc.win/en/contact/,en,legal,src/pages/en/contact.astro,200,https://worthcalc.win/en/contact/,0,true,"index, follow, max-image-preview:large",,https://worthcalc.win/en/contact/,200,true,5,true,true,601,1,Contact WorthCalc | WorthCalc,Contact WorthCalc,476,eec58ca9050b46cdbe6318e16a330ef833eeeb58adbaf1bf2ef7df98e9cfffe9
https://worthcalc.win/en/cost-per-use-expensive-item/,en,editorial,,200,https://worthcalc.win/en/cost-per-use-expensive-item/,0,true,"index, follow, max-image-preview:large",,https://worthcalc.win/en/cost-per-use-expensive-item/,200,true,5,true,true,7,2,Cost per use calculator for expensive items: expected vs actual value | WorthCalc,Cost per use calculator for expensive items: expected vs actual value,724,f58331b125046c2a2e49f8b6e86314d51f6c4cf0e5f81bcd18943ff2d4851d0a
https://worthcalc.win/en/costco-math/,en,editorial,src/pages/en/costco-math.astro,200,https://worthcalc.win/en/costco-math/,0,true,"index, follow, max-image-preview:large",,https://worthcalc.win/en/costco-math/,200,true,5,true,true,11,2,The Math of Warehouse Club Memberships | WorthCalc,The Math of Warehouse Club Memberships,970,5b9bc1ee81169d92193e7b44a7cc017613ad406a67a5ecec18f20e84369423fc
https://worthcalc.win/en/credit-card-minimum-payment-trap/,en,editorial,,200,https://worthcalc.win/en/credit-card-minimum-payment-trap/,0,true,"index, follow, max-image-preview:large",,https://worthcalc.win/en/credit-card-minimum-payment-trap/,200,true,5,true,true,8,2,Why Your Credit Card Statement Warns You About the Minimum Payment | WorthCalc,Why Your Credit Card Statement Warns You About the Minimum Payment,1024,19b0f353df9598084fd31686d83e77d04510b5a9b0d14c4465572d52d7bacda1
https://worthcalc.win/en/delivery-membership-break-even/,en,editorial,,200,https://worthcalc.win/en/delivery-membership-break-even/,0,true,"index, follow, max-image-preview:large",,https://worthcalc.win/en/delivery-membership-break-even/,200,true,5,true,true,7,2,When is a delivery membership worth the annual fee? | WorthCalc,When is a delivery membership worth the annual fee?,1102,3bfc2a63241cea2511aa5b7856e8782bd1448eb456e07f9c7f903f00f2ba99a6
https://worthcalc.win/en/disclaimer/,en,legal,src/pages/en/disclaimer.astro,200,https://worthcalc.win/en/disclaimer/,0,true,"index, follow, max-image-preview:large",,https://worthcalc.win/en/disclaimer/,200,true,5,true,true,602,1,Disclaimer | WorthCalc,Disclaimer,552,ae21ba1dd6e94d2b052b50984beef6cac9bfe013f68337752e8b935746894ecb
https://worthcalc.win/en/emergency-fund-irregular-income/,en,editorial,,200,https://worthcalc.win/en/emergency-fund-irregular-income/,0,true,"index,follow",,https://worthcalc.win/en/emergency-fund-irregular-income/,200,true,3,true,true,7,2,Emergency Fund for Irregular Income: Freelancer &amp; Variable-Pay Guide | WorthCalc,Emergency Fund for Irregular Income: A Better Method Than “Six Months of Salary”,1519,7947cc912e8b0df05a4d34a444be0012eb4458d03d67351d917b121daab244d6
https://worthcalc.win/en/energy-efficient-appliance-payback/,en,editorial,,200,https://worthcalc.win/en/energy-efficient-appliance-payback/,0,true,"index, follow, max-image-preview:large",,https://worthcalc.win/en/energy-efficient-appliance-payback/,200,true,5,true,true,7,2,"Energy-efficient appliance payback: price premium, kWh savings, and break-even | WorthCalc","Energy-efficient appliance payback: price premium, kWh savings, and break-even",809,4ef31c5f60c62a9c876152465696534673ce733bb6ade039b5a49a0f9548d4b3
https://worthcalc.win/en/ev-vs-gas-total-cost/,en,editorial,,200,https://worthcalc.win/en/ev-vs-gas-total-cost/,0,true,"index, follow, max-image-preview:large",,https://worthcalc.win/en/ev-vs-gas-total-cost/,200,true,6,true,true,12,1,EV vs gas car: how to compare total cost of ownership | WorthCalc,EV vs gas car: how to compare total cost of ownership,1435,c4519dc2ef33dc1209f814a0b539387b680dff9fd2c7f2b72c0505caa9d7641d
https://worthcalc.win/en/extended-warranty-math/,en,editorial,src/pages/en/extended-warranty-math.astro,200,https://worthcalc.win/en/extended-warranty-math/,0,true,"index, follow, max-image-preview:large",,https://worthcalc.win/en/extended-warranty-math/,200,true,3,true,true,4,2,Is the Extended Warranty Worth It? The Expected-Value Math and Three Real Exceptions | WorthCalc,Is the Extended Warranty Worth It? The Expected-Value Math and Three Real Exceptions,832,d2286201adf18f473d8b97e20fe1d29ef77c33e9de8ab8ca157a49c8bbdabb20
https://worthcalc.win/en/extra-mortgage-payments-guide/,en,editorial,,200,https://worthcalc.win/en/extra-mortgage-payments-guide/,0,true,"index, follow, max-image-preview:large",,https://worthcalc.win/en/extra-mortgage-payments-guide/,200,true,5,true,true,8,2,Extra Mortgage Payments: What They Actually Save You | WorthCalc,Extra Mortgage Payments: What They Actually Save You,1055,8c0d57b047488e0456a619b53aae5f5a82a1054bf783857e00d27eeb4db6ca43
https://worthcalc.win/en/free-shipping-threshold/,en,editorial,src/pages/en/free-shipping-threshold.astro,200,https://worthcalc.win/en/free-shipping-threshold/,0,true,"index, follow, max-image-preview:large",,https://worthcalc.win/en/free-shipping-threshold/,200,true,3,true,true,5,2,Is Chasing Free Shipping Worth It? Threshold Psychology and the One Rule That Never Loses | WorthCalc,Is Chasing Free Shipping Worth It? Threshold Psychology and the One Rule That Never Loses,898,265354da32148a07d68902294c7087475f98e78d3588da2dc4b3fa8195b3306b
https://worthcalc.win/en/full-commute-cost-including-time/,en,editorial,,200,https://worthcalc.win/en/full-commute-cost-including-time/,0,true,"index, follow, max-image-preview:large",,https://worthcalc.win/en/full-commute-cost-including-time/,200,true,6,true,true,7,2,"How to calculate the full cost of commuting, including your time | WorthCalc","How to calculate the full cost of commuting, including your time",1182,41be9b35b0e45e2c52865f63a8582cbf2cc793745b5ec42d49e5ed9c01d1dd32
https://worthcalc.win/en/guides/3d-printer-electricity-cost-per-print-used/,en,guide,src/content/growth-articles/en/3d-printer-electricity-cost-per-print-used.md,200,https://worthcalc.win/en/guides/3d-printer-electricity-cost-per-print-used/,0,true,"index,follow",,https://worthcalc.win/en/guides/3d-printer-electricity-cost-per-print-used/,200,true,6,true,true,10,2,3D Printer Electricity Cost Per Print Used: Allocate Heat-Up and Print Runtime | WorthCalc,3D Printer Electricity Cost Per Print Used: Allocate Heat-Up and Print Runtime,654,617aaa4cb341c71fe08916c60bdbd92a22ee1d8128cacb3a673b0f5a93d5d7fc
https://worthcalc.win/en/guides/3d-scanner-electricity-cost-per-scanning-session-used/,en,guide,src/content/growth-articles/en/3d-scanner-electricity-cost-per-scanning-session-used.md,200,https://worthcalc.win/en/guides/3d-scanner-electricity-cost-per-scanning-session-used/,0,true,"index,follow",,https://worthcalc.win/en/guides/3d-scanner-electricity-cost-per-scanning-session-used/,200,true,6,true,true,10,2,3D Scanner Electricity Cost Per Scanning Session Used: Separate Computer Load | WorthCalc,3D Scanner Electricity Cost Per Scanning Session Used: Separate Computer Load,544,7db5d1f3681e546e2b7327b8b42118f4a49b3b87b927470a80c838df96fb6443
https://worthcalc.win/en/guides/ai-tool-realized-time-savings-break-even/,en,guide,src/content/growth-articles/en/ai-tool-realized-time-savings-break-even.md,200,https://worthcalc.win/en/guides/ai-tool-realized-time-savings-break-even/,0,true,"index,follow",,https://worthcalc.win/en/guides/ai-tool-realized-time-savings-break-even/,200,true,3,true,true,4,2,AI Tool Realized-Time-Savings Break-Even | WorthCalc,"AI Tool ROI Without Fantasy Hours: Measure Realized Time Savings, Rework and Recoverable Value",1625,76e64a14f4923e2b6ae6ccb9a93fb7ea0cb01335c72b02ccd3432ab3576314fa
https://worthcalc.win/en/guides/air-fryer-cost-per-cooking-cycle-used/,en,guide,src/content/growth-articles/en/air-fryer-cost-per-cooking-cycle-used.md,200,https://worthcalc.win/en/guides/air-fryer-cost-per-cooking-cycle-used/,0,true,"index,follow",,https://worthcalc.win/en/guides/air-fryer-cost-per-cooking-cycle-used/,200,true,6,true,true,10,2,Air Fryer Cost Per Cooking Cycle Used | WorthCalc,Air Fryer Cost Per Cooking Cycle Used,458,bc7ed96dd8ae55795756beb4f7b3069ab2a5b569b616fe9d33ac129a0f5d0581
https://worthcalc.win/en/guides/air-purifier-cost-per-clean-air-hour-used/,en,guide,src/content/growth-articles/en/air-purifier-cost-per-clean-air-hour-used.md,200,https://worthcalc.win/en/guides/air-purifier-cost-per-clean-air-hour-used/,0,true,"index,follow",,https://worthcalc.win/en/guides/air-purifier-cost-per-clean-air-hour-used/,200,true,6,true,true,8,2,"Air Purifier Cost Per Clean-Air Hour Used: Compare Watts, CADR, and Filters | WorthCalc","Air Purifier Cost Per Clean-Air Hour Used: Compare Watts, CADR, and Filters",303,86e4188e4c211f8e3d56eee5322827aaa4667b844fbf49121ad35ec16103d71c
https://worthcalc.win/en/guides/amortization-schedule-explained/,en,guide,src/content/growth-articles/en/amortization-schedule-explained.md,200,https://worthcalc.win/en/guides/amortization-schedule-explained/,0,true,"index,follow",,https://worthcalc.win/en/guides/amortization-schedule-explained/,200,true,3,true,true,5,2,"Amortization Schedule Explained: Formula, Examples, and Extra Payments","Amortization Schedule Explained: Principal, Interest, Balance, and Extra Payments",1684,cf127269444fd1785fedab9bcc4bf3e2c045a512df36cb1940bea4d7afac169e
https://worthcalc.win/en/guides/annual-bills-cash-flow-low-point/,en,guide,src/content/growth-articles/en/annual-bills-cash-flow-low-point.md,200,https://worthcalc.win/en/guides/annual-bills-cash-flow-low-point/,0,true,"index,follow",,https://worthcalc.win/en/guides/annual-bills-cash-flow-low-point/,200,true,2,true,true,5,2,Annual Bills Cash-Flow Low Point | WorthCalc,"Annual Bills Cash-Flow Low Point: Build a 12-Month Calendar Before Insurance, Tuition, Taxes, and Renewals Hit",2222,c7cee17378dccb8c07dff221ee836b04b59317ac332e1f09395641b1b4b64638
https://worthcalc.win/en/guides/annual-bills-monthly-equivalent/,en,guide,src/content/growth-articles/en/annual-bills-monthly-equivalent.md,200,https://worthcalc.win/en/guides/annual-bills-monthly-equivalent/,0,true,"index,follow",,https://worthcalc.win/en/guides/annual-bills-monthly-equivalent/,200,true,2,true,true,18,2,Annual Bills to Monthly Budget: Sinking-Fund Formula and Catch-Up Examples,Annual Bills to Monthly Budget: How to Normalize Irregular Expenses,1709,6828329354e93534cba1635492c22d4a409fc320a166fec445842ee3d5d5baf2
https://worthcalc.win/en/guides/annual-cost-savings-calculator/,en,guide,src/content/growth-articles/en/annual-cost-savings-calculator.md,200,https://worthcalc.win/en/guides/annual-cost-savings-calculator/,0,true,"index,follow",,https://worthcalc.win/en/guides/annual-cost-savings-calculator/,200,true,6,true,true,54,2,Annual Cost Savings Calculator | WorthCalc,"Annual Cost Savings Calculator: Compare Real Savings After Fees, Waste, and Usage",678,4cecdfb88bbba2d9575c84bc071b92602beca6134e859c822f6d2b42fd4ada9d
https://worthcalc.win/en/guides/annual-plan-cancellation-risk-break-even/,en,guide,src/content/growth-articles/en/annual-plan-cancellation-risk-break-even.md,200,https://worthcalc.win/en/guides/annual-plan-cancellation-risk-break-even/,0,true,"index,follow",,https://worthcalc.win/en/guides/annual-plan-cancellation-risk-break-even/,200,true,3,true,true,4,2,Annual vs Monthly: Cancellation-Risk Break-Even | WorthCalc,Annual vs. Monthly Subscription: A Cancellation-Risk Break-Even Model,1544,749b229571dc5a4588b3d0dd8b3fd06dda838225f227373af4de6b9735727ddc
https://worthcalc.win/en/guides/annual-vs-monthly-insurance-payment/,en,guide,src/content/growth-articles/en/annual-vs-monthly-insurance-payment.md,200,https://worthcalc.win/en/guides/annual-vs-monthly-insurance-payment/,0,true,"index,follow",,https://worthcalc.win/en/guides/annual-vs-monthly-insurance-payment/,200,true,2,true,true,4,2,Annual vs. Monthly Insurance Payments: Cost vs. Liquidity | WorthCalc,Annual vs. Monthly Insurance Payments: Compare Surcharges and Liquidity,1666,9fd0b9c3debcfbeb98e13596c5f34a7beb6362c530e0792bfb03dc0c32d98cb8
https://worthcalc.win/en/guides/aquarium-air-pump-electricity-cost-per-filtration-day-used/,en,guide,src/content/growth-articles/en/aquarium-air-pump-electricity-cost-per-filtration-day-used.md,200,https://worthcalc.win/en/guides/aquarium-air-pump-electricity-cost-per-filtration-day-used/,0,true,"index,follow",,https://worthcalc.win/en/guides/aquarium-air-pump-electricity-cost-per-filtration-day-used/,200,true,6,true,true,10,2,Aquarium Air Pump Electricity Cost Per Filtration Day Used: Include Back Pressure | WorthCalc,Aquarium Air Pump Electricity Cost Per Filtration Day Used: Include Back Pressure,497,9a36b93dbbe1d456ee07299980a282025c2981acc76c36f08452724a1cf9f330
https://worthcalc.win/en/guides/aquarium-heater-electricity-cost-per-tank-day-used/,en,guide,src/content/growth-articles/en/aquarium-heater-electricity-cost-per-tank-day-used.md,200,https://worthcalc.win/en/guides/aquarium-heater-electricity-cost-per-tank-day-used/,0,true,"index,follow",,https://worthcalc.win/en/guides/aquarium-heater-electricity-cost-per-tank-day-used/,200,true,6,true,true,11,2,Aquarium Heater Electricity Cost Per Tank Day Used: Separate Thermostat Cycles | WorthCalc,Aquarium Heater Electricity Cost Per Tank Day Used: Separate Thermostat Cycles,636,bbc49cf4046c48bfcd1d55492b58590a90a927456b03f8792487fbd1d7182a61
https://worthcalc.win/en/guides/attic-fan-electricity-cost-per-ventilation-hour-used/,en,guide,src/content/growth-articles/en/attic-fan-electricity-cost-per-ventilation-hour-used.md,200,https://worthcalc.win/en/guides/attic-fan-electricity-cost-per-ventilation-hour-used/,0,true,"index,follow",,https://worthcalc.win/en/guides/attic-fan-electricity-cost-per-ventilation-hour-used/,200,true,6,true,true,7,2,Attic Fan Electricity Cost Per Ventilation Hour Used: Measure Duty Cycle | WorthCalc,Attic Fan Electricity Cost Per Ventilation Hour Used: Measure Duty Cycle,441,e379424b95f616dfcd043e106e9915c1ff49037a1180b7c328c39b9392eeef11
https://worthcalc.win/en/guides/auto-loan-negative-equity-rollover-cost/,en,guide,src/content/growth-articles/en/auto-loan-negative-equity-rollover-cost.md,200,https://worthcalc.win/en/guides/auto-loan-negative-equity-rollover-cost/,0,true,"index,follow",,https://worthcalc.win/en/guides/auto-loan-negative-equity-rollover-cost/,200,true,3,true,true,6,2,Negative Equity Auto Loan Rollover Cost | WorthCalc,Rolling Negative Equity Into a New Auto Loan: Calculate the Real Cost Before You Trade,2012,25e34d0619b0580f85b3d5bc2c9de7e661fc6d5c272d96646d45b72e8f7f93d6
https://worthcalc.win/en/guides/balance-transfer-break-even/,en,guide,src/content/growth-articles/en/balance-transfer-break-even.md,200,https://worthcalc.win/en/guides/balance-transfer-break-even/,0,true,"index,follow",,https://worthcalc.win/en/guides/balance-transfer-break-even/,200,true,2,true,true,4,2,Balance Transfer Break-Even: Fee &amp; 0% APR Math | WorthCalc,"Balance Transfer Break-Even: Fee, Promo Window, and Required Payoff Payment",1816,a89a9b850e93b26c27d134b6ebaecfbc2543f1e22f607d5c26b27a49ea6d5af7
https://worthcalc.win/en/guides/bathroom-ventilation-fan-electricity-cost-per-shower-used/,en,guide,src/content/growth-articles/en/bathroom-ventilation-fan-electricity-cost-per-shower-used.md,200,https://worthcalc.win/en/guides/bathroom-ventilation-fan-electricity-cost-per-shower-used/,0,true,"index,follow",,https://worthcalc.win/en/guides/bathroom-ventilation-fan-electricity-cost-per-shower-used/,200,true,6,true,true,12,2,Bathroom Ventilation Fan Electricity Cost Per Shower Used: Include Run-On Timer | WorthCalc,Bathroom Ventilation Fan Electricity Cost Per Shower Used: Include Run-On Timer,487,0ac1bd0be244eb9d8c84344afe2e7940ffd1f068e183df5c0d756d4445976be1
https://worthcalc.win/en/guides/benefits-replacement-cost-vs-salary/,en,guide,src/content/growth-articles/en/benefits-replacement-cost-vs-salary.md,200,https://worthcalc.win/en/guides/benefits-replacement-cost-vs-salary/,0,true,"index,follow",,https://worthcalc.win/en/guides/benefits-replacement-cost-vs-salary/,200,true,2,true,true,3,2,Benefits vs Higher Salary: Replacement Cost | WorthCalc,"Benefits vs. Higher Salary: Use Replacement Cost, Not Employer Sticker Value",1590,cd21d964b79c40e6fc7078f8dadb1f6a955e816d0dcd0749421de256bd67c120
https://worthcalc.win/en/guides/billing-date-cash-flow-overlap/,en,guide,src/content/growth-articles/en/billing-date-cash-flow-overlap.md,200,https://worthcalc.win/en/guides/billing-date-cash-flow-overlap/,0,true,"index,follow",,https://worthcalc.win/en/guides/billing-date-cash-flow-overlap/,200,true,6,true,true,8,2,Billing Date Cash-Flow Overlap: Plan for Large Charges in the Same Week | WorthCalc,Billing Date Cash-Flow Overlap: Plan for Large Charges in the Same Week,561,f039e4af7179eb78d0edd05cccf8d7e1d41acc5b0542655712b6c536ddac5f1b
https://worthcalc.win/en/guides/blender-cost-per-blending-session-used/,en,guide,src/content/growth-articles/en/blender-cost-per-blending-session-used.md,200,https://worthcalc.win/en/guides/blender-cost-per-blending-session-used/,0,true,"index,follow",,https://worthcalc.win/en/guides/blender-cost-per-blending-session-used/,200,true,6,true,true,10,2,Blender Cost Per Blending Session Used | WorthCalc,Blender Cost Per Blending Session Used,470,8b25f840de99b0d0aa7684631e736670eeb6681c67f96cf372894ee37b9799ee
https://worthcalc.win/en/guides/bonus-volatility-fixed-cost-capacity/,en,guide,src/content/growth-articles/en/bonus-volatility-fixed-cost-capacity.md,200,https://worthcalc.win/en/guides/bonus-volatility-fixed-cost-capacity/,0,true,"index,follow",,https://worthcalc.win/en/guides/bonus-volatility-fixed-cost-capacity/,200,true,2,true,true,3,2,Bonus Volatility &amp; Fixed-Cost Capacity | WorthCalc,Bonus Volatility and Fixed-Cost Capacity: Compare Offers Without Treating Target Bonus as Guaranteed Pay,1553,dd7530d019b5e8e341620f0bcab9f0d79cbc0dbe92014e5252cbe0a72bd6398a
https://worthcalc.win/en/guides/bread-maker-cost-per-loaf-used/,en,guide,src/content/growth-articles/en/bread-maker-cost-per-loaf-used.md,200,https://worthcalc.win/en/guides/bread-maker-cost-per-loaf-used/,0,true,"index,follow",,https://worthcalc.win/en/guides/bread-maker-cost-per-loaf-used/,200,true,6,true,true,10,2,Bread Maker Cost Per Loaf Used: Allocate Kneading and Baking Energy | WorthCalc,Bread Maker Cost Per Loaf Used: Allocate Kneading and Baking Energy,711,ba789464e1cbd69cdf802fbb32ae373a0434b02deea2327ca689c88e0941a9b2
https://worthcalc.win/en/guides/car-down-payment-vs-liquidity/,en,guide,src/content/growth-articles/en/car-down-payment-vs-liquidity.md,200,https://worthcalc.win/en/guides/car-down-payment-vs-liquidity/,0,true,"index,follow",,https://worthcalc.win/en/guides/car-down-payment-vs-liquidity/,200,true,3,true,true,10,2,Car Down Payment vs. Liquidity: Cost Trade-Off | WorthCalc,Car Down Payment vs. Liquidity: Lower Loan Payment or More Cash After Purchase?,1655,ce96db1e78d2c9ffc5a174926da1f6a342fee36cb70347a0920fb6a848829a23
https://worthcalc.win/en/guides/car-loan-60-vs-72-vs-84-early-exit/,en,guide,src/content/growth-articles/en/car-loan-60-vs-72-vs-84-early-exit.md,200,https://worthcalc.win/en/guides/car-loan-60-vs-72-vs-84-early-exit/,0,true,"index,follow",,https://worthcalc.win/en/guides/car-loan-60-vs-72-vs-84-early-exit/,200,true,2,true,true,6,2,60 vs. 72 vs. 84 Month Car Loan: Early-Exit Balance | WorthCalc,"Car Loan 60 vs. 72 vs. 84 Months: Compare the Balance at an Early Exit, Not Just the Payment",2046,530def93d59340589dfd2c798a7bf496d2515935d7a224410d635cbb6e17f7df
https://worthcalc.win/en/guides/cash-discount-vs-financing/,en,guide,src/content/growth-articles/en/cash-discount-vs-financing.md,200,https://worthcalc.win/en/guides/cash-discount-vs-financing/,0,true,"index,follow",,https://worthcalc.win/en/guides/cash-discount-vs-financing/,200,true,3,true,true,12,2,Cash Discount vs. Financing: Calculate the Implied Cost of Installments,Cash Discount vs. Financing: The Discount You Give Up Is Part of the Borrowing Cost,1581,4aa41e679ec769656a488f32e47d381e10b6dde6ba07afb14dc182d2eeb7a957
https://worthcalc.win/en/guides/cash-flow-buffer-vs-emergency-fund/,en,guide,src/content/growth-articles/en/cash-flow-buffer-vs-emergency-fund.md,200,https://worthcalc.win/en/guides/cash-flow-buffer-vs-emergency-fund/,0,true,"index,follow",,https://worthcalc.win/en/guides/cash-flow-buffer-vs-emergency-fund/,200,true,3,true,true,8,2,Cash-Flow Buffer vs. Emergency Fund: How Much of Each Do You Need?,Cash-Flow Buffer vs. Emergency Fund: They Solve Different Problems,1635,fa4e937b9277b5a8943cf439b4204844fe3db7d2d1d6cdf43e95e9111f891b0e
https://worthcalc.win/en/guides/cash-runway-before-quitting-job/,en,guide,src/content/growth-articles/en/cash-runway-before-quitting-job.md,200,https://worthcalc.win/en/guides/cash-runway-before-quitting-job/,0,true,"index,follow",,https://worthcalc.win/en/guides/cash-runway-before-quitting-job/,200,true,3,true,true,7,2,Cash Runway Before Quitting a Job | WorthCalc,Cash Runway Before Quitting Your Job: Build a Dated Bridge to the Next Reliable Income,1586,a16b270e9907363efde775373e8bca57b8d06d23186d92bc30309d3135051db8
https://worthcalc.win/en/guides/cash-vs-financing-car-liquidity/,en,guide,src/content/growth-articles/en/cash-vs-financing-car-liquidity.md,200,https://worthcalc.win/en/guides/cash-vs-financing-car-liquidity/,0,true,"index,follow",,https://worthcalc.win/en/guides/cash-vs-financing-car-liquidity/,200,true,2,true,true,4,2,Pay Cash for a Car vs. Finance: Liquidity-Adjusted Test | WorthCalc,Pay Cash for a Car vs. Finance: A Liquidity-Adjusted Cost Test,1882,6eaf59c5b64a948e39f738a43d71488082fb2fee818b2eca9bfd9216d0d77a0f
https://worthcalc.win/en/guides/ceiling-fan-cost-per-operating-hour-used/,en,guide,src/content/growth-articles/en/ceiling-fan-cost-per-operating-hour-used.md,200,https://worthcalc.win/en/guides/ceiling-fan-cost-per-operating-hour-used/,0,true,"index,follow",,https://worthcalc.win/en/guides/ceiling-fan-cost-per-operating-hour-used/,200,true,6,true,true,8,2,Ceiling Fan Cost Per Operating Hour Used: Separate Airflow From Lighting | WorthCalc,Ceiling Fan Cost Per Operating Hour Used: Separate Airflow From Lighting,293,ab8e217c3b971055a1637d6e245dcb48ba4695be85859af0f626508ff9cb5852
https://worthcalc.win/en/guides/ceiling-fan-electricity-cost-per-cooling-hour-used/,en,guide,src/content/growth-articles/en/ceiling-fan-electricity-cost-per-cooling-hour-used.md,200,https://worthcalc.win/en/guides/ceiling-fan-electricity-cost-per-cooling-hour-used/,0,true,"index,follow",,https://worthcalc.win/en/guides/ceiling-fan-electricity-cost-per-cooling-hour-used/,200,true,6,true,true,11,2,Ceiling Fan Electricity Cost Per Cooling Hour Used: Separate Light and Standby | WorthCalc,Ceiling Fan Electricity Cost Per Cooling Hour Used: Separate Light and Standby,533,5471cb4b8219b3136e7f22b0916f4dafba3cbf4352d2d9d5de9844b599622f60
https://worthcalc.win/en/guides/childcare-cost-per-hour-used/,en,guide,src/content/growth-articles/en/childcare-cost-per-hour-used.md,200,https://worthcalc.win/en/guides/childcare-cost-per-hour-used/,0,true,"index,follow",,https://worthcalc.win/en/guides/childcare-cost-per-hour-used/,200,true,6,true,true,8,2,Childcare Cost Per Hour Used: Price the Schedule You Actually Need | WorthCalc,Childcare Cost Per Hour Used: Price the Schedule You Actually Need,405,13d6db40b698c65e10dc3bae436f2194aa3d2921877abaf63e6e60d7b0d92280
https://worthcalc.win/en/guides/childcare-return-to-work-break-even/,en,guide,src/content/growth-articles/en/childcare-return-to-work-break-even.md,200,https://worthcalc.win/en/guides/childcare-return-to-work-break-even/,0,true,"index,follow",,https://worthcalc.win/en/guides/childcare-return-to-work-break-even/,200,true,3,true,true,6,2,Childcare vs. Returning to Work: Break-Even Framework | WorthCalc,Childcare vs. Returning to Work: A Take-Home Pay Break-Even Framework,1931,2ac29c558d2998a9beb9d2eb067ba26af9c17b048fb85656ad829082c7378cf6
https://worthcalc.win/en/guides/clothes-dryer-cost-per-load-used/,en,guide,src/content/growth-articles/en/clothes-dryer-cost-per-load-used.md,200,https://worthcalc.win/en/guides/clothes-dryer-cost-per-load-used/,0,true,"index,follow",,https://worthcalc.win/en/guides/clothes-dryer-cost-per-load-used/,200,true,6,true,true,7,2,"Clothes Dryer Cost Per Load Used: Compare Heat, Time, and Load Size | WorthCalc","Clothes Dryer Cost Per Load Used: Compare Heat, Time, and Load Size",477,98892621dc4d68cee1af17e0efac30e48ecdc345a35ba26203ff88a6acaec42b
https://worthcalc.win/en/guides/cloud-storage-cost-per-retained-gb/,en,guide,src/content/growth-articles/en/cloud-storage-cost-per-retained-gb.md,200,https://worthcalc.win/en/guides/cloud-storage-cost-per-retained-gb/,0,true,"index,follow",,https://worthcalc.win/en/guides/cloud-storage-cost-per-retained-gb/,200,true,6,true,true,9,2,Cloud Storage Cost Per Retained GB: Include Duplicate and Unused Capacity | WorthCalc,Cloud Storage Cost Per Retained GB: Include Duplicate and Unused Capacity,393,d63874ddb6ee8ba2b711be4c9df946b2bc15cba489bdc180d550e8da392fbea5
https://worthcalc.win/en/guides/coffee-maker-cost-per-brew-used/,en,guide,src/content/growth-articles/en/coffee-maker-cost-per-brew-used.md,200,https://worthcalc.win/en/guides/coffee-maker-cost-per-brew-used/,0,true,"index,follow",,https://worthcalc.win/en/guides/coffee-maker-cost-per-brew-used/,200,true,6,true,true,9,2,"Coffee Maker Cost Per Brew Used: Separate Brewing, Warming, and the Cup Served | WorthCalc","Coffee Maker Cost Per Brew Used: Separate Brewing, Warming, and the Cup Served",373,8aa66e9f515830ee793f4d9d781c0fa26fa82bf9e1b7d049c6eaaf59ced778e3
https://worthcalc.win/en/guides/computer-electricity-cost-per-day-used/,en,guide,src/content/growth-articles/en/computer-electricity-cost-per-day-used.md,200,https://worthcalc.win/en/guides/computer-electricity-cost-per-day-used/,0,true,"index,follow",,https://worthcalc.win/en/guides/computer-electricity-cost-per-day-used/,200,true,6,true,true,9,2,"Computer Electricity Cost Per Day Used: Separate Work, Sleep, and Charging | WorthCalc","Computer Electricity Cost Per Day Used: Separate Work, Sleep, and Charging",380,c4d0fdce83328ee2bef01683cbdee046e8a17968953869761002c22c0627dc8e
https://worthcalc.win/en/guides/cost-of-delaying-savings-goal/,en,guide,src/content/growth-articles/en/cost-of-delaying-savings-goal.md,200,https://worthcalc.win/en/guides/cost-of-delaying-savings-goal/,0,true,"index,follow",,https://worthcalc.win/en/guides/cost-of-delaying-savings-goal/,200,true,3,true,true,5,2,Cost of Delaying Savings: 12 vs 24 Months | WorthCalc,Cost of Delaying a Savings Goal: How Much More Must You Save if You Wait 12 or 24 Months?,1746,85f963a2d70db194a7072a44190a587cfbe4d055624231a2eece1f1b07280f95
https://worthcalc.win/en/guides/cost-per-use-kitchen-appliance/,en,guide,src/content/growth-articles/en/cost-per-use-kitchen-appliance.md,200,https://worthcalc.win/en/guides/cost-per-use-kitchen-appliance/,0,true,"index,follow",,https://worthcalc.win/en/guides/cost-per-use-kitchen-appliance/,200,true,6,true,true,13,2,"Kitchen Appliance Cost Per Use: Include Energy, Cleaning, and Replacement | WorthCalc","Kitchen Appliance Cost Per Use: Include Energy, Cleaning, and Replacement",396,f64d296e7ffc0fc1d135efd15d1847b7dd6bea0f45e1e93bfb016ec2cfb2a4e3
https://worthcalc.win/en/guides/cost-per-wear-clothing/,en,guide,src/content/growth-articles/en/cost-per-wear-clothing.md,200,https://worthcalc.win/en/guides/cost-per-wear-clothing/,0,true,"index,follow",,https://worthcalc.win/en/guides/cost-per-wear-clothing/,200,true,6,true,true,8,2,Cost Per Wear Calculator: Price Clothing by Realistic Uses | WorthCalc,Cost Per Wear Calculator: Price Clothing by Realistic Uses,418,761d46f72c2d6aae1a3bc54c0dbbf5cedd5bd2a0c6f21135dc7249f19cdc04ed
https://worthcalc.win/en/guides/costco-executive-break-even-eligible-spend/,en,guide,src/content/growth-articles/en/costco-executive-break-even-eligible-spend.md,200,https://worthcalc.win/en/guides/costco-executive-break-even-eligible-spend/,0,true,"index,follow",,https://worthcalc.win/en/guides/costco-executive-break-even-eligible-spend/,200,true,6,true,true,13,2,Costco Executive Break-Even: How Much Eligible Spending Covers the Upgrade? | WorthCalc,Costco Executive Break-Even: How Much Eligible Spending Covers the Upgrade?,703,553b3601ecf4b0e2828b6d376b0768dcb74c11e4feff09256c199d573b195a89
https://worthcalc.win/en/guides/costco-gas-detour-break-even/,en,guide,src/content/growth-articles/en/costco-gas-detour-break-even.md,200,https://worthcalc.win/en/guides/costco-gas-detour-break-even/,0,true,"index,follow",,https://worthcalc.win/en/guides/costco-gas-detour-break-even/,200,true,6,true,true,7,2,Costco Gas Detour Break-Even: Is the Lower Price Worth the Extra Drive? | WorthCalc,Costco Gas Detour Break-Even: Is the Lower Price Worth the Extra Drive?,618,6f3976e92e3cd5520858a04b2536e6f40f89792c88b0b4e116248d4f207f880c
https://worthcalc.win/en/guides/costco-household-card-break-even-use/,en,guide,src/content/growth-articles/en/costco-household-card-break-even-use.md,200,https://worthcalc.win/en/guides/costco-household-card-break-even-use/,0,true,"index,follow",,https://worthcalc.win/en/guides/costco-household-card-break-even-use/,200,true,6,true,true,7,2,Costco Household Card Break-Even: When Does Shared Use Add Real Value? | WorthCalc,Costco Household Card Break-Even: When Does Shared Use Add Real Value?,610,08ea4fd204b48124b01fbd0768c0ec3fd02703f99461a07432bf7466ef2e1139
https://worthcalc.win/en/guides/costco-membership-fee-break-even-savings/,en,guide,src/content/growth-articles/en/costco-membership-fee-break-even-savings.md,200,https://worthcalc.win/en/guides/costco-membership-fee-break-even-savings/,0,true,"index,follow",,https://worthcalc.win/en/guides/costco-membership-fee-break-even-savings/,200,true,6,true,true,11,2,Costco Membership Fee Break-Even: How Much Shopping Must Be Cheaper? | WorthCalc,Costco Membership Fee Break-Even: How Much Shopping Must Be Cheaper?,636,ae6015bf2587e611115656b70106b6ea30b09bd25402ba2aebf40f6468bf90d7
https://worthcalc.win/en/guides/costco-renewal-refund-reward-timing/,en,guide,src/content/growth-articles/en/costco-renewal-refund-reward-timing.md,200,https://worthcalc.win/en/guides/costco-renewal-refund-reward-timing/,0,true,"index,follow",,https://worthcalc.win/en/guides/costco-renewal-refund-reward-timing/,200,true,6,true,true,7,2,"Costco Renewal, Refund, and Reward Timing: Calculate the Net Membership Cost | WorthCalc","Costco Renewal, Refund, and Reward Timing: Calculate the Net Membership Cost",568,676d894a9176b468c6ef7db1e5682cd939f59643f45a3f15f01d3c1c1a984246
https://worthcalc.win/en/guides/costco-reward-cap-usage-break-even/,en,guide,src/content/growth-articles/en/costco-reward-cap-usage-break-even.md,200,https://worthcalc.win/en/guides/costco-reward-cap-usage-break-even/,0,true,"index,follow",,https://worthcalc.win/en/guides/costco-reward-cap-usage-break-even/,200,true,6,true,true,7,2,Costco Reward Cap: Find the Spending Level Where More Purchases Stop Helping | WorthCalc,Costco Reward Cap: Find the Spending Level Where More Purchases Stop Helping,561,3eafdc781be51fe0c099bdba011908bf801d96b6e6684b38c159562054242ab9
https://worthcalc.win/en/guides/costco-reward-exclusion-effective-rate/,en,guide,src/content/growth-articles/en/costco-reward-exclusion-effective-rate.md,200,https://worthcalc.win/en/guides/costco-reward-exclusion-effective-rate/,0,true,"index,follow",,https://worthcalc.win/en/guides/costco-reward-exclusion-effective-rate/,200,true,6,true,true,10,2,Costco Reward Exclusions: Calculate Your Effective Reward Rate | WorthCalc,Costco Reward Exclusions: Calculate Your Effective Reward Rate,586,f4a2159f19336fb7a0eb2de2fc7badd5c4149f47ad742a3726642bdb26073147
https://worthcalc.win/en/guides/countertop-ice-maker-cost-per-batch-used/,en,guide,src/content/growth-articles/en/countertop-ice-maker-cost-per-batch-used.md,200,https://worthcalc.win/en/guides/countertop-ice-maker-cost-per-batch-used/,0,true,"index,follow",,https://worthcalc.win/en/guides/countertop-ice-maker-cost-per-batch-used/,200,true,6,true,true,10,2,Countertop Ice Maker Cost Per Batch Used: Include Freeze and Hold Time | WorthCalc,Countertop Ice Maker Cost Per Batch Used: Include Freeze and Hold Time,633,deb66ddc98c0aa4f5d7c8f60ebd44a42fdce5beb57e3cce25aa7979ccea6f4fe
https://worthcalc.win/en/guides/coworking-membership-cost-per-day/,en,guide,src/content/growth-articles/en/coworking-membership-cost-per-day.md,200,https://worthcalc.win/en/guides/coworking-membership-cost-per-day/,0,true,"index,follow",,https://worthcalc.win/en/guides/coworking-membership-cost-per-day/,200,true,6,true,true,8,2,Coworking Membership Cost Per Day: Include Access You Do Not Use | WorthCalc,Coworking Membership Cost Per Day: Include Access You Do Not Use,389,7cd1dbc15dd554a3751c088b4acce28259552940978d0ca069f7324bd6be7996
https://worthcalc.win/en/guides/debt-consolidation-break-even/,en,guide,src/content/growth-articles/en/debt-consolidation-break-even.md,200,https://worthcalc.win/en/guides/debt-consolidation-break-even/,0,true,"index,follow",,https://worthcalc.win/en/guides/debt-consolidation-break-even/,200,true,3,true,true,5,2,Debt Consolidation Break-Even: Payment vs Total Cost | WorthCalc,Debt Consolidation Break-Even: Lower Payment vs. Lower Total Cost,2147,32fb41c1568308accd1a4a5242a3df24ea61171974295f99367aa4c1a2636bcb
https://worthcalc.win/en/guides/debt-to-assets-ratio-personal/,en,guide,src/content/growth-articles/en/debt-to-assets-ratio-personal.md,200,https://worthcalc.win/en/guides/debt-to-assets-ratio-personal/,0,true,"index,follow",,https://worthcalc.win/en/guides/debt-to-assets-ratio-personal/,200,true,3,true,true,4,2,"Personal Debt-to-Assets Ratio: Formula, Examples, and DTI Differences","Personal Debt-to-Assets Ratio: A Balance-Sheet Metric, Not a Lending DTI Rule",1610,0ec5d7e8fdab452dc0657d78fc045a91c8968c03e763241ba2d686797c2dc2c2
https://worthcalc.win/en/guides/dehumidifier-cost-per-pint-removed/,en,guide,src/content/growth-articles/en/dehumidifier-cost-per-pint-removed.md,200,https://worthcalc.win/en/guides/dehumidifier-cost-per-pint-removed/,0,true,"index,follow",,https://worthcalc.win/en/guides/dehumidifier-cost-per-pint-removed/,200,true,6,true,true,8,2,"Dehumidifier Cost Per Pint Removed: Compare Energy, Runtime, and Moisture | WorthCalc","Dehumidifier Cost Per Pint Removed: Compare Energy, Runtime, and Moisture",296,72660552a4163b81376222a6bbdd658717ba869fef4e2a1adc9494ab4a78d561
https://worthcalc.win/en/guides/dehumidifier-electricity-cost-per-laundry-drying-session-used/,en,guide,src/content/growth-articles/en/dehumidifier-electricity-cost-per-laundry-drying-session-used.md,200,https://worthcalc.win/en/guides/dehumidifier-electricity-cost-per-laundry-drying-session-used/,0,true,"index,follow",,https://worthcalc.win/en/guides/dehumidifier-electricity-cost-per-laundry-drying-session-used/,200,true,6,true,true,10,2,Dehumidifier Electricity Cost Per Drying Hour Used: Include Compressor Pauses | WorthCalc,Dehumidifier Electricity Cost Per Drying Hour Used: Include Compressor Pauses,586,34bc75c45222415205c41c01244febd80fcd3eddcd6b1546e0b30d812a6bf692
https://worthcalc.win/en/guides/desk-fan-electricity-cost-per-cooling-hour-used/,en,guide,src/content/growth-articles/en/desk-fan-electricity-cost-per-cooling-hour-used.md,200,https://worthcalc.win/en/guides/desk-fan-electricity-cost-per-cooling-hour-used/,0,true,"index,follow",,https://worthcalc.win/en/guides/desk-fan-electricity-cost-per-cooling-hour-used/,200,true,6,true,true,10,2,Desk Fan Electricity Cost Per Cooling Hour Used: Include Speed and Oscillation | WorthCalc,Desk Fan Electricity Cost Per Cooling Hour Used: Include Speed and Oscillation,486,00dbc562f6d22e65d9d770c624b3e353f60027cecb683cba5538a5d069037877
https://worthcalc.win/en/guides/desktop-speakers-electricity-cost-per-listening-hour-used/,en,guide,src/content/growth-articles/en/desktop-speakers-electricity-cost-per-listening-hour-used.md,200,https://worthcalc.win/en/guides/desktop-speakers-electricity-cost-per-listening-hour-used/,0,true,"index,follow",,https://worthcalc.win/en/guides/desktop-speakers-electricity-cost-per-listening-hour-used/,200,true,6,true,true,10,2,Desktop Speakers Electricity Cost Per Listening Hour Used: Measure Amplifier and Idle Draw | WorthCalc,Desktop Speakers Electricity Cost Per Listening Hour Used: Measure Amplifier and Idle Draw,646,c4296f55c357544444c2feb9733314779c1f835525bcc817b2bcc61cf5977fed
https://worthcalc.win/en/guides/digital-photo-frame-electricity-cost-per-display-day-used/,en,guide,src/content/growth-articles/en/digital-photo-frame-electricity-cost-per-display-day-used.md,200,https://worthcalc.win/en/guides/digital-photo-frame-electricity-cost-per-display-day-used/,0,true,"index,follow",,https://worthcalc.win/en/guides/digital-photo-frame-electricity-cost-per-display-day-used/,200,true,6,true,true,7,2,Digital Photo Frame Electricity Cost Per Display Day Used: Separate Screen and Network Standby | WorthCalc,Digital Photo Frame Electricity Cost Per Display Day Used: Separate Screen and Network Standby,486,2c9b8aa1417438eec554759eceafd15426443616f22e286c91789021acb4d5c1
https://worthcalc.win/en/guides/dishwasher-cost-per-cycle-used/,en,guide,src/content/growth-articles/en/dishwasher-cost-per-cycle-used.md,200,https://worthcalc.win/en/guides/dishwasher-cost-per-cycle-used/,0,true,"index,follow",,https://worthcalc.win/en/guides/dishwasher-cost-per-cycle-used/,200,true,6,true,true,9,2,"Dishwasher Cost Per Cycle Used: Count Energy, Water, and Detergent | WorthCalc","Dishwasher Cost Per Cycle Used: Count Energy, Water, and Detergent",483,675b009ebdc31135fc3b34b71be555a27dd1a93b92e2beefa09fc7a0958071a3
https://worthcalc.win/en/guides/document-camera-electricity-cost-per-presentation-hour-used/,en,guide,src/content/growth-articles/en/document-camera-electricity-cost-per-presentation-hour-used.md,200,https://worthcalc.win/en/guides/document-camera-electricity-cost-per-presentation-hour-used/,0,true,"index,follow",,https://worthcalc.win/en/guides/document-camera-electricity-cost-per-presentation-hour-used/,200,true,6,true,true,10,2,Document Camera Electricity Cost Per Presentation Hour Used: Include Lamp and Computer | WorthCalc,Document Camera Electricity Cost Per Presentation Hour Used: Include Lamp and Computer,483,e2f4a41d4f6df817c401f98e70bc151e3349cf721e8b138760307228f49d6ebb
https://worthcalc.win/en/guides/e-reader-electricity-cost-per-reading-hour-used/,en,guide,src/content/growth-articles/en/e-reader-electricity-cost-per-reading-hour-used.md,200,https://worthcalc.win/en/guides/e-reader-electricity-cost-per-reading-hour-used/,0,true,"index,follow",,https://worthcalc.win/en/guides/e-reader-electricity-cost-per-reading-hour-used/,200,true,6,true,true,10,2,E-Reader Electricity Cost Per Reading Hour Used: Count Charging Energy | WorthCalc,E-Reader Electricity Cost Per Reading Hour Used: Count Charging Energy,498,9a153ef300dcec50d28c14c28685c45b8beaf9feef652e135fd167cd05db1194
https://worthcalc.win/en/guides/electric-air-pump-electricity-cost-per-inflation-session-used/,en,guide,src/content/growth-articles/en/electric-air-pump-electricity-cost-per-inflation-session-used.md,200,https://worthcalc.win/en/guides/electric-air-pump-electricity-cost-per-inflation-session-used/,0,true,"index,follow",,https://worthcalc.win/en/guides/electric-air-pump-electricity-cost-per-inflation-session-used/,200,true,6,true,true,7,2,Electric Air Pump Electricity Cost Per Inflation Session Used: Include Pressure Cutoff | WorthCalc,Electric Air Pump Electricity Cost Per Inflation Session Used: Include Pressure Cutoff,498,705f35480e6d1fee890ca52d5bd2b239acced26cd40affdb468b263a44f67f15
https://worthcalc.win/en/guides/electric-blanket-cost-per-night-used/,en,guide,src/content/growth-articles/en/electric-blanket-cost-per-night-used.md,200,https://worthcalc.win/en/guides/electric-blanket-cost-per-night-used/,0,true,"index,follow",,https://worthcalc.win/en/guides/electric-blanket-cost-per-night-used/,200,true,6,true,true,8,2,Electric Blanket Cost Per Night Used: Include Heat Settings and Actual Bedtime | WorthCalc,Electric Blanket Cost Per Night Used: Include Heat Settings and Actual Bedtime,347,811ffdffcf70507645e9ef1182a3eb4fa8795bfae553d3d8033d1b8c52dce534
https://worthcalc.win/en/guides/electric-can-opener-cost-per-use-used/,en,guide,src/content/growth-articles/en/electric-can-opener-cost-per-use-used.md,200,https://worthcalc.win/en/guides/electric-can-opener-cost-per-use-used/,0,true,"index,follow",,https://worthcalc.win/en/guides/electric-can-opener-cost-per-use-used/,200,true,6,true,true,10,2,"Electric Can Opener Cost Per Use Used: Measure Motor Time, Not Rated Watts | WorthCalc","Electric Can Opener Cost Per Use Used: Measure Motor Time, Not Rated Watts",740,b30a4da35140038d5cab6f36429d1b7dd8d90a9b063b1f66c48d1c8a1c6c3aac
https://worthcalc.win/en/guides/electric-citrus-juicer-cost-per-juice-session-used/,en,guide,src/content/growth-articles/en/electric-citrus-juicer-cost-per-juice-session-used.md,200,https://worthcalc.win/en/guides/electric-citrus-juicer-cost-per-juice-session-used/,0,true,"index,follow",,https://worthcalc.win/en/guides/electric-citrus-juicer-cost-per-juice-session-used/,200,true,6,true,true,10,2,Electric Citrus Juicer Cost Per Juice Session Used: Measure Pressing Time | WorthCalc,Electric Citrus Juicer Cost Per Juice Session Used: Measure Pressing Time,633,dda8f24c2c8a1c8e8f06a216baeace7c3335806bf826fad0bf032b5c311dcba3
https://worthcalc.win/en/guides/electric-egg-cooker-cost-per-cooking-cycle-used/,en,guide,src/content/growth-articles/en/electric-egg-cooker-cost-per-cooking-cycle-used.md,200,https://worthcalc.win/en/guides/electric-egg-cooker-cost-per-cooking-cycle-used/,0,true,"index,follow",,https://worthcalc.win/en/guides/electric-egg-cooker-cost-per-cooking-cycle-used/,200,true,6,true,true,10,2,Electric Egg Cooker Cost Per Cooking Cycle Used: Count Water and Warm-Up | WorthCalc,Electric Egg Cooker Cost Per Cooking Cycle Used: Count Water and Warm-Up,737,7d57edd3ebb33d5b2f90db557a9c45b7a9fddaa42e16535e46e5000e8522286a
https://worthcalc.win/en/guides/electric-fireplace-electricity-cost-per-heating-hour-used/,en,guide,src/content/growth-articles/en/electric-fireplace-electricity-cost-per-heating-hour-used.md,200,https://worthcalc.win/en/guides/electric-fireplace-electricity-cost-per-heating-hour-used/,0,true,"index,follow",,https://worthcalc.win/en/guides/electric-fireplace-electricity-cost-per-heating-hour-used/,200,true,6,true,true,15,2,Electric Fireplace Electricity Cost Per Heating Hour Used: Separate Flame Mode | WorthCalc,Electric Fireplace Electricity Cost Per Heating Hour Used: Separate Flame Mode,628,3c7e97bff19f5aa7e4343a3b65de205551f6d62c35889521f227594cc3094b47
https://worthcalc.win/en/guides/electric-food-warmer-cost-per-heating-hour-used/,en,guide,src/content/growth-articles/en/electric-food-warmer-cost-per-heating-hour-used.md,200,https://worthcalc.win/en/guides/electric-food-warmer-cost-per-heating-hour-used/,0,true,"index,follow",,https://worthcalc.win/en/guides/electric-food-warmer-cost-per-heating-hour-used/,200,true,6,true,true,10,2,Electric Food Warmer Cost Per Heating Hour Used: Measure Thermostat Cycling | WorthCalc,Electric Food Warmer Cost Per Heating Hour Used: Measure Thermostat Cycling,646,87c5c3483c4323045c328d5b0874407b09ae0fb652b11666aa9de366cd83d41d
https://worthcalc.win/en/guides/electric-foot-massager-electricity-cost-per-massage-session-used/,en,guide,src/content/growth-articles/en/electric-foot-massager-electricity-cost-per-massage-session-used.md,200,https://worthcalc.win/en/guides/electric-foot-massager-electricity-cost-per-massage-session-used/,0,true,"index,follow",,https://worthcalc.win/en/guides/electric-foot-massager-electricity-cost-per-massage-session-used/,200,true,6,true,true,10,2,Electric Foot Massager Cost Per Massage Session Used: Separate Standby and Heat | WorthCalc,Electric Foot Massager Cost Per Massage Session Used: Separate Standby and Heat,478,3e00c69d2c3a447be97cfa6bcb3d5061f48a12490348a2413c1061c49c312324
https://worthcalc.win/en/guides/electric-griddle-cost-per-cooking-hour-used/,en,guide,src/content/growth-articles/en/electric-griddle-cost-per-cooking-hour-used.md,200,https://worthcalc.win/en/guides/electric-griddle-cost-per-cooking-hour-used/,0,true,"index,follow",,https://worthcalc.win/en/guides/electric-griddle-cost-per-cooking-hour-used/,200,true,6,true,true,10,2,Electric Griddle Cost Per Cooking Hour Used: Separate Heat-Up and Active Cooking | WorthCalc,Electric Griddle Cost Per Cooking Hour Used: Separate Heat-Up and Active Cooking,348,fd27597f654984992ab46e1ca9706c29b53a9221276bf03065e582cfac929826
https://worthcalc.win/en/guides/electric-hand-mixer-electricity-cost-per-mixing-session-used/,en,guide,src/content/growth-articles/en/electric-hand-mixer-electricity-cost-per-mixing-session-used.md,200,https://worthcalc.win/en/guides/electric-hand-mixer-electricity-cost-per-mixing-session-used/,0,true,"index,follow",,https://worthcalc.win/en/guides/electric-hand-mixer-electricity-cost-per-mixing-session-used/,200,true,6,true,true,11,2,Electric Hand Mixer Electricity Cost Per Mixing Session Used: Count Speed | WorthCalc,Electric Hand Mixer Electricity Cost Per Mixing Session Used: Count Speed,383,f689e356feac554ee444f3970783dd838bc0ca184bdcab4bb99f31aaeed8f893
https://worthcalc.win/en/guides/electric-insect-zapper-electricity-cost-per-overnight-used/,en,guide,src/content/growth-articles/en/electric-insect-zapper-electricity-cost-per-overnight-used.md,200,https://worthcalc.win/en/guides/electric-insect-zapper-electricity-cost-per-overnight-used/,0,true,"index,follow",,https://worthcalc.win/en/guides/electric-insect-zapper-electricity-cost-per-overnight-used/,200,true,6,true,true,11,2,Electric Insect Zapper Electricity Cost Per Overnight Used: Include Standby | WorthCalc,Electric Insect Zapper Electricity Cost Per Overnight Used: Include Standby,647,db7b719a831fa349a9593d27387b8c72945bc69847f04721e56c1237e102414a
https://worthcalc.win/en/guides/electric-kettle-cost-per-boil-used/,en,guide,src/content/growth-articles/en/electric-kettle-cost-per-boil-used.md,200,https://worthcalc.win/en/guides/electric-kettle-cost-per-boil-used/,0,true,"index,follow",,https://worthcalc.win/en/guides/electric-kettle-cost-per-boil-used/,200,true,6,true,true,9,2,Electric Kettle Cost Per Boil Used: Account for Water Volume and Shutoff | WorthCalc,Electric Kettle Cost Per Boil Used: Account for Water Volume and Shutoff,379,ea70d305f673e0b03cde56f49ddd2e77457fa3dd5505189aa3c4e8d866bd4cf3
https://worthcalc.win/en/guides/electric-lunch-box-cost-per-heating-cycle-used/,en,guide,src/content/growth-articles/en/electric-lunch-box-cost-per-heating-cycle-used.md,200,https://worthcalc.win/en/guides/electric-lunch-box-cost-per-heating-cycle-used/,0,true,"index,follow",,https://worthcalc.win/en/guides/electric-lunch-box-cost-per-heating-cycle-used/,200,true,6,true,true,10,2,Electric Lunch Box Cost Per Heating Cycle Used: Separate Heat-Up From Waiting | WorthCalc,Electric Lunch Box Cost Per Heating Cycle Used: Separate Heat-Up From Waiting,726,943a1b38d35536d56f0a277fa2632782e03a7170980e45c97c6acc7036541019
https://worthcalc.win/en/guides/electric-meat-grinder-cost-per-grinding-session-used/,en,guide,src/content/growth-articles/en/electric-meat-grinder-cost-per-grinding-session-used.md,200,https://worthcalc.win/en/guides/electric-meat-grinder-cost-per-grinding-session-used/,0,true,"index,follow",,https://worthcalc.win/en/guides/electric-meat-grinder-cost-per-grinding-session-used/,200,true,6,true,true,10,2,Electric Meat Grinder Cost Per Grinding Session Used: Allocate Motor Runtime | WorthCalc,Electric Meat Grinder Cost Per Grinding Session Used: Allocate Motor Runtime,629,b9b1c1c7833b1db616d64892c6fb0e8a6920ebf2ad9fc24ea947ffc8118fe487
https://worthcalc.win/en/guides/electric-milk-frother-cost-per-frothing-session-used/,en,guide,src/content/growth-articles/en/electric-milk-frother-cost-per-frothing-session-used.md,200,https://worthcalc.win/en/guides/electric-milk-frother-cost-per-frothing-session-used/,0,true,"index,follow",,https://worthcalc.win/en/guides/electric-milk-frother-cost-per-frothing-session-used/,200,true,6,true,true,10,2,Electric Milk Frother Cost Per Frothing Session Used: Separate Heat and Whisking | WorthCalc,Electric Milk Frother Cost Per Frothing Session Used: Separate Heat and Whisking,643,28d081553c02bf87c7cf778f8697ed52cb2ce56eada09002f50d03d9f5511354
https://worthcalc.win/en/guides/electric-pasta-maker-cost-per-batch-used/,en,guide,src/content/growth-articles/en/electric-pasta-maker-cost-per-batch-used.md,200,https://worthcalc.win/en/guides/electric-pasta-maker-cost-per-batch-used/,0,true,"index,follow",,https://worthcalc.win/en/guides/electric-pasta-maker-cost-per-batch-used/,200,true,6,true,true,10,2,"Electric Pasta Maker Cost Per Batch Used: Count Mixing, Extruding, and Drying | WorthCalc","Electric Pasta Maker Cost Per Batch Used: Count Mixing, Extruding, and Drying",645,e98cd14448adb5d701d787b484facfb5c46c235c0341d602f1e7fe90f821107e
https://worthcalc.win/en/guides/electric-pencil-sharpener-electricity-cost-per-sharpening-session-used/,en,guide,src/content/growth-articles/en/electric-pencil-sharpener-electricity-cost-per-sharpening-session-used.md,200,https://worthcalc.win/en/guides/electric-pencil-sharpener-electricity-cost-per-sharpening-session-used/,0,true,"index,follow",,https://worthcalc.win/en/guides/electric-pencil-sharpener-electricity-cost-per-sharpening-session-used/,200,true,6,true,true,10,2,Electric Pencil Sharpener Cost Per Sharpening Session Used: Count Repeated Cycles | WorthCalc,Electric Pencil Sharpener Cost Per Sharpening Session Used: Count Repeated Cycles,462,b9e5bf369527f11c528911e7716244134ac2f17237505ef25cea31e4932816cc
https://worthcalc.win/en/guides/electric-pressure-cooker-cost-per-cooking-cycle-used/,en,guide,src/content/growth-articles/en/electric-pressure-cooker-cost-per-cooking-cycle-used.md,200,https://worthcalc.win/en/guides/electric-pressure-cooker-cost-per-cooking-cycle-used/,0,true,"index,follow",,https://worthcalc.win/en/guides/electric-pressure-cooker-cost-per-cooking-cycle-used/,200,true,6,true,true,10,2,Electric Pressure Cooker Cost Per Cooking Cycle Used | WorthCalc,Electric Pressure Cooker Cost Per Cooking Cycle Used,374,64ea06e215beb6090a9d38a90e75849ede9d0bc7a6c19c5cd2abcc18cf3ef54e
https://worthcalc.win/en/guides/electric-shaver-electricity-cost-per-grooming-session-used/,en,guide,src/content/growth-articles/en/electric-shaver-electricity-cost-per-grooming-session-used.md,200,https://worthcalc.win/en/guides/electric-shaver-electricity-cost-per-grooming-session-used/,0,true,"index,follow",,https://worthcalc.win/en/guides/electric-shaver-electricity-cost-per-grooming-session-used/,200,true,6,true,true,11,2,Electric Shaver Electricity Cost Per Grooming Session Used: Count Charging | WorthCalc,Electric Shaver Electricity Cost Per Grooming Session Used: Count Charging,390,1b56372521e0f58ba935512de781655c50e98708d0df7c4104fd0e278342bf50
https://worthcalc.win/en/guides/electric-space-heater-cost-per-heating-hour-used/,en,guide,src/content/growth-articles/en/electric-space-heater-cost-per-heating-hour-used.md,200,https://worthcalc.win/en/guides/electric-space-heater-cost-per-heating-hour-used/,0,true,"index,follow",,https://worthcalc.win/en/guides/electric-space-heater-cost-per-heating-hour-used/,200,true,6,true,true,9,2,"Electric Space Heater Cost Per Heating Hour Used: Compare Wattage, Duty Cycle, and Room | WorthCalc","Electric Space Heater Cost Per Heating Hour Used: Compare Wattage, Duty Cycle, and Room",304,81176261546e979f1f3602e7dd1690e3ceace5a94c1874bba6c456e0cf8cc076
https://worthcalc.win/en/guides/electric-standing-desk-electricity-cost-per-adjusted-day-used/,en,guide,src/content/growth-articles/en/electric-standing-desk-electricity-cost-per-adjusted-day-used.md,200,https://worthcalc.win/en/guides/electric-standing-desk-electricity-cost-per-adjusted-day-used/,0,true,"index,follow",,https://worthcalc.win/en/guides/electric-standing-desk-electricity-cost-per-adjusted-day-used/,200,true,6,true,true,10,2,Electric Standing Desk Cost Per Adjusted Day Used: Include Motor and Standby | WorthCalc,Electric Standing Desk Cost Per Adjusted Day Used: Include Motor and Standby,541,66236773f38064db7c813bfe818bb6e56240f7d59fc12c6dc42f7927bfab04a1
https://worthcalc.win/en/guides/electric-stapler-electricity-cost-per-stapling-session-used/,en,guide,src/content/growth-articles/en/electric-stapler-electricity-cost-per-stapling-session-used.md,200,https://worthcalc.win/en/guides/electric-stapler-electricity-cost-per-stapling-session-used/,0,true,"index,follow",,https://worthcalc.win/en/guides/electric-stapler-electricity-cost-per-stapling-session-used/,200,true,6,true,true,10,2,Electric Stapler Electricity Cost Per Stapling Session Used: Separate Jam Events | WorthCalc,Electric Stapler Electricity Cost Per Stapling Session Used: Separate Jam Events,502,f9adacc9c8332f900fe9af20ecb5e44ec073a5b7dda01f2752730c654ab02029
https://worthcalc.win/en/guides/electric-toothbrush-electricity-cost-per-charging-day-used/,en,guide,src/content/growth-articles/en/electric-toothbrush-electricity-cost-per-charging-day-used.md,200,https://worthcalc.win/en/guides/electric-toothbrush-electricity-cost-per-charging-day-used/,0,true,"index,follow",,https://worthcalc.win/en/guides/electric-toothbrush-electricity-cost-per-charging-day-used/,200,true,6,true,true,11,2,Electric Toothbrush Electricity Cost Per Charging Day Used: Include Dock Standby | WorthCalc,Electric Toothbrush Electricity Cost Per Charging Day Used: Include Dock Standby,411,5ea15f685181524e1158ce0abb1126ce99ccdef6c421157df198aebf9829ff2b
https://worthcalc.win/en/guides/electric-wine-cooler-electricity-cost-per-storage-day-used/,en,guide,src/content/growth-articles/en/electric-wine-cooler-electricity-cost-per-storage-day-used.md,200,https://worthcalc.win/en/guides/electric-wine-cooler-electricity-cost-per-storage-day-used/,0,true,"index,follow",,https://worthcalc.win/en/guides/electric-wine-cooler-electricity-cost-per-storage-day-used/,200,true,6,true,true,7,2,Wine Cooler Electricity Cost Per Storage Day Used: Count Compressor Cycling | WorthCalc,Wine Cooler Electricity Cost Per Storage Day Used: Count Compressor Cycling,445,3a977c6ba36c9e7c90630d6fd892a572792e593366ea47eee3296496074290f3
https://worthcalc.win/en/guides/electric-yogurt-maker-cost-per-batch-used/,en,guide,src/content/growth-articles/en/electric-yogurt-maker-cost-per-batch-used.md,200,https://worthcalc.win/en/guides/electric-yogurt-maker-cost-per-batch-used/,0,true,"index,follow",,https://worthcalc.win/en/guides/electric-yogurt-maker-cost-per-batch-used/,200,true,6,true,true,10,2,Electric Yogurt Maker Cost Per Batch Used: Include Incubation Hours | WorthCalc,Electric Yogurt Maker Cost Per Batch Used: Include Incubation Hours,719,ea90b14d1473c1b4f35a9ecc5d7d50205f3a97e76cc8e5a42f1eba8620b625db
https://worthcalc.win/en/guides/electricity-cost-per-kwh-used/,en,guide,src/content/growth-articles/en/electricity-cost-per-kwh-used.md,200,https://worthcalc.win/en/guides/electricity-cost-per-kwh-used/,0,true,"index,follow",,https://worthcalc.win/en/guides/electricity-cost-per-kwh-used/,200,true,6,true,true,42,2,Electricity Cost Per kWh Used: Include Fixed Charges and Credits | WorthCalc,Electricity Cost Per kWh Used: Include Fixed Charges and Credits,472,521990a373cc2d0587ad7a3cc2e56f3dedb7596df3898024d06c25b8217486c1
https://worthcalc.win/en/guides/espresso-machine-cost-per-shot-used/,en,guide,src/content/growth-articles/en/espresso-machine-cost-per-shot-used.md,200,https://worthcalc.win/en/guides/espresso-machine-cost-per-shot-used/,0,true,"index,follow",,https://worthcalc.win/en/guides/espresso-machine-cost-per-shot-used/,200,true,6,true,true,10,2,"Espresso Machine Cost Per Shot Used: Include Heat-Up, Brew, and Steam | WorthCalc","Espresso Machine Cost Per Shot Used: Include Heat-Up, Brew, and Steam",367,35a92ddf22981277336b872fac1d8e3abeb4b8b559c1a7a916fc98d4e979400e
https://worthcalc.win/en/guides/event-ticket-cost-per-attended-hour/,en,guide,src/content/growth-articles/en/event-ticket-cost-per-attended-hour.md,200,https://worthcalc.win/en/guides/event-ticket-cost-per-attended-hour/,0,true,"index,follow",,https://worthcalc.win/en/guides/event-ticket-cost-per-attended-hour/,200,true,6,true,true,8,2,"Event Ticket Cost Per Attended Hour: Include Travel, Fees, and Missed Time | WorthCalc","Event Ticket Cost Per Attended Hour: Include Travel, Fees, and Missed Time",371,8a843cd6bec11541cee7766a54261441ae8729af622e04095b577d9efd8ed552
https://worthcalc.win/en/guides/external-hard-drive-electricity-cost-per-backup-job-used/,en,guide,src/content/growth-articles/en/external-hard-drive-electricity-cost-per-backup-job-used.md,200,https://worthcalc.win/en/guides/external-hard-drive-electricity-cost-per-backup-job-used/,0,true,"index,follow",,https://worthcalc.win/en/guides/external-hard-drive-electricity-cost-per-backup-job-used/,200,true,6,true,true,11,2,External Hard Drive Electricity Cost Per Backup Job Used: Count Transfer and Idle Time | WorthCalc,External Hard Drive Electricity Cost Per Backup Job Used: Count Transfer and Idle Time,501,624ceb91d5ce44c5049b052006fa7b24b0937a8929ebddc63cad3568bb09923e
https://worthcalc.win/en/guides/family-plan-break-even-members/,en,guide,src/content/growth-articles/en/family-plan-break-even-members.md,200,https://worthcalc.win/en/guides/family-plan-break-even-members/,0,true,"index,follow",,https://worthcalc.win/en/guides/family-plan-break-even-members/,200,true,6,true,true,7,2,Family Plan Break-Even: How Many Members Make the Upgrade Worth It? | WorthCalc,Family Plan Break-Even: How Many Members Make the Upgrade Worth It?,587,a9d8678c809fcc8e865c1f88e0445ff282403e2e57a98ab6d9fd14754ca0cd7a
https://worthcalc.win/en/guides/financial-runway-months/,en,guide,src/content/growth-articles/en/financial-runway-months.md,200,https://worthcalc.win/en/guides/financial-runway-months/,0,true,"index,follow",,https://worthcalc.win/en/guides/financial-runway-months/,200,true,3,true,true,9,2,Financial Runway Months: Cash-Flow Stress Test | WorthCalc,Financial Runway Months: How Long Can Your Cash Flow Last?,2032,0e10ab2b17c610bfe323c8613aadcda2cee0eac1267622b23052479933548310
https://worthcalc.win/en/guides/fixed-vs-variable-rate/,en,guide,src/content/growth-articles/en/fixed-vs-variable-rate.md,200,https://worthcalc.win/en/guides/fixed-vs-variable-rate/,0,true,"index,follow",,https://worthcalc.win/en/guides/fixed-vs-variable-rate/,200,true,2,true,true,3,2,Fixed vs. Variable Rate: Payment Stress Test | WorthCalc,Fixed vs. Variable Rate: Stress-Test the Payment Instead of Forecasting Rates,1900,a8f9ae416669346698c24bc845615eeae753e6970204e1f68b7766bd2cad1fbf
https://worthcalc.win/en/guides/food-dehydrator-cost-per-drying-hour-used/,en,guide,src/content/growth-articles/en/food-dehydrator-cost-per-drying-hour-used.md,200,https://worthcalc.win/en/guides/food-dehydrator-cost-per-drying-hour-used/,0,true,"index,follow",,https://worthcalc.win/en/guides/food-dehydrator-cost-per-drying-hour-used/,200,true,6,true,true,10,2,Food Dehydrator Cost Per Drying Hour Used: Measure Heat and Fan Runtime | WorthCalc,Food Dehydrator Cost Per Drying Hour Used: Measure Heat and Fan Runtime,726,f247f0f7c7608d1f2852d6b3a42e2f490d6fec6d2be2d09465bda3916126ca24
https://worthcalc.win/en/guides/food-processor-cost-per-prep-session-used/,en,guide,src/content/growth-articles/en/food-processor-cost-per-prep-session-used.md,200,https://worthcalc.win/en/guides/food-processor-cost-per-prep-session-used/,0,true,"index,follow",,https://worthcalc.win/en/guides/food-processor-cost-per-prep-session-used/,200,true,6,true,true,10,2,Food Processor Cost Per Prep Session Used | WorthCalc,Food Processor Cost Per Prep Session Used,476,a00ff912d3dec22bd8b3521892a64eebfe293d8318f933697f5710176bf9e678
https://worthcalc.win/en/guides/free-trial-auto-renewal-first-charge/,en,guide,src/content/growth-articles/en/free-trial-auto-renewal-first-charge.md,200,https://worthcalc.win/en/guides/free-trial-auto-renewal-first-charge/,0,true,"index,follow",,https://worthcalc.win/en/guides/free-trial-auto-renewal-first-charge/,200,true,6,true,true,7,2,Free Trial Auto-Renewal Cost: Calculate the First Charge Before You Start | WorthCalc,Free Trial Auto-Renewal Cost: Calculate the First Charge Before You Start,604,6d5181d48a15eef7b9397103f356616cdb1e3391a364855960eaf9d0180de5f2
https://worthcalc.win/en/guides/freelance-minimum-billable-rate/,en,guide,src/content/growth-articles/en/freelance-minimum-billable-rate.md,200,https://worthcalc.win/en/guides/freelance-minimum-billable-rate/,0,true,"index,follow",,https://worthcalc.win/en/guides/freelance-minimum-billable-rate/,200,true,3,true,true,4,2,Freelance Minimum Billable Rate Formula | WorthCalc,"Freelance Minimum Billable Rate: Price for Taxes, Non-Billable Time, Benefits and Profit",1942,685d279d03328c9482a8aee9c5dbc395a228bb857ef109be7dd0c778b565d0fa
https://worthcalc.win/en/guides/freezer-cost-per-day-used/,en,guide,src/content/growth-articles/en/freezer-cost-per-day-used.md,200,https://worthcalc.win/en/guides/freezer-cost-per-day-used/,0,true,"index,follow",,https://worthcalc.win/en/guides/freezer-cost-per-day-used/,200,true,6,true,true,8,2,"Freezer Cost Per Day Used: Compare Standby Energy, Capacity, and Food Storage | WorthCalc","Freezer Cost Per Day Used: Compare Standby Energy, Capacity, and Food Storage",294,eb2601d13ffee216c05405755094d1a86959c24d35b9c3eefd87f3a1a9c682b2
https://worthcalc.win/en/guides/fulltime-vs-parttime-childcare-break-even/,en,guide,src/content/growth-articles/en/fulltime-vs-parttime-childcare-break-even.md,200,https://worthcalc.win/en/guides/fulltime-vs-parttime-childcare-break-even/,0,true,"index,follow",,https://worthcalc.win/en/guides/fulltime-vs-parttime-childcare-break-even/,200,true,2,true,true,4,2,Full-Time vs. Part-Time Childcare Break-Even | WorthCalc,"Full-Time vs. Part-Time Return to Work: Childcare Break-Even, Benefits, Commute, and Startup Cash",1947,0f7259e24ea57361508e41d5699f0a878fb6c449fc781b90ca361725aa19a381
https://worthcalc.win/en/guides/gaming-console-electricity-cost-per-gaming-hour-used/,en,guide,src/content/growth-articles/en/gaming-console-electricity-cost-per-gaming-hour-used.md,200,https://worthcalc.win/en/guides/gaming-console-electricity-cost-per-gaming-hour-used/,0,true,"index,follow",,https://worthcalc.win/en/guides/gaming-console-electricity-cost-per-gaming-hour-used/,200,true,6,true,true,10,2,Gaming Console Electricity Cost Per Gaming Hour Used: Include Display and Network Boundaries | WorthCalc,Gaming Console Electricity Cost Per Gaming Hour Used: Include Display and Network Boundaries,656,fb648fbd76004b98fd738193abe208a614761220fd51485417ae22692c9ae76c
https://worthcalc.win/en/guides/garage-door-opener-electricity-cost-per-cycle-used/,en,guide,src/content/growth-articles/en/garage-door-opener-electricity-cost-per-cycle-used.md,200,https://worthcalc.win/en/guides/garage-door-opener-electricity-cost-per-cycle-used/,0,true,"index,follow",,https://worthcalc.win/en/guides/garage-door-opener-electricity-cost-per-cycle-used/,200,true,6,true,true,14,2,Garage Door Opener Electricity Cost Per Cycle Used: Count the Light and Standby | WorthCalc,Garage Door Opener Electricity Cost Per Cycle Used: Count the Light and Standby,638,5a07ac7fd090d8a2770d856beacd4f7dc456974f15a2b36e4994287c0a525423
https://worthcalc.win/en/guides/garment-steamer-cost-per-steaming-hour-used/,en,guide,src/content/growth-articles/en/garment-steamer-cost-per-steaming-hour-used.md,200,https://worthcalc.win/en/guides/garment-steamer-cost-per-steaming-hour-used/,0,true,"index,follow",,https://worthcalc.win/en/guides/garment-steamer-cost-per-steaming-hour-used/,200,true,6,true,true,8,2,Garment Steamer Cost Per Steaming Hour Used: Include Heat-Up and Steam Duty Time | WorthCalc,Garment Steamer Cost Per Steaming Hour Used: Include Heat-Up and Steam Duty Time,362,7c847d59edc8c4c6315cdd20f6a7c93be07cbe55ab5fd8f891d66f3fc65707aa
https://worthcalc.win/en/guides/glue-gun-electricity-cost-per-crafting-hour-used/,en,guide,src/content/growth-articles/en/glue-gun-electricity-cost-per-crafting-hour-used.md,200,https://worthcalc.win/en/guides/glue-gun-electricity-cost-per-crafting-hour-used/,0,true,"index,follow",,https://worthcalc.win/en/guides/glue-gun-electricity-cost-per-crafting-hour-used/,200,true,6,true,true,11,2,Glue Gun Electricity Cost Per Crafting Hour Used: Separate Heat and Idle | WorthCalc,Glue Gun Electricity Cost Per Crafting Hour Used: Separate Heat and Idle,392,c3fca7cb6498d1c7dd9df7b0bb87af86e9a77a9971b8f9708fedbc39c7070d07
https://worthcalc.win/en/guides/gym-membership-cost-per-visit/,en,guide,src/content/growth-articles/en/gym-membership-cost-per-visit.md,200,https://worthcalc.win/en/guides/gym-membership-cost-per-visit/,0,true,"index,follow",,https://worthcalc.win/en/guides/gym-membership-cost-per-visit/,200,true,6,true,true,9,2,Gym Membership Cost Per Visit: Include Joining Fees and Missed Months | WorthCalc,Gym Membership Cost Per Visit: Include Joining Fees and Missed Months,386,617c2c39544effc5284bdc3354c540d919860feae42c76553b17f0aca423e868
https://worthcalc.win/en/guides/hair-dryer-cost-per-drying-session-used/,en,guide,src/content/growth-articles/en/hair-dryer-cost-per-drying-session-used.md,200,https://worthcalc.win/en/guides/hair-dryer-cost-per-drying-session-used/,0,true,"index,follow",,https://worthcalc.win/en/guides/hair-dryer-cost-per-drying-session-used/,200,true,6,true,true,7,2,"Hair Dryer Cost Per Drying Session Used: Separate Heat, Airflow, and Minutes | WorthCalc","Hair Dryer Cost Per Drying Session Used: Separate Heat, Airflow, and Minutes",347,278bc3f29fe78a9dbffe010ebca09353b3fd0eca91d5d6e9866ab0d7a1378bba
https://worthcalc.win/en/guides/heat-pump-cost-per-heating-hour-used/,en,guide,src/content/growth-articles/en/heat-pump-cost-per-heating-hour-used.md,200,https://worthcalc.win/en/guides/heat-pump-cost-per-heating-hour-used/,0,true,"index,follow",,https://worthcalc.win/en/guides/heat-pump-cost-per-heating-hour-used/,200,true,6,true,true,7,2,"Heat Pump Cost Per Heating Hour Used: Separate Capacity, Runtime, and Weather | WorthCalc","Heat Pump Cost Per Heating Hour Used: Separate Capacity, Runtime, and Weather",392,9dc5ec786a48953a50a5255f90c410270795455d7f916e2b7ea0917f31aaaa6c
https://worthcalc.win/en/guides/high-vs-low-insurance-deductible-break-even/,en,guide,src/content/growth-articles/en/high-vs-low-insurance-deductible-break-even.md,200,https://worthcalc.win/en/guides/high-vs-low-insurance-deductible-break-even/,0,true,"index,follow",,https://worthcalc.win/en/guides/high-vs-low-insurance-deductible-break-even/,200,true,2,true,true,4,2,High vs. Low Deductible: Break-Even and Cash Stress Test | WorthCalc,High vs. Low Insurance Deductible: Premium Break-Even and Claim Stress Test,1809,723cb9c9cf66e5ea0584516103ad3fb528678a839eb1e4deb58c3b95cceb1da1
https://worthcalc.win/en/guides/hobby-equipment-cost-per-use/,en,guide,src/content/growth-articles/en/hobby-equipment-cost-per-use.md,200,https://worthcalc.win/en/guides/hobby-equipment-cost-per-use/,0,true,"index,follow",,https://worthcalc.win/en/guides/hobby-equipment-cost-per-use/,200,true,6,true,true,8,2,"Hobby Equipment Cost Per Use: Include Storage, Maintenance, and Resale Risk | WorthCalc","Hobby Equipment Cost Per Use: Include Storage, Maintenance, and Resale Risk",375,a98b513f5c89de56fc7fa598b2395c9759e432343fdb41da7f5ebef87a786773
https://worthcalc.win/en/guides/home-internet-cost-per-gb-used/,en,guide,src/content/growth-articles/en/home-internet-cost-per-gb-used.md,200,https://worthcalc.win/en/guides/home-internet-cost-per-gb-used/,0,true,"index,follow",,https://worthcalc.win/en/guides/home-internet-cost-per-gb-used/,200,true,6,true,true,9,2,Home Internet Cost Per GB Used: Include Equipment and Overage Terms | WorthCalc,Home Internet Cost Per GB Used: Include Equipment and Overage Terms,474,c043e89b4f95d12a665efe06865f76c6cb9b62304f56ec40219d563bb986b497
https://worthcalc.win/en/guides/humidifier-electricity-cost-per-humidifying-hour-used/,en,guide,src/content/growth-articles/en/humidifier-electricity-cost-per-humidifying-hour-used.md,200,https://worthcalc.win/en/guides/humidifier-electricity-cost-per-humidifying-hour-used/,0,true,"index,follow",,https://worthcalc.win/en/guides/humidifier-electricity-cost-per-humidifying-hour-used/,200,true,6,true,true,11,2,Humidifier Electricity Cost Per Humidifying Hour Used: Measure Mist and Fan Modes | WorthCalc,Humidifier Electricity Cost Per Humidifying Hour Used: Measure Mist and Fan Modes,472,53071f156e9fb06713829873043a9877add5cb742e402a790811433b77c055fb
https://worthcalc.win/en/guides/hvac-cost-per-operating-hour-used/,en,guide,src/content/growth-articles/en/hvac-cost-per-operating-hour-used.md,200,https://worthcalc.win/en/guides/hvac-cost-per-operating-hour-used/,0,true,"index,follow",,https://worthcalc.win/en/guides/hvac-cost-per-operating-hour-used/,200,true,6,true,true,13,2,HVAC Cost Per Operating Hour Used: Make Runtime and Seasonal Rates Comparable | WorthCalc,HVAC Cost Per Operating Hour Used: Make Runtime and Seasonal Rates Comparable,331,f6c022f8d1f3bbb30df433c346b4eeef6e8e76d82d2475b8f0d5e3e5643ad148
https://worthcalc.win/en/guides/,en,guides-directory,src/pages/[locale]/guides/index.astro,200,https://worthcalc.win/en/guides/,0,true,"index, follow, max-image-preview:large",,https://worthcalc.win/en/guides/,200,true,6,true,true,1480,1,All guides | WorthCalc,All guides,3247,d2c99125ee247540aa6d9320a1c032c282cf1125d9725c111673737402fa97e8
https://worthcalc.win/en/guides/induction-cooktop-cost-per-cooking-hour-used/,en,guide,src/content/growth-articles/en/induction-cooktop-cost-per-cooking-hour-used.md,200,https://worthcalc.win/en/guides/induction-cooktop-cost-per-cooking-hour-used/,0,true,"index,follow",,https://worthcalc.win/en/guides/induction-cooktop-cost-per-cooking-hour-used/,200,true,6,true,true,7,2,"Induction Cooktop Cost Per Cooking Hour Used: Separate Heat, Idle, and Cleanup | WorthCalc","Induction Cooktop Cost Per Cooking Hour Used: Separate Heat, Idle, and Cleanup",360,7ec30a0f9cf112703b47290121948e45699659cc303f71495799cc509eea4d02
https://worthcalc.win/en/guides/insurance-deductible-cash-reserve/,en,guide,src/content/growth-articles/en/insurance-deductible-cash-reserve.md,200,https://worthcalc.win/en/guides/insurance-deductible-cash-reserve/,0,true,"index,follow",,https://worthcalc.win/en/guides/insurance-deductible-cash-reserve/,200,true,3,true,true,7,2,Insurance Deductible Cash Reserve Stress Test | WorthCalc,Insurance Deductible Cash Reserve: How Much Liquid Cash Should Be Ready for a Claim?,1797,110296f041784add1b2868e31c1a0234b89c0a21ba52c405e4c86003c0c09fbe
https://worthcalc.win/en/guides/introductory-discount-renewal-cost/,en,guide,src/content/growth-articles/en/introductory-discount-renewal-cost.md,200,https://worthcalc.win/en/guides/introductory-discount-renewal-cost/,0,true,"index,follow",,https://worthcalc.win/en/guides/introductory-discount-renewal-cost/,200,true,6,true,true,13,2,Introductory Discount vs Renewal Cost: Calculate the First-Year Total | WorthCalc,Introductory Discount vs Renewal Cost: Calculate the First-Year Total,309,5805603cd77057fd2ff89445c5172217a962aef6b5892531816c164cd7b12b89
https://worthcalc.win/en/guides/label-maker-electricity-cost-per-labeling-session-used/,en,guide,src/content/growth-articles/en/label-maker-electricity-cost-per-labeling-session-used.md,200,https://worthcalc.win/en/guides/label-maker-electricity-cost-per-labeling-session-used/,0,true,"index,follow",,https://worthcalc.win/en/guides/label-maker-electricity-cost-per-labeling-session-used/,200,true,6,true,true,10,2,Label Maker Electricity Cost Per Labeling Session Used: Include Warm-Up and Standby | WorthCalc,Label Maker Electricity Cost Per Labeling Session Used: Include Warm-Up and Standby,523,efb81861b00d0d057e7c0a2ddd74172b8969359b7fa54efcf1cb03aedd69fed8
https://worthcalc.win/en/guides/laminator-electricity-cost-per-laminating-batch-used/,en,guide,src/content/growth-articles/en/laminator-electricity-cost-per-laminating-batch-used.md,200,https://worthcalc.win/en/guides/laminator-electricity-cost-per-laminating-batch-used/,0,true,"index,follow",,https://worthcalc.win/en/guides/laminator-electricity-cost-per-laminating-batch-used/,200,true,6,true,true,10,2,Laminator Electricity Cost Per Laminating Batch Used: Include Warm-Up | WorthCalc,Laminator Electricity Cost Per Laminating Batch Used: Include Warm-Up,532,3e5e75d3b9da81031342c795a663aa96df32578fb9526bd4f3bf109a30bdcbe3
https://worthcalc.win/en/guides/language-class-cost-per-completed-session/,en,guide,src/content/growth-articles/en/language-class-cost-per-completed-session.md,200,https://worthcalc.win/en/guides/language-class-cost-per-completed-session/,0,true,"index,follow",,https://worthcalc.win/en/guides/language-class-cost-per-completed-session/,200,true,6,true,true,8,2,Language Class Cost Per Completed Session: Count Lessons You Finish | WorthCalc,Language Class Cost Per Completed Session: Count Lessons You Finish,354,647b92cd97115ed615851152d90ae96acd56e4105ae02fec456440e75be4ae62
https://worthcalc.win/en/guides/laptop-docking-station-electricity-cost-per-workday-used/,en,guide,src/content/growth-articles/en/laptop-docking-station-electricity-cost-per-workday-used.md,200,https://worthcalc.win/en/guides/laptop-docking-station-electricity-cost-per-workday-used/,0,true,"index,follow",,https://worthcalc.win/en/guides/laptop-docking-station-electricity-cost-per-workday-used/,200,true,6,true,true,11,2,Laptop Docking Station Electricity Cost Per Workday Used: Separate Display Charging | WorthCalc,Laptop Docking Station Electricity Cost Per Workday Used: Separate Display Charging,514,acc38e12a6777057a54826860483ea19c2bd4599c479694f4f51d42b8d64f3be
https://worthcalc.win/en/guides/laundry-cost-per-load/,en,guide,src/content/growth-articles/en/laundry-cost-per-load.md,200,https://worthcalc.win/en/guides/laundry-cost-per-load/,0,true,"index,follow",,https://worthcalc.win/en/guides/laundry-cost-per-load/,200,true,6,true,true,10,2,"Laundry Cost Per Load: Include Water, Energy, Detergent, and Rewashes | WorthCalc","Laundry Cost Per Load: Include Water, Energy, Detergent, and Rewashes",458,7473bdb90d1fdaef3a19713c43e851c6510bd7e54a0b5f58c3ee5fbce7344dc8
https://worthcalc.win/en/guides/led-lighting-cost-per-hour-used/,en,guide,src/content/growth-articles/en/led-lighting-cost-per-hour-used.md,200,https://worthcalc.win/en/guides/led-lighting-cost-per-hour-used/,0,true,"index,follow",,https://worthcalc.win/en/guides/led-lighting-cost-per-hour-used/,200,true,6,true,true,9,2,"LED Lighting Cost Per Hour Used: Include Watts, Fixtures, and Replacement Life | WorthCalc","LED Lighting Cost Per Hour Used: Include Watts, Fixtures, and Replacement Life",339,59b51cf9d23977b129f4e653bb373cfbd36bd00fd6d5682d5d9a04887da2e5a6
https://worthcalc.win/en/guides/loan-refinance-break-even/,en,guide,src/content/growth-articles/en/loan-refinance-break-even.md,200,https://worthcalc.win/en/guides/loan-refinance-break-even/,0,true,"index,follow",,https://worthcalc.win/en/guides/loan-refinance-break-even/,200,true,3,true,true,4,2,Loan Refinance Break-Even: Fees &amp; Holding Period | WorthCalc,Loan Refinance Break-Even: How Long Until a Lower Rate Actually Pays Off?,1861,109286e69dc76f84fda76a9ebab77139e052e4c466249295dd839897fc139b66
https://worthcalc.win/en/guides/meal-delivery-plan-cost-per-eaten-meal/,en,guide,src/content/growth-articles/en/meal-delivery-plan-cost-per-eaten-meal.md,200,https://worthcalc.win/en/guides/meal-delivery-plan-cost-per-eaten-meal/,0,true,"index,follow",,https://worthcalc.win/en/guides/meal-delivery-plan-cost-per-eaten-meal/,200,true,6,true,true,8,2,Meal Delivery Plan Cost Per Eaten Meal: Include Skipped and Replaced Orders | WorthCalc,Meal Delivery Plan Cost Per Eaten Meal: Include Skipped and Replaced Orders,376,fa640704ef902643fcacfeba90b1532d58d6255445d93b37a0b3512fc7cee830
https://worthcalc.win/en/guides/meal-kit-cost-per-serving-after-waste/,en,guide,src/content/growth-articles/en/meal-kit-cost-per-serving-after-waste.md,200,https://worthcalc.win/en/guides/meal-kit-cost-per-serving-after-waste/,0,true,"index,follow",,https://worthcalc.win/en/guides/meal-kit-cost-per-serving-after-waste/,200,true,6,true,true,8,2,Meal Kit Cost Per Serving After Waste: Count Uneaten Ingredients | WorthCalc,Meal Kit Cost Per Serving After Waste: Count Uneaten Ingredients,389,547b70d95a534180fe7881ea73fe5d0367737bbb1a6ddb8e996300bfbf3ed6a4
https://worthcalc.win/en/guides/microwave-cost-per-cooking-cycle-used/,en,guide,src/content/growth-articles/en/microwave-cost-per-cooking-cycle-used.md,200,https://worthcalc.win/en/guides/microwave-cost-per-cooking-cycle-used/,0,true,"index,follow",,https://worthcalc.win/en/guides/microwave-cost-per-cooking-cycle-used/,200,true,6,true,true,7,2,"Microwave Cost Per Cooking Cycle Used: Count Wattage, Time, and Failed Reheats | WorthCalc","Microwave Cost Per Cooking Cycle Used: Count Wattage, Time, and Failed Reheats",356,ac7190c9a3ed002f113f3809ab83cdfffc1d3b56c174758692ec5c4578958a77
https://worthcalc.win/en/guides/minimum-spend-fee-waiver-break-even/,en,guide,src/content/growth-articles/en/minimum-spend-fee-waiver-break-even.md,200,https://worthcalc.win/en/guides/minimum-spend-fee-waiver-break-even/,0,true,"index,follow",,https://worthcalc.win/en/guides/minimum-spend-fee-waiver-break-even/,200,true,6,true,true,7,2,Minimum Spend Fee Waiver: Calculate Whether the Threshold Saves Money | WorthCalc,Minimum Spend Fee Waiver: Calculate Whether the Threshold Saves Money,571,3e9bf18da4689f1f148482300ddbc1b483f6ee349f90b943c35d0ecc3e5ec248
https://worthcalc.win/en/guides/mobile-data-cost-per-gb-used/,en,guide,src/content/growth-articles/en/mobile-data-cost-per-gb-used.md,200,https://worthcalc.win/en/guides/mobile-data-cost-per-gb-used/,0,true,"index,follow",,https://worthcalc.win/en/guides/mobile-data-cost-per-gb-used/,200,true,6,true,true,10,2,Mobile Data Cost Per GB Used: Compare Plan Minimums With Your Actual Usage | WorthCalc,Mobile Data Cost Per GB Used: Compare Plan Minimums With Your Actual Usage,376,7b3d58d631f807c9af376ab42113e9c86187dd2e8f6110b327d837db783c80d7
https://worthcalc.win/en/guides/monitor-electricity-cost-per-work-hour-used/,en,guide,src/content/growth-articles/en/monitor-electricity-cost-per-work-hour-used.md,200,https://worthcalc.win/en/guides/monitor-electricity-cost-per-work-hour-used/,0,true,"index,follow",,https://worthcalc.win/en/guides/monitor-electricity-cost-per-work-hour-used/,200,true,6,true,true,8,2,"Monitor Electricity Cost Per Work Hour Used: Include Brightness, Sleep, and USB Power | WorthCalc","Monitor Electricity Cost Per Work Hour Used: Include Brightness, Sleep, and USB Power",366,4a56222ef1afac2bd18f4773682c74e5d182f2b6c663c5bdce8714443fcea0be
https://worthcalc.win/en/guides/monthly-vs-annual-total-cost/,en,guide,src/content/growth-articles/en/monthly-vs-annual-total-cost.md,200,https://worthcalc.win/en/guides/monthly-vs-annual-total-cost/,0,true,"index,follow",,https://worthcalc.win/en/guides/monthly-vs-annual-total-cost/,200,true,6,true,true,10,2,Monthly vs Annual Payment: Compare Total Cost and Cash-Flow Risk | WorthCalc,Monthly vs Annual Payment: Compare Total Cost and Cash-Flow Risk,390,2da751a876f8694ade8d971bdfee4c66f2104512124b8c7f85be841358bb04ac
https://worthcalc.win/en/guides/mortgage-points-break-even/,en,guide,src/content/growth-articles/en/mortgage-points-break-even.md,200,https://worthcalc.win/en/guides/mortgage-points-break-even/,0,true,"index,follow",,https://worthcalc.win/en/guides/mortgage-points-break-even/,200,true,2,true,true,5,2,Mortgage Points Break-Even: When Do Points Pay? | WorthCalc,Mortgage Points Break-Even: When Paying Upfront for a Lower Rate Actually Pays Off,1804,2e78c4316c6e6c36c397dcae77b2177f27247b214143e9fbba3f8190de3896a7
https://worthcalc.win/en/guides/mortgage-recast-vs-refinance-vs-extra-principal/,en,guide,src/content/growth-articles/en/mortgage-recast-vs-refinance-vs-extra-principal.md,200,https://worthcalc.win/en/guides/mortgage-recast-vs-refinance-vs-extra-principal/,0,true,"index,follow",,https://worthcalc.win/en/guides/mortgage-recast-vs-refinance-vs-extra-principal/,200,true,2,true,true,5,2,Mortgage Recast vs Refinance vs Extra Principal | WorthCalc,"Mortgage Recast vs. Refinance vs. Extra Principal: Lower Payment, Lower Rate, or Faster Payoff?",2056,c453299eb6d15178fe8762f764d20c3a9f07e87d0de1989d30b4a160d1154545
https://worthcalc.win/en/guides/natural-gas-cost-per-therm-used/,en,guide,src/content/growth-articles/en/natural-gas-cost-per-therm-used.md,200,https://worthcalc.win/en/guides/natural-gas-cost-per-therm-used/,0,true,"index,follow",,https://worthcalc.win/en/guides/natural-gas-cost-per-therm-used/,200,true,6,true,true,14,2,Natural Gas Cost Per Therm Used: Convert the Bill Before Comparing | WorthCalc,Natural Gas Cost Per Therm Used: Convert the Bill Before Comparing,496,7488de3c231910a44f93cc038ad71a18164e5d5f16533e6b0e20d68861220969
https://worthcalc.win/en/guides/one-time-switching-cost-payback/,en,guide,src/content/growth-articles/en/one-time-switching-cost-payback.md,200,https://worthcalc.win/en/guides/one-time-switching-cost-payback/,0,true,"index,follow",,https://worthcalc.win/en/guides/one-time-switching-cost-payback/,200,true,6,true,true,13,2,One-Time Switching Cost Payback: When Does a Cheaper Plan Recover the Fee? | WorthCalc,One-Time Switching Cost Payback: When Does a Cheaper Plan Recover the Fee?,300,1676492f328a6893e5e67d748f7b92df962b34d5d6c38cc11c9bff1df40e2f0c
https://worthcalc.win/en/guides/online-course-cost-per-completed-lesson/,en,guide,src/content/growth-articles/en/online-course-cost-per-completed-lesson.md,200,https://worthcalc.win/en/guides/online-course-cost-per-completed-lesson/,0,true,"index,follow",,https://worthcalc.win/en/guides/online-course-cost-per-completed-lesson/,200,true,6,true,true,8,2,"Online Course Cost Per Completed Lesson: Price Progress, Not Access | WorthCalc","Online Course Cost Per Completed Lesson: Price Progress, Not Access",369,fa56b7157630c8327f59c86dd446f59f1e6afb4a069e74ce213e5c2863cd50f5
https://worthcalc.win/en/guides/outdoor-string-lights-electricity-cost-per-evening-used/,en,guide,src/content/growth-articles/en/outdoor-string-lights-electricity-cost-per-evening-used.md,200,https://worthcalc.win/en/guides/outdoor-string-lights-electricity-cost-per-evening-used/,0,true,"index,follow",,https://worthcalc.win/en/guides/outdoor-string-lights-electricity-cost-per-evening-used/,200,true,6,true,true,11,2,Outdoor String Lights Electricity Cost Per Evening Used: Measure the Timer | WorthCalc,Outdoor String Lights Electricity Cost Per Evening Used: Measure the Timer,635,4a9c5f977432d888cc70e6e61e1b83980a8c85febd77f4ef3e9aa6adbf902221
https://worthcalc.win/en/guides/oven-stove-cost-per-cooking-hour-used/,en,guide,src/content/growth-articles/en/oven-stove-cost-per-cooking-hour-used.md,200,https://worthcalc.win/en/guides/oven-stove-cost-per-cooking-hour-used/,0,true,"index,follow",,https://worthcalc.win/en/guides/oven-stove-cost-per-cooking-hour-used/,200,true,6,true,true,10,2,"Oven and Stove Cost Per Cooking Hour Used: Compare Heat, Preheating, and Fuel | WorthCalc","Oven and Stove Cost Per Cooking Hour Used: Compare Heat, Preheating, and Fuel",335,c5543bbbed85cb625caa4d699650256326ba9194550fc09483ac530ff1110a0f
https://worthcalc.win/en/guides/paper-shredder-electricity-cost-per-shredding-session-used/,en,guide,src/content/growth-articles/en/paper-shredder-electricity-cost-per-shredding-session-used.md,200,https://worthcalc.win/en/guides/paper-shredder-electricity-cost-per-shredding-session-used/,0,true,"index,follow",,https://worthcalc.win/en/guides/paper-shredder-electricity-cost-per-shredding-session-used/,200,true,6,true,true,10,2,Paper Shredder Electricity Cost Per Shredding Session Used: Count Motor Cycles | WorthCalc,Paper Shredder Electricity Cost Per Shredding Session Used: Count Motor Cycles,539,1edb4eef471ceeefec75cbedc97359eac38bb9f5b63a25dccb65c8a5448e8824
https://worthcalc.win/en/guides/parking-pass-cost-per-day-used/,en,guide,src/content/growth-articles/en/parking-pass-cost-per-day-used.md,200,https://worthcalc.win/en/guides/parking-pass-cost-per-day-used/,0,true,"index,follow",,https://worthcalc.win/en/guides/parking-pass-cost-per-day-used/,200,true,6,true,true,9,2,Parking Pass Cost Per Day Used: Include Days You Work Remotely | WorthCalc,Parking Pass Cost Per Day Used: Include Days You Work Remotely,392,0f6db80f990b8af0e59a8e7ef21959b4a704ac2cb7c22dc5716f74cbc731f05c
https://worthcalc.win/en/guides/pause-vs-cancel-membership-cost/,en,guide,src/content/growth-articles/en/pause-vs-cancel-membership-cost.md,200,https://worthcalc.win/en/guides/pause-vs-cancel-membership-cost/,0,true,"index,follow",,https://worthcalc.win/en/guides/pause-vs-cancel-membership-cost/,200,true,6,true,true,7,2,Pause vs Cancel a Membership: Compare the Cost of Keeping Access | WorthCalc,Pause vs Cancel a Membership: Compare the Cost of Keeping Access,585,5bc506d600a873a80181162c0ae0659a6a6059b5046c129cb1a8532325f98241
https://worthcalc.win/en/guides/personal-liquidity-ratio/,en,guide,src/content/growth-articles/en/personal-liquidity-ratio.md,200,https://worthcalc.win/en/guides/personal-liquidity-ratio/,0,true,"index,follow",,https://worthcalc.win/en/guides/personal-liquidity-ratio/,200,true,3,true,true,5,2,Personal Liquidity Ratio: Formula &amp; Stress Test | WorthCalc,Personal Liquidity Ratio: How Many Months Can Your Liquid Assets Cover?,1894,a80f9758ab8921661aa0465a30731a3b30968fc099c4f4f3f17418615aeb87ce
https://worthcalc.win/en/guides/phone-charger-cost-per-charge-used/,en,guide,src/content/growth-articles/en/phone-charger-cost-per-charge-used.md,200,https://worthcalc.win/en/guides/phone-charger-cost-per-charge-used/,0,true,"index,follow",,https://worthcalc.win/en/guides/phone-charger-cost-per-charge-used/,200,true,6,true,true,10,2,"Phone Charger Cost Per Charge Used: Measure the Wall Energy, Not the Adapter Maximum | WorthCalc","Phone Charger Cost Per Charge Used: Measure the Wall Energy, Not the Adapter Maximum",350,2b800f5b06a5bdf41d141eaff9a69b09ac0826be60d0b27e8e58453fe4dfc1e0
https://worthcalc.win/en/guides/pool-pump-cost-per-operating-hour-used/,en,guide,src/content/growth-articles/en/pool-pump-cost-per-operating-hour-used.md,200,https://worthcalc.win/en/guides/pool-pump-cost-per-operating-hour-used/,0,true,"index,follow",,https://worthcalc.win/en/guides/pool-pump-cost-per-operating-hour-used/,200,true,6,true,true,7,2,"Pool Pump Cost Per Operating Hour Used: Separate Speed, Flow, and Pool Tasks | WorthCalc","Pool Pump Cost Per Operating Hour Used: Separate Speed, Flow, and Pool Tasks",349,d823b60469b33265148c7a2b07ab843da3835338520375207f494934c0c874dc
https://worthcalc.win/en/guides/pool-pump-electricity-cost-per-filtration-cycle-used/,en,guide,src/content/growth-articles/en/pool-pump-electricity-cost-per-filtration-cycle-used.md,200,https://worthcalc.win/en/guides/pool-pump-electricity-cost-per-filtration-cycle-used/,0,true,"index,follow",,https://worthcalc.win/en/guides/pool-pump-electricity-cost-per-filtration-cycle-used/,200,true,6,true,true,9,2,Pool Pump Electricity Cost Per Filtration Hour Used: Separate Run Time | WorthCalc,Pool Pump Electricity Cost Per Filtration Hour Used: Separate Run Time,581,963db888d091ffb029136872152481c994ae96b11f6f7b7ba1b4ff69b37c619a
https://worthcalc.win/en/guides/portable-ac-cost-per-cooling-hour-used/,en,guide,src/content/growth-articles/en/portable-ac-cost-per-cooling-hour-used.md,200,https://worthcalc.win/en/guides/portable-ac-cost-per-cooling-hour-used/,0,true,"index,follow",,https://worthcalc.win/en/guides/portable-ac-cost-per-cooling-hour-used/,200,true,6,true,true,7,2,"Portable AC Cost Per Cooling Hour Used: Measure Exhaust, Fan, and Room Load | WorthCalc","Portable AC Cost Per Cooling Hour Used: Measure Exhaust, Fan, and Room Load",393,2760bd87f777a3543f59d51e59320a1c8379f2194b6c78b80ac2b814db7d5621
https://worthcalc.win/en/guides/portable-air-conditioner-electricity-cost-per-cooling-session-used/,en,guide,src/content/growth-articles/en/portable-air-conditioner-electricity-cost-per-cooling-session-used.md,200,https://worthcalc.win/en/guides/portable-air-conditioner-electricity-cost-per-cooling-session-used/,0,true,"index,follow",,https://worthcalc.win/en/guides/portable-air-conditioner-electricity-cost-per-cooling-session-used/,200,true,6,true,true,11,2,Portable Air Conditioner Electricity Cost Per Cooling Hour Used: Count Compressor Cycles | WorthCalc,Portable Air Conditioner Electricity Cost Per Cooling Hour Used: Count Compressor Cycles,575,49665e414bf3faae9a7026395366090d83b1c76fe30e08f3e23d9f3671624a57
https://worthcalc.win/en/guides/post-debt-payoff-lifestyle-creep/,en,guide,src/content/growth-articles/en/post-debt-payoff-lifestyle-creep.md,200,https://worthcalc.win/en/guides/post-debt-payoff-lifestyle-creep/,0,true,"index,follow",,https://worthcalc.win/en/guides/post-debt-payoff-lifestyle-creep/,200,true,2,true,true,5,2,After Debt Payoff: Prevent Lifestyle Creep | WorthCalc,After Debt Payoff: Stop Lifestyle Creep From Replacing the Payment You Just Eliminated,2398,1878845b52f0be89ef7304153ee33e13e4acc8359b679675d237aea839509c43
https://worthcalc.win/en/guides/prepaid-balance-expiration-cost/,en,guide,src/content/growth-articles/en/prepaid-balance-expiration-cost.md,200,https://worthcalc.win/en/guides/prepaid-balance-expiration-cost/,0,true,"index,follow",,https://worthcalc.win/en/guides/prepaid-balance-expiration-cost/,200,true,6,true,true,7,2,Prepaid Balance Expiration Cost: Measure What Unused Credits Really Cost | WorthCalc,Prepaid Balance Expiration Cost: Measure What Unused Credits Really Cost,577,e9992ec90e7803a382eff9ddf516ca590d4ee49a31174bc275cd5141b42e71d8
https://worthcalc.win/en/guides/prepay-rent-discount-vs-liquidity/,en,guide,src/content/growth-articles/en/prepay-rent-discount-vs-liquidity.md,200,https://worthcalc.win/en/guides/prepay-rent-discount-vs-liquidity/,0,true,"index,follow",,https://worthcalc.win/en/guides/prepay-rent-discount-vs-liquidity/,200,true,3,true,true,6,2,Prepay Rent Discount vs Liquidity | WorthCalc,Prepay Rent Discount vs. Liquidity: Is Paying Months Upfront Actually Worth It?,1817,8d7739315bbb73af8aa972e36ec45a9fa1850d5870a48f08e29708f624a00ff0
https://worthcalc.win/en/guides/printer-electricity-cost-per-print-job-used/,en,guide,src/content/growth-articles/en/printer-electricity-cost-per-print-job-used.md,200,https://worthcalc.win/en/guides/printer-electricity-cost-per-print-job-used/,0,true,"index,follow",,https://worthcalc.win/en/guides/printer-electricity-cost-per-print-job-used/,200,true,6,true,true,10,2,Printer Electricity Cost Per Print Job Used: Include Warm-Up and Idle Time | WorthCalc,Printer Electricity Cost Per Print Job Used: Include Warm-Up and Idle Time,649,996727410907a866a248ef1235e32a2a53ad811228750dc7ef1b31efb0049be3
https://worthcalc.win/en/guides/projector-electricity-cost-per-presentation-hour-used/,en,guide,src/content/growth-articles/en/projector-electricity-cost-per-presentation-hour-used.md,200,https://worthcalc.win/en/guides/projector-electricity-cost-per-presentation-hour-used/,0,true,"index,follow",,https://worthcalc.win/en/guides/projector-electricity-cost-per-presentation-hour-used/,200,true,6,true,true,10,2,Projector Electricity Cost Per Presentation Hour Used: Include Warm-Up and Cooling | WorthCalc,Projector Electricity Cost Per Presentation Hour Used: Include Warm-Up and Cooling,484,c4e6994cb9b33e49f7daa3a71faa3471e89380141ac70eaa2985e9081a7da69f
https://worthcalc.win/en/guides/real-vs-nominal-return/,en,guide,src/content/growth-articles/en/real-vs-nominal-return.md,200,https://worthcalc.win/en/guides/real-vs-nominal-return/,0,true,"index,follow",,https://worthcalc.win/en/guides/real-vs-nominal-return/,200,true,3,true,true,5,2,Real vs. Nominal Return: Inflation Math | WorthCalc,"Real vs. Nominal Return: Measure Purchasing Power, Not Just Account Growth",2433,ca61327667d6b676a253769177eea5b902059d98a6e54b30d0cdc6650393701b
https://worthcalc.win/en/guides/recurring-costs-annual-total/,en,guide,src/content/growth-articles/en/recurring-costs-annual-total.md,200,https://worthcalc.win/en/guides/recurring-costs-annual-total/,0,true,"index,follow",,https://worthcalc.win/en/guides/recurring-costs-annual-total/,200,true,6,true,true,52,2,"Recurring Costs Annual Total: Add Monthly, Quarterly, and Yearly Bills | WorthCalc","Recurring Costs Annual Total: Add Monthly, Quarterly, and Yearly Bills",440,0907ce0e54019141738a35796c00a30fc478f11ac9978f181ddd63f7b70622ea
https://worthcalc.win/en/guides/refrigerator-cost-per-day-used/,en,guide,src/content/growth-articles/en/refrigerator-cost-per-day-used.md,200,https://worthcalc.win/en/guides/refrigerator-cost-per-day-used/,0,true,"index,follow",,https://worthcalc.win/en/guides/refrigerator-cost-per-day-used/,200,true,6,true,true,10,2,Refrigerator Cost Per Day Used: Turn Annual Energy Into Your Household Cost | WorthCalc,Refrigerator Cost Per Day Used: Turn Annual Energy Into Your Household Cost,368,07b585f66f15a0aa142540dc194f3963b0e64120abdbcdab758c9f4e4fa16dec
https://worthcalc.win/en/guides/relocation-higher-salary-break-even/,en,guide,src/content/growth-articles/en/relocation-higher-salary-break-even.md,200,https://worthcalc.win/en/guides/relocation-higher-salary-break-even/,0,true,"index,follow",,https://worthcalc.win/en/guides/relocation-higher-salary-break-even/,200,true,2,true,true,3,2,Relocation Salary Break-Even Calculator Guide | WorthCalc,Relocating for a Higher Salary: Calculate the Break-Even Before You Move,1764,a3a062eb21c284e445826b2fe173bfd08ac2b3683f0bee4a2b6a6b29957acee8
https://worthcalc.win/en/guides/remote-work-pay-cut-cash-break-even/,en,guide,src/content/growth-articles/en/remote-work-pay-cut-cash-break-even.md,200,https://worthcalc.win/en/guides/remote-work-pay-cut-cash-break-even/,0,true,"index,follow",,https://worthcalc.win/en/guides/remote-work-pay-cut-cash-break-even/,200,true,3,true,true,4,2,Remote-Work Pay-Cut Break-Even | WorthCalc,Remote-Work Pay-Cut Break-Even: Price the Cash Savings Before You Price the Convenience,1589,9b0099daea69b9a257abf5ffcb8cf52a5104a753587c592422675eba5e37c83f
https://worthcalc.win/en/guides/rent-increase-vs-moving-break-even/,en,guide,src/content/growth-articles/en/rent-increase-vs-moving-break-even.md,200,https://worthcalc.win/en/guides/rent-increase-vs-moving-break-even/,0,true,"index,follow",,https://worthcalc.win/en/guides/rent-increase-vs-moving-break-even/,200,true,3,true,true,6,2,Rent Increase vs. Moving Break-Even Calculator Guide | WorthCalc,Rent Increase vs. Moving Break-Even: How Long Until a Cheaper Apartment Actually Saves Money?,1905,9816c9f79a5ef77dc6d441598bd7a006ea457b8090916c901403f0a72edd2b8e
https://worthcalc.win/en/guides/rice-cooker-cost-per-cooking-cycle-used/,en,guide,src/content/growth-articles/en/rice-cooker-cost-per-cooking-cycle-used.md,200,https://worthcalc.win/en/guides/rice-cooker-cost-per-cooking-cycle-used/,0,true,"index,follow",,https://worthcalc.win/en/guides/rice-cooker-cost-per-cooking-cycle-used/,200,true,6,true,true,10,2,Rice Cooker Cost Per Cooking Cycle Used | WorthCalc,Rice Cooker Cost Per Cooking Cycle Used,461,40f76f043010369ba613c0fa2dbe47d31c95491a9f564da2c65ca307d3ec6744
https://worthcalc.win/en/guides/robot-vacuum-cost-per-cleaning-cycle-used/,en,guide,src/content/growth-articles/en/robot-vacuum-cost-per-cleaning-cycle-used.md,200,https://worthcalc.win/en/guides/robot-vacuum-cost-per-cleaning-cycle-used/,0,true,"index,follow",,https://worthcalc.win/en/guides/robot-vacuum-cost-per-cleaning-cycle-used/,200,true,6,true,true,9,2,"Robot Vacuum Cost Per Cleaning Cycle Used: Include Docking, Charging, and Emptying | WorthCalc","Robot Vacuum Cost Per Cleaning Cycle Used: Include Docking, Charging, and Emptying",371,112500a20cfa40d8664319b4206729c633033684c71c74035e8ceb86e6b0ce44
https://worthcalc.win/en/guides/room-air-conditioner-cost-per-cooling-hour-used/,en,guide,src/content/growth-articles/en/room-air-conditioner-cost-per-cooling-hour-used.md,200,https://worthcalc.win/en/guides/room-air-conditioner-cost-per-cooling-hour-used/,0,true,"index,follow",,https://worthcalc.win/en/guides/room-air-conditioner-cost-per-cooling-hour-used/,200,true,6,true,true,10,2,"Room Air Conditioner Cost Per Cooling Hour Used: Include Compressor, Fan, and Idle Time | WorthCalc","Room Air Conditioner Cost Per Cooling Hour Used: Include Compressor, Fan, and Idle Time",286,99449138fb7a32857aeb09166db3a8738f13e8500f9ef13f81351aa6caefad11
https://worthcalc.win/en/guides/router-electricity-cost-per-month-used/,en,guide,src/content/growth-articles/en/router-electricity-cost-per-month-used.md,200,https://worthcalc.win/en/guides/router-electricity-cost-per-month-used/,0,true,"index,follow",,https://worthcalc.win/en/guides/router-electricity-cost-per-month-used/,200,true,6,true,true,10,2,Router Electricity Cost Per Month Used: Separate Always-On Power from Internet Service | WorthCalc,Router Electricity Cost Per Month Used: Separate Always-On Power from Internet Service,359,b88d0adc35aa8c8e01f09e1e71c800b56deebf537529f4a1e7a2fdfca2acd392
https://worthcalc.win/en/guides/sandwich-maker-cost-per-use-used/,en,guide,src/content/growth-articles/en/sandwich-maker-cost-per-use-used.md,200,https://worthcalc.win/en/guides/sandwich-maker-cost-per-use-used/,0,true,"index,follow",,https://worthcalc.win/en/guides/sandwich-maker-cost-per-use-used/,200,true,6,true,true,10,2,Sandwich Maker Cost Per Use Used: Count Preheat and Actual Plates | WorthCalc,Sandwich Maker Cost Per Use Used: Count Preheat and Actual Plates,348,da0ef1c1cd3cc0ea723a0459238eefb0aa9bb6dd81caef0e388ad12113c03947
https://worthcalc.win/en/guides/savings-break-even-use-period/,en,guide,src/content/growth-articles/en/savings-break-even-use-period.md,200,https://worthcalc.win/en/guides/savings-break-even-use-period/,0,true,"index,follow",,https://worthcalc.win/en/guides/savings-break-even-use-period/,200,true,6,true,true,7,2,Savings Break-Even Period: How Many Months or Uses Make a Switch Worth It? | WorthCalc,Savings Break-Even Period: How Many Months or Uses Make a Switch Worth It?,339,d2895f2ee4b2cd6664418041abd58cedaf6b9a714ced046a29d21e748bf836f5
https://worthcalc.win/en/guides/scanner-electricity-cost-per-scanning-session-used/,en,guide,src/content/growth-articles/en/scanner-electricity-cost-per-scanning-session-used.md,200,https://worthcalc.win/en/guides/scanner-electricity-cost-per-scanning-session-used/,0,true,"index,follow",,https://worthcalc.win/en/guides/scanner-electricity-cost-per-scanning-session-used/,200,true,6,true,true,10,2,Scanner Electricity Cost Per Scanning Session Used: Count Lamp and Standby Energy | WorthCalc,Scanner Electricity Cost Per Scanning Session Used: Count Lamp and Standby Energy,646,5a5683e9acdb159452136d40a223de06035b4c521152fdb6e554f841e3278541
https://worthcalc.win/en/guides/sewing-machine-electricity-cost-per-sewing-hour-used/,en,guide,src/content/growth-articles/en/sewing-machine-electricity-cost-per-sewing-hour-used.md,200,https://worthcalc.win/en/guides/sewing-machine-electricity-cost-per-sewing-hour-used/,0,true,"index,follow",,https://worthcalc.win/en/guides/sewing-machine-electricity-cost-per-sewing-hour-used/,200,true,6,true,true,11,2,Sewing Machine Electricity Cost Per Sewing Hour Used: Include Foot Pedal Time | WorthCalc,Sewing Machine Electricity Cost Per Sewing Hour Used: Include Foot Pedal Time,397,4e506703dfcaf881480da303150d5cade80065d7b7c7f763c4a0f3e2264d9b3c
https://worthcalc.win/en/guides/sinking-fund-by-deadline/,en,guide,src/content/growth-articles/en/sinking-fund-by-deadline.md,200,https://worthcalc.win/en/guides/sinking-fund-by-deadline/,0,true,"index,follow",,https://worthcalc.win/en/guides/sinking-fund-by-deadline/,200,true,3,true,true,7,2,Sinking Fund by Deadline: Monthly Savings Formula | WorthCalc,Sinking Fund by Deadline: How Much to Save Each Month for a Known Future Expense,1803,b9660d846badca28d92a91b3b49bc20680345730bb4c8f177d7251b083423670
https://worthcalc.win/en/guides/slow-cooker-cost-per-cooking-hour-used/,en,guide,src/content/growth-articles/en/slow-cooker-cost-per-cooking-hour-used.md,200,https://worthcalc.win/en/guides/slow-cooker-cost-per-cooking-hour-used/,0,true,"index,follow",,https://worthcalc.win/en/guides/slow-cooker-cost-per-cooking-hour-used/,200,true,6,true,true,10,2,Slow Cooker Cost Per Cooking Hour Used | WorthCalc,Slow Cooker Cost Per Cooking Hour Used,472,1e21cbe9b943fcaf71bf5524483fdd06465ee0320ddf73b07ec8370d97c10833
https://worthcalc.win/en/guides/smart-speaker-electricity-cost-per-listening-hour-used/,en,guide,src/content/growth-articles/en/smart-speaker-electricity-cost-per-listening-hour-used.md,200,https://worthcalc.win/en/guides/smart-speaker-electricity-cost-per-listening-hour-used/,0,true,"index,follow",,https://worthcalc.win/en/guides/smart-speaker-electricity-cost-per-listening-hour-used/,200,true,6,true,true,10,2,Smart Speaker Electricity Cost Per Listening Hour Used: Separate Active and Standby | WorthCalc,Smart Speaker Electricity Cost Per Listening Hour Used: Separate Active and Standby,526,26a54eb656f9560e6205a6a0b607578787e02ed9f24666745315503bca1c85e5
https://worthcalc.win/en/guides/software-add-on-cost-per-active-seat/,en,guide,src/content/growth-articles/en/software-add-on-cost-per-active-seat.md,200,https://worthcalc.win/en/guides/software-add-on-cost-per-active-seat/,0,true,"index,follow",,https://worthcalc.win/en/guides/software-add-on-cost-per-active-seat/,200,true,6,true,true,8,2,Software Add-On Cost Per Active Seat: Separate Feature Access From Adoption | WorthCalc,Software Add-On Cost Per Active Seat: Separate Feature Access From Adoption,380,4ffa7bff8496cbaaea2e615b39df38390ec3c9ac8c87512cdd252b5af2480993
https://worthcalc.win/en/guides/software-seat-cost-per-active-user/,en,guide,src/content/growth-articles/en/software-seat-cost-per-active-user.md,200,https://worthcalc.win/en/guides/software-seat-cost-per-active-user/,0,true,"index,follow",,https://worthcalc.win/en/guides/software-seat-cost-per-active-user/,200,true,6,true,true,8,2,Software Seat Cost Per Active User: Find the Cost of Unused Access | WorthCalc,Software Seat Cost Per Active User: Find the Cost of Unused Access,387,7d8a7c3143ebffe35447bb5a2ea8ce90b8580e8552845eb8300cade0e4b6ce54
https://worthcalc.win/en/guides/solar-inverter-electricity-cost-per-monitoring-day-used/,en,guide,src/content/growth-articles/en/solar-inverter-electricity-cost-per-monitoring-day-used.md,200,https://worthcalc.win/en/guides/solar-inverter-electricity-cost-per-monitoring-day-used/,0,true,"index,follow",,https://worthcalc.win/en/guides/solar-inverter-electricity-cost-per-monitoring-day-used/,200,true,6,true,true,7,2,Solar Inverter Electricity Cost Per Monitoring Day Used: Separate Standby and Conversion | WorthCalc,Solar Inverter Electricity Cost Per Monitoring Day Used: Separate Standby and Conversion,425,02a57f4fc0e217ced56f6b712dbe8cbf75ae08f1f418104b61b0e87d091f3990
https://worthcalc.win/en/guides/soldering-iron-electricity-cost-per-repair-hour-used/,en,guide,src/content/growth-articles/en/soldering-iron-electricity-cost-per-repair-hour-used.md,200,https://worthcalc.win/en/guides/soldering-iron-electricity-cost-per-repair-hour-used/,0,true,"index,follow",,https://worthcalc.win/en/guides/soldering-iron-electricity-cost-per-repair-hour-used/,200,true,6,true,true,11,2,Soldering Iron Electricity Cost Per Repair Hour Used: Include Warm-Up | WorthCalc,Soldering Iron Electricity Cost Per Repair Hour Used: Include Warm-Up,388,6d352cfb047c132eb97280005400748bb4d0ec448bcc4d0f1cc260c865b831ea
https://worthcalc.win/en/guides/soundbar-electricity-cost-per-watched-hour-used/,en,guide,src/content/growth-articles/en/soundbar-electricity-cost-per-watched-hour-used.md,200,https://worthcalc.win/en/guides/soundbar-electricity-cost-per-watched-hour-used/,0,true,"index,follow",,https://worthcalc.win/en/guides/soundbar-electricity-cost-per-watched-hour-used/,200,true,6,true,true,10,2,Soundbar Electricity Cost Per Watched Hour Used: Separate Playback and Standby | WorthCalc,Soundbar Electricity Cost Per Watched Hour Used: Separate Playback and Standby,629,baba188b146c97d4d3c2d2c3e10f05ce30805b3daca5bed10847652ebdd9b266
https://worthcalc.win/en/guides/stand-mixer-cost-per-mixing-session-used/,en,guide,src/content/growth-articles/en/stand-mixer-cost-per-mixing-session-used.md,200,https://worthcalc.win/en/guides/stand-mixer-cost-per-mixing-session-used/,0,true,"index,follow",,https://worthcalc.win/en/guides/stand-mixer-cost-per-mixing-session-used/,200,true,6,true,true,10,2,Stand Mixer Cost Per Mixing Session Used: Count Motor Time and Attachments | WorthCalc,Stand Mixer Cost Per Mixing Session Used: Count Motor Time and Attachments,347,153848994f966a86d84b05412715e60372b88629238ae7fc8273735e846b20b3
https://worthcalc.win/en/guides/standby-power-cost-per-day-used/,en,guide,src/content/growth-articles/en/standby-power-cost-per-day-used.md,200,https://worthcalc.win/en/guides/standby-power-cost-per-day-used/,0,true,"index,follow",,https://worthcalc.win/en/guides/standby-power-cost-per-day-used/,200,true,6,true,true,14,2,Standby Power Cost Per Day Used: Measure the Plug Load and the Service It Supports | WorthCalc,Standby Power Cost Per Day Used: Measure the Plug Load and the Service It Supports,395,5517b0b1ea3be54d4d7aacc451a1067f106fdaf70d31c067dbc42ccb39dc279e
https://worthcalc.win/en/guides/streaming-cost-per-watched-hour/,en,guide,src/content/growth-articles/en/streaming-cost-per-watched-hour.md,200,https://worthcalc.win/en/guides/streaming-cost-per-watched-hour/,0,true,"index,follow",,https://worthcalc.win/en/guides/streaming-cost-per-watched-hour/,200,true,6,true,true,8,2,"Streaming Cost Per Watched Hour: Include Ads, Add-Ons, and Auto-Renewal | WorthCalc","Streaming Cost Per Watched Hour: Include Ads, Add-Ons, and Auto-Renewal",392,005fce55c238ff50a7f687e89f4d4ecfe7a35c51f5724de6fc9863b25c6beac4
https://worthcalc.win/en/guides/subscription-price-increase-annual-impact/,en,guide,src/content/growth-articles/en/subscription-price-increase-annual-impact.md,200,https://worthcalc.win/en/guides/subscription-price-increase-annual-impact/,0,true,"index,follow",,https://worthcalc.win/en/guides/subscription-price-increase-annual-impact/,200,true,6,true,true,7,2,Subscription Price Increase: Calculate the Annual Impact on Your Budget | WorthCalc,Subscription Price Increase: Calculate the Annual Impact on Your Budget,641,8969fb54787854bea1ab858decb1ebecaf655edb8ba6c532d4bd3ff6abceaeb7
https://worthcalc.win/en/guides/television-electricity-cost-per-watched-hour-used/,en,guide,src/content/growth-articles/en/television-electricity-cost-per-watched-hour-used.md,200,https://worthcalc.win/en/guides/television-electricity-cost-per-watched-hour-used/,0,true,"index,follow",,https://worthcalc.win/en/guides/television-electricity-cost-per-watched-hour-used/,200,true,6,true,true,8,2,Television Electricity Cost Per Watched Hour Used: Include Picture Mode and Streaming Gear | WorthCalc,Television Electricity Cost Per Watched Hour Used: Include Picture Mode and Streaming Gear,361,01f23f019c99f0e721ea8cbfe5368553b0bb8b617cf5498949cb882877ab21a6
https://worthcalc.win/en/guides/terrarium-heat-lamp-electricity-cost-per-heating-hour-used/,en,guide,src/content/growth-articles/en/terrarium-heat-lamp-electricity-cost-per-heating-hour-used.md,200,https://worthcalc.win/en/guides/terrarium-heat-lamp-electricity-cost-per-heating-hour-used/,0,true,"index,follow",,https://worthcalc.win/en/guides/terrarium-heat-lamp-electricity-cost-per-heating-hour-used/,200,true,6,true,true,11,2,Terrarium Heat Lamp Electricity Cost Per Heating Hour Used: Count the Timer | WorthCalc,Terrarium Heat Lamp Electricity Cost Per Heating Hour Used: Count the Timer,629,6503eaaa9dbd27f7d5de19e327687723791d5e67ff3135adfa276fc8be97ae0f
https://worthcalc.win/en/guides/toaster-cost-per-use-used/,en,guide,src/content/growth-articles/en/toaster-cost-per-use-used.md,200,https://worthcalc.win/en/guides/toaster-cost-per-use-used/,0,true,"index,follow",,https://worthcalc.win/en/guides/toaster-cost-per-use-used/,200,true,6,true,true,10,2,Toaster Cost Per Use Used | WorthCalc,Toaster Cost Per Use Used,454,6b754bd78f616af464a27ca64651db182c9c5e47aff2fa3d1cc8d42cd80c1fba
https://worthcalc.win/en/guides/tool-rental-cost-per-project/,en,guide,src/content/growth-articles/en/tool-rental-cost-per-project.md,200,https://worthcalc.win/en/guides/tool-rental-cost-per-project/,0,true,"index,follow",,https://worthcalc.win/en/guides/tool-rental-cost-per-project/,200,true,6,true,true,8,2,Tool Rental Cost Per Project: Compare Rental Days With Ownership | WorthCalc,Tool Rental Cost Per Project: Compare Rental Days With Ownership,381,963bc393be6489a4050169d2e68fb4c57ca4fdee47a4326e6d804c100e4b359c
https://worthcalc.win/en/guides/trade-in-vs-private-sale-net-proceeds/,en,guide,src/content/growth-articles/en/trade-in-vs-private-sale-net-proceeds.md,200,https://worthcalc.win/en/guides/trade-in-vs-private-sale-net-proceeds/,0,true,"index,follow",,https://worthcalc.win/en/guides/trade-in-vs-private-sale-net-proceeds/,200,true,3,true,true,5,2,Trade-In vs. Private Sale Net Proceeds | WorthCalc,"Trade-In vs. Private Sale: Compare Net Proceeds, Time, Loan Payoff, and Bridge Cash",1965,122f8bde1d6fadc7f05d5b9ddb381a0588459d5eabdfe0a860a5bf4794c0c9cb
https://worthcalc.win/en/guides/training-certification-break-even/,en,guide,src/content/growth-articles/en/training-certification-break-even.md,200,https://worthcalc.win/en/guides/training-certification-break-even/,0,true,"index,follow",,https://worthcalc.win/en/guides/training-certification-break-even/,200,true,3,true,true,4,2,Training &amp; Certification Break-Even | WorthCalc,Training or Certification Break-Even: How Much Extra Income Must the Course Create?,1924,72f396436a8daf9c16c0ede09f97d4bd72f1944b28999eaedf4ea3f4b96bbc52
https://worthcalc.win/en/guides/transit-pass-cost-per-ride-used/,en,guide,src/content/growth-articles/en/transit-pass-cost-per-ride-used.md,200,https://worthcalc.win/en/guides/transit-pass-cost-per-ride-used/,0,true,"index,follow",,https://worthcalc.win/en/guides/transit-pass-cost-per-ride-used/,200,true,6,true,true,8,2,"Transit Pass Cost Per Ride Used: Compare Trips, Transfers, and Missed Days | WorthCalc","Transit Pass Cost Per Ride Used: Compare Trips, Transfers, and Missed Days",393,cb23f3f83e65d8b13143ba1484d66266daa96ff2942840f41786bd265bbe4f70
https://worthcalc.win/en/guides/true-cost-of-buy-now-pay-later/,en,guide,src/content/growth-articles/en/true-cost-of-buy-now-pay-later.md,200,https://worthcalc.win/en/guides/true-cost-of-buy-now-pay-later/,0,true,"index,follow",,https://worthcalc.win/en/guides/true-cost-of-buy-now-pay-later/,200,true,6,true,true,6,2,"Buy Now, Pay Later True Cost: Count Fees, Timing, and Payment Risk | WorthCalc","Buy Now, Pay Later True Cost: Count Fees, Timing, and Payment Risk",472,7f0111f545b592d0ab2655ece646343fe4d1741de4fa5c6014ddf5daa118c23b
https://worthcalc.win/en/guides/true-cost-of-convenience-delivery/,en,guide,src/content/growth-articles/en/true-cost-of-convenience-delivery.md,200,https://worthcalc.win/en/guides/true-cost-of-convenience-delivery/,0,true,"index,follow",,https://worthcalc.win/en/guides/true-cost-of-convenience-delivery/,200,true,6,true,true,12,2,"True Cost of Convenience Delivery: Add Fees, Tips, and Time | WorthCalc","True Cost of Convenience Delivery: Add Fees, Tips, and Time",530,59852b9d0f7666c62ec206e2557823b5b019e3721ef6f8224cf9ea9a716e8fb8
https://worthcalc.win/en/guides/true-cost-of-extended-warranty/,en,guide,src/content/growth-articles/en/true-cost-of-extended-warranty.md,200,https://worthcalc.win/en/guides/true-cost-of-extended-warranty/,0,true,"index,follow",,https://worthcalc.win/en/guides/true-cost-of-extended-warranty/,200,true,6,true,true,6,2,Extended Warranty True Cost: Compare Coverage With a Repair Reserve | WorthCalc,Extended Warranty True Cost: Compare Coverage With a Repair Reserve,471,c3f22cb29b8a78c1546de47d21e0f55825a4199d57b1a5b254ca7fb44f0a8097
https://worthcalc.win/en/guides/true-cost-of-free-shipping-threshold/,en,guide,src/content/growth-articles/en/true-cost-of-free-shipping-threshold.md,200,https://worthcalc.win/en/guides/true-cost-of-free-shipping-threshold/,0,true,"index,follow",,https://worthcalc.win/en/guides/true-cost-of-free-shipping-threshold/,200,true,6,true,true,7,2,Free-Shipping Threshold True Cost: When Does the Minimum Make You Spend More? | WorthCalc,Free-Shipping Threshold True Cost: When Does the Minimum Make You Spend More?,488,f2496c0ea8b4d427741740d1d6481e6df6e58ed123a79f99d64712df2cdf9135
https://worthcalc.win/en/guides/true-cost-of-home-service-plan/,en,guide,src/content/growth-articles/en/true-cost-of-home-service-plan.md,200,https://worthcalc.win/en/guides/true-cost-of-home-service-plan/,0,true,"index,follow",,https://worthcalc.win/en/guides/true-cost-of-home-service-plan/,200,true,6,true,true,7,2,Home Service Plan True Cost: Price the Coverage You Actually Use | WorthCalc,Home Service Plan True Cost: Price the Coverage You Actually Use,458,b0f0a0c2095d8fb91dd9fea5c61f3334422a1c00de743066c4bae5f808d27dd9
https://worthcalc.win/en/guides/true-cost-of-rental-car/,en,guide,src/content/growth-articles/en/true-cost-of-rental-car.md,200,https://worthcalc.win/en/guides/true-cost-of-rental-car/,0,true,"index,follow",,https://worthcalc.win/en/guides/true-cost-of-rental-car/,200,true,6,true,true,6,2,"Rental Car True Cost: Add Fuel, Insurance, Deposits, and Time | WorthCalc","Rental Car True Cost: Add Fuel, Insurance, Deposits, and Time",460,58bf160fa298e26f1df021ac21f6ba4a542ae5a4a0d0f93801f8b67c73e31e2c
https://worthcalc.win/en/guides/true-cost-of-upgrade-feature/,en,guide,src/content/growth-articles/en/true-cost-of-upgrade-feature.md,200,https://worthcalc.win/en/guides/true-cost-of-upgrade-feature/,0,true,"index,follow",,https://worthcalc.win/en/guides/true-cost-of-upgrade-feature/,200,true,6,true,true,6,2,"Paid Feature Upgrade True Cost: Measure Incremental Value, Not the Feature List | WorthCalc","Paid Feature Upgrade True Cost: Measure Incremental Value, Not the Feature List",472,cb1d1cd73fb1c9a2ef6444d9ea67a955daefde2976ec1f11d1d1fdd7775b7a13
https://worthcalc.win/en/guides/unused-membership-capacity-cost/,en,guide,src/content/growth-articles/en/unused-membership-capacity-cost.md,200,https://worthcalc.win/en/guides/unused-membership-capacity-cost/,0,true,"index,follow",,https://worthcalc.win/en/guides/unused-membership-capacity-cost/,200,true,6,true,true,17,2,Unused Membership Capacity: Calculate the Cost of Benefits You Do Not Use | WorthCalc,Unused Membership Capacity: Calculate the Cost of Benefits You Do Not Use,318,63c84671262bcc51ae3eb93814405908b5db99a17d4a87a24aac0e3bf9bd6b8f
https://worthcalc.win/en/guides/usb-charging-hub-electricity-cost-per-charging-session-used/,en,guide,src/content/growth-articles/en/usb-charging-hub-electricity-cost-per-charging-session-used.md,200,https://worthcalc.win/en/guides/usb-charging-hub-electricity-cost-per-charging-session-used/,0,true,"index,follow",,https://worthcalc.win/en/guides/usb-charging-hub-electricity-cost-per-charging-session-used/,200,true,6,true,true,11,2,USB Charging Hub Electricity Cost Per Charging Session Used: Measure Devices Together | WorthCalc,USB Charging Hub Electricity Cost Per Charging Session Used: Measure Devices Together,507,a2a00dd2a006f380b94645acdb0eb35f2e0122a302946f350bc59c7be11b638f
https://worthcalc.win/en/guides/vacuum-cleaner-electricity-cost-per-cleaning-hour-used/,en,guide,src/content/growth-articles/en/vacuum-cleaner-electricity-cost-per-cleaning-hour-used.md,200,https://worthcalc.win/en/guides/vacuum-cleaner-electricity-cost-per-cleaning-hour-used/,0,true,"index,follow",,https://worthcalc.win/en/guides/vacuum-cleaner-electricity-cost-per-cleaning-hour-used/,200,true,6,true,true,9,2,Vacuum Cleaner Electricity Cost Per Cleaning Hour Used: Measure the Real Session | WorthCalc,Vacuum Cleaner Electricity Cost Per Cleaning Hour Used: Measure the Real Session,396,c5c97749e08b2425d94c5600c0865a4e7fd03a3d2eaddfc0d25963cb96f72e61
https://worthcalc.win/en/guides/waffle-maker-cost-per-cooking-cycle-used/,en,guide,src/content/growth-articles/en/waffle-maker-cost-per-cooking-cycle-used.md,200,https://worthcalc.win/en/guides/waffle-maker-cost-per-cooking-cycle-used/,0,true,"index,follow",,https://worthcalc.win/en/guides/waffle-maker-cost-per-cooking-cycle-used/,200,true,6,true,true,10,2,Waffle Maker Cost Per Cooking Cycle Used: Include Preheat and Repeated Plates | WorthCalc,Waffle Maker Cost Per Cooking Cycle Used: Include Preheat and Repeated Plates,331,30fe414be901cae6e17faf90c5906de0a279179828a1662d7039346db04ee206
https://worthcalc.win/en/guides/water-bill-cost-per-gallon-used/,en,guide,src/content/growth-articles/en/water-bill-cost-per-gallon-used.md,200,https://worthcalc.win/en/guides/water-bill-cost-per-gallon-used/,0,true,"index,follow",,https://worthcalc.win/en/guides/water-bill-cost-per-gallon-used/,200,true,6,true,true,9,2,Water Bill Cost Per Gallon Used: Include Sewer and Fixed Charges | WorthCalc,Water Bill Cost Per Gallon Used: Include Sewer and Fixed Charges,466,a64dba672ae532d5d1ceedbcf2345f31c99ff42b751b063812445f4cc93a48d2
https://worthcalc.win/en/guides/water-cooler-electricity-cost-per-cooling-day-used/,en,guide,src/content/growth-articles/en/water-cooler-electricity-cost-per-cooling-day-used.md,200,https://worthcalc.win/en/guides/water-cooler-electricity-cost-per-cooling-day-used/,0,true,"index,follow",,https://worthcalc.win/en/guides/water-cooler-electricity-cost-per-cooling-day-used/,200,true,6,true,true,11,2,Water Cooler Electricity Cost Per Cooling Day Used: Separate Hot and Cold Modes | WorthCalc,Water Cooler Electricity Cost Per Cooling Day Used: Separate Hot and Cold Modes,497,87709d537d50fdf7e02631878b7234f97fbd70b09c785df56135e56691210b64
https://worthcalc.win/en/guides/water-heater-cost-per-gallon-heated/,en,guide,src/content/growth-articles/en/water-heater-cost-per-gallon-heated.md,200,https://worthcalc.win/en/guides/water-heater-cost-per-gallon-heated/,0,true,"index,follow",,https://worthcalc.win/en/guides/water-heater-cost-per-gallon-heated/,200,true,6,true,true,9,2,Water Heater Cost Per Gallon Heated: Separate Delivered Hot Water From Standby Cost | WorthCalc,Water Heater Cost Per Gallon Heated: Separate Delivered Hot Water From Standby Cost,348,b3cc7575e7f540b52259cae677d3e1dc3d74ced8b771339979a4e2c5abf7d0c6
https://worthcalc.win/en/guides/webcam-electricity-cost-per-meeting-hour-used/,en,guide,src/content/growth-articles/en/webcam-electricity-cost-per-meeting-hour-used.md,200,https://worthcalc.win/en/guides/webcam-electricity-cost-per-meeting-hour-used/,0,true,"index,follow",,https://worthcalc.win/en/guides/webcam-electricity-cost-per-meeting-hour-used/,200,true,6,true,true,11,2,Webcam Electricity Cost Per Meeting Hour Used: Separate Camera and LED Modes | WorthCalc,Webcam Electricity Cost Per Meeting Hour Used: Separate Camera and LED Modes,549,2cfc867a3f36d577c5a6b3326913ababd07d2172f24e6eaf0bc8c930c79224dd
https://worthcalc.win/en/guides/windfall-debt-vs-cash-allocation/,en,guide,src/content/growth-articles/en/windfall-debt-vs-cash-allocation.md,200,https://worthcalc.win/en/guides/windfall-debt-vs-cash-allocation/,0,true,"index,follow",,https://worthcalc.win/en/guides/windfall-debt-vs-cash-allocation/,200,true,3,true,true,5,2,Windfall: Pay Debt or Keep Cash? Decision Framework | WorthCalc,Windfall: Pay Debt or Keep Cash? A Better Framework Than a Fixed Percentage Rule,1656,fc7e0b43dccbb6ff6cf98524a70f35d60940270324d51dad50ba402e62cc19d4
https://worthcalc.win/en/gym-membership-cost-per-visit/,en,editorial,,200,https://worthcalc.win/en/gym-membership-cost-per-visit/,0,true,"index, follow, max-image-preview:large",,https://worthcalc.win/en/gym-membership-cost-per-visit/,200,true,5,true,true,8,2,Gym membership cost per visit: how often do you need to go? | WorthCalc,Gym membership cost per visit: how often do you need to go?,1027,146d99467cd4bb3976c44d24280215070b6c5c96a6d186face163194637a37fb
https://worthcalc.win/en/home-vs-public-ev-charging-cost/,en,editorial,,200,https://worthcalc.win/en/home-vs-public-ev-charging-cost/,0,true,"index, follow, max-image-preview:large",,https://worthcalc.win/en/home-vs-public-ev-charging-cost/,200,true,5,true,true,7,2,Home charging vs public charging: what does an EV really cost per mile? | WorthCalc,Home charging vs public charging: what does an EV really cost per mile?,1419,ccd6442ff7ff9a9e8a961cd6f71a6f15403138a46656a9b709fbef7dd7fa0b01
https://worthcalc.win/en/hourly-vs-annual-salary/,en,editorial,,200,https://worthcalc.win/en/hourly-vs-annual-salary/,0,true,"index, follow, max-image-preview:large",,https://worthcalc.win/en/hourly-vs-annual-salary/,200,true,5,true,true,8,2,Hourly vs. Annual Salary: How to Compare Two Job Offers Fairly | WorthCalc,Hourly vs. Annual Salary: How to Compare Two Job Offers Fairly,976,65d89af56fab730a1307cbb7682df35c12f939492645a5b4e64da563e955b3d7
https://worthcalc.win/en/how-compound-growth-works/,en,editorial,,200,https://worthcalc.win/en/how-compound-growth-works/,0,true,"index, follow, max-image-preview:large",,https://worthcalc.win/en/how-compound-growth-works/,200,true,5,true,true,9,2,How Compound Growth Actually Works (And Why Fees Matter as Much as Returns) | WorthCalc,How Compound Growth Actually Works (And Why Fees Matter as Much as Returns),1020,b36a1859e2ded6f526a0ef70e99c9532deddea5f57344f5e215834bceadcba89
https://worthcalc.win/en/how-much-home-can-you-afford/,en,editorial,,200,https://worthcalc.win/en/how-much-home-can-you-afford/,0,true,"index, follow, max-image-preview:large",,https://worthcalc.win/en/how-much-home-can-you-afford/,200,true,5,true,true,8,2,How Much House Can You Afford? The 28/36 Rule and What It Leaves Out | WorthCalc,How Much House Can You Afford? The 28/36 Rule and What It Leaves Out,1014,431d791415f762ac53a9852d73742c9cf2713e540d63e54aa1b399c0989973cd
https://worthcalc.win/en/how-to-calculate-dti/,en,editorial,,200,https://worthcalc.win/en/how-to-calculate-dti/,0,true,"index, follow, max-image-preview:large",,https://worthcalc.win/en/how-to-calculate-dti/,200,true,5,true,true,8,2,How to Calculate DTI (And Why 43% Isn&#39;t a Hard Cutoff Anymore) | WorthCalc,How to Calculate DTI (And Why 43% Isn&#39;t a Hard Cutoff Anymore),1170,40498aea74bd30a5418ed3361ec577c11254ba478426fa26918b28358a9ab022
https://worthcalc.win/en/,en,home,src/pages/en/index.astro,200,https://worthcalc.win/en/,0,true,"index, follow, max-image-preview:large",,https://worthcalc.win/,200,true,0,true,false,0,,Transparent Calculators for Real Money Decisions | WorthCalc,Transparent calculators for real money decisions,1153,3163da741b254f147d2b24d3e160639d2d9d9c338a1170d51fe72ef33f5c88df
https://worthcalc.win/en/installment-apr-table/,en,editorial,src/pages/en/installment-apr-table.astro,200,https://worthcalc.win/en/installment-apr-table/,0,true,"index, follow, max-image-preview:large",,https://worthcalc.win/en/installment-apr-table/,200,true,3,true,true,4,2,Installment Fee to APR Conversion Table: A 3% Fee Is Not a 3% Rate | WorthCalc,Installment Fee to APR Conversion Table: A 3% Fee Is Not a 3% Rate,908,b299b3d4d167267a35e38c1c4cf610e73479503c66deb6913bf9061f2b0fbd88
https://worthcalc.win/en/is-an-extended-warranty-worth-it/,en,editorial,,200,https://worthcalc.win/en/is-an-extended-warranty-worth-it/,0,true,"index, follow, max-image-preview:large",,https://worthcalc.win/en/is-an-extended-warranty-worth-it/,200,true,5,true,true,7,2,"Is an extended warranty worth it? Compare price, failure risk, and repair cost | WorthCalc","Is an extended warranty worth it? Compare price, failure risk, and repair cost",931,8430513f86bc1f16cfa5ee3ea2a111a647daa9504d1e5f1aeb5b2c55418c1e5f
https://worthcalc.win/en/is-costco-executive-membership-worth-it/,en,editorial,src/pages/en/is-costco-executive-membership-worth-it.astro,200,https://worthcalc.win/en/is-costco-executive-membership-worth-it/,0,true,"index, follow, max-image-preview:large",,https://worthcalc.win/en/is-costco-executive-membership-worth-it/,200,true,6,true,true,8,2,"Is Costco Executive Worth It in 2026? $3,250 Break-Even Math | WorthCalc","Is Costco Executive Worth It in 2026? $3,250 Break-Even Math",1861,c0fc863687808a1bfc16a2c04eaef354dd115ef42a2ab2ba542830289d4384ed
https://worthcalc.win/en/loan-term-monthly-payment-vs-total-interest/,en,editorial,,200,https://worthcalc.win/en/loan-term-monthly-payment-vs-total-interest/,0,true,"index,follow",,https://worthcalc.win/en/loan-term-monthly-payment-vs-total-interest/,200,true,2,true,true,7,2,"Loan Term vs Monthly Payment &amp; Total Interest: 36, 60, 84 Months | WorthCalc",Loan Term vs. Monthly Payment: Why a Lower Payment Can Cost More Overall,1551,bdc383969f28204d377d6554e8e74736aa1cf9cadc0836571a596facedb773b2
https://worthcalc.win/en/meal-prep-vs-takeout-cost/,en,editorial,,200,https://worthcalc.win/en/meal-prep-vs-takeout-cost/,0,true,"index, follow, max-image-preview:large",,https://worthcalc.win/en/meal-prep-vs-takeout-cost/,200,true,5,true,true,7,2,"Meal prep vs takeout cost: food, time, waste and delivery per serving | WorthCalc","Meal prep vs takeout cost: food, time, waste and delivery per serving",755,2771a01500d74c38cf7826b92bed97271d85db75635235d01c19bf68437feda9
https://worthcalc.win/en/monthly-vs-annual-subscription/,en,editorial,,200,https://worthcalc.win/en/monthly-vs-annual-subscription/,0,true,"index, follow, max-image-preview:large",,https://worthcalc.win/en/monthly-vs-annual-subscription/,200,true,6,true,true,7,2,Monthly vs annual subscription: when does annual billing save money? | WorthCalc,Monthly vs annual subscription: when does annual billing save money?,1236,0c474870471b97e3da7df7588625d5788e034e43a541245f656f657bfed5bec1
https://worthcalc.win/en/net-worth-vs-liquid-net-worth/,en,editorial,,200,https://worthcalc.win/en/net-worth-vs-liquid-net-worth/,0,true,"index,follow",,https://worthcalc.win/en/net-worth-vs-liquid-net-worth/,200,true,2,true,true,6,2,"Net Worth vs Liquid Net Worth: Assets, Liquidity &amp; Worked Example | WorthCalc",Net Worth vs. Liquid Net Worth: Why a High Net Worth Can Still Feel Cash-Poor,1508,f78d878b8ee531382acc1a8a4d1c8c9a617b2a7929d2cdf2d5412586a37015d1
https://worthcalc.win/en/new-vs-used-car-total-cost/,en,editorial,,200,https://worthcalc.win/en/new-vs-used-car-total-cost/,0,true,"index, follow, max-image-preview:large",,https://worthcalc.win/en/new-vs-used-car-total-cost/,200,true,6,true,true,9,2,"New vs used car: compare depreciation, repairs, financing, and resale | WorthCalc","New vs used car: compare depreciation, repairs, financing, and resale",1556,30d7d16906593a325271e95cf18df429c095ce8c258dd61ad87987914325fdea
https://worthcalc.win/en/opportunity-cost-everyday/,en,editorial,src/pages/en/opportunity-cost-everyday.astro,200,https://worthcalc.win/en/opportunity-cost-everyday/,0,true,"index, follow, max-image-preview:large",,https://worthcalc.win/en/opportunity-cost-everyday/,200,true,3,true,true,7,2,What Is Opportunity Cost? Five Everyday Examples of the Most Important Invisible Bill | WorthCalc,What Is Opportunity Cost? Five Everyday Examples of the Most Important Invisible Bill,804,2953c0836fc0c70e61906e1e2520bc0e2adf85f57d3f1f89423c25b015869309
https://worthcalc.win/en/paid-membership-break-even/,en,editorial,,200,https://worthcalc.win/en/paid-membership-break-even/,0,true,"index, follow, max-image-preview:large",,https://worthcalc.win/en/paid-membership-break-even/,200,true,5,true,true,7,2,How to calculate whether a paid membership is worth it | WorthCalc,How to calculate whether a paid membership is worth it,843,66d54bbab403b7fd9b8ba1c5574f241e4a9cc92421ba613671bfd36dcb2dd25d
https://worthcalc.win/en/pay-raise-vs-inflation-purchasing-power/,en,editorial,,200,https://worthcalc.win/en/pay-raise-vs-inflation-purchasing-power/,0,true,"index, follow, max-image-preview:large",,https://worthcalc.win/en/pay-raise-vs-inflation-purchasing-power/,200,true,5,true,true,9,1,Pay raise vs inflation: did purchasing power increase? | WorthCalc,Pay raise vs inflation: did purchasing power increase?,708,20fff84551b9da691bb4347f4673e954d181497579968d119913377415e85b27
https://worthcalc.win/en/price-in-work-hours/,en,editorial,src/pages/en/price-in-work-hours.astro,200,https://worthcalc.win/en/price-in-work-hours/,0,true,"index, follow, max-image-preview:large",,https://worthcalc.win/en/price-in-work-hours/,200,true,3,true,true,15,2,How Many Hours of You Does It Cost? Work-Hours Pricing and Your True Wage | WorthCalc,How Many Hours of You Does It Cost? Work-Hours Pricing and Your True Wage,805,304aa2584580e5b8cfd0dd21dad7778afae4d45260b807477379c8abb93c1793
https://worthcalc.win/en/price-per-wear-clothing-shoes/,en,editorial,,200,https://worthcalc.win/en/price-per-wear-clothing-shoes/,0,true,"index, follow, max-image-preview:large",,https://worthcalc.win/en/price-per-wear-clothing-shoes/,200,true,5,true,true,7,2,Price per wear: compare clothing and shoes by actual use | WorthCalc,Price per wear: compare clothing and shoes by actual use,631,c49955165ac812fb6f38ce6f64a19b7465b10fd2d2eea05390f2a57e7ef7abf6
https://worthcalc.win/en/privacy/,en,legal,src/pages/en/privacy.astro,200,https://worthcalc.win/en/privacy/,0,true,"index, follow, max-image-preview:large",,https://worthcalc.win/en/privacy/,200,true,5,true,true,601,1,Privacy Policy | WorthCalc,Privacy Policy,842,7a60a89eedee81b170f35f9e8a5de45b93ef2df1201caa50965697a4e4010b14
https://worthcalc.win/en/rent-vs-buy-breakeven-year/,en,editorial,,200,https://worthcalc.win/en/rent-vs-buy-breakeven-year/,0,true,"index, follow, max-image-preview:large",,https://worthcalc.win/en/rent-vs-buy-breakeven-year/,200,true,5,true,true,7,2,How long do you need to stay before buying can beat renting? | WorthCalc,How long do you need to stay before buying can beat renting?,1438,70249f805e5cdf11eab454a757d3a136baa22d8bc00980b23b5d292411a64d07
https://worthcalc.win/en/rent-vs-buy-guide/,en,editorial,src/pages/en/rent-vs-buy-guide.astro,200,https://worthcalc.win/en/rent-vs-buy-guide/,0,true,"index, follow, max-image-preview:large",,https://worthcalc.win/en/rent-vs-buy-guide/,200,true,5,true,true,10,1,Rent vs Buy: The Assumptions That Actually Change the Answer | WorthCalc,Rent vs Buy: The Assumptions That Actually Change the Answer,1441,0810153343f0cfd36bf9338f6c3631cee271808bd73381245142eaa70c79dc5b
https://worthcalc.win/en/repair-or-replace-decision-formula/,en,editorial,,200,https://worthcalc.win/en/repair-or-replace-decision-formula/,0,true,"index, follow, max-image-preview:large",,https://worthcalc.win/en/repair-or-replace-decision-formula/,200,true,5,true,true,9,2,"Repair or replace: a practical decision formula for appliances, phones, and cars | WorthCalc","Repair or replace: a practical decision formula for appliances, phones, and cars",990,4d50f5fdac78a0e8c8daaeaf96cfbf918b366eac1bc2712efc5fd465d69c50a4
https://worthcalc.win/en/return-to-office-cost/,en,editorial,src/pages/en/return-to-office-cost.astro,200,https://worthcalc.win/en/return-to-office-cost/,0,true,"index, follow, max-image-preview:large",,https://worthcalc.win/en/return-to-office-cost/,200,true,3,true,true,4,2,Return-to-Office Cost Calculator: The Annual Cash Difference From N Days to M | WorthCalc,Return-to-Office Cost Calculator: The Annual Cash Difference From N Days to M,825,2937a7534fd6e5d2abb64f55f31432b7d530ac23aa81432e778da4e698eded52
https://worthcalc.win/en/reusable-vs-disposable-break-even/,en,editorial,,200,https://worthcalc.win/en/reusable-vs-disposable-break-even/,0,true,"index, follow, max-image-preview:large",,https://worthcalc.win/en/reusable-vs-disposable-break-even/,200,true,5,true,true,7,2,Reusable vs disposable break-even: cost per actual use | WorthCalc,Reusable vs disposable break-even: cost per actual use,654,86def85aa3fb01471737fa59b084a0feef48bdf38fd30255808c6843fe8b864f
https://worthcalc.win/en/rule-of-72-explained/,en,editorial,src/pages/en/rule-of-72-explained.astro,200,https://worthcalc.win/en/rule-of-72-explained/,0,true,"index, follow, max-image-preview:large",,https://worthcalc.win/en/rule-of-72-explained/,200,true,3,true,true,4,2,The Rule of 72: Compound Interest in One Line of Mental Math (and Where It Fails) | WorthCalc,The Rule of 72: Compound Interest in One Line of Mental Math (and Where It Fails),881,a613d8047b010da4f6a6f87d50edca519f0fc141b5ff9e118fc6dde7bb75963c
https://worthcalc.win/en/savings-rate-gross-vs-net/,en,editorial,,200,https://worthcalc.win/en/savings-rate-gross-vs-net/,0,true,"index,follow",,https://worthcalc.win/en/savings-rate-gross-vs-net/,200,true,2,true,true,9,2,Savings Rate: Gross vs Net Income &amp; What Counts as Saving | WorthCalc,"Savings Rate: Gross vs. Net Income, Retirement Contributions, and Debt Principal",1405,262f840d5e3d79f7470ec541e2d2e8caae1d90141e8e8b42c50298ae4ec73c1d
https://worthcalc.win/en/snowball-vs-avalanche/,en,editorial,,200,https://worthcalc.win/en/snowball-vs-avalanche/,0,true,"index, follow, max-image-preview:large",,https://worthcalc.win/en/snowball-vs-avalanche/,200,true,5,true,true,8,2,Debt Snowball vs. Avalanche: What the Math (and the Research) Actually Show | WorthCalc,Debt Snowball vs. Avalanche: What the Math (and the Research) Actually Show,932,378e5919fdd6216809d525529fbc5be69d5fd093f13f67c196275c5926fccc0c
https://worthcalc.win/en/subscription-creep/,en,editorial,src/pages/en/subscription-creep.astro,200,https://worthcalc.win/en/subscription-creep/,0,true,"index, follow, max-image-preview:large",,https://worthcalc.win/en/subscription-creep/,200,true,5,true,true,12,2,Subscription Creep: How Much Are You Really Paying? | WorthCalc,Subscription Creep: How Much Are You Really Paying?,1207,bbff30f4615b1f1e37611ec6051e7da9977480510edfd1123175353a4672b01a
https://worthcalc.win/en/sunk-cost-fallacy-everyday/,en,editorial,src/pages/en/sunk-cost-fallacy-everyday.astro,200,https://worthcalc.win/en/sunk-cost-fallacy-everyday/,0,true,"index, follow, max-image-preview:large",,https://worthcalc.win/en/sunk-cost-fallacy-everyday/,200,true,3,true,true,4,2,What Is the Sunk Cost Fallacy? How &#39;But I Already Paid&#39; Makes Losses Grow | WorthCalc,What Is the Sunk Cost Fallacy? How &#39;But I Already Paid&#39; Makes Losses Grow,987,ae7f4cac50bbd3c361024f1426dc9fe4e9e0119d328537736b438a4aea3cee7b
https://worthcalc.win/en/terms/,en,legal,src/pages/en/terms.astro,200,https://worthcalc.win/en/terms/,0,true,"index, follow, max-image-preview:large",,https://worthcalc.win/en/terms/,200,true,6,true,true,600,1,Terms of Use | WorthCalc,Terms of Use,367,5c947cf1461b254de978976596c9633e56d1f81f4831cf652131e3932646e26b
https://worthcalc.win/en/tools/budget-builder/,en,calculator,src/content/growth-tools/en/budget-builder.md,200,https://worthcalc.win/en/tools/budget-builder/,0,true,"index, follow, max-image-preview:large",,https://worthcalc.win/en/tools/budget-builder/,200,true,5,true,true,63,2,Personal Monthly Budget Builder | WorthCalc,Personal Monthly Budget Builder,709,fc5f491c0cb396b9742c393979b862b7fd9a777d28da2e206383ee89b5845fd4
https://worthcalc.win/en/tools/car-affordability/,en,calculator,src/content/growth-tools/en/car-affordability.md,200,https://worthcalc.win/en/tools/car-affordability/,0,true,"index, follow, max-image-preview:large",,https://worthcalc.win/en/tools/car-affordability/,200,true,5,true,true,11,2,Car Affordability &amp; Total Monthly Cost Calculator | WorthCalc,Car Affordability &amp; Total Monthly Cost Calculator,710,85881434d264cf106678d59b8caa95ee75567dee8c81ed4eb92e12319d2759cb
https://worthcalc.win/en/tools/cashback-breakeven/,en,calculator,src/pages/en/tools/cashback-breakeven.astro,200,https://worthcalc.win/en/tools/cashback-breakeven/,0,true,"index, follow, max-image-preview:large",,https://worthcalc.win/en/tools/cashback-breakeven/,200,true,5,true,true,24,1,Cashback Break-even Calculator | WorthCalc,Cashback Break-even Calculator,575,2d813d89de2a274acc4fa18a9c19c14fd1e2e7d9f7df4d323c6b3123fe961142
https://worthcalc.win/en/tools/commute-cost/,en,calculator,src/pages/en/tools/commute-cost.astro,200,https://worthcalc.win/en/tools/commute-cost/,0,true,"index, follow, max-image-preview:large",,https://worthcalc.win/en/tools/commute-cost/,200,true,6,true,true,20,1,"Commute Cost Calculator: Per Mile, Monthly and Annual | WorthCalc","Commute Cost Calculator: Per Mile, Monthly and Annual",1605,d57c38004d9599b66982bb0c7659e85b03b9258c62c289cbcdd4f562b72d3db0
https://worthcalc.win/en/tools/compound-growth/,en,calculator,src/content/growth-tools/en/compound-growth.md,200,https://worthcalc.win/en/tools/compound-growth/,0,true,"index, follow, max-image-preview:large",,https://worthcalc.win/en/tools/compound-growth/,200,true,5,true,true,12,1,Compound Growth &amp; Savings Goal Calculator | WorthCalc,Compound Growth &amp; Savings Goal Calculator,698,e06d854ebcb80c8f3d233cf5f14946054cb6a768d71fbdf38cd93d1511c717f7
https://worthcalc.win/en/tools/cost-per-mile/,en,calculator,src/pages/en/tools/cost-per-mile.astro,200,https://worthcalc.win/en/tools/cost-per-mile/,0,true,"index, follow, max-image-preview:large",,https://worthcalc.win/en/tools/cost-per-mile/,200,true,3,true,true,6,2,"Cost Per Mile Calculator: Total Car Cost, Not Just Fuel | WorthCalc","Cost Per Mile Calculator: Total Car Cost, Not Just Fuel",1464,46a004a9df4558193314e059e8a6e0faa69213b7cb600644d3896a327c65571c
https://worthcalc.win/en/tools/costco-membership/,en,calculator,src/pages/en/tools/costco-membership.astro,200,https://worthcalc.win/en/tools/costco-membership/,0,true,"index, follow, max-image-preview:large",,https://worthcalc.win/en/tools/costco-membership/,200,true,5,true,true,32,1,Costco Membership Calculator: Gold Star vs Executive | WorthCalc,Costco Membership Calculator: Gold Star vs Executive,1656,eeb15e429243620daff7a5ce161b7922901d2fa69c4eac316313376ee97909e9
https://worthcalc.win/en/tools/credit-card-payoff/,en,calculator,src/content/growth-tools/en/credit-card-payoff.md,200,https://worthcalc.win/en/tools/credit-card-payoff/,0,true,"index, follow, max-image-preview:large",,https://worthcalc.win/en/tools/credit-card-payoff/,200,true,5,true,true,9,2,Credit Card Payoff &amp; Interest Calculator | WorthCalc,Credit Card Payoff &amp; Interest Calculator,669,f16d6a664096974e0ba9d0498652981b2805ba44aad5bc9ecc677854f340ccc2
https://worthcalc.win/en/tools/debt-strategy/,en,calculator,src/content/growth-tools/en/debt-strategy.md,200,https://worthcalc.win/en/tools/debt-strategy/,0,true,"index, follow, max-image-preview:large",,https://worthcalc.win/en/tools/debt-strategy/,200,true,5,true,true,8,2,Debt Snowball vs Avalanche Calculator | WorthCalc,Debt Snowball vs Avalanche Calculator,638,3f1cd7eb91aa3518691e051653f46346467d0f6b55317a23b333e5b56c1bb638
https://worthcalc.win/en/tools/dti-calculator/,en,calculator,src/content/growth-tools/en/dti-calculator.md,200,https://worthcalc.win/en/tools/dti-calculator/,0,true,"index, follow, max-image-preview:large",,https://worthcalc.win/en/tools/dti-calculator/,200,true,5,true,true,11,1,Debt-to-Income (DTI) Ratio Calculator | WorthCalc,Debt-to-Income (DTI) Ratio Calculator,748,848482735593f78876b8a46041a01121717caccafa6fd044d1159e14094d797f
https://worthcalc.win/en/tools/ev-vs-gas/,en,calculator,src/pages/en/tools/ev-vs-gas.astro,200,https://worthcalc.win/en/tools/ev-vs-gas/,0,true,"index, follow, max-image-preview:large",,https://worthcalc.win/en/tools/ev-vs-gas/,200,true,6,true,true,14,1,EV vs Gas Car TCO Calculator | WorthCalc,EV vs Gas Car TCO Calculator,611,a23513a301be55fba4edc567b4c7f5bd49f716e7614c1fa03e222cdfb2635658
https://worthcalc.win/en/tools/home-affordability/,en,calculator,src/content/growth-tools/en/home-affordability.md,200,https://worthcalc.win/en/tools/home-affordability/,0,true,"index, follow, max-image-preview:large",,https://worthcalc.win/en/tools/home-affordability/,200,true,5,true,true,10,1,Home Affordability &amp; Full Housing Cost Calculator | WorthCalc,Home Affordability &amp; Full Housing Cost Calculator,707,3340d4263d94053ddada2282f773ec91122e411b35bbb79287cc6533335ed7c4
https://worthcalc.win/en/tools/,en,tools-directory,src/pages/[locale]/tools/index.astro,200,https://worthcalc.win/en/tools/,0,true,"index, follow, max-image-preview:large",,https://worthcalc.win/en/tools/,200,true,6,true,true,1485,1,All calculators | WorthCalc,All calculators,695,27a6499eb42b586244c80186677699164d21dbb8492787074406fc6d207c5e7b
https://worthcalc.win/en/tools/installment-true-apr/,en,calculator,src/pages/en/tools/installment-true-apr.astro,200,https://worthcalc.win/en/tools/installment-true-apr/,0,true,"index, follow, max-image-preview:large",,https://worthcalc.win/en/tools/installment-true-apr/,200,true,6,true,true,32,1,Installment True APR Calculator | WorthCalc,Installment True APR Calculator,866,c25d7cd42984fe9913e1ce7b81ac6b45d1f8c2903b0b1474cb29fd3a49205098
https://worthcalc.win/en/tools/latte-factor/,en,calculator,src/pages/en/tools/latte-factor.astro,200,https://worthcalc.win/en/tools/latte-factor/,0,true,"index, follow, max-image-preview:large",,https://worthcalc.win/en/tools/latte-factor/,200,true,5,true,true,15,2,Latte Factor Calculator: Daily Coffee Cost &amp; Savings | WorthCalc,Latte Factor Calculator: Daily Coffee Cost &amp; Savings,1034,b0895d5ccf6ef1a3f06b0b8584ed52b48bfd159a20d5a4c85ce6b419be745d49
https://worthcalc.win/en/tools/mortgage-payoff/,en,calculator,src/content/growth-tools/en/mortgage-payoff.md,200,https://worthcalc.win/en/tools/mortgage-payoff/,0,true,"index, follow, max-image-preview:large",,https://worthcalc.win/en/tools/mortgage-payoff/,200,true,5,true,true,9,2,Mortgage Payoff &amp; Extra Payment Calculator | WorthCalc,Mortgage Payoff &amp; Extra Payment Calculator,709,f32ff5d658220c3acbfea4c0634d4b5fc809febfc8f7710220f9951084ffb53e
https://worthcalc.win/en/tools/rent-vs-buy/,en,calculator,src/pages/en/tools/rent-vs-buy.astro,200,https://worthcalc.win/en/tools/rent-vs-buy/,0,true,"index, follow, max-image-preview:large",,https://worthcalc.win/en/tools/rent-vs-buy/,200,true,6,true,true,21,1,Rent vs Buy Calculator | WorthCalc,Rent vs Buy Calculator,623,ca75f640d2f54f36ead356edfc4a1c4d4d94d441284274fff018cd59d3fb63de
https://worthcalc.win/en/tools/salary-converter/,en,calculator,src/content/growth-tools/en/salary-converter.md,200,https://worthcalc.win/en/tools/salary-converter/,0,true,"index, follow, max-image-preview:large",,https://worthcalc.win/en/tools/salary-converter/,200,true,5,true,true,8,2,"Hourly, Monthly &amp; Annual Salary Converter | WorthCalc","Hourly, Monthly &amp; Annual Salary Converter",705,001360710218dd6ad677923019a5931f8bf0ba624d93912f2495123b9ec37ff8
https://worthcalc.win/en/tools/subscription-audit/,en,calculator,src/pages/en/tools/subscription-audit.astro,200,https://worthcalc.win/en/tools/subscription-audit/,0,true,"index, follow, max-image-preview:large",,https://worthcalc.win/en/tools/subscription-audit/,200,true,5,true,true,28,1,Subscription Audit Calculator | WorthCalc,Subscription Audit Calculator,540,9671d003714eb985d987aae5ebf225dcdb8f7c78cac50c9138ecf5f932b679e8
https://worthcalc.win/en/topics/debt-credit/,en,topic-hub,src/pages/[locale]/topics/[topic].astro,200,https://worthcalc.win/en/topics/debt-credit/,0,true,"index, follow, max-image-preview:large",,https://worthcalc.win/en/topics/debt-credit/,200,true,3,true,true,32,1,Debt &amp; credit | WorthCalc,Debt &amp; credit,388,52595f8308255682c5873292712388d60bddc51f1db0548bcf2975fc2d76fcbd
https://worthcalc.win/en/topics/everyday/,en,topic-hub,src/pages/[locale]/topics/[topic].astro,200,https://worthcalc.win/en/topics/everyday/,0,true,"index, follow, max-image-preview:large",,https://worthcalc.win/en/topics/everyday/,200,true,3,true,true,140,1,Everyday break-even | WorthCalc,Everyday break-even,279,58f891d4fdcf3fc440e870e9527a313795263b00b3e4ab840ef8e63aaf077ea8
https://worthcalc.win/en/topics/housing/,en,topic-hub,src/pages/[locale]/topics/[topic].astro,200,https://worthcalc.win/en/topics/housing/,0,true,"index, follow, max-image-preview:large",,https://worthcalc.win/en/topics/housing/,200,true,3,true,true,18,1,Housing &amp; affordability | WorthCalc,Housing &amp; affordability,289,97c9fd2e8523e691398a838d2c677d554c6cd571bd3b893e2e409297add07142
https://worthcalc.win/en/topics/income-savings/,en,topic-hub,src/pages/[locale]/topics/[topic].astro,200,https://worthcalc.win/en/topics/income-savings/,0,true,"index, follow, max-image-preview:large",,https://worthcalc.win/en/topics/income-savings/,200,true,3,true,true,41,1,"Income, savings &amp; growth | WorthCalc","Income, savings &amp; growth",339,7ec149f81af7a6464dab5a48471ecbdc9027f8e548ba24ce918d91492622c7f2
https://worthcalc.win/en/topics/memberships/,en,topic-hub,src/pages/[locale]/topics/[topic].astro,200,https://worthcalc.win/en/topics/memberships/,0,true,"index, follow, max-image-preview:large",,https://worthcalc.win/en/topics/memberships/,200,true,3,true,true,47,1,Subscriptions &amp; memberships | WorthCalc,Subscriptions &amp; memberships,279,6c4642be4b352cbcb47da33be548554ab5e7f682b040ebfd53dd53fda09eaeef
https://worthcalc.win/en/topics/transportation/,en,topic-hub,src/pages/[locale]/topics/[topic].astro,200,https://worthcalc.win/en/topics/transportation/,0,true,"index, follow, max-image-preview:large",,https://worthcalc.win/en/topics/transportation/,200,true,3,true,true,27,1,Transportation &amp; ownership cost | WorthCalc,Transportation &amp; ownership cost,342,2e3f468cadaac7e6cdc5babce8eb79f862eb4e289f281da713f9676906adc6f3
https://worthcalc.win/en/true-cost-of-car-ownership/,en,editorial,,200,https://worthcalc.win/en/true-cost-of-car-ownership/,0,true,"index, follow, max-image-preview:large",,https://worthcalc.win/en/true-cost-of-car-ownership/,200,true,6,true,true,9,2,The 20/4/10 Rule: How Much Car You Can Actually Afford | WorthCalc,The 20/4/10 Rule: How Much Car You Can Actually Afford,1033,2303ceac9eae24c5ecb1a61fe949958768014cc9b95107ee36a141805ddf5f36
https://worthcalc.win/en/true-hourly-wage-after-commuting-work-expenses/,en,editorial,,200,https://worthcalc.win/en/true-hourly-wage-after-commuting-work-expenses/,0,true,"index, follow, max-image-preview:large",,https://worthcalc.win/en/true-hourly-wage-after-commuting-work-expenses/,200,true,5,true,true,10,1,True hourly wage after commuting and work expenses | WorthCalc,True hourly wage after commuting and work expenses,711,e53ba29b3c5fb1b01c659b52141f3d313952588e0702987826967bb7c3ce6f3c
https://worthcalc.win/en/upfront-fees-financing-cost/,en,editorial,,200,https://worthcalc.win/en/upfront-fees-financing-cost/,0,true,"index, follow, max-image-preview:large",,https://worthcalc.win/en/upfront-fees-financing-cost/,200,true,5,true,true,7,2,How upfront fees change the true cost of financing | WorthCalc,How upfront fees change the true cost of financing,1532,b0b79cb864c6f026ef2ccf5abdc3d8dfd4776fe29d649dababc1f36ba820d253
https://worthcalc.win/en/upgrade-your-phone-or-keep-it/,en,editorial,,200,https://worthcalc.win/en/upgrade-your-phone-or-keep-it/,0,true,"index, follow, max-image-preview:large",,https://worthcalc.win/en/upgrade-your-phone-or-keep-it/,200,true,5,true,true,6,2,"Upgrade your phone or keep it? Compare repair, trade-in, and monthly cost | WorthCalc","Upgrade your phone or keep it? Compare repair, trade-in, and monthly cost",1034,2e54cbbe8d9248137468d2e662c14250f060dc906913dcceb0a5fb42016dee53
https://worthcalc.win/en/work-from-home-vs-commuting-hidden-costs/,en,editorial,,200,https://worthcalc.win/en/work-from-home-vs-commuting-hidden-costs/,0,true,"index, follow, max-image-preview:large",,https://worthcalc.win/en/work-from-home-vs-commuting-hidden-costs/,200,true,5,true,true,7,2,Work from home vs commuting: compare the hidden monthly costs | WorthCalc,Work from home vs commuting: compare the hidden monthly costs,1090,65b2fbf8090e41b540981a54637befc6a6c56b3141b78a3ec488f9bface20592
https://worthcalc.win/en/zero-interest-installments-truth/,en,editorial,src/pages/en/zero-interest-installments-truth.astro,200,https://worthcalc.win/en/zero-interest-installments-truth/,0,true,"index, follow, max-image-preview:large",,https://worthcalc.win/en/zero-interest-installments-truth/,200,true,6,true,true,14,1,How to Calculate the Real APR of a 0% Installment Plan | WorthCalc,How to Calculate the Real APR of a 0% Installment Plan,1451,80fa5b985bcff946a4acc6aae78142009ff19e63c70f7fdc0409574d71966a7b
https://worthcalc.win/es/about/,es,legal,src/pages/[locale]/[legal].astro,200,https://worthcalc.win/es/about/,0,true,"index, follow, max-image-preview:large",,https://worthcalc.win/es/about/,200,true,5,true,true,449,2,Quién está detrás de WorthCalc y cómo revisamos las calculadoras | WorthCalc,Quién está detrás de WorthCalc y cómo revisamos las calculadoras,338,d892c00f0ba4c530c8665bf46057a833d5e3f20dc087b39a1501caef072479ea
https://worthcalc.win/es/annual-fee-card-breakeven/,es,editorial,,200,https://worthcalc.win/es/annual-fee-card-breakeven/,0,true,"index, follow, max-image-preview:large",,https://worthcalc.win/es/annual-fee-card-breakeven/,200,true,6,true,true,8,2,Cuánto gastar para compensar la cuota anual de una tarjeta | WorthCalc,Cuánto gastar para compensar la cuota anual de una tarjeta,1112,3449c95cfcb436ae610d6d8d266fa904ab4e195ce6bd3c9a5981ca4f8b99561a
https://worthcalc.win/es/bnpl-vs-credit-card-installments/,es,editorial,,200,https://worthcalc.win/es/bnpl-vs-credit-card-installments/,0,true,"index, follow, max-image-preview:large",,https://worthcalc.win/es/bnpl-vs-credit-card-installments/,200,true,5,true,true,7,3,"BNPL frente a cuotas de tarjeta: compara coste total, calendario e impago | WorthCalc","BNPL frente a cuotas de tarjeta: compara coste total, calendario e impago",1370,4e64d8244ca0ec2161cfdfc181151bcf42b327f6d06b6975628b3a7d67abb269
https://worthcalc.win/es/budget-with-irregular-income/,es,editorial,,200,https://worthcalc.win/es/budget-with-irregular-income/,0,true,"index, follow, max-image-preview:large",,https://worthcalc.win/es/budget-with-irregular-income/,200,true,5,true,true,7,3,Presupuestar como autónomo: cuota por tramos y el modelo 130 trimestral | WorthCalc,Presupuestar como autónomo: cuota por tramos y el modelo 130 trimestral,1089,1787f3ef88f0f6cd85a4f9c8d2b8bae5cbac630db713f2de21577a6f00f61949
https://worthcalc.win/es/bulk-buying-vs-small-packages/,es,editorial,,200,https://worthcalc.win/es/bulk-buying-vs-small-packages/,0,true,"index, follow, max-image-preview:large",,https://worthcalc.win/es/bulk-buying-vs-small-packages/,200,true,5,true,true,8,3,"Comprar formato grande o pequeño: coste útil, merma y caducidad | WorthCalc","Comprar formato grande o pequeño: coste útil, merma y caducidad",705,0a1691bde8532c3b79943b2e75c64c709fa8fe5214bafe9929a87896df810876
https://worthcalc.win/es/bulk-buying-waste-math/,es,editorial,,200,https://worthcalc.win/es/bulk-buying-waste-math/,0,true,"index, follow, max-image-preview:large",,https://worthcalc.win/es/bulk-buying-waste-math/,200,true,5,true,true,7,3,¿Compensa comprar a granel? Calcula la merma máxima del formato grande | WorthCalc,¿Compensa comprar a granel? Calcula la merma máxima del formato grande,609,95d06e49c741d3e585d738829287090aa4988f669d25c2dab95a0e82909ab0ba
https://worthcalc.win/es/car-lease-vs-buy-total-cost/,es,editorial,,200,https://worthcalc.win/es/car-lease-vs-buy-total-cost/,0,true,"index, follow, max-image-preview:large",,https://worthcalc.win/es/car-lease-vs-buy-total-cost/,200,true,5,true,true,6,3,"Renting, leasing o compra: cómo comparar coste total, kilometraje y valor residual | WorthCalc","Renting, leasing o compra: cómo comparar coste total, kilometraje y valor residual",1425,4bf853ad80dbb21d42c205aa8b85bcdc153d38d63c70898e67214ae89e360476
https://worthcalc.win/es/cashback-caps-real-reward-rate/,es,editorial,,200,https://worthcalc.win/es/cashback-caps-real-reward-rate/,0,true,"index, follow, max-image-preview:large",,https://worthcalc.win/es/cashback-caps-real-reward-rate/,200,true,6,true,true,7,3,Límites de reembolso y categorías: cómo calcular la rentabilidad real de una tarjeta | WorthCalc,Límites de reembolso y categorías: cómo calcular la rentabilidad real de una tarjeta,1175,4470b9c4a7798586b74468271c69aff6ff26e10f6222447587ba83f7f8029c80
https://worthcalc.win/es/changelog/,es,legal,src/pages/[locale]/[legal].astro,200,https://worthcalc.win/es/changelog/,0,true,"index, follow, max-image-preview:large",,https://worthcalc.win/es/changelog/,200,true,5,true,true,227,2,Historial de cambios de WorthCalc | WorthCalc,Historial de cambios de WorthCalc,358,3e27df70cc8bb71c5f55d66878ee7c81a76594aac8513bf384086f0cd090adf5
https://worthcalc.win/es/contact/,es,legal,src/pages/[locale]/[legal].astro,200,https://worthcalc.win/es/contact/,0,true,"index, follow, max-image-preview:large",,https://worthcalc.win/es/contact/,200,true,5,true,true,227,2,"Contacto con WorthCalc: errores, fuentes y propuestas | WorthCalc","Contacto con WorthCalc: errores, fuentes y propuestas",379,726850622568beb648ad3577cfecf169cf1ec778102bf773e64f24f1db930b01
https://worthcalc.win/es/cost-per-use-expensive-item/,es,editorial,,200,https://worthcalc.win/es/cost-per-use-expensive-item/,0,true,"index, follow, max-image-preview:large",,https://worthcalc.win/es/cost-per-use-expensive-item/,200,true,5,true,true,7,3,"Coste por uso de un artículo caro: valor previsto, real y punto de equilibrio | WorthCalc","Coste por uso de un artículo caro: valor previsto, real y punto de equilibrio",643,5ae1ce81b69daf0191b05bf8815be5092b619ec7e09cc301e77b560b37ebce09
https://worthcalc.win/es/costco-math/,es,editorial,,200,https://worthcalc.win/es/costco-math/,0,true,"index, follow, max-image-preview:large",,https://worthcalc.win/es/costco-math/,200,true,5,true,true,6,3,"¿Compensa Costco España? Cuota, ahorro real y gasto de equilibrio | WorthCalc","¿Compensa Costco España? Cuota, ahorro real y gasto de equilibrio",584,31aa0e89c2e6d01b074f0e8d4f9cd5e27624fe605e79ea92d3d37786c6d921c8
https://worthcalc.win/es/credit-card-minimum-payment-trap/,es,editorial,,200,https://worthcalc.win/es/credit-card-minimum-payment-trap/,0,true,"index, follow, max-image-preview:large",,https://worthcalc.win/es/credit-card-minimum-payment-trap/,200,true,5,true,true,7,3,La trampa del pago mínimo: qué es el crédito revolving y cuándo es usura | WorthCalc,La trampa del pago mínimo: qué es el crédito revolving y cuándo es usura,1117,b0cb878efd7b3825d09433b64ba206ecaec89a5fa4ec63c8c7164470502c5652
https://worthcalc.win/es/delivery-membership-break-even/,es,editorial,,200,https://worthcalc.win/es/delivery-membership-break-even/,0,true,"index, follow, max-image-preview:large",,https://worthcalc.win/es/delivery-membership-break-even/,200,true,5,true,true,6,3,Cuándo compensa una membresía de entrega a domicilio | WorthCalc,Cuándo compensa una membresía de entrega a domicilio,1069,66b27df86139de42bb8155f6d6fdb12478d06e4dba669e7ef4ce87387bf8f412
https://worthcalc.win/es/disclaimer/,es,legal,src/pages/[locale]/[legal].astro,200,https://worthcalc.win/es/disclaimer/,0,true,"index, follow, max-image-preview:large",,https://worthcalc.win/es/disclaimer/,200,true,5,true,true,227,2,Aviso legal sobre las estimaciones de WorthCalc | WorthCalc,Aviso legal sobre las estimaciones de WorthCalc,408,63b1af6ab13d072df18b1137dbebe7f82174a5c475316e14b3e4e8cd5a3e11d0
https://worthcalc.win/es/energy-efficient-appliance-payback/,es,editorial,,200,https://worthcalc.win/es/energy-efficient-appliance-payback/,0,true,"index, follow, max-image-preview:large",,https://worthcalc.win/es/energy-efficient-appliance-payback/,200,true,5,true,true,6,3,"Amortización de un electrodoméstico eficiente: sobreprecio, kWh y punto de equilibrio | WorthCalc","Amortización de un electrodoméstico eficiente: sobreprecio, kWh y punto de equilibrio",722,0bc48ab402b9fd4b8be4b91a8ebbaf55c28b831cd4c3264631e196ea3d2fc0ae
https://worthcalc.win/es/ev-vs-gas-total-cost/,es,editorial,,200,https://worthcalc.win/es/ev-vs-gas-total-cost/,0,true,"index, follow, max-image-preview:large",,https://worthcalc.win/es/ev-vs-gas-total-cost/,200,true,6,true,true,10,2,Coche eléctrico o gasolina: cómo comparar el coste total de propiedad | WorthCalc,Coche eléctrico o gasolina: cómo comparar el coste total de propiedad,1353,6f5ccfdcc5c4be04a9ff64df2770e9cac1cab89cefc53c291c529704e7c95d30
https://worthcalc.win/es/extra-mortgage-payments-guide/,es,editorial,,200,https://worthcalc.win/es/extra-mortgage-payments-guide/,0,true,"index, follow, max-image-preview:large",,https://worthcalc.win/es/extra-mortgage-payments-guide/,200,true,5,true,true,7,3,Amortizar hipoteca anticipadamente: lo que la Ley 5/2019 te permite y lo que te cuesta | WorthCalc,Amortizar hipoteca anticipadamente: lo que la Ley 5/2019 te permite y lo que te cuesta,1268,d36a10421681f517079b437efba596be7c7447b669d49e14a0d89a0e3913c535
https://worthcalc.win/es/full-commute-cost-including-time/,es,editorial,,200,https://worthcalc.win/es/full-commute-cost-including-time/,0,true,"index, follow, max-image-preview:large",,https://worthcalc.win/es/full-commute-cost-including-time/,200,true,6,true,true,7,3,"Cómo calcular el coste completo de ir al trabajo, incluido tu tiempo | WorthCalc","Cómo calcular el coste completo de ir al trabajo, incluido tu tiempo",1017,064e7b1b4252f1bc0385ea2076eea87d0bd77cd9186fb92e09e0ea35814ff448
https://worthcalc.win/es/guides/3d-printer-electricity-cost-per-print-used/,es,guide,src/content/growth-articles/es/3d-printer-electricity-cost-per-print-used.md,200,https://worthcalc.win/es/guides/3d-printer-electricity-cost-per-print-used/,0,true,"index,follow",,https://worthcalc.win/es/guides/3d-printer-electricity-cost-per-print-used/,200,true,6,true,true,10,3,Coste eléctrico de una impresora 3D por pieza: calor y tiempo de impresión | WorthCalc,Coste eléctrico de una impresora 3D por pieza: calor y tiempo de impresión,686,6f89ebd4e678e2977864011291d7b68aaaa13779a42bd3df73dfd5db74cb535a
https://worthcalc.win/es/guides/3d-scanner-electricity-cost-per-scanning-session-used/,es,guide,src/content/growth-articles/es/3d-scanner-electricity-cost-per-scanning-session-used.md,200,https://worthcalc.win/es/guides/3d-scanner-electricity-cost-per-scanning-session-used/,0,true,"index,follow",,https://worthcalc.win/es/guides/3d-scanner-electricity-cost-per-scanning-session-used/,200,true,6,true,true,10,3,Coste eléctrico de un escáner 3D por sesión: separa el ordenador | WorthCalc,Coste eléctrico de un escáner 3D por sesión: separa el ordenador,502,5df4456ebb5c9f70a85bac5fa1c881ed7b7fa14358662489b18fb57ae0522544
https://worthcalc.win/es/guides/air-fryer-cost-per-cooking-cycle-used/,es,guide,src/content/growth-articles/es/air-fryer-cost-per-cooking-cycle-used.md,200,https://worthcalc.win/es/guides/air-fryer-cost-per-cooking-cycle-used/,0,true,"index,follow",,https://worthcalc.win/es/guides/air-fryer-cost-per-cooking-cycle-used/,200,true,6,true,true,10,3,Coste de la freidora de aire por ciclo de cocción | WorthCalc,Coste de la freidora de aire por ciclo de cocción,479,3184f313d45f660e7245850a1f9c5854e0957b09e11d6a4b1efc1db29a5dc409
https://worthcalc.win/es/guides/air-purifier-cost-per-clean-air-hour-used/,es,guide,src/content/growth-articles/es/air-purifier-cost-per-clean-air-hour-used.md,200,https://worthcalc.win/es/guides/air-purifier-cost-per-clean-air-hour-used/,0,true,"index,follow",,https://worthcalc.win/es/guides/air-purifier-cost-per-clean-air-hour-used/,200,true,6,true,true,8,3,"Coste del purificador por hora de aire limpio: vatios, CADR y filtros | WorthCalc","Coste del purificador por hora de aire limpio: vatios, CADR y filtros",234,aea55b9cd1cfc9787f5b58f64e881395cf4ac00fb9f24c9b1698ab634af77598
https://worthcalc.win/es/guides/annual-cost-savings-calculator/,es,guide,src/content/growth-articles/es/annual-cost-savings-calculator.md,200,https://worthcalc.win/es/guides/annual-cost-savings-calculator/,0,true,"index,follow",,https://worthcalc.win/es/guides/annual-cost-savings-calculator/,200,true,6,true,true,46,3,Calculadora de ahorro anual | WorthCalc,Calculadora de ahorro anual: compara el ahorro real tras comisiones y uso,564,9bf8d25223e9ed99208eac38a42f15ce637a8ca906b0876e13914f92b57f4940
https://worthcalc.win/es/guides/aquarium-air-pump-electricity-cost-per-filtration-day-used/,es,guide,src/content/growth-articles/es/aquarium-air-pump-electricity-cost-per-filtration-day-used.md,200,https://worthcalc.win/es/guides/aquarium-air-pump-electricity-cost-per-filtration-day-used/,0,true,"index,follow",,https://worthcalc.win/es/guides/aquarium-air-pump-electricity-cost-per-filtration-day-used/,200,true,6,true,true,10,3,Coste de una bomba de aire de acuario por día de filtración: incluye contrapresión | WorthCalc,Coste de una bomba de aire de acuario por día de filtración: incluye contrapresión,428,89a7974226bb12c6bdaf7c147e56603c1a6644849086d85044d6669d07a8878f
https://worthcalc.win/es/guides/aquarium-heater-electricity-cost-per-tank-day-used/,es,guide,src/content/growth-articles/es/aquarium-heater-electricity-cost-per-tank-day-used.md,200,https://worthcalc.win/es/guides/aquarium-heater-electricity-cost-per-tank-day-used/,0,true,"index,follow",,https://worthcalc.win/es/guides/aquarium-heater-electricity-cost-per-tank-day-used/,200,true,6,true,true,11,3,Coste eléctrico del calentador de acuario por día de tanque: separa los ciclos del termostato | WorthCalc,Coste eléctrico del calentador de acuario por día de tanque: separa los ciclos del termostato,644,405c151afb148ee048122ebc2add04de297c370523429496a6eab7aedbd3d830
https://worthcalc.win/es/guides/attic-fan-electricity-cost-per-ventilation-hour-used/,es,guide,src/content/growth-articles/es/attic-fan-electricity-cost-per-ventilation-hour-used.md,200,https://worthcalc.win/es/guides/attic-fan-electricity-cost-per-ventilation-hour-used/,0,true,"index,follow",,https://worthcalc.win/es/guides/attic-fan-electricity-cost-per-ventilation-hour-used/,200,true,6,true,true,7,3,Coste del ventilador de ático por hora de ventilación: mide el ciclo | WorthCalc,Coste del ventilador de ático por hora de ventilación: mide el ciclo,367,26b35828d6ced5308b5f0d1799d8e53b4b6ed788c71d9f9a11e6c4714fdac516
https://worthcalc.win/es/guides/bathroom-ventilation-fan-electricity-cost-per-shower-used/,es,guide,src/content/growth-articles/es/bathroom-ventilation-fan-electricity-cost-per-shower-used.md,200,https://worthcalc.win/es/guides/bathroom-ventilation-fan-electricity-cost-per-shower-used/,0,true,"index,follow",,https://worthcalc.win/es/guides/bathroom-ventilation-fan-electricity-cost-per-shower-used/,200,true,6,true,true,12,3,Coste del extractor de baño por ducha: incluye el temporizador posterior | WorthCalc,Coste del extractor de baño por ducha: incluye el temporizador posterior,421,0e5ef1eebc02732c83bd629dbaddd0eaaa4a3b43311911972a2291e51efdc24b
https://worthcalc.win/es/guides/billing-date-cash-flow-overlap/,es,guide,src/content/growth-articles/es/billing-date-cash-flow-overlap.md,200,https://worthcalc.win/es/guides/billing-date-cash-flow-overlap/,0,true,"index,follow",,https://worthcalc.win/es/guides/billing-date-cash-flow-overlap/,200,true,6,true,true,8,3,Solapamiento de fechas de cobro: planifica cargos grandes en la misma semana | WorthCalc,Solapamiento de fechas de cobro: planifica cargos grandes en la misma semana,461,1ef7d5adee786113c0aa06b0c47beb3464bf24a66bb8a2d6de08f376ba599c47
https://worthcalc.win/es/guides/blender-cost-per-blending-session-used/,es,guide,src/content/growth-articles/es/blender-cost-per-blending-session-used.md,200,https://worthcalc.win/es/guides/blender-cost-per-blending-session-used/,0,true,"index,follow",,https://worthcalc.win/es/guides/blender-cost-per-blending-session-used/,200,true,6,true,true,10,3,Coste de la batidora por sesión | WorthCalc,Coste de la batidora por sesión,463,db3f751806ade73d8404c52e77317633486d9673db03f8da2472480d619fe29e
https://worthcalc.win/es/guides/bread-maker-cost-per-loaf-used/,es,guide,src/content/growth-articles/es/bread-maker-cost-per-loaf-used.md,200,https://worthcalc.win/es/guides/bread-maker-cost-per-loaf-used/,0,true,"index,follow",,https://worthcalc.win/es/guides/bread-maker-cost-per-loaf-used/,200,true,6,true,true,10,3,Coste de la panificadora por pan: reparte amasado y horneado | WorthCalc,Coste de la panificadora por pan: reparte amasado y horneado,740,9600284c632f2b9e2629634aaacf304a3ffa03b279f794ce6aa1bb2a64b24da3
https://worthcalc.win/es/guides/ceiling-fan-cost-per-operating-hour-used/,es,guide,src/content/growth-articles/es/ceiling-fan-cost-per-operating-hour-used.md,200,https://worthcalc.win/es/guides/ceiling-fan-cost-per-operating-hour-used/,0,true,"index,follow",,https://worthcalc.win/es/guides/ceiling-fan-cost-per-operating-hour-used/,200,true,6,true,true,8,3,Coste del ventilador de techo por hora: separa aire y luz | WorthCalc,Coste del ventilador de techo por hora: separa aire y luz,237,9c642cb92f06833ee5fb127779f514021a7c92742860cf6ce7cce2ee59a8d57a
https://worthcalc.win/es/guides/ceiling-fan-electricity-cost-per-cooling-hour-used/,es,guide,src/content/growth-articles/es/ceiling-fan-electricity-cost-per-cooling-hour-used.md,200,https://worthcalc.win/es/guides/ceiling-fan-electricity-cost-per-cooling-hour-used/,0,true,"index,follow",,https://worthcalc.win/es/guides/ceiling-fan-electricity-cost-per-cooling-hour-used/,200,true,6,true,true,11,3,Coste eléctrico de un ventilador de techo por hora de uso: separa luz y espera | WorthCalc,Coste eléctrico de un ventilador de techo por hora de uso: separa luz y espera,462,8fcf5f7526aa7e081ffc57f08c0cb1f8563219579d49db676ee255caa6cb31a8
https://worthcalc.win/es/guides/childcare-cost-per-hour-used/,es,guide,src/content/growth-articles/es/childcare-cost-per-hour-used.md,200,https://worthcalc.win/es/guides/childcare-cost-per-hour-used/,0,true,"index,follow",,https://worthcalc.win/es/guides/childcare-cost-per-hour-used/,200,true,6,true,true,8,3,Coste de guardería por hora utilizada: calcula el horario que realmente necesitas | WorthCalc,Coste de guardería por hora utilizada: calcula el horario que realmente necesitas,379,e679c14ce955fcfbef754b239a6bff66740d3b45f66edd18c75b31673946a2d5
https://worthcalc.win/es/guides/clothes-dryer-cost-per-load-used/,es,guide,src/content/growth-articles/es/clothes-dryer-cost-per-load-used.md,200,https://worthcalc.win/es/guides/clothes-dryer-cost-per-load-used/,0,true,"index,follow",,https://worthcalc.win/es/guides/clothes-dryer-cost-per-load-used/,200,true,6,true,true,7,3,"Coste de la secadora por carga usada: compara calor, tiempo y tamaño | WorthCalc","Coste de la secadora por carga usada: compara calor, tiempo y tamaño",431,d5757389eae35b68d7643a7b5afe535f98379f0950a9a8c958ee5263183fb53e
https://worthcalc.win/es/guides/cloud-storage-cost-per-retained-gb/,es,guide,src/content/growth-articles/es/cloud-storage-cost-per-retained-gb.md,200,https://worthcalc.win/es/guides/cloud-storage-cost-per-retained-gb/,0,true,"index,follow",,https://worthcalc.win/es/guides/cloud-storage-cost-per-retained-gb/,200,true,6,true,true,9,3,Coste del almacenamiento en la nube por GB retenido: incluye duplicados y capacidad sin uso | WorthCalc,Coste del almacenamiento en la nube por GB retenido: incluye duplicados y capacidad sin uso,357,894867668909b3cb8c1d5405500618293e573877e8edb95f1b6dbdc098193fbd
https://worthcalc.win/es/guides/coffee-maker-cost-per-brew-used/,es,guide,src/content/growth-articles/es/coffee-maker-cost-per-brew-used.md,200,https://worthcalc.win/es/guides/coffee-maker-cost-per-brew-used/,0,true,"index,follow",,https://worthcalc.win/es/guides/coffee-maker-cost-per-brew-used/,200,true,6,true,true,9,3,"Coste de la cafetera por preparación: separa preparar, mantener caliente y tazas | WorthCalc","Coste de la cafetera por preparación: separa preparar, mantener caliente y tazas",293,1dd7ccd29e144745dfce819a28b125f0259176b2e5ebac00831b488e20fe0064
https://worthcalc.win/es/guides/computer-electricity-cost-per-day-used/,es,guide,src/content/growth-articles/es/computer-electricity-cost-per-day-used.md,200,https://worthcalc.win/es/guides/computer-electricity-cost-per-day-used/,0,true,"index,follow",,https://worthcalc.win/es/guides/computer-electricity-cost-per-day-used/,200,true,6,true,true,9,3,"Coste eléctrico diario del ordenador: separa trabajo, reposo y carga | WorthCalc","Coste eléctrico diario del ordenador: separa trabajo, reposo y carga",330,f3f8813a5b5b6fcaac6ef6bbb577ede62c491647ab4f3b568094b9cabef65175
https://worthcalc.win/es/guides/cost-per-use-kitchen-appliance/,es,guide,src/content/growth-articles/es/cost-per-use-kitchen-appliance.md,200,https://worthcalc.win/es/guides/cost-per-use-kitchen-appliance/,0,true,"index,follow",,https://worthcalc.win/es/guides/cost-per-use-kitchen-appliance/,200,true,6,true,true,13,3,"Coste por uso de un electrodoméstico: suma energía, limpieza y reposición | WorthCalc","Coste por uso de un electrodoméstico: suma energía, limpieza y reposición",380,a4e9c7b7e381d6d720aa031465e6489a637b683ceab913f3400f8d5db54be731
https://worthcalc.win/es/guides/cost-per-wear-clothing/,es,guide,src/content/growth-articles/es/cost-per-wear-clothing.md,200,https://worthcalc.win/es/guides/cost-per-wear-clothing/,0,true,"index,follow",,https://worthcalc.win/es/guides/cost-per-wear-clothing/,200,true,6,true,true,8,3,Coste por uso de la ropa: calcula el precio según las veces que la llevas | WorthCalc,Coste por uso de la ropa: calcula el precio según las veces que la llevas,384,8de912d58f790599257bb8e83a194255dbef71c4aff6e2704b9cc7db4eda89ea
https://worthcalc.win/es/guides/costco-executive-break-even-eligible-spend/,es,guide,src/content/growth-articles/es/costco-executive-break-even-eligible-spend.md,200,https://worthcalc.win/es/guides/costco-executive-break-even-eligible-spend/,0,true,"index,follow",,https://worthcalc.win/es/guides/costco-executive-break-even-eligible-spend/,200,true,6,true,true,12,3,Punto de equilibrio de Costco Executive: gasto elegible para recuperar la mejora | WorthCalc,Punto de equilibrio de Costco Executive: gasto elegible para recuperar la mejora,560,0d291e02fc9cabd13c243b7507e6d36e77c42d43d115b2623ed36f4e27416b17
https://worthcalc.win/es/guides/costco-gas-detour-break-even/,es,guide,src/content/growth-articles/es/costco-gas-detour-break-even.md,200,https://worthcalc.win/es/guides/costco-gas-detour-break-even/,0,true,"index,follow",,https://worthcalc.win/es/guides/costco-gas-detour-break-even/,200,true,6,true,true,7,3,Desvío para gasolina de Costco: calcula si el precio bajo compensa el trayecto | WorthCalc,Desvío para gasolina de Costco: calcula si el precio bajo compensa el trayecto,417,01a4d1bc383da8c7ef9fbc21185dbbb885ff0221a9317c4a08e1ba73b636f8a1
https://worthcalc.win/es/guides/costco-household-card-break-even-use/,es,guide,src/content/growth-articles/es/costco-household-card-break-even-use.md,200,https://worthcalc.win/es/guides/costco-household-card-break-even-use/,0,true,"index,follow",,https://worthcalc.win/es/guides/costco-household-card-break-even-use/,200,true,6,true,true,7,3,Tarjeta doméstica de Costco: mide cuándo el uso compartido aporta valor real | WorthCalc,Tarjeta doméstica de Costco: mide cuándo el uso compartido aporta valor real,400,14bc9afdd3f49b3072b37a59563eadf64a844cd2d813c65d6b3faba37427a8be
https://worthcalc.win/es/guides/costco-membership-fee-break-even-savings/,es,guide,src/content/growth-articles/es/costco-membership-fee-break-even-savings.md,200,https://worthcalc.win/es/guides/costco-membership-fee-break-even-savings/,0,true,"index,follow",,https://worthcalc.win/es/guides/costco-membership-fee-break-even-savings/,200,true,6,true,true,11,3,Punto de equilibrio de la cuota Costco: ¿cuánto debes comprar para recuperar el coste? | WorthCalc,Punto de equilibrio de la cuota Costco: ¿cuánto debes comprar para recuperar el coste?,464,35eeb4938567cc0ab9ac7319458ebb2c8ee965f5591c4a671704531cfcdd72af
https://worthcalc.win/es/guides/costco-renewal-refund-reward-timing/,es,guide,src/content/growth-articles/es/costco-renewal-refund-reward-timing.md,200,https://worthcalc.win/es/guides/costco-renewal-refund-reward-timing/,0,true,"index,follow",,https://worthcalc.win/es/guides/costco-renewal-refund-reward-timing/,200,true,6,true,true,8,3,"Renovación, reembolso y recompensa Costco: calcula el coste neto por fechas | WorthCalc","Renovación, reembolso y recompensa Costco: calcula el coste neto por fechas",406,714b85a8896598d6ad295e26992e126dce71517ccda51a7235cd94e2487a6744
https://worthcalc.win/es/guides/costco-reward-cap-usage-break-even/,es,guide,src/content/growth-articles/es/costco-reward-cap-usage-break-even.md,200,https://worthcalc.win/es/guides/costco-reward-cap-usage-break-even/,0,true,"index,follow",,https://worthcalc.win/es/guides/costco-reward-cap-usage-break-even/,200,true,6,true,true,8,3,Límite de recompensa Costco: identifica cuándo gastar más deja de ayudar | WorthCalc,Límite de recompensa Costco: identifica cuándo gastar más deja de ayudar,404,8b652a0d3193c1da670c89a0908943a881fc61611da74fd1a2fa3391a6fae2aa
https://worthcalc.win/es/guides/costco-reward-exclusion-effective-rate/,es,guide,src/content/growth-articles/es/costco-reward-exclusion-effective-rate.md,200,https://worthcalc.win/es/guides/costco-reward-exclusion-effective-rate/,0,true,"index,follow",,https://worthcalc.win/es/guides/costco-reward-exclusion-effective-rate/,200,true,6,true,true,11,3,Exclusiones de recompensas Costco: calcula tu tasa efectiva real | WorthCalc,Exclusiones de recompensas Costco: calcula tu tasa efectiva real,413,48df61865fae65193ae59a74795d04697a9fe4516af30e01b640e6a34dbcb927
https://worthcalc.win/es/guides/countertop-ice-maker-cost-per-batch-used/,es,guide,src/content/growth-articles/es/countertop-ice-maker-cost-per-batch-used.md,200,https://worthcalc.win/es/guides/countertop-ice-maker-cost-per-batch-used/,0,true,"index,follow",,https://worthcalc.win/es/guides/countertop-ice-maker-cost-per-batch-used/,200,true,6,true,true,10,3,Coste de la máquina de hielo por lote: incluye congelación y espera | WorthCalc,Coste de la máquina de hielo por lote: incluye congelación y espera,661,78df90f557767cefcc7b7f9a0175b7254eecbda1cc79d8f56a5b214fa7ebe260
https://worthcalc.win/es/guides/coworking-membership-cost-per-day/,es,guide,src/content/growth-articles/es/coworking-membership-cost-per-day.md,200,https://worthcalc.win/es/guides/coworking-membership-cost-per-day/,0,true,"index,follow",,https://worthcalc.win/es/guides/coworking-membership-cost-per-day/,200,true,6,true,true,8,3,Coste diario de un coworking: incluye el acceso que no utilizas | WorthCalc,Coste diario de un coworking: incluye el acceso que no utilizas,360,f847fbca401ec78641b14516b7ef270bcb83da5af191d856c7dc6cc331abb472
https://worthcalc.win/es/guides/dehumidifier-cost-per-pint-removed/,es,guide,src/content/growth-articles/es/dehumidifier-cost-per-pint-removed.md,200,https://worthcalc.win/es/guides/dehumidifier-cost-per-pint-removed/,0,true,"index,follow",,https://worthcalc.win/es/guides/dehumidifier-cost-per-pint-removed/,200,true,6,true,true,8,3,"Coste del deshumidificador por pinta retirada: compara energía, tiempo y humedad | WorthCalc","Coste del deshumidificador por pinta retirada: compara energía, tiempo y humedad",240,2e005320568b9170a95a905910e5c507cb1ee667c0fe41faaedd7adaf1fa9a85
https://worthcalc.win/es/guides/dehumidifier-electricity-cost-per-laundry-drying-session-used/,es,guide,src/content/growth-articles/es/dehumidifier-electricity-cost-per-laundry-drying-session-used.md,200,https://worthcalc.win/es/guides/dehumidifier-electricity-cost-per-laundry-drying-session-used/,0,true,"index,follow",,https://worthcalc.win/es/guides/dehumidifier-electricity-cost-per-laundry-drying-session-used/,200,true,6,true,true,10,3,Coste eléctrico del deshumidificador por hora de secado: incluye las pausas | WorthCalc,Coste eléctrico del deshumidificador por hora de secado: incluye las pausas,554,1e061be227bfa6bc2199bf1251034e455ad614181a34d17c87c79567248a215a
https://worthcalc.win/es/guides/desk-fan-electricity-cost-per-cooling-hour-used/,es,guide,src/content/growth-articles/es/desk-fan-electricity-cost-per-cooling-hour-used.md,200,https://worthcalc.win/es/guides/desk-fan-electricity-cost-per-cooling-hour-used/,0,true,"index,follow",,https://worthcalc.win/es/guides/desk-fan-electricity-cost-per-cooling-hour-used/,200,true,6,true,true,10,3,Coste eléctrico de un ventilador de mesa por hora de uso: incluye velocidad y oscilación | WorthCalc,Coste eléctrico de un ventilador de mesa por hora de uso: incluye velocidad y oscilación,452,a8d95c898a0eab49d9f0dd1cfddaa4ab7c99b74425ddc80f729085a40e6ee572
https://worthcalc.win/es/guides/desktop-speakers-electricity-cost-per-listening-hour-used/,es,guide,src/content/growth-articles/es/desktop-speakers-electricity-cost-per-listening-hour-used.md,200,https://worthcalc.win/es/guides/desktop-speakers-electricity-cost-per-listening-hour-used/,0,true,"index,follow",,https://worthcalc.win/es/guides/desktop-speakers-electricity-cost-per-listening-hour-used/,200,true,6,true,true,10,3,Coste eléctrico de los altavoces de escritorio por hora de escucha | WorthCalc,Coste eléctrico de los altavoces de escritorio por hora de escucha,665,07912a6957726de75228e2c17be8b67742535136042cd1beb17d5fa261bf7b42
https://worthcalc.win/es/guides/digital-photo-frame-electricity-cost-per-display-day-used/,es,guide,src/content/growth-articles/es/digital-photo-frame-electricity-cost-per-display-day-used.md,200,https://worthcalc.win/es/guides/digital-photo-frame-electricity-cost-per-display-day-used/,0,true,"index,follow",,https://worthcalc.win/es/guides/digital-photo-frame-electricity-cost-per-display-day-used/,200,true,6,true,true,7,3,Coste de un marco digital por día de exposición: separa pantalla y espera de red | WorthCalc,Coste de un marco digital por día de exposición: separa pantalla y espera de red,436,f62514438d97a07f6ab30d4b32d4692d2dff442bb2543def3a6adb83861347ed
https://worthcalc.win/es/guides/dishwasher-cost-per-cycle-used/,es,guide,src/content/growth-articles/es/dishwasher-cost-per-cycle-used.md,200,https://worthcalc.win/es/guides/dishwasher-cost-per-cycle-used/,0,true,"index,follow",,https://worthcalc.win/es/guides/dishwasher-cost-per-cycle-used/,200,true,6,true,true,9,3,"Coste del lavavajillas por ciclo usado: suma energía, agua y detergente | WorthCalc","Coste del lavavajillas por ciclo usado: suma energía, agua y detergente",432,1bf33bc3a26607b85c3db1e350839716d2f3a16eccd6ec24d79c24f6d11f9494
https://worthcalc.win/es/guides/document-camera-electricity-cost-per-presentation-hour-used/,es,guide,src/content/growth-articles/es/document-camera-electricity-cost-per-presentation-hour-used.md,200,https://worthcalc.win/es/guides/document-camera-electricity-cost-per-presentation-hour-used/,0,true,"index,follow",,https://worthcalc.win/es/guides/document-camera-electricity-cost-per-presentation-hour-used/,200,true,6,true,true,10,3,Coste de una cámara de documentos por hora de presentación: incluye luz y ordenador | WorthCalc,Coste de una cámara de documentos por hora de presentación: incluye luz y ordenador,412,e9ddf9099859b78a72aa2c04435e777ae2e81f045e0b9f9cc2daac2f7c93ef4e
https://worthcalc.win/es/guides/e-reader-electricity-cost-per-reading-hour-used/,es,guide,src/content/growth-articles/es/e-reader-electricity-cost-per-reading-hour-used.md,200,https://worthcalc.win/es/guides/e-reader-electricity-cost-per-reading-hour-used/,0,true,"index,follow",,https://worthcalc.win/es/guides/e-reader-electricity-cost-per-reading-hour-used/,200,true,6,true,true,10,3,Coste eléctrico de un lector electrónico por hora de lectura: cuenta la carga | WorthCalc,Coste eléctrico de un lector electrónico por hora de lectura: cuenta la carga,468,41359e694bc26d19f19cc7ac3ecc0e05a8e739b107ff81f400ce46ce18775ba1
https://worthcalc.win/es/guides/electric-air-pump-electricity-cost-per-inflation-session-used/,es,guide,src/content/growth-articles/es/electric-air-pump-electricity-cost-per-inflation-session-used.md,200,https://worthcalc.win/es/guides/electric-air-pump-electricity-cost-per-inflation-session-used/,0,true,"index,follow",,https://worthcalc.win/es/guides/electric-air-pump-electricity-cost-per-inflation-session-used/,200,true,6,true,true,7,3,Coste de una bomba eléctrica por sesión de inflado: incluye el corte de presión | WorthCalc,Coste de una bomba eléctrica por sesión de inflado: incluye el corte de presión,416,a12f7dd37bcf564c86733f4d3449ee05dc6a523bf23a08a8d0f8a69b82f78f3e
https://worthcalc.win/es/guides/electric-blanket-cost-per-night-used/,es,guide,src/content/growth-articles/es/electric-blanket-cost-per-night-used.md,200,https://worthcalc.win/es/guides/electric-blanket-cost-per-night-used/,0,true,"index,follow",,https://worthcalc.win/es/guides/electric-blanket-cost-per-night-used/,200,true,6,true,true,8,3,Coste de la manta eléctrica por noche: incluye ajustes y horas reales | WorthCalc,Coste de la manta eléctrica por noche: incluye ajustes y horas reales,298,328979cea3a563534a711136ce3130b5a0e8a0d5082d0663ef158d3f20c7127c
https://worthcalc.win/es/guides/electric-can-opener-cost-per-use-used/,es,guide,src/content/growth-articles/es/electric-can-opener-cost-per-use-used.md,200,https://worthcalc.win/es/guides/electric-can-opener-cost-per-use-used/,0,true,"index,follow",,https://worthcalc.win/es/guides/electric-can-opener-cost-per-use-used/,200,true,6,true,true,10,3,Coste del abrelatas eléctrico por uso: mide el tiempo del motor | WorthCalc,Coste del abrelatas eléctrico por uso: mide el tiempo del motor,744,87d30193f5b96132a5ef66b1ac4d0677bcca2196bd94fb9408821d04710f7782
https://worthcalc.win/es/guides/electric-citrus-juicer-cost-per-juice-session-used/,es,guide,src/content/growth-articles/es/electric-citrus-juicer-cost-per-juice-session-used.md,200,https://worthcalc.win/es/guides/electric-citrus-juicer-cost-per-juice-session-used/,0,true,"index,follow",,https://worthcalc.win/es/guides/electric-citrus-juicer-cost-per-juice-session-used/,200,true,6,true,true,10,3,Coste del exprimidor eléctrico por sesión de zumo | WorthCalc,Coste del exprimidor eléctrico por sesión de zumo,656,ae6b9b4612e54af8b54f5873ad7cd5eceba6444efb5fcb889838873732014076
https://worthcalc.win/es/guides/electric-egg-cooker-cost-per-cooking-cycle-used/,es,guide,src/content/growth-articles/es/electric-egg-cooker-cost-per-cooking-cycle-used.md,200,https://worthcalc.win/es/guides/electric-egg-cooker-cost-per-cooking-cycle-used/,0,true,"index,follow",,https://worthcalc.win/es/guides/electric-egg-cooker-cost-per-cooking-cycle-used/,200,true,6,true,true,10,3,Coste del cocedor de huevos por ciclo de cocción | WorthCalc,Coste del cocedor de huevos por ciclo de cocción,754,5a0f05457a73a2959a2d58b0ab41a7f6d0e2eeaa43a52dd53002f8c98b537ae5
https://worthcalc.win/es/guides/electric-fireplace-electricity-cost-per-heating-hour-used/,es,guide,src/content/growth-articles/es/electric-fireplace-electricity-cost-per-heating-hour-used.md,200,https://worthcalc.win/es/guides/electric-fireplace-electricity-cost-per-heating-hour-used/,0,true,"index,follow",,https://worthcalc.win/es/guides/electric-fireplace-electricity-cost-per-heating-hour-used/,200,true,6,true,true,15,3,Coste eléctrico de chimenea eléctrica por hora de calefacción: separa la llama | WorthCalc,Coste eléctrico de chimenea eléctrica por hora de calefacción: separa la llama,641,1bd1294b23702237587514b3c21f154648b4ad7a4d5608912849f2cdca5e6312
https://worthcalc.win/es/guides/electric-food-warmer-cost-per-heating-hour-used/,es,guide,src/content/growth-articles/es/electric-food-warmer-cost-per-heating-hour-used.md,200,https://worthcalc.win/es/guides/electric-food-warmer-cost-per-heating-hour-used/,0,true,"index,follow",,https://worthcalc.win/es/guides/electric-food-warmer-cost-per-heating-hour-used/,200,true,6,true,true,10,3,Coste del calentador de comida por hora: mide los ciclos del termostato | WorthCalc,Coste del calentador de comida por hora: mide los ciclos del termostato,660,146754a04cd8c39e70ab8739a487a6b2e58cbdb7146c4a5e54088833448ce447
https://worthcalc.win/es/guides/electric-foot-massager-electricity-cost-per-massage-session-used/,es,guide,src/content/growth-articles/es/electric-foot-massager-electricity-cost-per-massage-session-used.md,200,https://worthcalc.win/es/guides/electric-foot-massager-electricity-cost-per-massage-session-used/,0,true,"index,follow",,https://worthcalc.win/es/guides/electric-foot-massager-electricity-cost-per-massage-session-used/,200,true,6,true,true,10,3,Coste eléctrico de un masajeador de pies por sesión: separa espera y calor | WorthCalc,Coste eléctrico de un masajeador de pies por sesión: separa espera y calor,462,a1c109f857958ee524b381299d429499b03de2bb500f807381720aadf8cf00c3
https://worthcalc.win/es/guides/electric-griddle-cost-per-cooking-hour-used/,es,guide,src/content/growth-articles/es/electric-griddle-cost-per-cooking-hour-used.md,200,https://worthcalc.win/es/guides/electric-griddle-cost-per-cooking-hour-used/,0,true,"index,follow",,https://worthcalc.win/es/guides/electric-griddle-cost-per-cooking-hour-used/,200,true,6,true,true,10,3,Coste de la plancha eléctrica por hora de cocción: separa precalentamiento y uso | WorthCalc,Coste de la plancha eléctrica por hora de cocción: separa precalentamiento y uso,310,d24f6e6dde6742eb3c75f83caf57ad13461eebc96bbdbe5a3ce6f67841d4b5e2
https://worthcalc.win/es/guides/electric-hand-mixer-electricity-cost-per-mixing-session-used/,es,guide,src/content/growth-articles/es/electric-hand-mixer-electricity-cost-per-mixing-session-used.md,200,https://worthcalc.win/es/guides/electric-hand-mixer-electricity-cost-per-mixing-session-used/,0,true,"index,follow",,https://worthcalc.win/es/guides/electric-hand-mixer-electricity-cost-per-mixing-session-used/,200,true,6,true,true,11,3,Coste eléctrico de una batidora de mano por sesión: cuenta la velocidad | WorthCalc,Coste eléctrico de una batidora de mano por sesión: cuenta la velocidad,378,6fbec3b97f80b47022e40f17072460e7f14473b0c97978c1c69246fd31952597
https://worthcalc.win/es/guides/electric-insect-zapper-electricity-cost-per-overnight-used/,es,guide,src/content/growth-articles/es/electric-insect-zapper-electricity-cost-per-overnight-used.md,200,https://worthcalc.win/es/guides/electric-insect-zapper-electricity-cost-per-overnight-used/,0,true,"index,follow",,https://worthcalc.win/es/guides/electric-insect-zapper-electricity-cost-per-overnight-used/,200,true,6,true,true,11,3,Coste eléctrico del matainsectos por noche: incluye la espera | WorthCalc,Coste eléctrico del matainsectos por noche: incluye la espera,647,d5914028593d0b2b2f1eecb6fdde2d9bf085933e758643fd481f63be49179c03
https://worthcalc.win/es/guides/electric-kettle-cost-per-boil-used/,es,guide,src/content/growth-articles/es/electric-kettle-cost-per-boil-used.md,200,https://worthcalc.win/es/guides/electric-kettle-cost-per-boil-used/,0,true,"index,follow",,https://worthcalc.win/es/guides/electric-kettle-cost-per-boil-used/,200,true,6,true,true,9,3,Coste del hervidor eléctrico por hervor: cuenta el volumen y el apagado | WorthCalc,Coste del hervidor eléctrico por hervor: cuenta el volumen y el apagado,318,66ae6ee1c42f54a94c390a3ee5210f5bb5039f20f47f4d0947bc1d4f2df219e1
https://worthcalc.win/es/guides/electric-lunch-box-cost-per-heating-cycle-used/,es,guide,src/content/growth-articles/es/electric-lunch-box-cost-per-heating-cycle-used.md,200,https://worthcalc.win/es/guides/electric-lunch-box-cost-per-heating-cycle-used/,0,true,"index,follow",,https://worthcalc.win/es/guides/electric-lunch-box-cost-per-heating-cycle-used/,200,true,6,true,true,10,3,Coste de la fiambrera eléctrica por ciclo de calentamiento | WorthCalc,Coste de la fiambrera eléctrica por ciclo de calentamiento,739,3e35a08a0a550a489e5e2b604767e1a75dd2ce5c984d3896bda412fec542a8c2
https://worthcalc.win/es/guides/electric-meat-grinder-cost-per-grinding-session-used/,es,guide,src/content/growth-articles/es/electric-meat-grinder-cost-per-grinding-session-used.md,200,https://worthcalc.win/es/guides/electric-meat-grinder-cost-per-grinding-session-used/,0,true,"index,follow",,https://worthcalc.win/es/guides/electric-meat-grinder-cost-per-grinding-session-used/,200,true,6,true,true,10,3,Coste de la picadora eléctrica por sesión: reparte el tiempo del motor | WorthCalc,Coste de la picadora eléctrica por sesión: reparte el tiempo del motor,655,c45d9bab075dff3f102dfdddc4be18be6834702e4e3694d20bab78d304aa0d2c
https://worthcalc.win/es/guides/electric-milk-frother-cost-per-frothing-session-used/,es,guide,src/content/growth-articles/es/electric-milk-frother-cost-per-frothing-session-used.md,200,https://worthcalc.win/es/guides/electric-milk-frother-cost-per-frothing-session-used/,0,true,"index,follow",,https://worthcalc.win/es/guides/electric-milk-frother-cost-per-frothing-session-used/,200,true,6,true,true,10,3,Coste del espumador de leche por sesión: separa calor y batido | WorthCalc,Coste del espumador de leche por sesión: separa calor y batido,655,eafec1c507808bd2bf54cede9b926bbf2e3042c5e95c0f953aebf9f34c344428
https://worthcalc.win/es/guides/electric-pasta-maker-cost-per-batch-used/,es,guide,src/content/growth-articles/es/electric-pasta-maker-cost-per-batch-used.md,200,https://worthcalc.win/es/guides/electric-pasta-maker-cost-per-batch-used/,0,true,"index,follow",,https://worthcalc.win/es/guides/electric-pasta-maker-cost-per-batch-used/,200,true,6,true,true,10,3,"Coste de la máquina de pasta por lote: mezcla, extrusión y secado | WorthCalc","Coste de la máquina de pasta por lote: mezcla, extrusión y secado",671,f855dccf54336acea2b9e7f097f6a447a1e8777d0719c75150f9d1142782113a
https://worthcalc.win/es/guides/electric-pencil-sharpener-electricity-cost-per-sharpening-session-used/,es,guide,src/content/growth-articles/es/electric-pencil-sharpener-electricity-cost-per-sharpening-session-used.md,200,https://worthcalc.win/es/guides/electric-pencil-sharpener-electricity-cost-per-sharpening-session-used/,0,true,"index,follow",,https://worthcalc.win/es/guides/electric-pencil-sharpener-electricity-cost-per-sharpening-session-used/,200,true,6,true,true,10,3,Coste eléctrico de un sacapuntas eléctrico por sesión: cuenta los ciclos | WorthCalc,Coste eléctrico de un sacapuntas eléctrico por sesión: cuenta los ciclos,451,196d280a38cf23b09449719a6a38b88a51b09f3ee8f016d6eb0d0b33ad1a390f
https://worthcalc.win/es/guides/electric-pressure-cooker-cost-per-cooking-cycle-used/,es,guide,src/content/growth-articles/es/electric-pressure-cooker-cost-per-cooking-cycle-used.md,200,https://worthcalc.win/es/guides/electric-pressure-cooker-cost-per-cooking-cycle-used/,0,true,"index,follow",,https://worthcalc.win/es/guides/electric-pressure-cooker-cost-per-cooking-cycle-used/,200,true,6,true,true,10,3,Coste de la olla a presión eléctrica por ciclo de cocción | WorthCalc,Coste de la olla a presión eléctrica por ciclo de cocción,316,0797937dd0b500d554945467488435e4167d76303e4e1dbea8d6055877197529
https://worthcalc.win/es/guides/electric-shaver-electricity-cost-per-grooming-session-used/,es,guide,src/content/growth-articles/es/electric-shaver-electricity-cost-per-grooming-session-used.md,200,https://worthcalc.win/es/guides/electric-shaver-electricity-cost-per-grooming-session-used/,0,true,"index,follow",,https://worthcalc.win/es/guides/electric-shaver-electricity-cost-per-grooming-session-used/,200,true,6,true,true,11,3,Coste eléctrico de una afeitadora por sesión de cuidado: cuenta la carga | WorthCalc,Coste eléctrico de una afeitadora por sesión de cuidado: cuenta la carga,402,fc82b1a467f78a07096e9dd8a42bb0109f4801a4ad21646ceb19668949759b0e
https://worthcalc.win/es/guides/electric-space-heater-cost-per-heating-hour-used/,es,guide,src/content/growth-articles/es/electric-space-heater-cost-per-heating-hour-used.md,200,https://worthcalc.win/es/guides/electric-space-heater-cost-per-heating-hour-used/,0,true,"index,follow",,https://worthcalc.win/es/guides/electric-space-heater-cost-per-heating-hour-used/,200,true,6,true,true,9,3,"Coste del calefactor eléctrico por hora: vatios, ciclo y habitación | WorthCalc","Coste del calefactor eléctrico por hora: vatios, ciclo y habitación",232,72939491f1e1e93e186e91672ad7390481862734a32bc1939524dddfe5032123
https://worthcalc.win/es/guides/electric-standing-desk-electricity-cost-per-adjusted-day-used/,es,guide,src/content/growth-articles/es/electric-standing-desk-electricity-cost-per-adjusted-day-used.md,200,https://worthcalc.win/es/guides/electric-standing-desk-electricity-cost-per-adjusted-day-used/,0,true,"index,follow",,https://worthcalc.win/es/guides/electric-standing-desk-electricity-cost-per-adjusted-day-used/,200,true,6,true,true,10,3,Coste eléctrico de un escritorio elevable por día: incluye motor y espera | WorthCalc,Coste eléctrico de un escritorio elevable por día: incluye motor y espera,494,b07ae214a926f79cdeedd79a41dfc1225b86694824d912319d10f38f10ef369c
https://worthcalc.win/es/guides/electric-stapler-electricity-cost-per-stapling-session-used/,es,guide,src/content/growth-articles/es/electric-stapler-electricity-cost-per-stapling-session-used.md,200,https://worthcalc.win/es/guides/electric-stapler-electricity-cost-per-stapling-session-used/,0,true,"index,follow",,https://worthcalc.win/es/guides/electric-stapler-electricity-cost-per-stapling-session-used/,200,true,6,true,true,10,3,Coste eléctrico de una grapadora eléctrica por sesión: separa los atascos | WorthCalc,Coste eléctrico de una grapadora eléctrica por sesión: separa los atascos,465,b1849dbe12038b41c04db28aa75e4966e3515809c4d040308d3c81c6ccc909f5
https://worthcalc.win/es/guides/electric-toothbrush-electricity-cost-per-charging-day-used/,es,guide,src/content/growth-articles/es/electric-toothbrush-electricity-cost-per-charging-day-used.md,200,https://worthcalc.win/es/guides/electric-toothbrush-electricity-cost-per-charging-day-used/,0,true,"index,follow",,https://worthcalc.win/es/guides/electric-toothbrush-electricity-cost-per-charging-day-used/,200,true,6,true,true,11,3,Coste eléctrico del cepillo eléctrico por día de carga: incluye el modo de espera | WorthCalc,Coste eléctrico del cepillo eléctrico por día de carga: incluye el modo de espera,441,e1567f3d314862dd3651fef43d5dbcc37c245d92400f441716602f365e5b6535
https://worthcalc.win/es/guides/electric-wine-cooler-electricity-cost-per-storage-day-used/,es,guide,src/content/growth-articles/es/electric-wine-cooler-electricity-cost-per-storage-day-used.md,200,https://worthcalc.win/es/guides/electric-wine-cooler-electricity-cost-per-storage-day-used/,0,true,"index,follow",,https://worthcalc.win/es/guides/electric-wine-cooler-electricity-cost-per-storage-day-used/,200,true,6,true,true,7,3,Coste eléctrico de una vinoteca por día de almacenamiento: cuenta los ciclos | WorthCalc,Coste eléctrico de una vinoteca por día de almacenamiento: cuenta los ciclos,396,d3c0f6b2c5bdd2ce2fba2b32db3a7756867dca2dc8bb92147e91e48ffac92185
https://worthcalc.win/es/guides/electric-yogurt-maker-cost-per-batch-used/,es,guide,src/content/growth-articles/es/electric-yogurt-maker-cost-per-batch-used.md,200,https://worthcalc.win/es/guides/electric-yogurt-maker-cost-per-batch-used/,0,true,"index,follow",,https://worthcalc.win/es/guides/electric-yogurt-maker-cost-per-batch-used/,200,true,6,true,true,10,3,Coste de la yogurtera eléctrica por lote: incluye la incubación | WorthCalc,Coste de la yogurtera eléctrica por lote: incluye la incubación,731,d2afcef966bde9ac4ff594c2ef1c845de1d50d7c0e81f829145bbed8578ce255
https://worthcalc.win/es/guides/electricity-cost-per-kwh-used/,es,guide,src/content/growth-articles/es/electricity-cost-per-kwh-used.md,200,https://worthcalc.win/es/guides/electricity-cost-per-kwh-used/,0,true,"index,follow",,https://worthcalc.win/es/guides/electricity-cost-per-kwh-used/,200,true,6,true,true,42,3,Coste de la electricidad por kWh usado: incluye cargos fijos y créditos | WorthCalc,Coste de la electricidad por kWh usado: incluye cargos fijos y créditos,424,8c44ad8b9d9380b881d0ad39fc8d1066858c297667f7e5c51df369b00612e7e7
https://worthcalc.win/es/guides/espresso-machine-cost-per-shot-used/,es,guide,src/content/growth-articles/es/espresso-machine-cost-per-shot-used.md,200,https://worthcalc.win/es/guides/espresso-machine-cost-per-shot-used/,0,true,"index,follow",,https://worthcalc.win/es/guides/espresso-machine-cost-per-shot-used/,200,true,6,true,true,10,3,"Coste de la cafetera espresso por dosis: incluye calentamiento, extracción y vapor | WorthCalc","Coste de la cafetera espresso por dosis: incluye calentamiento, extracción y vapor",331,5fee53aeddd76ce15f13bffe2f7314453b02cfdbb7ef3176e4d839b45b99ca0e
https://worthcalc.win/es/guides/event-ticket-cost-per-attended-hour/,es,guide,src/content/growth-articles/es/event-ticket-cost-per-attended-hour.md,200,https://worthcalc.win/es/guides/event-ticket-cost-per-attended-hour/,0,true,"index,follow",,https://worthcalc.win/es/guides/event-ticket-cost-per-attended-hour/,200,true,6,true,true,8,3,"Coste de una entrada por hora asistida: suma transporte, comisiones y tiempo perdido | WorthCalc","Coste de una entrada por hora asistida: suma transporte, comisiones y tiempo perdido",339,c42e41fc6329652163fc2900e96014475bc1a145463a5dc1bfe58e47ead9f718
https://worthcalc.win/es/guides/external-hard-drive-electricity-cost-per-backup-job-used/,es,guide,src/content/growth-articles/es/external-hard-drive-electricity-cost-per-backup-job-used.md,200,https://worthcalc.win/es/guides/external-hard-drive-electricity-cost-per-backup-job-used/,0,true,"index,follow",,https://worthcalc.win/es/guides/external-hard-drive-electricity-cost-per-backup-job-used/,200,true,6,true,true,11,3,Coste eléctrico de un disco externo por copia de seguridad: incluye transferencia y espera | WorthCalc,Coste eléctrico de un disco externo por copia de seguridad: incluye transferencia y espera,432,c01c5f30cf2df3a74d57cc194977ee9eb78345d210139d11b3ec945ea8b63c7a
https://worthcalc.win/es/guides/family-plan-break-even-members/,es,guide,src/content/growth-articles/es/family-plan-break-even-members.md,200,https://worthcalc.win/es/guides/family-plan-break-even-members/,0,true,"index,follow",,https://worthcalc.win/es/guides/family-plan-break-even-members/,200,true,6,true,true,7,3,Punto de equilibrio de un plan familiar: ¿cuántos usuarios lo justifican? | WorthCalc,Punto de equilibrio de un plan familiar: ¿cuántos usuarios lo justifican?,479,390ca071c66b4b0a1420555f9565d83d2718245153a1874b4b1f1f6364822042
https://worthcalc.win/es/guides/food-dehydrator-cost-per-drying-hour-used/,es,guide,src/content/growth-articles/es/food-dehydrator-cost-per-drying-hour-used.md,200,https://worthcalc.win/es/guides/food-dehydrator-cost-per-drying-hour-used/,0,true,"index,follow",,https://worthcalc.win/es/guides/food-dehydrator-cost-per-drying-hour-used/,200,true,6,true,true,10,3,Coste del deshidratador de alimentos por hora de secado | WorthCalc,Coste del deshidratador de alimentos por hora de secado,748,1d546d669daf9d6f8473e24b500971962ae1c167c6387c313dca03933749e258
https://worthcalc.win/es/guides/food-processor-cost-per-prep-session-used/,es,guide,src/content/growth-articles/es/food-processor-cost-per-prep-session-used.md,200,https://worthcalc.win/es/guides/food-processor-cost-per-prep-session-used/,0,true,"index,follow",,https://worthcalc.win/es/guides/food-processor-cost-per-prep-session-used/,200,true,6,true,true,10,3,Coste del procesador de alimentos por sesión | WorthCalc,Coste del procesador de alimentos por sesión,465,c5d55b4fb92141648cc9460d63b27bc6caeaa0a4d1e9ce28262c17e1bf80b5a9
https://worthcalc.win/es/guides/free-trial-auto-renewal-first-charge/,es,guide,src/content/growth-articles/es/free-trial-auto-renewal-first-charge.md,200,https://worthcalc.win/es/guides/free-trial-auto-renewal-first-charge/,0,true,"index,follow",,https://worthcalc.win/es/guides/free-trial-auto-renewal-first-charge/,200,true,6,true,true,7,3,Coste de una prueba gratuita con renovación automática: calcula el primer cargo | WorthCalc,Coste de una prueba gratuita con renovación automática: calcula el primer cargo,542,b8f6204640f12f8a7ddd379f52d9cc37ecb8f30ff6845521d8ab97a96aa1d604
https://worthcalc.win/es/guides/freezer-cost-per-day-used/,es,guide,src/content/growth-articles/es/freezer-cost-per-day-used.md,200,https://worthcalc.win/es/guides/freezer-cost-per-day-used/,0,true,"index,follow",,https://worthcalc.win/es/guides/freezer-cost-per-day-used/,200,true,6,true,true,8,3,"Coste diario del congelador usado: energía de espera, capacidad y almacenamiento | WorthCalc","Coste diario del congelador usado: energía de espera, capacidad y almacenamiento",231,206a5a7635f8f21419df455713dc64d6d521cc1f542bcfe12f4979154aa6c138
https://worthcalc.win/es/guides/gaming-console-electricity-cost-per-gaming-hour-used/,es,guide,src/content/growth-articles/es/gaming-console-electricity-cost-per-gaming-hour-used.md,200,https://worthcalc.win/es/guides/gaming-console-electricity-cost-per-gaming-hour-used/,0,true,"index,follow",,https://worthcalc.win/es/guides/gaming-console-electricity-cost-per-gaming-hour-used/,200,true,6,true,true,10,3,Coste eléctrico de la consola por hora de juego: incluye pantalla y red | WorthCalc,Coste eléctrico de la consola por hora de juego: incluye pantalla y red,677,0c7309424732c3a633d52005546114549ec3c08cb85790c5e73f15e2d07db408
https://worthcalc.win/es/guides/garage-door-opener-electricity-cost-per-cycle-used/,es,guide,src/content/growth-articles/es/garage-door-opener-electricity-cost-per-cycle-used.md,200,https://worthcalc.win/es/guides/garage-door-opener-electricity-cost-per-cycle-used/,0,true,"index,follow",,https://worthcalc.win/es/guides/garage-door-opener-electricity-cost-per-cycle-used/,200,true,6,true,true,14,3,Coste eléctrico del abrepuertas de garaje por ciclo: cuenta luz y espera | WorthCalc,Coste eléctrico del abrepuertas de garaje por ciclo: cuenta luz y espera,647,8bb7de26d5848d8efd2c9d2f2fc8eed94ee8a80de723134210b8c34ab08b390b
https://worthcalc.win/es/guides/garment-steamer-cost-per-steaming-hour-used/,es,guide,src/content/growth-articles/es/garment-steamer-cost-per-steaming-hour-used.md,200,https://worthcalc.win/es/guides/garment-steamer-cost-per-steaming-hour-used/,0,true,"index,follow",,https://worthcalc.win/es/guides/garment-steamer-cost-per-steaming-hour-used/,200,true,6,true,true,8,3,Coste del vaporizador de ropa por hora: incluye calentamiento y vapor activo | WorthCalc,Coste del vaporizador de ropa por hora: incluye calentamiento y vapor activo,300,6392550ce6137e2b27c56c332385e95043b3a44d520a3e36f57d4fb7e4641fc8
https://worthcalc.win/es/guides/glue-gun-electricity-cost-per-crafting-hour-used/,es,guide,src/content/growth-articles/es/glue-gun-electricity-cost-per-crafting-hour-used.md,200,https://worthcalc.win/es/guides/glue-gun-electricity-cost-per-crafting-hour-used/,0,true,"index,follow",,https://worthcalc.win/es/guides/glue-gun-electricity-cost-per-crafting-hour-used/,200,true,6,true,true,11,3,Coste eléctrico de una pistola de pegamento por hora de manualidad: separa el calor | WorthCalc,Coste eléctrico de una pistola de pegamento por hora de manualidad: separa el calor,375,ac1296239e2c6508a2a5a52a5d166a26154ac0e66b6239df135a11b9c352eba6
https://worthcalc.win/es/guides/gym-membership-cost-per-visit/,es,guide,src/content/growth-articles/es/gym-membership-cost-per-visit.md,200,https://worthcalc.win/es/guides/gym-membership-cost-per-visit/,0,true,"index,follow",,https://worthcalc.win/es/guides/gym-membership-cost-per-visit/,200,true,6,true,true,9,3,Coste por visita al gimnasio: suma altas y meses sin asistencia | WorthCalc,Coste por visita al gimnasio: suma altas y meses sin asistencia,351,fbb004c4df9a06529636a3c3f698605647673e271b44def0bc76eed953336b6d
https://worthcalc.win/es/guides/hair-dryer-cost-per-drying-session-used/,es,guide,src/content/growth-articles/es/hair-dryer-cost-per-drying-session-used.md,200,https://worthcalc.win/es/guides/hair-dryer-cost-per-drying-session-used/,0,true,"index,follow",,https://worthcalc.win/es/guides/hair-dryer-cost-per-drying-session-used/,200,true,6,true,true,7,3,"Coste del secador por sesión: separa calor, aire y minutos | WorthCalc","Coste del secador por sesión: separa calor, aire y minutos",286,b3cbe2e204fa62f573da7049d824d1cbe091d566443acd6cced66acfa3c44720
https://worthcalc.win/es/guides/heat-pump-cost-per-heating-hour-used/,es,guide,src/content/growth-articles/es/heat-pump-cost-per-heating-hour-used.md,200,https://worthcalc.win/es/guides/heat-pump-cost-per-heating-hour-used/,0,true,"index,follow",,https://worthcalc.win/es/guides/heat-pump-cost-per-heating-hour-used/,200,true,6,true,true,7,3,"Coste de la bomba de calor por hora de calefacción: potencia, ciclo y clima | WorthCalc","Coste de la bomba de calor por hora de calefacción: potencia, ciclo y clima",372,a98825f5aaad38d58d47d238201c1f5d1fcd2b181fc288d080c610583cee9f4f
https://worthcalc.win/es/guides/hobby-equipment-cost-per-use/,es,guide,src/content/growth-articles/es/hobby-equipment-cost-per-use.md,200,https://worthcalc.win/es/guides/hobby-equipment-cost-per-use/,0,true,"index,follow",,https://worthcalc.win/es/guides/hobby-equipment-cost-per-use/,200,true,6,true,true,8,3,"Coste por uso del equipo de hobby: suma guardado, mantenimiento y reventa | WorthCalc","Coste por uso del equipo de hobby: suma guardado, mantenimiento y reventa",340,1dcfc13d1cf630b94701f7f1aae6807b9fbb50bf75edcc76b0a2c82011899530
https://worthcalc.win/es/guides/home-internet-cost-per-gb-used/,es,guide,src/content/growth-articles/es/home-internet-cost-per-gb-used.md,200,https://worthcalc.win/es/guides/home-internet-cost-per-gb-used/,0,true,"index,follow",,https://worthcalc.win/es/guides/home-internet-cost-per-gb-used/,200,true,6,true,true,9,3,Coste de internet doméstico por GB usado: incluye equipo y exceso | WorthCalc,Coste de internet doméstico por GB usado: incluye equipo y exceso,418,a2b0d3569d31f43a11671a4f536fb8cc2e4abb32cabb9c7842e2eca230e03fe9
https://worthcalc.win/es/guides/humidifier-electricity-cost-per-humidifying-hour-used/,es,guide,src/content/growth-articles/es/humidifier-electricity-cost-per-humidifying-hour-used.md,200,https://worthcalc.win/es/guides/humidifier-electricity-cost-per-humidifying-hour-used/,0,true,"index,follow",,https://worthcalc.win/es/guides/humidifier-electricity-cost-per-humidifying-hour-used/,200,true,6,true,true,11,3,Coste de un humidificador por hora de humidificación: mide niebla y ventilador | WorthCalc,Coste de un humidificador por hora de humidificación: mide niebla y ventilador,424,d4ec8fbb1fdc55e7a43651217c970c5d6cf213ecc2dbbfa751d3f30ec4f01671
https://worthcalc.win/es/guides/hvac-cost-per-operating-hour-used/,es,guide,src/content/growth-articles/es/hvac-cost-per-operating-hour-used.md,200,https://worthcalc.win/es/guides/hvac-cost-per-operating-hour-used/,0,true,"index,follow",,https://worthcalc.win/es/guides/hvac-cost-per-operating-hour-used/,200,true,6,true,true,13,3,Coste del HVAC por hora de funcionamiento: compara tiempo y tarifas estacionales | WorthCalc,Coste del HVAC por hora de funcionamiento: compara tiempo y tarifas estacionales,291,ee234ad5b00279d9f4d1235619c41c5af2ae4d43b98ae81f22a5b0511e3510b9
https://worthcalc.win/es/guides/,es,guides-directory,src/pages/[locale]/guides/index.astro,200,https://worthcalc.win/es/guides/,0,true,"index, follow, max-image-preview:large",,https://worthcalc.win/es/guides/,200,true,6,true,true,664,2,Todas las guías | WorthCalc,Todas las guías,2597,cb0cae052ac7d4678acb7125af7a0d515e53e6324a51ae776d511a5629a9592a
https://worthcalc.win/es/guides/induction-cooktop-cost-per-cooking-hour-used/,es,guide,src/content/growth-articles/es/induction-cooktop-cost-per-cooking-hour-used.md,200,https://worthcalc.win/es/guides/induction-cooktop-cost-per-cooking-hour-used/,0,true,"index,follow",,https://worthcalc.win/es/guides/induction-cooktop-cost-per-cooking-hour-used/,200,true,6,true,true,7,3,"Coste de una placa de inducción por hora: separa calor, espera y limpieza | WorthCalc","Coste de una placa de inducción por hora: separa calor, espera y limpieza",335,f95129ac7a9d1ea376a29a37341f96cc9e6a880c80e4302eaa154786dac7bc76
https://worthcalc.win/es/guides/introductory-discount-renewal-cost/,es,guide,src/content/growth-articles/es/introductory-discount-renewal-cost.md,200,https://worthcalc.win/es/guides/introductory-discount-renewal-cost/,0,true,"index,follow",,https://worthcalc.win/es/guides/introductory-discount-renewal-cost/,200,true,6,true,true,9,3,Descuento inicial y precio de renovación: calcula el coste del primer año | WorthCalc,Descuento inicial y precio de renovación: calcula el coste del primer año,293,3c85123a4f9020e4a068f3dce5a94fa938eb162e0f56078fa665fff27983285b
https://worthcalc.win/es/guides/label-maker-electricity-cost-per-labeling-session-used/,es,guide,src/content/growth-articles/es/label-maker-electricity-cost-per-labeling-session-used.md,200,https://worthcalc.win/es/guides/label-maker-electricity-cost-per-labeling-session-used/,0,true,"index,follow",,https://worthcalc.win/es/guides/label-maker-electricity-cost-per-labeling-session-used/,200,true,6,true,true,10,3,Coste eléctrico de una rotuladora por sesión: incluye calentamiento y espera | WorthCalc,Coste eléctrico de una rotuladora por sesión: incluye calentamiento y espera,498,07e6b9d142979c69a47f86eed3257078f52b84d93725990e0a93fd6c0d536324
https://worthcalc.win/es/guides/laminator-electricity-cost-per-laminating-batch-used/,es,guide,src/content/growth-articles/es/laminator-electricity-cost-per-laminating-batch-used.md,200,https://worthcalc.win/es/guides/laminator-electricity-cost-per-laminating-batch-used/,0,true,"index,follow",,https://worthcalc.win/es/guides/laminator-electricity-cost-per-laminating-batch-used/,200,true,6,true,true,10,3,Coste eléctrico de una plastificadora por lote: incluye el calentamiento | WorthCalc,Coste eléctrico de una plastificadora por lote: incluye el calentamiento,502,a346f74441baef8d3794214c0bbcee21b6a8e1efd6f6522b6f8788a822e56123
https://worthcalc.win/es/guides/language-class-cost-per-completed-session/,es,guide,src/content/growth-articles/es/language-class-cost-per-completed-session.md,200,https://worthcalc.win/es/guides/language-class-cost-per-completed-session/,0,true,"index,follow",,https://worthcalc.win/es/guides/language-class-cost-per-completed-session/,200,true,6,true,true,8,3,Coste de una clase de idiomas por sesión completada: cuenta las lecciones terminadas | WorthCalc,Coste de una clase de idiomas por sesión completada: cuenta las lecciones terminadas,328,5d71efae3052a3c47397825bd71e9a8a5141cfa8242758cc2e952e3d2f48052d
https://worthcalc.win/es/guides/laptop-docking-station-electricity-cost-per-workday-used/,es,guide,src/content/growth-articles/es/laptop-docking-station-electricity-cost-per-workday-used.md,200,https://worthcalc.win/es/guides/laptop-docking-station-electricity-cost-per-workday-used/,0,true,"index,follow",,https://worthcalc.win/es/guides/laptop-docking-station-electricity-cost-per-workday-used/,200,true,6,true,true,11,3,Coste eléctrico de una base para portátil por jornada: separa la carga y las pantallas | WorthCalc,Coste eléctrico de una base para portátil por jornada: separa la carga y las pantallas,461,19a0bae16641b8ec469af8e7e31fa93a9c39fd04d23fab2637a1a9943df785f5
https://worthcalc.win/es/guides/laundry-cost-per-load/,es,guide,src/content/growth-articles/es/laundry-cost-per-load.md,200,https://worthcalc.win/es/guides/laundry-cost-per-load/,0,true,"index,follow",,https://worthcalc.win/es/guides/laundry-cost-per-load/,200,true,6,true,true,10,3,"Coste de la colada por carga: incluye agua, energía, detergente y relavados | WorthCalc","Coste de la colada por carga: incluye agua, energía, detergente y relavados",403,49fc00f4d0d834f3a65ef180941799b509110749abf890eea1bf581623025a9b
https://worthcalc.win/es/guides/led-lighting-cost-per-hour-used/,es,guide,src/content/growth-articles/es/led-lighting-cost-per-hour-used.md,200,https://worthcalc.win/es/guides/led-lighting-cost-per-hour-used/,0,true,"index,follow",,https://worthcalc.win/es/guides/led-lighting-cost-per-hour-used/,200,true,6,true,true,9,3,"Coste de la iluminación LED por hora usada: incluye vatios, luminarias y vida útil | WorthCalc","Coste de la iluminación LED por hora usada: incluye vatios, luminarias y vida útil",302,7f60e6ab55b473d771420f4fffa09120fa3b02a621f19caa1b215c719528e8ec
https://worthcalc.win/es/guides/meal-delivery-plan-cost-per-eaten-meal/,es,guide,src/content/growth-articles/es/meal-delivery-plan-cost-per-eaten-meal.md,200,https://worthcalc.win/es/guides/meal-delivery-plan-cost-per-eaten-meal/,0,true,"index,follow",,https://worthcalc.win/es/guides/meal-delivery-plan-cost-per-eaten-meal/,200,true,6,true,true,8,3,Coste de un plan de comida por comida ingerida: incluye pedidos omitidos y sustitutos | WorthCalc,Coste de un plan de comida por comida ingerida: incluye pedidos omitidos y sustitutos,350,3ae434f7f08998a83b83bd56ccfc8f6e2b74a1b23c63650e3ef3b7a23e232975
https://worthcalc.win/es/guides/meal-kit-cost-per-serving-after-waste/,es,guide,src/content/growth-articles/es/meal-kit-cost-per-serving-after-waste.md,200,https://worthcalc.win/es/guides/meal-kit-cost-per-serving-after-waste/,0,true,"index,follow",,https://worthcalc.win/es/guides/meal-kit-cost-per-serving-after-waste/,200,true,6,true,true,8,3,Coste por ración de un kit de comida tras el desperdicio | WorthCalc,Coste por ración de un kit de comida tras el desperdicio,364,5c3c5d3c625b1394eb6526a2eb1556228b758166d597a73ab3c655c80761301f
https://worthcalc.win/es/guides/microwave-cost-per-cooking-cycle-used/,es,guide,src/content/growth-articles/es/microwave-cost-per-cooking-cycle-used.md,200,https://worthcalc.win/es/guides/microwave-cost-per-cooking-cycle-used/,0,true,"index,follow",,https://worthcalc.win/es/guides/microwave-cost-per-cooking-cycle-used/,200,true,6,true,true,7,3,"Coste del microondas por ciclo: cuenta vatios, tiempo y recalentados fallidos | WorthCalc","Coste del microondas por ciclo: cuenta vatios, tiempo y recalentados fallidos",324,07bf2ab77d6677d3ca84f1f160a8915233a462d716e7404757c7a0aa14f0592b
https://worthcalc.win/es/guides/minimum-spend-fee-waiver-break-even/,es,guide,src/content/growth-articles/es/minimum-spend-fee-waiver-break-even.md,200,https://worthcalc.win/es/guides/minimum-spend-fee-waiver-break-even/,0,true,"index,follow",,https://worthcalc.win/es/guides/minimum-spend-fee-waiver-break-even/,200,true,6,true,true,7,3,Exención por gasto mínimo: calcula si el umbral realmente ahorra | WorthCalc,Exención por gasto mínimo: calcula si el umbral realmente ahorra,472,04298b85291d2f08d1388d442e11abae9b3245d8101b1d00d0bf01aadfa0889c
https://worthcalc.win/es/guides/mobile-data-cost-per-gb-used/,es,guide,src/content/growth-articles/es/mobile-data-cost-per-gb-used.md,200,https://worthcalc.win/es/guides/mobile-data-cost-per-gb-used/,0,true,"index,follow",,https://worthcalc.win/es/guides/mobile-data-cost-per-gb-used/,200,true,6,true,true,10,3,Coste de los datos móviles por GB usado: compara mínimos con tu consumo real | WorthCalc,Coste de los datos móviles por GB usado: compara mínimos con tu consumo real,351,f753e5194ee6412105cdb840ff7c9f0c8d01fe27624edc0a409f69a959565ae7
https://worthcalc.win/es/guides/monitor-electricity-cost-per-work-hour-used/,es,guide,src/content/growth-articles/es/monitor-electricity-cost-per-work-hour-used.md,200,https://worthcalc.win/es/guides/monitor-electricity-cost-per-work-hour-used/,0,true,"index,follow",,https://worthcalc.win/es/guides/monitor-electricity-cost-per-work-hour-used/,200,true,6,true,true,8,3,"Coste del monitor por hora de trabajo: incluye brillo, reposo y USB | WorthCalc","Coste del monitor por hora de trabajo: incluye brillo, reposo y USB",318,9fb00f4afca61df83f3aaea5d78a0d9e7fcee9eff01087079a373a7fbf0b6dd1
https://worthcalc.win/es/guides/monthly-vs-annual-total-cost/,es,guide,src/content/growth-articles/es/monthly-vs-annual-total-cost.md,200,https://worthcalc.win/es/guides/monthly-vs-annual-total-cost/,0,true,"index,follow",,https://worthcalc.win/es/guides/monthly-vs-annual-total-cost/,200,true,6,true,true,8,3,Pago mensual o anual: compara coste total y riesgo de liquidez | WorthCalc,Pago mensual o anual: compara coste total y riesgo de liquidez,368,537c953ee1b437769edb9b9597e01eff792d5ae6c1d151f07675890b02cf3d06
https://worthcalc.win/es/guides/natural-gas-cost-per-therm-used/,es,guide,src/content/growth-articles/es/natural-gas-cost-per-therm-used.md,200,https://worthcalc.win/es/guides/natural-gas-cost-per-therm-used/,0,true,"index,follow",,https://worthcalc.win/es/guides/natural-gas-cost-per-therm-used/,200,true,6,true,true,14,3,Coste del gas natural por termia usada: convierte la factura antes de comparar | WorthCalc,Coste del gas natural por termia usada: convierte la factura antes de comparar,456,a63438816cc5befc34449e42c72df22e886fbd7696161ab631985d1b30f34d8f
https://worthcalc.win/es/guides/one-time-switching-cost-payback/,es,guide,src/content/growth-articles/es/one-time-switching-cost-payback.md,200,https://worthcalc.win/es/guides/one-time-switching-cost-payback/,0,true,"index,follow",,https://worthcalc.win/es/guides/one-time-switching-cost-payback/,200,true,6,true,true,9,3,Recuperación del coste de cambiar: cuándo compensa un plan más barato | WorthCalc,Recuperación del coste de cambiar: cuándo compensa un plan más barato,251,b7383c3ccfc1e60d9c11b4528ffb9894369dc5f97ec099adfd14d85c60626da6
https://worthcalc.win/es/guides/online-course-cost-per-completed-lesson/,es,guide,src/content/growth-articles/es/online-course-cost-per-completed-lesson.md,200,https://worthcalc.win/es/guides/online-course-cost-per-completed-lesson/,0,true,"index,follow",,https://worthcalc.win/es/guides/online-course-cost-per-completed-lesson/,200,true,6,true,true,8,3,"Coste de un curso online por lección completada: valora el progreso, no el acceso | WorthCalc","Coste de un curso online por lección completada: valora el progreso, no el acceso",348,fb4f40d7cce758d98f1b27d24dd3b411f2b661d666138f3ba3f5ab14663775d8
https://worthcalc.win/es/guides/outdoor-string-lights-electricity-cost-per-evening-used/,es,guide,src/content/growth-articles/es/outdoor-string-lights-electricity-cost-per-evening-used.md,200,https://worthcalc.win/es/guides/outdoor-string-lights-electricity-cost-per-evening-used/,0,true,"index,follow",,https://worthcalc.win/es/guides/outdoor-string-lights-electricity-cost-per-evening-used/,200,true,6,true,true,11,3,Coste eléctrico de luces de guirnalda por tarde: mide el temporizador | WorthCalc,Coste eléctrico de luces de guirnalda por tarde: mide el temporizador,637,31a46257eb688fb93017e25cb98489b84657005e893b02c08384edbbd8220bdb
https://worthcalc.win/es/guides/oven-stove-cost-per-cooking-hour-used/,es,guide,src/content/growth-articles/es/oven-stove-cost-per-cooking-hour-used.md,200,https://worthcalc.win/es/guides/oven-stove-cost-per-cooking-hour-used/,0,true,"index,follow",,https://worthcalc.win/es/guides/oven-stove-cost-per-cooking-hour-used/,200,true,6,true,true,10,3,"Coste del horno y la cocina por hora usada: compara calor, precalentado y combustible | WorthCalc","Coste del horno y la cocina por hora usada: compara calor, precalentado y combustible",303,dcfd4509ce1f539fdcf6e3963c75c2ad7b2a1174cdd431b2d9574882ec5ecd16
https://worthcalc.win/es/guides/paper-shredder-electricity-cost-per-shredding-session-used/,es,guide,src/content/growth-articles/es/paper-shredder-electricity-cost-per-shredding-session-used.md,200,https://worthcalc.win/es/guides/paper-shredder-electricity-cost-per-shredding-session-used/,0,true,"index,follow",,https://worthcalc.win/es/guides/paper-shredder-electricity-cost-per-shredding-session-used/,200,true,6,true,true,10,3,Coste eléctrico de una destructora por sesión: cuenta los ciclos del motor | WorthCalc,Coste eléctrico de una destructora por sesión: cuenta los ciclos del motor,512,ce16ca8bacfb9713b761d3e83902a6e5a89426021e86be829db16f245b476aad
https://worthcalc.win/es/guides/parking-pass-cost-per-day-used/,es,guide,src/content/growth-articles/es/parking-pass-cost-per-day-used.md,200,https://worthcalc.win/es/guides/parking-pass-cost-per-day-used/,0,true,"index,follow",,https://worthcalc.win/es/guides/parking-pass-cost-per-day-used/,200,true,6,true,true,8,3,Coste del abono de aparcamiento por día usado: incluye el teletrabajo | WorthCalc,Coste del abono de aparcamiento por día usado: incluye el teletrabajo,358,1da0f37a8db5c7d27ca21038276c77365f9bc32ae974fdfd9c7e46334761574a
https://worthcalc.win/es/guides/pause-vs-cancel-membership-cost/,es,guide,src/content/growth-articles/es/pause-vs-cancel-membership-cost.md,200,https://worthcalc.win/es/guides/pause-vs-cancel-membership-cost/,0,true,"index,follow",,https://worthcalc.win/es/guides/pause-vs-cancel-membership-cost/,200,true,6,true,true,7,3,Pausar o cancelar una membresía: compara el coste de conservar el acceso | WorthCalc,Pausar o cancelar una membresía: compara el coste de conservar el acceso,502,31d41fd3da775ecd94fd7465926b9c6f81f2b79645274bae3547283b8efcec30
https://worthcalc.win/es/guides/phone-charger-cost-per-charge-used/,es,guide,src/content/growth-articles/es/phone-charger-cost-per-charge-used.md,200,https://worthcalc.win/es/guides/phone-charger-cost-per-charge-used/,0,true,"index,follow",,https://worthcalc.win/es/guides/phone-charger-cost-per-charge-used/,200,true,6,true,true,10,3,"Coste del cargador del móvil por carga: mide la energía de pared, no el máximo | WorthCalc","Coste del cargador del móvil por carga: mide la energía de pared, no el máximo",311,2421184a1f7d998a90720d5a6217e9188a19f77de2cf0b059940443de5806a31
https://worthcalc.win/es/guides/pool-pump-cost-per-operating-hour-used/,es,guide,src/content/growth-articles/es/pool-pump-cost-per-operating-hour-used.md,200,https://worthcalc.win/es/guides/pool-pump-cost-per-operating-hour-used/,0,true,"index,follow",,https://worthcalc.win/es/guides/pool-pump-cost-per-operating-hour-used/,200,true,6,true,true,7,3,"Coste de la bomba de piscina por hora: separa velocidad, caudal y tareas | WorthCalc","Coste de la bomba de piscina por hora: separa velocidad, caudal y tareas",314,25a50c162de158a51c9052a55d58e0181755eeccef683cd6ea9b8a26f2a17e66
https://worthcalc.win/es/guides/pool-pump-electricity-cost-per-filtration-cycle-used/,es,guide,src/content/growth-articles/es/pool-pump-electricity-cost-per-filtration-cycle-used.md,200,https://worthcalc.win/es/guides/pool-pump-electricity-cost-per-filtration-cycle-used/,0,true,"index,follow",,https://worthcalc.win/es/guides/pool-pump-electricity-cost-per-filtration-cycle-used/,200,true,6,true,true,9,3,Coste eléctrico de la bomba de piscina por hora de filtración: separa el tiempo | WorthCalc,Coste eléctrico de la bomba de piscina por hora de filtración: separa el tiempo,555,1d18dc78ceb3b0cfe7528460f21364e7010c739ff5c217dea939cb2412171ee2
https://worthcalc.win/es/guides/portable-ac-cost-per-cooling-hour-used/,es,guide,src/content/growth-articles/es/portable-ac-cost-per-cooling-hour-used.md,200,https://worthcalc.win/es/guides/portable-ac-cost-per-cooling-hour-used/,0,true,"index,follow",,https://worthcalc.win/es/guides/portable-ac-cost-per-cooling-hour-used/,200,true,6,true,true,7,3,"Coste del aire acondicionado portátil por hora: mide escape, ventilador y carga | WorthCalc","Coste del aire acondicionado portátil por hora: mide escape, ventilador y carga",354,78d0c7a77f9c6e407776603e42e826ec72926fbbac6bc742f9ebc2ee1dc99b2d
https://worthcalc.win/es/guides/portable-air-conditioner-electricity-cost-per-cooling-session-used/,es,guide,src/content/growth-articles/es/portable-air-conditioner-electricity-cost-per-cooling-session-used.md,200,https://worthcalc.win/es/guides/portable-air-conditioner-electricity-cost-per-cooling-session-used/,0,true,"index,follow",,https://worthcalc.win/es/guides/portable-air-conditioner-electricity-cost-per-cooling-session-used/,200,true,6,true,true,11,3,Coste eléctrico del aire acondicionado portátil por hora de enfriamiento: cuenta los ciclos | WorthCalc,Coste eléctrico del aire acondicionado portátil por hora de enfriamiento: cuenta los ciclos,576,523d9e38a09f94fbb2195732521ad6048aeb69a584765f68f2b16a97afebb43a
https://worthcalc.win/es/guides/prepaid-balance-expiration-cost/,es,guide,src/content/growth-articles/es/prepaid-balance-expiration-cost.md,200,https://worthcalc.win/es/guides/prepaid-balance-expiration-cost/,0,true,"index,follow",,https://worthcalc.win/es/guides/prepaid-balance-expiration-cost/,200,true,6,true,true,7,3,Coste de saldo prepago que caduca: mide lo que realmente usas | WorthCalc,Coste de saldo prepago que caduca: mide lo que realmente usas,493,e438f3ac0b87334a324f5cc455c9e8e53f95ffc6953a40192a01722dc177a724
https://worthcalc.win/es/guides/printer-electricity-cost-per-print-job-used/,es,guide,src/content/growth-articles/es/printer-electricity-cost-per-print-job-used.md,200,https://worthcalc.win/es/guides/printer-electricity-cost-per-print-job-used/,0,true,"index,follow",,https://worthcalc.win/es/guides/printer-electricity-cost-per-print-job-used/,200,true,6,true,true,10,3,Coste eléctrico de la impresora por trabajo: incluye calentamiento y espera | WorthCalc,Coste eléctrico de la impresora por trabajo: incluye calentamiento y espera,678,c7c486899a0e018fa49a3a943fa9f2156793c7f1f53bda1ae9f1385dd3e872c0
https://worthcalc.win/es/guides/projector-electricity-cost-per-presentation-hour-used/,es,guide,src/content/growth-articles/es/projector-electricity-cost-per-presentation-hour-used.md,200,https://worthcalc.win/es/guides/projector-electricity-cost-per-presentation-hour-used/,0,true,"index,follow",,https://worthcalc.win/es/guides/projector-electricity-cost-per-presentation-hour-used/,200,true,6,true,true,10,3,Coste eléctrico de un proyector por hora de presentación: incluye calentamiento y enfriamiento | WorthCalc,Coste eléctrico de un proyector por hora de presentación: incluye calentamiento y enfriamiento,463,a55367aca225f19c64a77d825acbdb3b4c9431fc4b0c3a470f629a9b4fa7dcc6
https://worthcalc.win/es/guides/recurring-costs-annual-total/,es,guide,src/content/growth-articles/es/recurring-costs-annual-total.md,200,https://worthcalc.win/es/guides/recurring-costs-annual-total/,0,true,"index,follow",,https://worthcalc.win/es/guides/recurring-costs-annual-total/,200,true,6,true,true,46,3,"Costes recurrentes anuales: suma pagos mensuales, trimestrales y anuales | WorthCalc","Costes recurrentes anuales: suma pagos mensuales, trimestrales y anuales",379,b32c5bc0d0e0d4940106d8858fc338af6034534bbbe88586fcf5b7232958c8d0
https://worthcalc.win/es/guides/refrigerator-cost-per-day-used/,es,guide,src/content/growth-articles/es/refrigerator-cost-per-day-used.md,200,https://worthcalc.win/es/guides/refrigerator-cost-per-day-used/,0,true,"index,follow",,https://worthcalc.win/es/guides/refrigerator-cost-per-day-used/,200,true,6,true,true,10,3,Coste diario del frigorífico usado: convierte la energía anual en tu coste doméstico | WorthCalc,Coste diario del frigorífico usado: convierte la energía anual en tu coste doméstico,330,3e3f20455be336fb01293c402e8b3ddbf58ab04d2135b438f6f655df912e4091
https://worthcalc.win/es/guides/rice-cooker-cost-per-cooking-cycle-used/,es,guide,src/content/growth-articles/es/rice-cooker-cost-per-cooking-cycle-used.md,200,https://worthcalc.win/es/guides/rice-cooker-cost-per-cooking-cycle-used/,0,true,"index,follow",,https://worthcalc.win/es/guides/rice-cooker-cost-per-cooking-cycle-used/,200,true,6,true,true,10,3,Coste de la arrocera por ciclo de cocción | WorthCalc,Coste de la arrocera por ciclo de cocción,473,6a8dfd317f251430adab8a7908fc6c80f4ac0b96db8d752c74962a28dcb6c3a5
https://worthcalc.win/es/guides/robot-vacuum-cost-per-cleaning-cycle-used/,es,guide,src/content/growth-articles/es/robot-vacuum-cost-per-cleaning-cycle-used.md,200,https://worthcalc.win/es/guides/robot-vacuum-cost-per-cleaning-cycle-used/,0,true,"index,follow",,https://worthcalc.win/es/guides/robot-vacuum-cost-per-cleaning-cycle-used/,200,true,6,true,true,9,3,"Coste del robot aspirador por ciclo: incluye base, carga y vaciado | WorthCalc","Coste del robot aspirador por ciclo: incluye base, carga y vaciado",325,a0b5ee847910e4f61c48282c5e8e4950c30114770095b6a16c9c485ced3e1756
https://worthcalc.win/es/guides/room-air-conditioner-cost-per-cooling-hour-used/,es,guide,src/content/growth-articles/es/room-air-conditioner-cost-per-cooling-hour-used.md,200,https://worthcalc.win/es/guides/room-air-conditioner-cost-per-cooling-hour-used/,0,true,"index,follow",,https://worthcalc.win/es/guides/room-air-conditioner-cost-per-cooling-hour-used/,200,true,6,true,true,10,3,"Coste del aire acondicionado de habitación por hora de frío: compresor, ventilador y espera | WorthCalc","Coste del aire acondicionado de habitación por hora de frío: compresor, ventilador y espera",234,d484577645b6c260ad92bc4e3953542d8d76f3104659e84f4737ad00ab1b76fd
https://worthcalc.win/es/guides/router-electricity-cost-per-month-used/,es,guide,src/content/growth-articles/es/router-electricity-cost-per-month-used.md,200,https://worthcalc.win/es/guides/router-electricity-cost-per-month-used/,0,true,"index,follow",,https://worthcalc.win/es/guides/router-electricity-cost-per-month-used/,200,true,6,true,true,10,3,Coste eléctrico mensual del router: separa el consumo continuo del servicio | WorthCalc,Coste eléctrico mensual del router: separa el consumo continuo del servicio,325,83d6fc15a96c160c0f6f9514a60e70a714551f16c86abf3fae45981fa2de22ad
https://worthcalc.win/es/guides/sandwich-maker-cost-per-use-used/,es,guide,src/content/growth-articles/es/sandwich-maker-cost-per-use-used.md,200,https://worthcalc.win/es/guides/sandwich-maker-cost-per-use-used/,0,true,"index,follow",,https://worthcalc.win/es/guides/sandwich-maker-cost-per-use-used/,200,true,6,true,true,10,3,Coste de la sandwichera por uso: cuenta precalentamiento y placas reales | WorthCalc,Coste de la sandwichera por uso: cuenta precalentamiento y placas reales,303,3cda1db677564e42dcdd53c7b357ce0dd2ea23601854692238bd90a7dd27ad17
https://worthcalc.win/es/guides/savings-break-even-use-period/,es,guide,src/content/growth-articles/es/savings-break-even-use-period.md,200,https://worthcalc.win/es/guides/savings-break-even-use-period/,0,true,"index,follow",,https://worthcalc.win/es/guides/savings-break-even-use-period/,200,true,6,true,true,7,3,Punto de equilibrio del ahorro: ¿cuántos meses o usos necesitas? | WorthCalc,Punto de equilibrio del ahorro: ¿cuántos meses o usos necesitas?,283,0266f36e37af34a4656f24826447320e2b8bc81f415b98c37add610e64e69bb7
https://worthcalc.win/es/guides/scanner-electricity-cost-per-scanning-session-used/,es,guide,src/content/growth-articles/es/scanner-electricity-cost-per-scanning-session-used.md,200,https://worthcalc.win/es/guides/scanner-electricity-cost-per-scanning-session-used/,0,true,"index,follow",,https://worthcalc.win/es/guides/scanner-electricity-cost-per-scanning-session-used/,200,true,6,true,true,10,3,Coste eléctrico del escáner por sesión: cuenta lámpara y espera | WorthCalc,Coste eléctrico del escáner por sesión: cuenta lámpara y espera,674,f901479262c9e58bc517b3c3197d33ea8a5ff42720eb2c2be0613b31e7f56e07
https://worthcalc.win/es/guides/sewing-machine-electricity-cost-per-sewing-hour-used/,es,guide,src/content/growth-articles/es/sewing-machine-electricity-cost-per-sewing-hour-used.md,200,https://worthcalc.win/es/guides/sewing-machine-electricity-cost-per-sewing-hour-used/,0,true,"index,follow",,https://worthcalc.win/es/guides/sewing-machine-electricity-cost-per-sewing-hour-used/,200,true,6,true,true,11,3,Coste eléctrico de una máquina de coser por hora: incluye el pedal | WorthCalc,Coste eléctrico de una máquina de coser por hora: incluye el pedal,390,8ed0ba3e6f819fc6e81cba9fa1640fc3cdd258a898f21e3b2205eeee1341e6de
https://worthcalc.win/es/guides/slow-cooker-cost-per-cooking-hour-used/,es,guide,src/content/growth-articles/es/slow-cooker-cost-per-cooking-hour-used.md,200,https://worthcalc.win/es/guides/slow-cooker-cost-per-cooking-hour-used/,0,true,"index,follow",,https://worthcalc.win/es/guides/slow-cooker-cost-per-cooking-hour-used/,200,true,6,true,true,10,3,Coste de la olla de cocción lenta por hora | WorthCalc,Coste de la olla de cocción lenta por hora,489,661e7c739699ab2ce2e68affa4aba5e778abffb76fe922cf135e69a6b2dfef8c
https://worthcalc.win/es/guides/smart-speaker-electricity-cost-per-listening-hour-used/,es,guide,src/content/growth-articles/es/smart-speaker-electricity-cost-per-listening-hour-used.md,200,https://worthcalc.win/es/guides/smart-speaker-electricity-cost-per-listening-hour-used/,0,true,"index,follow",,https://worthcalc.win/es/guides/smart-speaker-electricity-cost-per-listening-hour-used/,200,true,6,true,true,10,3,Coste eléctrico de un altavoz inteligente por hora: separa escucha y espera | WorthCalc,Coste eléctrico de un altavoz inteligente por hora: separa escucha y espera,486,67d2d276eb84d3a70d9280d22f455ff33e0ca314787ebd543e5257fe4817ffad
https://worthcalc.win/es/guides/software-add-on-cost-per-active-seat/,es,guide,src/content/growth-articles/es/software-add-on-cost-per-active-seat.md,200,https://worthcalc.win/es/guides/software-add-on-cost-per-active-seat/,0,true,"index,follow",,https://worthcalc.win/es/guides/software-add-on-cost-per-active-seat/,200,true,6,true,true,8,3,Coste de un complemento de software por puesto activo: separa acceso y adopción | WorthCalc,Coste de un complemento de software por puesto activo: separa acceso y adopción,345,b35248f31be27b255b0152ca5049d8d1bbe0d704042c8256c6306ad757f2588f
https://worthcalc.win/es/guides/software-seat-cost-per-active-user/,es,guide,src/content/growth-articles/es/software-seat-cost-per-active-user.md,200,https://worthcalc.win/es/guides/software-seat-cost-per-active-user/,0,true,"index,follow",,https://worthcalc.win/es/guides/software-seat-cost-per-active-user/,200,true,6,true,true,8,3,Coste por usuario activo de un software: detecta accesos sin uso | WorthCalc,Coste por usuario activo de un software: detecta accesos sin uso,344,fff848f7493cfaf3c12240903accab7a950724e44233417b50b8d511ee085b37
https://worthcalc.win/es/guides/solar-inverter-electricity-cost-per-monitoring-day-used/,es,guide,src/content/growth-articles/es/solar-inverter-electricity-cost-per-monitoring-day-used.md,200,https://worthcalc.win/es/guides/solar-inverter-electricity-cost-per-monitoring-day-used/,0,true,"index,follow",,https://worthcalc.win/es/guides/solar-inverter-electricity-cost-per-monitoring-day-used/,200,true,6,true,true,7,3,Coste eléctrico del inversor solar por día de monitorización: separa espera y conversión | WorthCalc,Coste eléctrico del inversor solar por día de monitorización: separa espera y conversión,379,58242adb52f8f859c1ca62a6bd0b4f372c8f9bd7a38ed499006fc3b16a89b1ac
https://worthcalc.win/es/guides/soldering-iron-electricity-cost-per-repair-hour-used/,es,guide,src/content/growth-articles/es/soldering-iron-electricity-cost-per-repair-hour-used.md,200,https://worthcalc.win/es/guides/soldering-iron-electricity-cost-per-repair-hour-used/,0,true,"index,follow",,https://worthcalc.win/es/guides/soldering-iron-electricity-cost-per-repair-hour-used/,200,true,6,true,true,11,3,Coste eléctrico de un soldador por hora de reparación: incluye el calentamiento | WorthCalc,Coste eléctrico de un soldador por hora de reparación: incluye el calentamiento,374,2a8c3491d17b64552536b9620168a70b85b002df1fcaece5196d8cd89cb827c9
https://worthcalc.win/es/guides/soundbar-electricity-cost-per-watched-hour-used/,es,guide,src/content/growth-articles/es/soundbar-electricity-cost-per-watched-hour-used.md,200,https://worthcalc.win/es/guides/soundbar-electricity-cost-per-watched-hour-used/,0,true,"index,follow",,https://worthcalc.win/es/guides/soundbar-electricity-cost-per-watched-hour-used/,200,true,6,true,true,10,3,Coste eléctrico de la barra de sonido por hora vista: reproducción y espera | WorthCalc,Coste eléctrico de la barra de sonido por hora vista: reproducción y espera,671,993e9413867d14ceb3e156b6288a914e09964519854beea0aa02dff6afcdc39b
https://worthcalc.win/es/guides/stand-mixer-cost-per-mixing-session-used/,es,guide,src/content/growth-articles/es/stand-mixer-cost-per-mixing-session-used.md,200,https://worthcalc.win/es/guides/stand-mixer-cost-per-mixing-session-used/,0,true,"index,follow",,https://worthcalc.win/es/guides/stand-mixer-cost-per-mixing-session-used/,200,true,6,true,true,10,3,Coste de la batidora amasadora por sesión: cuenta motor y accesorios | WorthCalc,Coste de la batidora amasadora por sesión: cuenta motor y accesorios,293,baaea714752a42f30bad85b1d0b36831d47d537f9b8e62ab07071a75a913e3e6
https://worthcalc.win/es/guides/standby-power-cost-per-day-used/,es,guide,src/content/growth-articles/es/standby-power-cost-per-day-used.md,200,https://worthcalc.win/es/guides/standby-power-cost-per-day-used/,0,true,"index,follow",,https://worthcalc.win/es/guides/standby-power-cost-per-day-used/,200,true,6,true,true,14,3,Coste diario de la energía en espera: mide la carga y el servicio que mantiene | WorthCalc,Coste diario de la energía en espera: mide la carga y el servicio que mantiene,339,b6cb4895cd4159e4edd9c82ec1a7a0f32eb74e6e8651b137b5763de86d1ab683
https://worthcalc.win/es/guides/streaming-cost-per-watched-hour/,es,guide,src/content/growth-articles/es/streaming-cost-per-watched-hour.md,200,https://worthcalc.win/es/guides/streaming-cost-per-watched-hour/,0,true,"index,follow",,https://worthcalc.win/es/guides/streaming-cost-per-watched-hour/,200,true,6,true,true,8,3,"Coste del streaming por hora vista: incluye anuncios, extras y renovación | WorthCalc","Coste del streaming por hora vista: incluye anuncios, extras y renovación",355,c130752fbbebf7bdef052961d9e7cc97e533f8b4ea0e53dea0e422a275183bef
https://worthcalc.win/es/guides/subscription-price-increase-annual-impact/,es,guide,src/content/growth-articles/es/subscription-price-increase-annual-impact.md,200,https://worthcalc.win/es/guides/subscription-price-increase-annual-impact/,0,true,"index,follow",,https://worthcalc.win/es/guides/subscription-price-increase-annual-impact/,200,true,6,true,true,7,3,Subida del precio de una suscripción: calcula su impacto anual | WorthCalc,Subida del precio de una suscripción: calcula su impacto anual,582,a3dc3ba7bf463516a0635162b3bce90b154c8d54f0972da01a543e7e1d069cb4
https://worthcalc.win/es/guides/television-electricity-cost-per-watched-hour-used/,es,guide,src/content/growth-articles/es/television-electricity-cost-per-watched-hour-used.md,200,https://worthcalc.win/es/guides/television-electricity-cost-per-watched-hour-used/,0,true,"index,follow",,https://worthcalc.win/es/guides/television-electricity-cost-per-watched-hour-used/,200,true,6,true,true,8,3,Coste eléctrico del televisor por hora vista: incluye imagen y dispositivos | WorthCalc,Coste eléctrico del televisor por hora vista: incluye imagen y dispositivos,321,2a30e9f0f6c8e465e34d2a1d7c52651851f80daf99354a5c9edfe1f7fe424531
https://worthcalc.win/es/guides/terrarium-heat-lamp-electricity-cost-per-heating-hour-used/,es,guide,src/content/growth-articles/es/terrarium-heat-lamp-electricity-cost-per-heating-hour-used.md,200,https://worthcalc.win/es/guides/terrarium-heat-lamp-electricity-cost-per-heating-hour-used/,0,true,"index,follow",,https://worthcalc.win/es/guides/terrarium-heat-lamp-electricity-cost-per-heating-hour-used/,200,true,6,true,true,11,3,Coste eléctrico de la lámpara de calor del terrario por hora: cuenta el temporizador | WorthCalc,Coste eléctrico de la lámpara de calor del terrario por hora: cuenta el temporizador,643,8f0d7706f5a80db5fefead4bcf50814edf5f15191aa8e2e8136c97c9af202197
https://worthcalc.win/es/guides/toaster-cost-per-use-used/,es,guide,src/content/growth-articles/es/toaster-cost-per-use-used.md,200,https://worthcalc.win/es/guides/toaster-cost-per-use-used/,0,true,"index,follow",,https://worthcalc.win/es/guides/toaster-cost-per-use-used/,200,true,6,true,true,10,3,Coste de la tostadora por uso | WorthCalc,Coste de la tostadora por uso,465,797c7c944633edc9a4300b9376822761fec4fe9d60559f46f40b765aeaef711a
https://worthcalc.win/es/guides/tool-rental-cost-per-project/,es,guide,src/content/growth-articles/es/tool-rental-cost-per-project.md,200,https://worthcalc.win/es/guides/tool-rental-cost-per-project/,0,true,"index,follow",,https://worthcalc.win/es/guides/tool-rental-cost-per-project/,200,true,6,true,true,8,3,Coste del alquiler de una herramienta por proyecto: compara días y propiedad | WorthCalc,Coste del alquiler de una herramienta por proyecto: compara días y propiedad,349,d56461654e37c62e479f059399c9623077445f07ef8ce75cf3d7d4d931d8c981
https://worthcalc.win/es/guides/transit-pass-cost-per-ride-used/,es,guide,src/content/growth-articles/es/transit-pass-cost-per-ride-used.md,200,https://worthcalc.win/es/guides/transit-pass-cost-per-ride-used/,0,true,"index,follow",,https://worthcalc.win/es/guides/transit-pass-cost-per-ride-used/,200,true,6,true,true,8,3,Coste del abono de transporte por viaje usado: compara trayectos y días perdidos | WorthCalc,Coste del abono de transporte por viaje usado: compara trayectos y días perdidos,350,5b9fa5991915f82895d4415ebb4c54352b0ef95a9700e0378e44f77bd5378156
https://worthcalc.win/es/guides/true-cost-of-buy-now-pay-later/,es,guide,src/content/growth-articles/es/true-cost-of-buy-now-pay-later.md,200,https://worthcalc.win/es/guides/true-cost-of-buy-now-pay-later/,0,true,"index,follow",,https://worthcalc.win/es/guides/true-cost-of-buy-now-pay-later/,200,true,6,true,true,6,3,"Coste real de comprar ahora y pagar después: suma tasas, fechas y riesgo | WorthCalc","Coste real de comprar ahora y pagar después: suma tasas, fechas y riesgo",439,14a6aa538a500962b44ad3d2a35d9340ad6656855a1e009599ab81ef1f03c11e
https://worthcalc.win/es/guides/true-cost-of-convenience-delivery/,es,guide,src/content/growth-articles/es/true-cost-of-convenience-delivery.md,200,https://worthcalc.win/es/guides/true-cost-of-convenience-delivery/,0,true,"index,follow",,https://worthcalc.win/es/guides/true-cost-of-convenience-delivery/,200,true,6,true,true,12,3,"Coste real de la entrega por comodidad: suma tasas, propina y tiempo | WorthCalc","Coste real de la entrega por comodidad: suma tasas, propina y tiempo",475,2236c10e946c161a1855610e03836d37c132798a2e17badc528e7947c7ad86a8
https://worthcalc.win/es/guides/true-cost-of-extended-warranty/,es,guide,src/content/growth-articles/es/true-cost-of-extended-warranty.md,200,https://worthcalc.win/es/guides/true-cost-of-extended-warranty/,0,true,"index,follow",,https://worthcalc.win/es/guides/true-cost-of-extended-warranty/,200,true,6,true,true,6,3,Coste real de una garantía ampliada: compara cobertura y reserva de reparación | WorthCalc,Coste real de una garantía ampliada: compara cobertura y reserva de reparación,424,7c0be6036deb9de0dbdd4ba5f0911845e82f6331fce495664aef2ca004188e9b
https://worthcalc.win/es/guides/true-cost-of-free-shipping-threshold/,es,guide,src/content/growth-articles/es/true-cost-of-free-shipping-threshold.md,200,https://worthcalc.win/es/guides/true-cost-of-free-shipping-threshold/,0,true,"index,follow",,https://worthcalc.win/es/guides/true-cost-of-free-shipping-threshold/,200,true,6,true,true,7,3,Coste real del umbral de envío gratis: ¿cuándo te hace gastar más? | WorthCalc,Coste real del umbral de envío gratis: ¿cuándo te hace gastar más?,449,abfe54da3c92292c9d33d72fcb47416500220df7e8687ee67a73d8a6915158d1
https://worthcalc.win/es/guides/true-cost-of-home-service-plan/,es,guide,src/content/growth-articles/es/true-cost-of-home-service-plan.md,200,https://worthcalc.win/es/guides/true-cost-of-home-service-plan/,0,true,"index,follow",,https://worthcalc.win/es/guides/true-cost-of-home-service-plan/,200,true,6,true,true,6,3,Coste real de un plan de servicios del hogar: valora el uso real | WorthCalc,Coste real de un plan de servicios del hogar: valora el uso real,397,725e3f174bff05d96be767b5cc7ac67b9b94bb2ea41851f5d3b46d356351502e
https://worthcalc.win/es/guides/true-cost-of-rental-car/,es,guide,src/content/growth-articles/es/true-cost-of-rental-car.md,200,https://worthcalc.win/es/guides/true-cost-of-rental-car/,0,true,"index,follow",,https://worthcalc.win/es/guides/true-cost-of-rental-car/,200,true,6,true,true,6,3,"Coste real de un coche de alquiler: suma combustible, seguro, depósitos y tiempo | WorthCalc","Coste real de un coche de alquiler: suma combustible, seguro, depósitos y tiempo",410,44f331107f8a80de7f022577b318848a1fd1928089bab3fa56a247fd0e758044
https://worthcalc.win/es/guides/true-cost-of-upgrade-feature/,es,guide,src/content/growth-articles/es/true-cost-of-upgrade-feature.md,200,https://worthcalc.win/es/guides/true-cost-of-upgrade-feature/,0,true,"index,follow",,https://worthcalc.win/es/guides/true-cost-of-upgrade-feature/,200,true,6,true,true,6,3,"Coste real de mejorar una función: mide valor incremental, no la lista | WorthCalc","Coste real de mejorar una función: mide valor incremental, no la lista",418,ffd45daf29fce3895cfada8b8796e36d7f05f1f302a0f43c380bf8a0ac135d12
https://worthcalc.win/es/guides/unused-membership-capacity-cost/,es,guide,src/content/growth-articles/es/unused-membership-capacity-cost.md,200,https://worthcalc.win/es/guides/unused-membership-capacity-cost/,0,true,"index,follow",,https://worthcalc.win/es/guides/unused-membership-capacity-cost/,200,true,6,true,true,11,3,Capacidad de membresía sin usar: calcula el coste de los beneficios perdidos | WorthCalc,Capacidad de membresía sin usar: calcula el coste de los beneficios perdidos,290,addf4e1191288809271d9768ee51ef55c62b64dd77fb40c0280a8cdca97b7f1d
https://worthcalc.win/es/guides/usb-charging-hub-electricity-cost-per-charging-session-used/,es,guide,src/content/growth-articles/es/usb-charging-hub-electricity-cost-per-charging-session-used.md,200,https://worthcalc.win/es/guides/usb-charging-hub-electricity-cost-per-charging-session-used/,0,true,"index,follow",,https://worthcalc.win/es/guides/usb-charging-hub-electricity-cost-per-charging-session-used/,200,true,6,true,true,11,3,Coste de un hub de carga USB por sesión: mide los dispositivos juntos | WorthCalc,Coste de un hub de carga USB por sesión: mide los dispositivos juntos,458,f6ede49757aa5062cfd790d5eb3fe2168b79c312302868c59b99ac2434d63676
https://worthcalc.win/es/guides/vacuum-cleaner-electricity-cost-per-cleaning-hour-used/,es,guide,src/content/growth-articles/es/vacuum-cleaner-electricity-cost-per-cleaning-hour-used.md,200,https://worthcalc.win/es/guides/vacuum-cleaner-electricity-cost-per-cleaning-hour-used/,0,true,"index,follow",,https://worthcalc.win/es/guides/vacuum-cleaner-electricity-cost-per-cleaning-hour-used/,200,true,6,true,true,9,3,Coste eléctrico de la aspiradora por hora de limpieza: mide la sesión real | WorthCalc,Coste eléctrico de la aspiradora por hora de limpieza: mide la sesión real,336,530cf80cba4db8c1072aca2d48ccae4a83bdb6e5e013f76ec5b62d3b8b2579c8
https://worthcalc.win/es/guides/waffle-maker-cost-per-cooking-cycle-used/,es,guide,src/content/growth-articles/es/waffle-maker-cost-per-cooking-cycle-used.md,200,https://worthcalc.win/es/guides/waffle-maker-cost-per-cooking-cycle-used/,0,true,"index,follow",,https://worthcalc.win/es/guides/waffle-maker-cost-per-cooking-cycle-used/,200,true,6,true,true,10,3,Coste de la gofrera por ciclo: incluye precalentamiento y placas repetidas | WorthCalc,Coste de la gofrera por ciclo: incluye precalentamiento y placas repetidas,298,10e43e87b1cdc898c044974ff189031b70e3508c2313123006afb951f3f78deb
https://worthcalc.win/es/guides/water-bill-cost-per-gallon-used/,es,guide,src/content/growth-articles/es/water-bill-cost-per-gallon-used.md,200,https://worthcalc.win/es/guides/water-bill-cost-per-gallon-used/,0,true,"index,follow",,https://worthcalc.win/es/guides/water-bill-cost-per-gallon-used/,200,true,6,true,true,9,3,Coste del agua por galón usado: incluye alcantarillado y cargos fijos | WorthCalc,Coste del agua por galón usado: incluye alcantarillado y cargos fijos,413,dc8eb358aca5b13e2a49c9f97f33185e925c58dd1e34b2a31c141e0615a1b8d2
https://worthcalc.win/es/guides/water-cooler-electricity-cost-per-cooling-day-used/,es,guide,src/content/growth-articles/es/water-cooler-electricity-cost-per-cooling-day-used.md,200,https://worthcalc.win/es/guides/water-cooler-electricity-cost-per-cooling-day-used/,0,true,"index,follow",,https://worthcalc.win/es/guides/water-cooler-electricity-cost-per-cooling-day-used/,200,true,6,true,true,11,3,Coste eléctrico de un dispensador de agua por día de frío: separa modos | WorthCalc,Coste eléctrico de un dispensador de agua por día de frío: separa modos,439,268cde242d6305e25d737720e7497ae05955eef06b61204411c16f29ae5dcdc5
https://worthcalc.win/es/guides/water-heater-cost-per-gallon-heated/,es,guide,src/content/growth-articles/es/water-heater-cost-per-gallon-heated.md,200,https://worthcalc.win/es/guides/water-heater-cost-per-gallon-heated/,0,true,"index,follow",,https://worthcalc.win/es/guides/water-heater-cost-per-gallon-heated/,200,true,6,true,true,9,3,Coste del calentador por galón calentado: separa agua caliente entregada y espera | WorthCalc,Coste del calentador por galón calentado: separa agua caliente entregada y espera,301,89c419b644b22945d0525669a3ca058b0372181661423a0430a0b03166dd3594
https://worthcalc.win/es/guides/webcam-electricity-cost-per-meeting-hour-used/,es,guide,src/content/growth-articles/es/webcam-electricity-cost-per-meeting-hour-used.md,200,https://worthcalc.win/es/guides/webcam-electricity-cost-per-meeting-hour-used/,0,true,"index,follow",,https://worthcalc.win/es/guides/webcam-electricity-cost-per-meeting-hour-used/,200,true,6,true,true,11,3,Coste eléctrico de una webcam por hora de reunión: separa cámara y luz | WorthCalc,Coste eléctrico de una webcam por hora de reunión: separa cámara y luz,488,9b1dfb4e2e755553b36002abf099d9245f84f421f5b927eaf84942f66114befb
https://worthcalc.win/es/gym-membership-cost-per-visit/,es,editorial,,200,https://worthcalc.win/es/gym-membership-cost-per-visit/,0,true,"index, follow, max-image-preview:large",,https://worthcalc.win/es/gym-membership-cost-per-visit/,200,true,5,true,true,7,3,Coste por visita al gimnasio: cuántas veces debes ir para que compense | WorthCalc,Coste por visita al gimnasio: cuántas veces debes ir para que compense,1032,1a7f0b062f33484dd1d8e36efe0d6d94173055cda7ca7d72f4ac41511addceeb
https://worthcalc.win/es/home-vs-public-ev-charging-cost/,es,editorial,,200,https://worthcalc.win/es/home-vs-public-ev-charging-cost/,0,true,"index, follow, max-image-preview:large",,https://worthcalc.win/es/home-vs-public-ev-charging-cost/,200,true,5,true,true,7,3,Carga en casa o pública: cuánto cuesta realmente recorrer un kilómetro en coche eléctrico | WorthCalc,Carga en casa o pública: cuánto cuesta realmente recorrer un kilómetro en coche eléctrico,1335,f1dcb37fef1f99b2eecb94ff407d589bcb91075f0208df6f4344dee5091abdf4
https://worthcalc.win/es/hourly-vs-annual-salary/,es,editorial,,200,https://worthcalc.win/es/hourly-vs-annual-salary/,0,true,"index, follow, max-image-preview:large",,https://worthcalc.win/es/hourly-vs-annual-salary/,200,true,5,true,true,7,3,12 pagas o 14 pagas: por qué tu nómina no dice lo que ganas por hora | WorthCalc,12 pagas o 14 pagas: por qué tu nómina no dice lo que ganas por hora,1045,40f0c8062f592b906492483e5451e85d16631fe42413dda0181a316680d95226
https://worthcalc.win/es/how-compound-growth-works/,es,editorial,,200,https://worthcalc.win/es/how-compound-growth-works/,0,true,"index, follow, max-image-preview:large",,https://worthcalc.win/es/how-compound-growth-works/,200,true,5,true,true,7,3,"Interés compuesto en España: letras del Tesoro, aportaciones y el IPC del INE | WorthCalc","Interés compuesto en España: letras del Tesoro, aportaciones y el IPC del INE",1023,93c75d2b4c1884d6c888f4954bcc8e1acea002734d7e22db3550bb18f7a63b9e
https://worthcalc.win/es/how-much-home-can-you-afford/,es,editorial,,200,https://worthcalc.win/es/how-much-home-can-you-afford/,0,true,"index, follow, max-image-preview:large",,https://worthcalc.win/es/how-much-home-can-you-afford/,200,true,5,true,true,7,3,Cuánto piso puedes comprar en España: el precio no es solo el precio | WorthCalc,Cuánto piso puedes comprar en España: el precio no es solo el precio,1146,a5408da101845463ed4a46bc29c931c8cd2cc5000c0f4320a3ee4700a27e45b6
https://worthcalc.win/es/how-to-calculate-dti/,es,editorial,,200,https://worthcalc.win/es/how-to-calculate-dti/,0,true,"index, follow, max-image-preview:large",,https://worthcalc.win/es/how-to-calculate-dti/,200,true,5,true,true,7,3,Ratio de endeudamiento en España: la regla del 35% explicada | WorthCalc,Ratio de endeudamiento en España: la regla del 35% explicada,1229,38a5fe1430a6af38efb460686f6606d396274dcb97b03079f0590efca5db3a24
https://worthcalc.win/es/,es,home,src/pages/[locale]/index.astro,200,https://worthcalc.win/es/,0,true,"index, follow, max-image-preview:large",,https://worthcalc.win/es/,200,true,6,true,true,671,1,Calculadoras transparentes para decisiones de dinero | WorthCalc,"Antes de pagar, calcula el coste real.",1171,031eb531a25b24846eab97aac9e0533c5194fc16d772c984f8fc353b602686b4
https://worthcalc.win/es/is-an-extended-warranty-worth-it/,es,editorial,,200,https://worthcalc.win/es/is-an-extended-warranty-worth-it/,0,true,"index, follow, max-image-preview:large",,https://worthcalc.win/es/is-an-extended-warranty-worth-it/,200,true,5,true,true,6,3,"¿Merece la pena una garantía ampliada? Precio, riesgo de avería y reparación | WorthCalc","¿Merece la pena una garantía ampliada? Precio, riesgo de avería y reparación",846,553a4ddfc399df9b8be2a196d2436d895c99316f2a2b7a9213ce54913c5e6429
https://worthcalc.win/es/is-costco-executive-membership-worth-it/,es,editorial,,200,https://worthcalc.win/es/is-costco-executive-membership-worth-it/,0,true,"index, follow, max-image-preview:large",,https://worthcalc.win/es/is-costco-executive-membership-worth-it/,200,true,6,true,true,6,3,"¿Existe Costco Executive en España? Cuota, 2% y respuesta para 2026 | WorthCalc","¿Existe Costco Executive en España? Cuota, 2% y respuesta para 2026",623,12b4c62a6b75193f6128a121df674134aa833e7f8b0f1e282ee69144caf9b858
https://worthcalc.win/es/meal-prep-vs-takeout-cost/,es,editorial,,200,https://worthcalc.win/es/meal-prep-vs-takeout-cost/,0,true,"index, follow, max-image-preview:large",,https://worthcalc.win/es/meal-prep-vs-takeout-cost/,200,true,5,true,true,6,3,Cocinar por lotes o pedir comida: coste por ración con tiempo y merma | WorthCalc,Cocinar por lotes o pedir comida: coste por ración con tiempo y merma,658,bc7914b86570450fd8fe8ff7dbf4cd99ba722363cb2236af3e9708fe90f24050
https://worthcalc.win/es/monthly-vs-annual-subscription/,es,editorial,,200,https://worthcalc.win/es/monthly-vs-annual-subscription/,0,true,"index, follow, max-image-preview:large",,https://worthcalc.win/es/monthly-vs-annual-subscription/,200,true,6,true,true,7,3,Suscripción mensual o anual: cuándo compensa pagar por adelantado | WorthCalc,Suscripción mensual o anual: cuándo compensa pagar por adelantado,1191,ec59467cb0fae94a70c3c6311ab8581db14955c74dad8ae993709b6f46310a69
https://worthcalc.win/es/new-vs-used-car-total-cost/,es,editorial,,200,https://worthcalc.win/es/new-vs-used-car-total-cost/,0,true,"index, follow, max-image-preview:large",,https://worthcalc.win/es/new-vs-used-car-total-cost/,200,true,6,true,true,8,3,"Coche nuevo o usado: comparar depreciación, reparaciones, financiación y reventa | WorthCalc","Coche nuevo o usado: comparar depreciación, reparaciones, financiación y reventa",1417,69a4896967f7db15d61bff4c64f146c453d5795cabb54e28b2b764aeff8c1ec5
https://worthcalc.win/es/paid-membership-break-even/,es,editorial,,200,https://worthcalc.win/es/paid-membership-break-even/,0,true,"index, follow, max-image-preview:large",,https://worthcalc.win/es/paid-membership-break-even/,200,true,5,true,true,8,3,Cómo calcular cuándo compensa una membresía de pago | WorthCalc,Cómo calcular cuándo compensa una membresía de pago,746,ea8a0491242013fb69c8e362c37200215559aa5360a3f0d4cfe60a82f19f3292
https://worthcalc.win/es/pay-raise-vs-inflation-purchasing-power/,es,editorial,,200,https://worthcalc.win/es/pay-raise-vs-inflation-purchasing-power/,0,true,"index, follow, max-image-preview:large",,https://worthcalc.win/es/pay-raise-vs-inflation-purchasing-power/,200,true,5,true,true,7,2,Subida salarial e inflación: ¿aumentó tu poder adquisitivo? | WorthCalc,Subida salarial e inflación: ¿aumentó tu poder adquisitivo?,658,d01639c9beec2d05fe349f7fa73031b416755179d8f9d3d00b2250f634235e12
https://worthcalc.win/es/price-per-wear-clothing-shoes/,es,editorial,,200,https://worthcalc.win/es/price-per-wear-clothing-shoes/,0,true,"index, follow, max-image-preview:large",,https://worthcalc.win/es/price-per-wear-clothing-shoes/,200,true,5,true,true,6,3,Coste por uso de ropa y calzado: comparar por veces reales | WorthCalc,Coste por uso de ropa y calzado: comparar por veces reales,576,32d335991dc045375f81baf9e5aa480015ba69b75606eb28d052d91c33141c41
https://worthcalc.win/es/privacy/,es,legal,src/pages/[locale]/[legal].astro,200,https://worthcalc.win/es/privacy/,0,true,"index, follow, max-image-preview:large",,https://worthcalc.win/es/privacy/,200,true,5,true,true,227,2,Política de privacidad de WorthCalc | WorthCalc,Política de privacidad de WorthCalc,524,9f7248578c8bfb789e01854cc96d01a19ec2ad2865776d30f2796929b2291839
https://worthcalc.win/es/rent-vs-buy-breakeven-year/,es,editorial,,200,https://worthcalc.win/es/rent-vs-buy-breakeven-year/,0,true,"index, follow, max-image-preview:large",,https://worthcalc.win/es/rent-vs-buy-breakeven-year/,200,true,5,true,true,7,3,Cuántos años debes quedarte para que comprar pueda ser mejor que alquilar | WorthCalc,Cuántos años debes quedarte para que comprar pueda ser mejor que alquilar,1408,03d771ad09e1634187b15ebdec43ee4be0589a407451d7dd961c325634d3f1fb
https://worthcalc.win/es/rent-vs-buy-guide/,es,editorial,,200,https://worthcalc.win/es/rent-vs-buy-guide/,0,true,"index, follow, max-image-preview:large",,https://worthcalc.win/es/rent-vs-buy-guide/,200,true,5,true,true,8,2,Alquilar o comprar: los datos que realmente cambian el resultado | WorthCalc,Alquilar o comprar: los datos que realmente cambian el resultado,1216,f6d80605af4e675032cea17f0b86497f19714730efc948cb3e6086d1770d16db
https://worthcalc.win/es/repair-or-replace-decision-formula/,es,editorial,,200,https://worthcalc.win/es/repair-or-replace-decision-formula/,0,true,"index, follow, max-image-preview:large",,https://worthcalc.win/es/repair-or-replace-decision-formula/,200,true,5,true,true,6,3,"Reparar o sustituir: una fórmula práctica para electrodomésticos, móviles y coches | WorthCalc","Reparar o sustituir: una fórmula práctica para electrodomésticos, móviles y coches",882,18113f5c9f748ba753a4862723c7af3d96d88fc93ebe99faa6afc4bba6e04b7c
https://worthcalc.win/es/reusable-vs-disposable-break-even/,es,editorial,,200,https://worthcalc.win/es/reusable-vs-disposable-break-even/,0,true,"index, follow, max-image-preview:large",,https://worthcalc.win/es/reusable-vs-disposable-break-even/,200,true,5,true,true,6,3,Reutilizable o desechable: coste por uso y punto de equilibrio real | WorthCalc,Reutilizable o desechable: coste por uso y punto de equilibrio real,580,366ee9334e4f01f42458748409f7131ef2ab68bf6c5ca43ca862af422be24f25
https://worthcalc.win/es/snowball-vs-avalanche/,es,editorial,,200,https://worthcalc.win/es/snowball-vs-avalanche/,0,true,"index, follow, max-image-preview:large",,https://worthcalc.win/es/snowball-vs-avalanche/,200,true,5,true,true,7,3,Bola de nieve o avalancha: por qué la tarjeta revolving va siempre primero | WorthCalc,Bola de nieve o avalancha: por qué la tarjeta revolving va siempre primero,1095,20733b025105e25fcd8a560f6b730228209c70f5a59d782a0a8209e090f7af8e
https://worthcalc.win/es/subscription-creep/,es,editorial,,200,https://worthcalc.win/es/subscription-creep/,0,true,"index, follow, max-image-preview:large",,https://worthcalc.win/es/subscription-creep/,200,true,5,true,true,8,3,Auditoría de suscripciones: calcula tu gasto anual real | WorthCalc,Auditoría de suscripciones: calcula tu gasto anual real,934,2051c1576a08b944daf342fa115710a5f779d3ba9e9837fbb89947ea42822e8e
https://worthcalc.win/es/terms/,es,legal,src/pages/[locale]/[legal].astro,200,https://worthcalc.win/es/terms/,0,true,"index, follow, max-image-preview:large",,https://worthcalc.win/es/terms/,200,true,6,true,true,227,2,Condiciones de uso de WorthCalc | WorthCalc,Condiciones de uso de WorthCalc,408,2b025b30a2e8f81a53ea6bf3c3c9b4f4dea40e803a8bf53f510f725f4b974f36
https://worthcalc.win/es/tools/budget-builder/,es,calculator,src/content/growth-tools/es/budget-builder.md,200,https://worthcalc.win/es/tools/budget-builder/,0,true,"index, follow, max-image-preview:large",,https://worthcalc.win/es/tools/budget-builder/,200,true,5,true,true,21,3,Planificador de presupuesto para ingresos irregulares (España) | WorthCalc,Planificador de presupuesto para ingresos irregulares (España),675,5c40be368b3b016c4afbd80732aa48492d4aaaed2609b1c72d3fda016e938857
https://worthcalc.win/es/tools/car-affordability/,es,calculator,src/content/growth-tools/es/car-affordability.md,200,https://worthcalc.win/es/tools/car-affordability/,0,true,"index, follow, max-image-preview:large",,https://worthcalc.win/es/tools/car-affordability/,200,true,5,true,true,7,3,Calculadora de coche asequible (España) | WorthCalc,Calculadora de coche asequible (España),741,5afc558b18f00627db4ea12dc51853706b23036a7e66d8068dd929d75e9bf2f5
https://worthcalc.win/es/tools/cashback-breakeven/,es,calculator,src/pages/[locale]/tools/[tool].astro,200,https://worthcalc.win/es/tools/cashback-breakeven/,0,true,"index, follow, max-image-preview:large",,https://worthcalc.win/es/tools/cashback-breakeven/,200,true,5,true,true,7,2,Calculadora de equilibrio de cashback y cuota de tarjeta | WorthCalc,Calculadora de equilibrio de cashback y cuota de tarjeta,766,0b893daffa658f443d965784c1dc4258bbaa71c5526f090dbd814da8dfbc6623
https://worthcalc.win/es/tools/commute-cost/,es,calculator,src/pages/[locale]/tools/[tool].astro,200,https://worthcalc.win/es/tools/commute-cost/,0,true,"index, follow, max-image-preview:large",,https://worthcalc.win/es/tools/commute-cost/,200,true,6,true,true,7,2,Calculadora del coste completo de ir al trabajo | WorthCalc,Calculadora del coste completo de ir al trabajo,864,552c88e421c69adfe96972ad4717c3553b1027e1ac3ec6962cb1b54b644cac2b
https://worthcalc.win/es/tools/compound-growth/,es,calculator,src/content/growth-tools/es/compound-growth.md,200,https://worthcalc.win/es/tools/compound-growth/,0,true,"index, follow, max-image-preview:large",,https://worthcalc.win/es/tools/compound-growth/,200,true,5,true,true,8,2,Calculadora de interés compuesto (España) | WorthCalc,Calculadora de interés compuesto (España),683,67c0d2d8d4065a0df76546723d312aef9d30f86c3a137e61cd04f833c98e8504
https://worthcalc.win/es/tools/costco-membership/,es,calculator,src/pages/[locale]/tools/[tool].astro,200,https://worthcalc.win/es/tools/costco-membership/,0,true,"index, follow, max-image-preview:large",,https://worthcalc.win/es/tools/costco-membership/,200,true,5,true,true,8,2,Calculadora de rentabilidad de la membresía Costco España | WorthCalc,Calculadora de rentabilidad de la membresía Costco España,719,f50260190b5bda754da42e32b0ff2316e8a2a0dbb7b3ea795766c17b216084ab
https://worthcalc.win/es/tools/credit-card-payoff/,es,calculator,src/content/growth-tools/es/credit-card-payoff.md,200,https://worthcalc.win/es/tools/credit-card-payoff/,0,true,"index, follow, max-image-preview:large",,https://worthcalc.win/es/tools/credit-card-payoff/,200,true,5,true,true,7,3,Calculadora de pago de tarjeta revolving (España) | WorthCalc,Calculadora de pago de tarjeta revolving (España),725,ae7926c3bb5c49378d78dca5b5747887ad01abadc08bc558175cb46d900f3527
https://worthcalc.win/es/tools/debt-strategy/,es,calculator,src/content/growth-tools/es/debt-strategy.md,200,https://worthcalc.win/es/tools/debt-strategy/,0,true,"index, follow, max-image-preview:large",,https://worthcalc.win/es/tools/debt-strategy/,200,true,5,true,true,7,3,Calculadora bola de nieve vs avalancha (España) | WorthCalc,Calculadora bola de nieve vs avalancha (España),741,a6ec359e2662fc41599a4e014a4f1e19f324253bab2335212393ddb25a9277a5
https://worthcalc.win/es/tools/dti-calculator/,es,calculator,src/content/growth-tools/es/dti-calculator.md,200,https://worthcalc.win/es/tools/dti-calculator/,0,true,"index, follow, max-image-preview:large",,https://worthcalc.win/es/tools/dti-calculator/,200,true,5,true,true,8,2,Calculadora de ratio de endeudamiento (España) | WorthCalc,Calculadora de ratio de endeudamiento (España),790,a12992d5439c073b8520159b9432ab56a1bc24903e2223c6ee346d32efce026a
https://worthcalc.win/es/tools/ev-vs-gas/,es,calculator,src/pages/[locale]/tools/[tool].astro,200,https://worthcalc.win/es/tools/ev-vs-gas/,0,true,"index, follow, max-image-preview:large",,https://worthcalc.win/es/tools/ev-vs-gas/,200,true,6,true,true,7,2,Calculadora de coste total: coche eléctrico o gasolina | WorthCalc,Calculadora de coste total: coche eléctrico o gasolina,937,1ce52f655dcd110b515bd0c2e91c80a29d377d5b0ef0e2523a5b1cfbf3321f97
https://worthcalc.win/es/tools/home-affordability/,es,calculator,src/content/growth-tools/es/home-affordability.md,200,https://worthcalc.win/es/tools/home-affordability/,0,true,"index, follow, max-image-preview:large",,https://worthcalc.win/es/tools/home-affordability/,200,true,5,true,true,8,2,Calculadora de vivienda asequible (España) | WorthCalc,Calculadora de vivienda asequible (España),794,69d0502a28e4fdb7a0a04e98bcbe76ec3bfd580e5892b32607bb3fc5cb661bed
https://worthcalc.win/es/tools/,es,tools-directory,src/pages/[locale]/tools/index.astro,200,https://worthcalc.win/es/tools/,0,true,"index, follow, max-image-preview:large",,https://worthcalc.win/es/tools/,200,true,6,true,true,888,2,Todas las calculadoras | WorthCalc,Todas las calculadoras,677,c162f7788d6f50bfbe308522dbe7701115097988e187e5c7ca852019bceedcdc
https://worthcalc.win/es/tools/installment-true-apr/,es,calculator,src/pages/[locale]/tools/[tool].astro,200,https://worthcalc.win/es/tools/installment-true-apr/,0,true,"index, follow, max-image-preview:large",,https://worthcalc.win/es/tools/installment-true-apr/,200,true,6,true,true,9,2,Calculadora de TAE real para compras a plazos | WorthCalc,Calculadora de TAE real para compras a plazos,669,1dde6de6bb4ba91bb379e49eb87fcf687d2849dff1ff85314235d2132ad95ec6
https://worthcalc.win/es/tools/latte-factor/,es,calculator,src/pages/[locale]/tools/[tool].astro,200,https://worthcalc.win/es/tools/latte-factor/,0,true,"index, follow, max-image-preview:large",,https://worthcalc.win/es/tools/latte-factor/,200,true,5,true,true,6,3,Calculadora del factor latte y gastos pequeños repetidos | WorthCalc,Calculadora del factor latte y gastos pequeños repetidos,796,a40ba507de8997abb1d2e7e3685dde202cca14727895d03dfbdb77765bbe8217
https://worthcalc.win/es/tools/mortgage-payoff/,es,calculator,src/content/growth-tools/es/mortgage-payoff.md,200,https://worthcalc.win/es/tools/mortgage-payoff/,0,true,"index, follow, max-image-preview:large",,https://worthcalc.win/es/tools/mortgage-payoff/,200,true,5,true,true,7,3,Calculadora de amortización anticipada de hipoteca | WorthCalc,Calculadora de amortización anticipada de hipoteca,764,310200a1c299c78dfd44d33707aaf39592b9f55d03ab64397dabae297a37b541
https://worthcalc.win/es/tools/rent-vs-buy/,es,calculator,src/pages/[locale]/tools/[tool].astro,200,https://worthcalc.win/es/tools/rent-vs-buy/,0,true,"index, follow, max-image-preview:large",,https://worthcalc.win/es/tools/rent-vs-buy/,200,true,6,true,true,7,2,Calculadora de alquiler o compra de vivienda en España | WorthCalc,Calculadora de alquiler o compra de vivienda en España,892,75d728d78bd97d1a48b1ebd5404665d1a4fa23d8caf578bbaacad032ef771ed5
https://worthcalc.win/es/tools/salary-converter/,es,calculator,src/content/growth-tools/es/salary-converter.md,200,https://worthcalc.win/es/tools/salary-converter/,0,true,"index, follow, max-image-preview:large",,https://worthcalc.win/es/tools/salary-converter/,200,true,5,true,true,7,3,"Conversor de salario por hora, mensual y anual (España) | WorthCalc","Conversor de salario por hora, mensual y anual (España)",684,ca229f453dbc349dd655c2d8dd32f8988a0f17770e61e32022ecdd7c298c67bc
https://worthcalc.win/es/tools/subscription-audit/,es,calculator,src/pages/[locale]/tools/[tool].astro,200,https://worthcalc.win/es/tools/subscription-audit/,0,true,"index, follow, max-image-preview:large",,https://worthcalc.win/es/tools/subscription-audit/,200,true,5,true,true,10,2,Calculadora de gastos en suscripciones y renovaciones | WorthCalc,Calculadora de gastos en suscripciones y renovaciones,597,89b158887a7dbad511372f21b97808ac28d7e743c80280b34c570c26e5d86e75
https://worthcalc.win/es/true-cost-of-car-ownership/,es,editorial,,200,https://worthcalc.win/es/true-cost-of-car-ownership/,0,true,"index, follow, max-image-preview:large",,https://worthcalc.win/es/true-cost-of-car-ownership/,200,true,6,true,true,7,3,El coste real de tener un coche en España: lo que la cuota de financiación no cuenta | WorthCalc,El coste real de tener un coche en España: lo que la cuota de financiación no cuenta,1048,6d4b765806fecc5689955423fee98a555408dc08bf7f5c3f2d4786098a384044
https://worthcalc.win/es/true-hourly-wage-after-commuting-work-expenses/,es,editorial,,200,https://worthcalc.win/es/true-hourly-wage-after-commuting-work-expenses/,0,true,"index, follow, max-image-preview:large",,https://worthcalc.win/es/true-hourly-wage-after-commuting-work-expenses/,200,true,5,true,true,8,2,Cómo calcular tu salario real por hora tras desplazamientos y gastos | WorthCalc,Cómo calcular tu salario real por hora tras desplazamientos y gastos,674,c125b4d4b1e392f1462752ce9b14d8a9c57b5ed92853022a2d2564bf9a3f1349
https://worthcalc.win/es/upfront-fees-financing-cost/,es,editorial,,200,https://worthcalc.win/es/upfront-fees-financing-cost/,0,true,"index, follow, max-image-preview:large",,https://worthcalc.win/es/upfront-fees-financing-cost/,200,true,5,true,true,8,3,Cómo afectan las comisiones iniciales al coste real de la financiación | WorthCalc,Cómo afectan las comisiones iniciales al coste real de la financiación,1449,c42a1a5125b3c96a7fade84ccb7b9fb81f37390513b299acfe06140a4c9eb47d
https://worthcalc.win/es/upgrade-your-phone-or-keep-it/,es,editorial,,200,https://worthcalc.win/es/upgrade-your-phone-or-keep-it/,0,true,"index, follow, max-image-preview:large",,https://worthcalc.win/es/upgrade-your-phone-or-keep-it/,200,true,5,true,true,6,3,"¿Cambiar de móvil o conservarlo? Reparación, recompra, tarifa y coste mensual | WorthCalc","¿Cambiar de móvil o conservarlo? Reparación, recompra, tarifa y coste mensual",890,b75d697a2db73c45781c471400623af0b1fc2960fa6ec3b5d6519f4b54f35e4b
https://worthcalc.win/es/work-from-home-vs-commuting-hidden-costs/,es,editorial,,200,https://worthcalc.win/es/work-from-home-vs-commuting-hidden-costs/,0,true,"index, follow, max-image-preview:large",,https://worthcalc.win/es/work-from-home-vs-commuting-hidden-costs/,200,true,5,true,true,7,3,Teletrabajo o desplazamiento: comparar los costes mensuales ocultos | WorthCalc,Teletrabajo o desplazamiento: comparar los costes mensuales ocultos,1026,9c63b7a12a01e62404a362b8eb8b79e4db8b960a186e059de200a9760c2e33d9
https://worthcalc.win/es/zero-interest-installments-truth/,es,editorial,,200,https://worthcalc.win/es/zero-interest-installments-truth/,0,true,"index, follow, max-image-preview:large",,https://worthcalc.win/es/zero-interest-installments-truth/,200,true,6,true,true,10,2,Cómo calcular el coste real de una compra a plazos sin intereses | WorthCalc,Cómo calcular el coste real de una compra a plazos sin intereses,1011,cdfed975afe31717862d56c490d2d158f7571538ab725cc8184ceaacc1c77769
https://worthcalc.win/fr/about/,fr,legal,src/pages/[locale]/[legal].astro,200,https://worthcalc.win/fr/about/,0,true,"index, follow, max-image-preview:large",,https://worthcalc.win/fr/about/,200,true,5,true,true,139,2,"À propos de WorthCalc : méthode, indépendance et contrôles | WorthCalc","À propos de WorthCalc : méthode, indépendance et contrôles",370,9a268fa8cacc6027c3202233c548faa63da71dc7f934d3d70af1b16c7d78e163
https://worthcalc.win/fr/annual-fee-card-breakeven/,fr,editorial,,200,https://worthcalc.win/fr/annual-fee-card-breakeven/,0,true,"index, follow, max-image-preview:large",,https://worthcalc.win/fr/annual-fee-card-breakeven/,200,true,6,true,true,8,2,Quel montant dépenser pour amortir la cotisation annuelle d’une carte ? | WorthCalc,Quel montant dépenser pour amortir la cotisation annuelle d’une carte ?,1105,cf49dc0bc5b2db5f4e1215000549bf454f93ab959b51582ed590a8684f341655
https://worthcalc.win/fr/bnpl-vs-credit-card-installments/,fr,editorial,,200,https://worthcalc.win/fr/bnpl-vs-credit-card-installments/,0,true,"index, follow, max-image-preview:large",,https://worthcalc.win/fr/bnpl-vs-credit-card-installments/,200,true,5,true,true,7,3,"Paiement fractionné ou carte de crédit : comparez coût, calendrier et impayé | WorthCalc","Paiement fractionné ou carte de crédit : comparez coût, calendrier et impayé",1530,9527b68c32236c4b3e4f2be5d384e52352c555aa9a6652c9f913d2c0e8413e6c
https://worthcalc.win/fr/budget-with-irregular-income/,fr,editorial,,200,https://worthcalc.win/fr/budget-with-irregular-income/,0,true,"index, follow, max-image-preview:large",,https://worthcalc.win/fr/budget-with-irregular-income/,200,true,5,true,true,7,3,Budget d&#39;auto-entrepreneur : transformer un chiffre d&#39;affaires irrégulier en revenu mensuel | WorthCalc,Budget d&#39;auto-entrepreneur : transformer un chiffre d&#39;affaires irrégulier en revenu mensuel,1231,053bb7e7081b2682ca8fc307b987946a845f3751a318ae86fe33c9f995f23889
https://worthcalc.win/fr/bulk-buying-vs-small-packages/,fr,editorial,,200,https://worthcalc.win/fr/bulk-buying-vs-small-packages/,0,true,"index, follow, max-image-preview:large",,https://worthcalc.win/fr/bulk-buying-vs-small-packages/,200,true,5,true,true,8,3,"Grand ou petit format : coût utile, pertes, DLC et stockage | WorthCalc","Grand ou petit format : coût utile, pertes, DLC et stockage",712,5988adb9c2e8321f7e5c342d5b29debaee23d16859c69eb54b8852ed78697c41
https://worthcalc.win/fr/bulk-buying-waste-math/,fr,editorial,,200,https://worthcalc.win/fr/bulk-buying-waste-math/,0,true,"index, follow, max-image-preview:large",,https://worthcalc.win/fr/bulk-buying-waste-math/,200,true,5,true,true,7,3,Grand format : calculez la perte maximale avant qu’il ne coûte plus cher | WorthCalc,Grand format : calculez la perte maximale avant qu’il ne coûte plus cher,588,98e86c513b13f28de0f0f683e8a526cd87c51c30817a4854c6f72db788f5be95
https://worthcalc.win/fr/car-lease-vs-buy-total-cost/,fr,editorial,,200,https://worthcalc.win/fr/car-lease-vs-buy-total-cost/,0,true,"index, follow, max-image-preview:large",,https://worthcalc.win/fr/car-lease-vs-buy-total-cost/,200,true,5,true,true,6,3,"Leasing ou achat automobile : comparer coût total, kilométrage et valeur résiduelle | WorthCalc","Leasing ou achat automobile : comparer coût total, kilométrage et valeur résiduelle",1544,c414bea0695d2810f1adea50fc89d620340865bcf88840e559358c981dfbcd1e
https://worthcalc.win/fr/cashback-caps-real-reward-rate/,fr,editorial,,200,https://worthcalc.win/fr/cashback-caps-real-reward-rate/,0,true,"index, follow, max-image-preview:large",,https://worthcalc.win/fr/cashback-caps-real-reward-rate/,200,true,6,true,true,7,3,Plafonds de cashback et catégories : calculer le taux de récompense réel | WorthCalc,Plafonds de cashback et catégories : calculer le taux de récompense réel,1197,8b69f312cd9fe7e7d59c0a3a8b015983a3fb02126690cecd9df58c7132a74c21
https://worthcalc.win/fr/changelog/,fr,legal,src/pages/[locale]/[legal].astro,200,https://worthcalc.win/fr/changelog/,0,true,"index, follow, max-image-preview:large",,https://worthcalc.win/fr/changelog/,200,true,5,true,true,72,2,Journal des modifications de WorthCalc | WorthCalc,Journal des modifications de WorthCalc,349,57bfe16e39c6fbdf74ad4eb4be5882320c51bfd50a2717830e7c82d821501e29
https://worthcalc.win/fr/contact/,fr,legal,src/pages/[locale]/[legal].astro,200,https://worthcalc.win/fr/contact/,0,true,"index, follow, max-image-preview:large",,https://worthcalc.win/fr/contact/,200,true,5,true,true,72,2,"Contacter WorthCalc : calcul, source ou proposition | WorthCalc","Contacter WorthCalc : calcul, source ou proposition",398,5f523aed8922c9f34127c7e1852fb88f1fc24a2b7cfa179b7d0a508a309dd236
https://worthcalc.win/fr/cost-per-use-expensive-item/,fr,editorial,,200,https://worthcalc.win/fr/cost-per-use-expensive-item/,0,true,"index, follow, max-image-preview:large",,https://worthcalc.win/fr/cost-per-use-expensive-item/,200,true,5,true,true,7,3,"Coût par usage d’un objet cher : prévision, réel et seuil | WorthCalc","Coût par usage d’un objet cher : prévision, réel et seuil",641,d0df28403f5ecfa95c265a8a0202ebeec7ab04d1fd7bf2b87f6cc7c6877558f9
https://worthcalc.win/fr/costco-math/,fr,editorial,,200,https://worthcalc.win/fr/costco-math/,0,true,"index, follow, max-image-preview:large",,https://worthcalc.win/fr/costco-math/,200,true,5,true,true,6,3,"Costco France est-il rentable ? Cotisation, économies et seuil mensuel | WorthCalc","Costco France est-il rentable ? Cotisation, économies et seuil mensuel",536,d04f4419804e0500a56efeb2ee9e51152aa9027a761583704ee409c5878ecf8c
https://worthcalc.win/fr/credit-card-minimum-payment-trap/,fr,editorial,,200,https://worthcalc.win/fr/credit-card-minimum-payment-trap/,0,true,"index, follow, max-image-preview:large",,https://worthcalc.win/fr/credit-card-minimum-payment-trap/,200,true,5,true,true,7,3,"Crédit renouvelable en France : taux d&#39;usure, remboursement minimal et vitesse réelle de remboursement | WorthCalc","Crédit renouvelable en France : taux d&#39;usure, remboursement minimal et vitesse réelle de remboursement",1380,8f459b945de888c23ce299c147a3544a3f38728b05562dd81ad17541e554754c
https://worthcalc.win/fr/delivery-membership-break-even/,fr,editorial,,200,https://worthcalc.win/fr/delivery-membership-break-even/,0,true,"index, follow, max-image-preview:large",,https://worthcalc.win/fr/delivery-membership-break-even/,200,true,5,true,true,6,3,À partir de combien de commandes un abonnement de livraison devient-il rentable ? | WorthCalc,À partir de combien de commandes un abonnement de livraison devient-il rentable ?,1066,da66d8cd7108a7e1190285a66e38696d3a96f7c10c56e9df21b94b4a2f9bcd2c
https://worthcalc.win/fr/disclaimer/,fr,legal,src/pages/[locale]/[legal].astro,200,https://worthcalc.win/fr/disclaimer/,0,true,"index, follow, max-image-preview:large",,https://worthcalc.win/fr/disclaimer/,200,true,5,true,true,72,2,Avertissement sur les estimations WorthCalc | WorthCalc,Avertissement sur les estimations WorthCalc,427,3c0e7a1d2bfb8f75dd85e19c183770ee4771845a3c8e64f87da079f484454271
https://worthcalc.win/fr/energy-efficient-appliance-payback/,fr,editorial,,200,https://worthcalc.win/fr/energy-efficient-appliance-payback/,0,true,"index, follow, max-image-preview:large",,https://worthcalc.win/fr/energy-efficient-appliance-payback/,200,true,5,true,true,6,3,"Amortissement d’un appareil économe : surcoût, kWh et seuil de rentabilité | WorthCalc","Amortissement d’un appareil économe : surcoût, kWh et seuil de rentabilité",734,59fb81011c58ef946ec3a65f02ee09b8d74de864a95574813c2f059fbeab9171
https://worthcalc.win/fr/ev-vs-gas-total-cost/,fr,editorial,,200,https://worthcalc.win/fr/ev-vs-gas-total-cost/,0,true,"index, follow, max-image-preview:large",,https://worthcalc.win/fr/ev-vs-gas-total-cost/,200,true,6,true,true,10,2,Voiture électrique ou thermique : comparer le coût total de possession | WorthCalc,Voiture électrique ou thermique : comparer le coût total de possession,1413,905bc8cb15ad5cfdc58a11324109fcb023c4e9579187b7374c701e697bcd89b9
https://worthcalc.win/fr/extra-mortgage-payments-guide/,fr,editorial,,200,https://worthcalc.win/fr/extra-mortgage-payments-guide/,0,true,"index, follow, max-image-preview:large",,https://worthcalc.win/fr/extra-mortgage-payments-guide/,200,true,5,true,true,7,3,"Remboursement anticipé du prêt immobilier : indemnités, assurance emprunteur et loi Lemoine | WorthCalc","Remboursement anticipé du prêt immobilier : indemnités, assurance emprunteur et loi Lemoine",1251,319d3a3a71bf3eb9d92c2880503250b2a622ea8cfd6a6c067969733a04335a04
https://worthcalc.win/fr/full-commute-cost-including-time/,fr,editorial,,200,https://worthcalc.win/fr/full-commute-cost-including-time/,0,true,"index, follow, max-image-preview:large",,https://worthcalc.win/fr/full-commute-cost-including-time/,200,true,6,true,true,7,3,"Comment calculer le coût complet des trajets domicile-travail, temps compris | WorthCalc","Comment calculer le coût complet des trajets domicile-travail, temps compris",1066,c9af37d4187f374d4382105534f8b09b4db2b1efdb8743f7d4f3ee587457bbec
https://worthcalc.win/fr/guides/,fr,guides-directory,src/pages/[locale]/guides/index.astro,200,https://worthcalc.win/fr/guides/,0,true,"index, follow, max-image-preview:large",,https://worthcalc.win/fr/guides/,200,true,6,true,true,199,2,Tous les guides | WorthCalc,Tous les guides,789,de0a9ab71f3a62a186e597cbb814c29f80524d5fc910a3d799902e217ce9b909
https://worthcalc.win/fr/gym-membership-cost-per-visit/,fr,editorial,,200,https://worthcalc.win/fr/gym-membership-cost-per-visit/,0,true,"index, follow, max-image-preview:large",,https://worthcalc.win/fr/gym-membership-cost-per-visit/,200,true,5,true,true,6,3,Coût par séance de sport : combien de fois faut-il y aller pour rentabiliser l’abonnement ? | WorthCalc,Coût par séance de sport : combien de fois faut-il y aller pour rentabiliser l’abonnement ?,1146,6f0fd397de3ec674003390c1383397a87deab0d73845339084f8318d80ae8626
https://worthcalc.win/fr/home-vs-public-ev-charging-cost/,fr,editorial,,200,https://worthcalc.win/fr/home-vs-public-ev-charging-cost/,0,true,"index, follow, max-image-preview:large",,https://worthcalc.win/fr/home-vs-public-ev-charging-cost/,200,true,5,true,true,7,3,Recharge à domicile ou publique : quel est le vrai coût par kilomètre d’une voiture électrique ? | WorthCalc,Recharge à domicile ou publique : quel est le vrai coût par kilomètre d’une voiture électrique ?,1412,38403a4ad51bff1cd88fbe9d3ee0ea107859474ef39cabaa384125d34312428b
https://worthcalc.win/fr/hourly-vs-annual-salary/,fr,editorial,,200,https://worthcalc.win/fr/hourly-vs-annual-salary/,0,true,"index, follow, max-image-preview:large",,https://worthcalc.win/fr/hourly-vs-annual-salary/,200,true,5,true,true,7,3,"Salaire horaire, 35 heures et salaire annuel : convertir sans se tromper de base | WorthCalc","Salaire horaire, 35 heures et salaire annuel : convertir sans se tromper de base",1212,bd93585fedb2c0ac59cbc589923dba8017ab3f4b94d1677069b6395c69638371
https://worthcalc.win/fr/how-compound-growth-works/,fr,editorial,,200,https://worthcalc.win/fr/how-compound-growth-works/,0,true,"index, follow, max-image-preview:large",,https://worthcalc.win/fr/how-compound-growth-works/,200,true,5,true,true,7,3,"Intérêts composés : ce que le Livret A, les frais et l&#39;inflation changent vraiment | WorthCalc","Intérêts composés : ce que le Livret A, les frais et l&#39;inflation changent vraiment",1265,09ed4176cdf9d90bae54c5c067ac86102e640e466fe15d45075384215a7c52fc
https://worthcalc.win/fr/how-much-home-can-you-afford/,fr,editorial,,200,https://worthcalc.win/fr/how-much-home-can-you-afford/,0,true,"index, follow, max-image-preview:large",,https://worthcalc.win/fr/how-much-home-can-you-afford/,200,true,5,true,true,7,3,"Capacité d&#39;achat immobilier en France : frais de notaire, apport et taxe foncière avant le prix affiché | WorthCalc","Capacité d&#39;achat immobilier en France : frais de notaire, apport et taxe foncière avant le prix affiché",1176,3d300262a47e72a02d7cabfcf47c92e0366a02bb859b449dff2d2db132ea33f1
https://worthcalc.win/fr/how-to-calculate-dti/,fr,editorial,,200,https://worthcalc.win/fr/how-to-calculate-dti/,0,true,"index, follow, max-image-preview:large",,https://worthcalc.win/fr/how-to-calculate-dti/,200,true,5,true,true,7,3,Taux d&#39;effort 35 % : ce que le HCSF impose vraiment aux banques françaises | WorthCalc,Taux d&#39;effort 35 % : ce que le HCSF impose vraiment aux banques françaises,1460,124a9d9caca439d0493bde69e43579be6e932873d5660fbcfd170cea148be437
https://worthcalc.win/fr/,fr,home,src/pages/[locale]/index.astro,200,https://worthcalc.win/fr/,0,true,"index, follow, max-image-preview:large",,https://worthcalc.win/fr/,200,true,6,true,true,206,1,Calculateurs transparents pour vos décisions d’argent | WorthCalc,"Avant de signer, calculez ce que cela coûte vraiment.",1224,84e7e2c761d0ba88fb051802ebc18ad5327c1877549066d8457b164c71a66913
https://worthcalc.win/fr/is-an-extended-warranty-worth-it/,fr,editorial,,200,https://worthcalc.win/fr/is-an-extended-warranty-worth-it/,0,true,"index, follow, max-image-preview:large",,https://worthcalc.win/fr/is-an-extended-warranty-worth-it/,200,true,5,true,true,6,3,"Une extension de garantie est-elle rentable ? Prix, risque de panne et réparation | WorthCalc","Une extension de garantie est-elle rentable ? Prix, risque de panne et réparation",910,10a4d907fd68a5c2e044aba5d86ccf1a172dcca4e704c035bcd91c320dbe3bbe
https://worthcalc.win/fr/is-costco-executive-membership-worth-it/,fr,editorial,,200,https://worthcalc.win/fr/is-costco-executive-membership-worth-it/,0,true,"index, follow, max-image-preview:large",,https://worthcalc.win/fr/is-costco-executive-membership-worth-it/,200,true,6,true,true,6,3,La carte Costco Executive existe-t-elle en France ? Réponse et calcul 2026 | WorthCalc,La carte Costco Executive existe-t-elle en France ? Réponse et calcul 2026,615,7cbc466ee283caadb200dc4524b721125b3f246b466c808398c7249cced2b394
https://worthcalc.win/fr/meal-prep-vs-takeout-cost/,fr,editorial,,200,https://worthcalc.win/fr/meal-prep-vs-takeout-cost/,0,true,"index, follow, max-image-preview:large",,https://worthcalc.win/fr/meal-prep-vs-takeout-cost/,200,true,5,true,true,6,3,"Cuisiner en lot ou commander : coût par portion, temps et pertes | WorthCalc","Cuisiner en lot ou commander : coût par portion, temps et pertes",701,f2f822a71e33072416b2560541fc4c3a10322c490a9e81fe7c44853220bd1be0
https://worthcalc.win/fr/monthly-vs-annual-subscription/,fr,editorial,,200,https://worthcalc.win/fr/monthly-vs-annual-subscription/,0,true,"index, follow, max-image-preview:large",,https://worthcalc.win/fr/monthly-vs-annual-subscription/,200,true,6,true,true,7,3,Abonnement mensuel ou annuel : quand le paiement annuel est-il rentable ? | WorthCalc,Abonnement mensuel ou annuel : quand le paiement annuel est-il rentable ?,1233,ac6a31f9e7490d0325620055693d022204d6274ff425929a9e26d2f2e53a663f
https://worthcalc.win/fr/new-vs-used-car-total-cost/,fr,editorial,,200,https://worthcalc.win/fr/new-vs-used-car-total-cost/,0,true,"index, follow, max-image-preview:large",,https://worthcalc.win/fr/new-vs-used-car-total-cost/,200,true,6,true,true,8,3,"Voiture neuve ou d’occasion : comparer décote, réparations, crédit et revente | WorthCalc","Voiture neuve ou d’occasion : comparer décote, réparations, crédit et revente",1528,feade193cdae4472ee024a5b079add14fe7ca7c33041037f7caeac76985a8744
https://worthcalc.win/fr/paid-membership-break-even/,fr,editorial,,200,https://worthcalc.win/fr/paid-membership-break-even/,0,true,"index, follow, max-image-preview:large",,https://worthcalc.win/fr/paid-membership-break-even/,200,true,5,true,true,8,3,Adhésion payante : combien d’utilisations pour la rentabiliser ? | WorthCalc,Adhésion payante : combien d’utilisations pour la rentabiliser ?,969,f8995df52f3b7cb4e3a3391b4b6d22997c7f6927dc8163d7c5f8e71f59bc1e4d
https://worthcalc.win/fr/pay-raise-vs-inflation-purchasing-power/,fr,editorial,,200,https://worthcalc.win/fr/pay-raise-vs-inflation-purchasing-power/,0,true,"index, follow, max-image-preview:large",,https://worthcalc.win/fr/pay-raise-vs-inflation-purchasing-power/,200,true,5,true,true,7,2,Hausse de salaire et inflation : votre pouvoir d’achat a-t-il augmenté ? | WorthCalc,Hausse de salaire et inflation : votre pouvoir d’achat a-t-il augmenté ?,708,c5c20e954f193e2aeaf138a97c1e20a118ea42b25f75dc083cf076920211d59e
https://worthcalc.win/fr/price-per-wear-clothing-shoes/,fr,editorial,,200,https://worthcalc.win/fr/price-per-wear-clothing-shoes/,0,true,"index, follow, max-image-preview:large",,https://worthcalc.win/fr/price-per-wear-clothing-shoes/,200,true,5,true,true,6,3,Coût par utilisation des vêtements et chaussures : usage réel | WorthCalc,Coût par utilisation des vêtements et chaussures : usage réel,601,fd63531e1a785ffd8316277c7fe9dde19a94d97254c9cdd8d5e89ca56ed77bcc
https://worthcalc.win/fr/privacy/,fr,legal,src/pages/[locale]/[legal].astro,200,https://worthcalc.win/fr/privacy/,0,true,"index, follow, max-image-preview:large",,https://worthcalc.win/fr/privacy/,200,true,5,true,true,72,2,Politique de confidentialité de WorthCalc | WorthCalc,Politique de confidentialité de WorthCalc,527,bbdd75a54aa6c2ecc9b4b3443fd859ac133d3083c3359f0f7e21cac1a75f91e6
https://worthcalc.win/fr/rent-vs-buy-breakeven-year/,fr,editorial,,200,https://worthcalc.win/fr/rent-vs-buy-breakeven-year/,0,true,"index, follow, max-image-preview:large",,https://worthcalc.win/fr/rent-vs-buy-breakeven-year/,200,true,5,true,true,7,3,Combien d’années faut-il rester pour que l’achat devienne plus avantageux que la location ? | WorthCalc,Combien d’années faut-il rester pour que l’achat devienne plus avantageux que la location ?,1453,f9b2d87cbea0215dce842d733b2160d006d61e35f13cd91c9bfe2da422f8b168
https://worthcalc.win/fr/rent-vs-buy-guide/,fr,editorial,,200,https://worthcalc.win/fr/rent-vs-buy-guide/,0,true,"index, follow, max-image-preview:large",,https://worthcalc.win/fr/rent-vs-buy-guide/,200,true,5,true,true,8,2,Louer ou acheter : les données qui changent réellement le résultat | WorthCalc,Louer ou acheter : les données qui changent réellement le résultat,1194,48b2c750669db63557cc052fe831fcbf2175982ce48e8be396aefe0e5ef0bd75
https://worthcalc.win/fr/repair-or-replace-decision-formula/,fr,editorial,,200,https://worthcalc.win/fr/repair-or-replace-decision-formula/,0,true,"index, follow, max-image-preview:large",,https://worthcalc.win/fr/repair-or-replace-decision-formula/,200,true,5,true,true,6,3,"Réparer ou remplacer : la formule de décision pour électroménager, téléphone et voiture | WorthCalc","Réparer ou remplacer : la formule de décision pour électroménager, téléphone et voiture",1029,59d0e0dca73b832b51a88f573b472e7d15ab0d5cfc3c2706e37d50c34ccfd0d0
https://worthcalc.win/fr/reusable-vs-disposable-break-even/,fr,editorial,,200,https://worthcalc.win/fr/reusable-vs-disposable-break-even/,0,true,"index, follow, max-image-preview:large",,https://worthcalc.win/fr/reusable-vs-disposable-break-even/,200,true,5,true,true,6,3,Réutilisable ou jetable : coût par usage et vrai seuil de rentabilité | WorthCalc,Réutilisable ou jetable : coût par usage et vrai seuil de rentabilité,685,20cee87fa3c3c744114b60b059cace0f46ffe28f450c723d40a8465fafee3e58
https://worthcalc.win/fr/snowball-vs-avalanche/,fr,editorial,,200,https://worthcalc.win/fr/snowball-vs-avalanche/,0,true,"index, follow, max-image-preview:large",,https://worthcalc.win/fr/snowball-vs-avalanche/,200,true,5,true,true,7,3,"Boule de neige, avalanche, ou d&#39;abord le crédit renouvelable : quel ordre pour plusieurs dettes | WorthCalc","Boule de neige, avalanche, ou d&#39;abord le crédit renouvelable : quel ordre pour plusieurs dettes",1171,fc0a7bb95a67b08641c6602e5c3ee5d842d134971c56706ec4759e76a9b8a480
https://worthcalc.win/fr/subscription-creep/,fr,editorial,,200,https://worthcalc.win/fr/subscription-creep/,0,true,"index, follow, max-image-preview:large",,https://worthcalc.win/fr/subscription-creep/,200,true,5,true,true,8,3,Audit des abonnements : calculez votre coût annuel réel | WorthCalc,Audit des abonnements : calculez votre coût annuel réel,903,4db8c4223afbe47a211b94b67ceac13d7d3b24225096b6effe5fe41ff69adb97
https://worthcalc.win/fr/terms/,fr,legal,src/pages/[locale]/[legal].astro,200,https://worthcalc.win/fr/terms/,0,true,"index, follow, max-image-preview:large",,https://worthcalc.win/fr/terms/,200,true,6,true,true,72,2,Conditions d’utilisation de WorthCalc | WorthCalc,Conditions d’utilisation de WorthCalc,414,d984e34e64ac176ecf08ec05a7b303fd7fea2d21aa3c741534b8161e4789ee1c
https://worthcalc.win/fr/tools/budget-builder/,fr,calculator,src/content/growth-tools/fr/budget-builder.md,200,https://worthcalc.win/fr/tools/budget-builder/,0,true,"index, follow, max-image-preview:large",,https://worthcalc.win/fr/tools/budget-builder/,200,true,5,true,true,7,3,Constructeur de budget pour auto-entrepreneur | WorthCalc,Constructeur de budget pour auto-entrepreneur,866,b93ed2274703362aaa8a52fc7068d58dd5f109424249d539acc475b76ec7b72a
https://worthcalc.win/fr/tools/car-affordability/,fr,calculator,src/content/growth-tools/fr/car-affordability.md,200,https://worthcalc.win/fr/tools/car-affordability/,0,true,"index, follow, max-image-preview:large",,https://worthcalc.win/fr/tools/car-affordability/,200,true,5,true,true,7,3,"Calculateur de budget automobile (malus, carte grise, contrôle technique inclus) | WorthCalc","Calculateur de budget automobile (malus, carte grise, contrôle technique inclus)",876,e820b7d176d850885d62c9c4e048a5ecaf5e2efd6aa7a3307b6af35d8a8fad33
https://worthcalc.win/fr/tools/cashback-breakeven/,fr,calculator,src/pages/[locale]/tools/[tool].astro,200,https://worthcalc.win/fr/tools/cashback-breakeven/,0,true,"index, follow, max-image-preview:large",,https://worthcalc.win/fr/tools/cashback-breakeven/,200,true,5,true,true,7,2,Calculateur de seuil cashback et cotisation de carte | WorthCalc,Calculateur de seuil cashback et cotisation de carte,742,0fb63f33b78f8ed8ed7e252a8911ccf7f723df7b8a73b4acde662fe4eefae6f3
https://worthcalc.win/fr/tools/commute-cost/,fr,calculator,src/pages/[locale]/tools/[tool].astro,200,https://worthcalc.win/fr/tools/commute-cost/,0,true,"index, follow, max-image-preview:large",,https://worthcalc.win/fr/tools/commute-cost/,200,true,6,true,true,7,2,Calculateur du coût complet domicile-travail | WorthCalc,Calculateur du coût complet domicile-travail,874,191a55bd810519cea42724e9219c83f9c5c27392fdd26399729cf564a780cef6
https://worthcalc.win/fr/tools/compound-growth/,fr,calculator,src/content/growth-tools/fr/compound-growth.md,200,https://worthcalc.win/fr/tools/compound-growth/,0,true,"index, follow, max-image-preview:large",,https://worthcalc.win/fr/tools/compound-growth/,200,true,5,true,true,8,2,Calculateur d&#39;intérêts composés (Livret A et objectif d&#39;épargne) | WorthCalc,Calculateur d&#39;intérêts composés (Livret A et objectif d&#39;épargne),857,17dad60e18131249d572a85fbe0618176b110c248489b2ab784262ab03b4413b
https://worthcalc.win/fr/tools/costco-membership/,fr,calculator,src/pages/[locale]/tools/[tool].astro,200,https://worthcalc.win/fr/tools/costco-membership/,0,true,"index, follow, max-image-preview:large",,https://worthcalc.win/fr/tools/costco-membership/,200,true,5,true,true,8,2,Calculateur de rentabilité de l’adhésion Costco France | WorthCalc,Calculateur de rentabilité de l’adhésion Costco France,759,cc3c34d8700a41f7c848ce46976a1bbf97acdfae2473891e32d7c9bb96565980
https://worthcalc.win/fr/tools/credit-card-payoff/,fr,calculator,src/content/growth-tools/fr/credit-card-payoff.md,200,https://worthcalc.win/fr/tools/credit-card-payoff/,0,true,"index, follow, max-image-preview:large",,https://worthcalc.win/fr/tools/credit-card-payoff/,200,true,5,true,true,7,3,Calculateur de remboursement de crédit renouvelable | WorthCalc,Calculateur de remboursement de crédit renouvelable,900,1d14c9414af9368e856f3c65cf34aa96d0421d2fc160bc5150139b5251ef9a15
https://worthcalc.win/fr/tools/debt-strategy/,fr,calculator,src/content/growth-tools/fr/debt-strategy.md,200,https://worthcalc.win/fr/tools/debt-strategy/,0,true,"index, follow, max-image-preview:large",,https://worthcalc.win/fr/tools/debt-strategy/,200,true,5,true,true,7,3,Calculateur d&#39;ordre de remboursement de dettes (boule de neige / avalanche) | WorthCalc,Calculateur d&#39;ordre de remboursement de dettes (boule de neige / avalanche),863,dcebbfb598afb04e697c47074d69222c4b070c57b63dd76f48cdae9fcfa5455e
https://worthcalc.win/fr/tools/dti-calculator/,fr,calculator,src/content/growth-tools/fr/dti-calculator.md,200,https://worthcalc.win/fr/tools/dti-calculator/,0,true,"index, follow, max-image-preview:large",,https://worthcalc.win/fr/tools/dti-calculator/,200,true,5,true,true,8,2,Calculateur de taux d&#39;effort (règle HCSF 35 %) | WorthCalc,Calculateur de taux d&#39;effort (règle HCSF 35 %),850,8ed5cf3a49afd1c9461fba4ed289b396eee1b280f69c9d294c2f583ed9a8263c
https://worthcalc.win/fr/tools/ev-vs-gas/,fr,calculator,src/pages/[locale]/tools/[tool].astro,200,https://worthcalc.win/fr/tools/ev-vs-gas/,0,true,"index, follow, max-image-preview:large",,https://worthcalc.win/fr/tools/ev-vs-gas/,200,true,6,true,true,7,2,Calculateur de coût total : voiture électrique ou essence | WorthCalc,Calculateur de coût total : voiture électrique ou essence,935,7a17d0a4d21d8721151424435c900a6ae646afb317761b810055eedd3e21278c
https://worthcalc.win/fr/tools/home-affordability/,fr,calculator,src/content/growth-tools/fr/home-affordability.md,200,https://worthcalc.win/fr/tools/home-affordability/,0,true,"index, follow, max-image-preview:large",,https://worthcalc.win/fr/tools/home-affordability/,200,true,5,true,true,8,2,Calculateur de capacité d&#39;achat immobilier (frais de notaire et apport inclus) | WorthCalc,Calculateur de capacité d&#39;achat immobilier (frais de notaire et apport inclus),885,53d54c1c3942c6ac4066e73d39668f3389270b399b1fa1d7d8cd084001befcfe
https://worthcalc.win/fr/tools/,fr,tools-directory,src/pages/[locale]/tools/index.astro,200,https://worthcalc.win/fr/tools/,0,true,"index, follow, max-image-preview:large",,https://worthcalc.win/fr/tools/,200,true,6,true,true,268,2,Tous les calculateurs | WorthCalc,Tous les calculateurs,708,f3fe62c8f9a1568ab7259bb470bd961b718954e600610f35fc5790f8b6546d82
https://worthcalc.win/fr/tools/installment-true-apr/,fr,calculator,src/pages/[locale]/tools/[tool].astro,200,https://worthcalc.win/fr/tools/installment-true-apr/,0,true,"index, follow, max-image-preview:large",,https://worthcalc.win/fr/tools/installment-true-apr/,200,true,6,true,true,9,2,Calculateur de taux réel pour paiement en plusieurs fois | WorthCalc,Calculateur de taux réel pour paiement en plusieurs fois,651,d738084ac4920f496c9248a97b51c90a840a1c38ca19d8f82747c2ffc6f655cf
https://worthcalc.win/fr/tools/latte-factor/,fr,calculator,src/pages/[locale]/tools/[tool].astro,200,https://worthcalc.win/fr/tools/latte-factor/,0,true,"index, follow, max-image-preview:large",,https://worthcalc.win/fr/tools/latte-factor/,200,true,5,true,true,6,3,Calculateur du facteur latte et des petites dépenses répétées | WorthCalc,Calculateur du facteur latte et des petites dépenses répétées,765,c96b3c6190886a41d0d2639d4844de6f57a1dc077e89bf01f3e9418bf0a47cf3
https://worthcalc.win/fr/tools/mortgage-payoff/,fr,calculator,src/content/growth-tools/fr/mortgage-payoff.md,200,https://worthcalc.win/fr/tools/mortgage-payoff/,0,true,"index, follow, max-image-preview:large",,https://worthcalc.win/fr/tools/mortgage-payoff/,200,true,5,true,true,7,3,Calculateur de remboursement anticipé du prêt immobilier | WorthCalc,Calculateur de remboursement anticipé du prêt immobilier,890,a1cf619cbf5f146b596aa8d4c666b430e174892c07d0187847be909d61db9abc
https://worthcalc.win/fr/tools/rent-vs-buy/,fr,calculator,src/pages/[locale]/tools/[tool].astro,200,https://worthcalc.win/fr/tools/rent-vs-buy/,0,true,"index, follow, max-image-preview:large",,https://worthcalc.win/fr/tools/rent-vs-buy/,200,true,6,true,true,7,2,Calculateur louer ou acheter un logement en France | WorthCalc,Calculateur louer ou acheter un logement en France,874,de42b2ff87c5a598fb6a45eafebda8c1db65236afb1a0bd1de105f1e77d26c68
https://worthcalc.win/fr/tools/salary-converter/,fr,calculator,src/content/growth-tools/fr/salary-converter.md,200,https://worthcalc.win/fr/tools/salary-converter/,0,true,"index, follow, max-image-preview:large",,https://worthcalc.win/fr/tools/salary-converter/,200,true,5,true,true,7,3,Convertisseur salaire horaire / annuel (base 35 heures) | WorthCalc,Convertisseur salaire horaire / annuel (base 35 heures),813,5155922787e4a85534a768575e594b1dddf32f9836d381fd4913fb0d98969a45
https://worthcalc.win/fr/tools/subscription-audit/,fr,calculator,src/pages/[locale]/tools/[tool].astro,200,https://worthcalc.win/fr/tools/subscription-audit/,0,true,"index, follow, max-image-preview:large",,https://worthcalc.win/fr/tools/subscription-audit/,200,true,5,true,true,10,2,Calculateur de dépenses d’abonnements et de renouvellements | WorthCalc,Calculateur de dépenses d’abonnements et de renouvellements,583,6219d85d9d97460f1e478491e6985a6f1f1c51c1040f285418b559aa1db53737
https://worthcalc.win/fr/true-cost-of-car-ownership/,fr,editorial,,200,https://worthcalc.win/fr/true-cost-of-car-ownership/,0,true,"index, follow, max-image-preview:large",,https://worthcalc.win/fr/true-cost-of-car-ownership/,200,true,6,true,true,7,3,"Coût réel d&#39;une voiture en France : malus CO2, carte grise, contrôle technique et assurance | WorthCalc","Coût réel d&#39;une voiture en France : malus CO2, carte grise, contrôle technique et assurance",1188,f395cb9ce361d427906954d4898ddeabd863a892e169b2fccdb91487ac164e2f
https://worthcalc.win/fr/true-hourly-wage-after-commuting-work-expenses/,fr,editorial,,200,https://worthcalc.win/fr/true-hourly-wage-after-commuting-work-expenses/,0,true,"index, follow, max-image-preview:large",,https://worthcalc.win/fr/true-hourly-wage-after-commuting-work-expenses/,200,true,5,true,true,8,2,Comment calculer son vrai salaire horaire après trajets et frais | WorthCalc,Comment calculer son vrai salaire horaire après trajets et frais,675,768cea012f701716c59a3816f8afc3e778da5f836814c299a9d6df4e885ed65b
https://worthcalc.win/fr/upfront-fees-financing-cost/,fr,editorial,,200,https://worthcalc.win/fr/upfront-fees-financing-cost/,0,true,"index, follow, max-image-preview:large",,https://worthcalc.win/fr/upfront-fees-financing-cost/,200,true,5,true,true,8,3,Comment les frais initiaux augmentent le coût réel d’un financement | WorthCalc,Comment les frais initiaux augmentent le coût réel d’un financement,1490,f8ab2bbb701d5e562eb3a2fce2ed6b9378c1c22fe4b8a06170c519176332a72f
https://worthcalc.win/fr/upgrade-your-phone-or-keep-it/,fr,editorial,,200,https://worthcalc.win/fr/upgrade-your-phone-or-keep-it/,0,true,"index, follow, max-image-preview:large",,https://worthcalc.win/fr/upgrade-your-phone-or-keep-it/,200,true,5,true,true,6,3,"Changer de téléphone ou le garder ? Réparation, reprise, forfait et coût mensuel | WorthCalc","Changer de téléphone ou le garder ? Réparation, reprise, forfait et coût mensuel",945,0a9e2ca636b7998dabb48d56ccf79d05ec4e7ab81de10eac36385f023f9679a7
https://worthcalc.win/fr/work-from-home-vs-commuting-hidden-costs/,fr,editorial,,200,https://worthcalc.win/fr/work-from-home-vs-commuting-hidden-costs/,0,true,"index, follow, max-image-preview:large",,https://worthcalc.win/fr/work-from-home-vs-commuting-hidden-costs/,200,true,5,true,true,7,3,Télétravail ou trajets quotidiens : comparer les coûts mensuels cachés | WorthCalc,Télétravail ou trajets quotidiens : comparer les coûts mensuels cachés,1064,10cadd53aaf252bd215d3f4ca65820e411780988d082cb9f0e286e04ae358ecc
https://worthcalc.win/fr/zero-interest-installments-truth/,fr,editorial,,200,https://worthcalc.win/fr/zero-interest-installments-truth/,0,true,"index, follow, max-image-preview:large",,https://worthcalc.win/fr/zero-interest-installments-truth/,200,true,6,true,true,10,2,Comment calculer le coût réel d’un paiement en plusieurs fois sans intérêts | WorthCalc,Comment calculer le coût réel d’un paiement en plusieurs fois sans intérêts,935,dfa08d3be981d35dfb2dcf94168621b3139a7eadb441bc2ff3e9b8362fd09eef
https://worthcalc.win/hi/guides/3d-printer-electricity-cost-per-print-used/,hi,guide,src/content/growth-articles/hi/3d-printer-electricity-cost-per-print-used.md,200,https://worthcalc.win/hi/guides/3d-printer-electricity-cost-per-print-used/,0,true,"index,follow",,https://worthcalc.win/hi/guides/3d-printer-electricity-cost-per-print-used/,200,true,6,true,true,9,3,3D printer electricity cost per print used: allocate heat-up and runtime | WorthCalc,3D printer electricity cost per print used: allocate heat-up and runtime,677,162d573df062af344be61018e1fd0b2ba6f74daa235a23308295597c652fa818
https://worthcalc.win/hi/guides/3d-scanner-electricity-cost-per-scanning-session-used/,hi,guide,src/content/growth-articles/hi/3d-scanner-electricity-cost-per-scanning-session-used.md,200,https://worthcalc.win/hi/guides/3d-scanner-electricity-cost-per-scanning-session-used/,0,true,"index,follow",,https://worthcalc.win/hi/guides/3d-scanner-electricity-cost-per-scanning-session-used/,200,true,6,true,true,9,3,3D scanner electricity cost per scanning session used: separate computer load | WorthCalc,3D scanner electricity cost per scanning session used: separate computer load,538,f47b285b4182904749139c78ac7dc9f36331ea73fa385a6a1029a82af4cf6c2d
https://worthcalc.win/hi/guides/air-fryer-cost-per-cooking-cycle-used/,hi,guide,src/content/growth-articles/hi/air-fryer-cost-per-cooking-cycle-used.md,200,https://worthcalc.win/hi/guides/air-fryer-cost-per-cooking-cycle-used/,0,true,"index,follow",,https://worthcalc.win/hi/guides/air-fryer-cost-per-cooking-cycle-used/,200,true,6,true,true,9,3,Air fryer cost per cooking cycle used | WorthCalc,Air fryer cost per cooking cycle used,439,e417f3d6dd024f3a8e4b15a02f37ec47a07b064c0281e5ee1fa4ef5983802afa
https://worthcalc.win/hi/guides/air-purifier-cost-per-clean-air-hour-used/,hi,guide,src/content/growth-articles/hi/air-purifier-cost-per-clean-air-hour-used.md,200,https://worthcalc.win/hi/guides/air-purifier-cost-per-clean-air-hour-used/,0,true,"index,follow",,https://worthcalc.win/hi/guides/air-purifier-cost-per-clean-air-hour-used/,200,true,6,true,true,7,3,"Air purifier cost per clean-air hour used: watts, CADR और filters compare करें | WorthCalc","Air purifier cost per clean-air hour used: watts, CADR और filters compare करें",253,6087a0486a436a608aa4502d4446015b75be076698a2dcc3f4f66f396b9091fe
https://worthcalc.win/hi/guides/annual-cost-savings-calculator/,hi,guide,src/content/growth-articles/hi/annual-cost-savings-calculator.md,200,https://worthcalc.win/hi/guides/annual-cost-savings-calculator/,0,true,"index,follow",,https://worthcalc.win/hi/guides/annual-cost-savings-calculator/,200,true,6,true,true,45,3,वार्षिक बचत कैलकुलेटर | WorthCalc,वार्षिक बचत कैलकुलेटर: शुल्क और वास्तविक उपयोग के बाद असली बचत,1057,759118f72a6aab3715fd3a40e188cdf076658017c77bfdbf9acfd87eaccb8d34
https://worthcalc.win/hi/guides/aquarium-air-pump-electricity-cost-per-filtration-day-used/,hi,guide,src/content/growth-articles/hi/aquarium-air-pump-electricity-cost-per-filtration-day-used.md,200,https://worthcalc.win/hi/guides/aquarium-air-pump-electricity-cost-per-filtration-day-used/,0,true,"index,follow",,https://worthcalc.win/hi/guides/aquarium-air-pump-electricity-cost-per-filtration-day-used/,200,true,6,true,true,9,3,Aquarium air pump electricity cost per filtration day: back pressure शामिल करें | WorthCalc,Aquarium air pump electricity cost per filtration day: back pressure शामिल करें,480,3e3d38170ad222b53d819757a336eb888b2ab4c7ee4d240f26d0f1e0415d0c7f
https://worthcalc.win/hi/guides/aquarium-heater-electricity-cost-per-tank-day-used/,hi,guide,src/content/growth-articles/hi/aquarium-heater-electricity-cost-per-tank-day-used.md,200,https://worthcalc.win/hi/guides/aquarium-heater-electricity-cost-per-tank-day-used/,0,true,"index,follow",,https://worthcalc.win/hi/guides/aquarium-heater-electricity-cost-per-tank-day-used/,200,true,6,true,true,10,3,Aquarium heater electricity cost per tank day: thermostat cycles अलग करें | WorthCalc,Aquarium heater electricity cost per tank day: thermostat cycles अलग करें,684,b24da326de5a2435d6b66bfd83a076361a2536c9554e369cece46b256fa3a58e
https://worthcalc.win/hi/guides/attic-fan-electricity-cost-per-ventilation-hour-used/,hi,guide,src/content/growth-articles/hi/attic-fan-electricity-cost-per-ventilation-hour-used.md,200,https://worthcalc.win/hi/guides/attic-fan-electricity-cost-per-ventilation-hour-used/,0,true,"index,follow",,https://worthcalc.win/hi/guides/attic-fan-electricity-cost-per-ventilation-hour-used/,200,true,6,true,true,6,3,Attic fan electricity cost per ventilation hour used: duty cycle मापें | WorthCalc,Attic fan electricity cost per ventilation hour used: duty cycle मापें,398,b147bdc7cec6e7d612c593057092dbc28a99dc873ddd25b59bac570162e56a30
https://worthcalc.win/hi/guides/bathroom-ventilation-fan-electricity-cost-per-shower-used/,hi,guide,src/content/growth-articles/hi/bathroom-ventilation-fan-electricity-cost-per-shower-used.md,200,https://worthcalc.win/hi/guides/bathroom-ventilation-fan-electricity-cost-per-shower-used/,0,true,"index,follow",,https://worthcalc.win/hi/guides/bathroom-ventilation-fan-electricity-cost-per-shower-used/,200,true,6,true,true,11,3,Bathroom ventilation fan electricity cost per shower: run-on timer शामिल करें | WorthCalc,Bathroom ventilation fan electricity cost per shower: run-on timer शामिल करें,483,c63189a11d61e1206e20643a376d4d57114f850ffe16734498ba9ff1e1bf9db3
https://worthcalc.win/hi/guides/billing-date-cash-flow-overlap/,hi,guide,src/content/growth-articles/hi/billing-date-cash-flow-overlap.md,200,https://worthcalc.win/hi/guides/billing-date-cash-flow-overlap/,0,true,"index,follow",,https://worthcalc.win/hi/guides/billing-date-cash-flow-overlap/,200,true,6,true,true,7,3,Billing dates overlap: एक ही week में बड़े charges के लिए cash-flow plan | WorthCalc,Billing dates overlap: एक ही week में बड़े charges के लिए cash-flow plan,570,c8af32d73a51f9413e1af03e20beaacb6a9838b2d4b5e21691bbff78d14acf23
https://worthcalc.win/hi/guides/blender-cost-per-blending-session-used/,hi,guide,src/content/growth-articles/hi/blender-cost-per-blending-session-used.md,200,https://worthcalc.win/hi/guides/blender-cost-per-blending-session-used/,0,true,"index,follow",,https://worthcalc.win/hi/guides/blender-cost-per-blending-session-used/,200,true,6,true,true,9,3,Blender cost per blending session used | WorthCalc,Blender cost per blending session used,437,901679b2d4cf63c6cd4f1edec87cc0f299a7c7b1139e9db85280a82db61edb82
https://worthcalc.win/hi/guides/bread-maker-cost-per-loaf-used/,hi,guide,src/content/growth-articles/hi/bread-maker-cost-per-loaf-used.md,200,https://worthcalc.win/hi/guides/bread-maker-cost-per-loaf-used/,0,true,"index,follow",,https://worthcalc.win/hi/guides/bread-maker-cost-per-loaf-used/,200,true,6,true,true,9,3,Bread maker cost per loaf used: kneading और baking energy गिनें | WorthCalc,Bread maker cost per loaf used: kneading और baking energy गिनें,739,31693163ad5106f591dbafcf1d786f2eed2029591727ff3cdc48816494547b05
https://worthcalc.win/hi/guides/ceiling-fan-cost-per-operating-hour-used/,hi,guide,src/content/growth-articles/hi/ceiling-fan-cost-per-operating-hour-used.md,200,https://worthcalc.win/hi/guides/ceiling-fan-cost-per-operating-hour-used/,0,true,"index,follow",,https://worthcalc.win/hi/guides/ceiling-fan-cost-per-operating-hour-used/,200,true,6,true,true,7,3,Ceiling fan cost per operating hour used: airflow और lighting अलग करें | WorthCalc,Ceiling fan cost per operating hour used: airflow और lighting अलग करें,253,0f51e59438c3ee32ef720d5e7057bd0891d27585ebf11bed43382f72e388de7b
https://worthcalc.win/hi/guides/ceiling-fan-electricity-cost-per-cooling-hour-used/,hi,guide,src/content/growth-articles/hi/ceiling-fan-electricity-cost-per-cooling-hour-used.md,200,https://worthcalc.win/hi/guides/ceiling-fan-electricity-cost-per-cooling-hour-used/,0,true,"index,follow",,https://worthcalc.win/hi/guides/ceiling-fan-electricity-cost-per-cooling-hour-used/,200,true,6,true,true,10,3,Ceiling fan electricity cost per cooling hour: light और standby अलग करें | WorthCalc,Ceiling fan electricity cost per cooling hour: light और standby अलग करें,511,de732c85f19c82f26f9044aa65cf28788e5f977980969288a5aa4abad84537c1
https://worthcalc.win/hi/guides/childcare-cost-per-hour-used/,hi,guide,src/content/growth-articles/hi/childcare-cost-per-hour-used.md,200,https://worthcalc.win/hi/guides/childcare-cost-per-hour-used/,0,true,"index,follow",,https://worthcalc.win/hi/guides/childcare-cost-per-hour-used/,200,true,6,true,true,7,3,Childcare cost per hour used: अपने वास्तविक schedule की कीमत निकालें | WorthCalc,Childcare cost per hour used: अपने वास्तविक schedule की कीमत निकालें,431,d44c4a3f321d540b39e714e6051caf359e1e19258e056f320997117b86db7d86
https://worthcalc.win/hi/guides/clothes-dryer-cost-per-load-used/,hi,guide,src/content/growth-articles/hi/clothes-dryer-cost-per-load-used.md,200,https://worthcalc.win/hi/guides/clothes-dryer-cost-per-load-used/,0,true,"index,follow",,https://worthcalc.win/hi/guides/clothes-dryer-cost-per-load-used/,200,true,6,true,true,6,3,"Clothes dryer cost per load used: heat, time और load size compare करें | WorthCalc","Clothes dryer cost per load used: heat, time और load size compare करें",476,69ec4d23f017670d9220bf73545d0f6d54dcdd8f4145165dfa234d357063ca10
https://worthcalc.win/hi/guides/cloud-storage-cost-per-retained-gb/,hi,guide,src/content/growth-articles/hi/cloud-storage-cost-per-retained-gb.md,200,https://worthcalc.win/hi/guides/cloud-storage-cost-per-retained-gb/,0,true,"index,follow",,https://worthcalc.win/hi/guides/cloud-storage-cost-per-retained-gb/,200,true,6,true,true,8,3,Cloud storage cost per retained GB: duplicate और unused capacity भी गिनें | WorthCalc,Cloud storage cost per retained GB: duplicate और unused capacity भी गिनें,434,161830dfb5529f90b1b14db1ac071490480ffe57ec433ecdf55838de470a43ae
https://worthcalc.win/hi/guides/coffee-maker-cost-per-brew-used/,hi,guide,src/content/growth-articles/hi/coffee-maker-cost-per-brew-used.md,200,https://worthcalc.win/hi/guides/coffee-maker-cost-per-brew-used/,0,true,"index,follow",,https://worthcalc.win/hi/guides/coffee-maker-cost-per-brew-used/,200,true,6,true,true,8,3,"Coffee maker cost per brew used: brewing, warming और consumed cups अलग करें | WorthCalc","Coffee maker cost per brew used: brewing, warming और consumed cups अलग करें",325,bb71320ce4596f263e68c39c41ce6f9be4eb18b7a8c19dc273cf6e7fc2e060bf
https://worthcalc.win/hi/guides/computer-electricity-cost-per-day-used/,hi,guide,src/content/growth-articles/hi/computer-electricity-cost-per-day-used.md,200,https://worthcalc.win/hi/guides/computer-electricity-cost-per-day-used/,0,true,"index,follow",,https://worthcalc.win/hi/guides/computer-electricity-cost-per-day-used/,200,true,6,true,true,8,3,"Computer electricity cost per day used: work, sleep और charging अलग करें | WorthCalc","Computer electricity cost per day used: work, sleep और charging अलग करें",344,a7e55a5ac5c13b55908bf6b65354ddb16034fcd260c995e92a2d244b9d6f546f
https://worthcalc.win/hi/guides/cost-per-use-kitchen-appliance/,hi,guide,src/content/growth-articles/hi/cost-per-use-kitchen-appliance.md,200,https://worthcalc.win/hi/guides/cost-per-use-kitchen-appliance/,0,true,"index,follow",,https://worthcalc.win/hi/guides/cost-per-use-kitchen-appliance/,200,true,6,true,true,12,3,"Kitchen appliance cost per use: energy, cleaning और replacement जोड़ें | WorthCalc","Kitchen appliance cost per use: energy, cleaning और replacement जोड़ें",425,e3e1fcee01468987ea8b3b25985b6708ae47924052ca93b57c65e32ec795e5aa
https://worthcalc.win/hi/guides/cost-per-wear-clothing/,hi,guide,src/content/growth-articles/hi/cost-per-wear-clothing.md,200,https://worthcalc.win/hi/guides/cost-per-wear-clothing/,0,true,"index,follow",,https://worthcalc.win/hi/guides/cost-per-wear-clothing/,200,true,6,true,true,7,3,Cost per wear calculator: कपड़ों की वास्तविक उपयोग लागत निकालें | WorthCalc,Per wear calculator: कपड़ों की वास्तविक उपयोग लागत निकालें,440,559e31bd515624d8fb2584f50b15486673268c11903e17276072c5c61c25f1f8
https://worthcalc.win/hi/guides/costco-executive-break-even-eligible-spend/,hi,guide,src/content/growth-articles/hi/costco-executive-break-even-eligible-spend.md,200,https://worthcalc.win/hi/guides/costco-executive-break-even-eligible-spend/,0,true,"index,follow",,https://worthcalc.win/hi/guides/costco-executive-break-even-eligible-spend/,200,true,6,true,true,11,3,Costco Executive break-even: upgrade fee वसूलने के लिए eligible spending कितना हो? | WorthCalc,Costco Executive break-even: upgrade fee वसूलने के लिए eligible spending कितना हो?,737,97e5670442d26c13c10ea49936de563740eb936fa79c23d8ac680ec5eba7edc4
https://worthcalc.win/hi/guides/costco-gas-detour-break-even/,hi,guide,src/content/growth-articles/hi/costco-gas-detour-break-even.md,200,https://worthcalc.win/hi/guides/costco-gas-detour-break-even/,0,true,"index,follow",,https://worthcalc.win/hi/guides/costco-gas-detour-break-even/,200,true,6,true,true,6,3,Costco gas detour break-even: कम fuel price extra drive को कब cover करती है? | WorthCalc,Costco gas detour break-even: कम fuel price extra drive को कब cover करती है?,477,9d7766fec031fc7d40fa65ca2879ab78512f8b11d6d033f66cf7b43b3a60082b
https://worthcalc.win/hi/guides/costco-household-card-break-even-use/,hi,guide,src/content/growth-articles/hi/costco-household-card-break-even-use.md,200,https://worthcalc.win/hi/guides/costco-household-card-break-even-use/,0,true,"index,follow",,https://worthcalc.win/hi/guides/costco-household-card-break-even-use/,200,true,6,true,true,6,3,Costco household card break-even: shared use का वास्तविक value कैसे मापें | WorthCalc,Costco household card break-even: shared use का वास्तविक value कैसे मापें,490,fac2aedfc2749dc0bd60e967d3cacd2857229bfa370518fcf909fd1e0bcacd24
https://worthcalc.win/hi/guides/costco-membership-fee-break-even-savings/,hi,guide,src/content/growth-articles/hi/costco-membership-fee-break-even-savings.md,200,https://worthcalc.win/hi/guides/costco-membership-fee-break-even-savings/,0,true,"index,follow",,https://worthcalc.win/hi/guides/costco-membership-fee-break-even-savings/,200,true,6,true,true,10,3,Costco membership fee break-even: fee वसूलने के लिए कितनी shopping चाहिए? | WorthCalc,Costco membership fee break-even: fee वसूलने के लिए कितनी shopping चाहिए?,571,73044dcd7d0f644527b0e754aa7d8e17eef291fdd8efcc48a8c475a9e65aa987
https://worthcalc.win/hi/guides/costco-renewal-refund-reward-timing/,hi,guide,src/content/growth-articles/hi/costco-renewal-refund-reward-timing.md,200,https://worthcalc.win/hi/guides/costco-renewal-refund-reward-timing/,0,true,"index,follow",,https://worthcalc.win/hi/guides/costco-renewal-refund-reward-timing/,200,true,6,true,true,7,3,"Costco renewal, refund और reward timing: membership का net cost कैसे निकालें | WorthCalc","Costco renewal, refund और reward timing: membership का net cost कैसे निकालें",469,7467fb459355b9b0ded40a3707d1c781f27fdef68e3592655f15d85d5e97fa81
https://worthcalc.win/hi/guides/costco-reward-cap-usage-break-even/,hi,guide,src/content/growth-articles/hi/costco-reward-cap-usage-break-even.md,200,https://worthcalc.win/hi/guides/costco-reward-cap-usage-break-even/,0,true,"index,follow",,https://worthcalc.win/hi/guides/costco-reward-cap-usage-break-even/,200,true,6,true,true,7,3,Costco reward cap: किस spending level के बाद अतिरिक्त खरीद reward नहीं बढ़ाती? | WorthCalc,Costco reward cap: किस spending level के बाद अतिरिक्त खरीद reward नहीं बढ़ाती?,475,7bde5e4946aabc752dcff5679947cd56f46e871574b2526ed4e5ec501cdd62cf
https://worthcalc.win/hi/guides/costco-reward-exclusion-effective-rate/,hi,guide,src/content/growth-articles/hi/costco-reward-exclusion-effective-rate.md,200,https://worthcalc.win/hi/guides/costco-reward-exclusion-effective-rate/,0,true,"index,follow",,https://worthcalc.win/hi/guides/costco-reward-exclusion-effective-rate/,200,true,6,true,true,10,3,Costco reward exclusions: आपकी effective reward rate कितनी है? | WorthCalc,Costco reward exclusions: आपकी effective reward rate कितनी है?,433,5208e7f3a53d55134255a66ae5cff3246c510b8ba7156ecb5aff332b1c36fd38
https://worthcalc.win/hi/guides/countertop-ice-maker-cost-per-batch-used/,hi,guide,src/content/growth-articles/hi/countertop-ice-maker-cost-per-batch-used.md,200,https://worthcalc.win/hi/guides/countertop-ice-maker-cost-per-batch-used/,0,true,"index,follow",,https://worthcalc.win/hi/guides/countertop-ice-maker-cost-per-batch-used/,200,true,6,true,true,9,3,Countertop ice maker cost per batch used: include freeze and hold time | WorthCalc,Countertop ice maker cost per batch used: include freeze and hold time,678,be35c6a5ad41e39ef29e5c24ba8cf4f9e05fa414b6a30e649da78be8e4b5514d
https://worthcalc.win/hi/guides/coworking-membership-cost-per-day/,hi,guide,src/content/growth-articles/hi/coworking-membership-cost-per-day.md,200,https://worthcalc.win/hi/guides/coworking-membership-cost-per-day/,0,true,"index,follow",,https://worthcalc.win/hi/guides/coworking-membership-cost-per-day/,200,true,6,true,true,7,3,Coworking membership cost per day: unused access भी गिनें | WorthCalc,Coworking membership cost per day: unused access भी गिनें,415,af553f16b036ce70e72966dd2741f74ed320957d7635f3ba0c90e0ce9776dc06
https://worthcalc.win/hi/guides/dehumidifier-cost-per-pint-removed/,hi,guide,src/content/growth-articles/hi/dehumidifier-cost-per-pint-removed.md,200,https://worthcalc.win/hi/guides/dehumidifier-cost-per-pint-removed/,0,true,"index,follow",,https://worthcalc.win/hi/guides/dehumidifier-cost-per-pint-removed/,200,true,6,true,true,7,3,"Dehumidifier cost per pint removed: energy, runtime और moisture compare करें | WorthCalc","Dehumidifier cost per pint removed: energy, runtime और moisture compare करें",259,2c72440c415b29adb20c89f883221f62f5010185eb58e5c6b0117925984775f9
https://worthcalc.win/hi/guides/dehumidifier-electricity-cost-per-laundry-drying-session-used/,hi,guide,src/content/growth-articles/hi/dehumidifier-electricity-cost-per-laundry-drying-session-used.md,200,https://worthcalc.win/hi/guides/dehumidifier-electricity-cost-per-laundry-drying-session-used/,0,true,"index,follow",,https://worthcalc.win/hi/guides/dehumidifier-electricity-cost-per-laundry-drying-session-used/,200,true,6,true,true,9,3,Dehumidifier electricity cost per drying hour: include compressor pauses | WorthCalc,Dehumidifier electricity cost per drying hour: include compressor pauses,605,5d16b3e59447993bef570e772a812927ec67da2db2039f9ac79a4a3269ead22b
https://worthcalc.win/hi/guides/desk-fan-electricity-cost-per-cooling-hour-used/,hi,guide,src/content/growth-articles/hi/desk-fan-electricity-cost-per-cooling-hour-used.md,200,https://worthcalc.win/hi/guides/desk-fan-electricity-cost-per-cooling-hour-used/,0,true,"index,follow",,https://worthcalc.win/hi/guides/desk-fan-electricity-cost-per-cooling-hour-used/,200,true,6,true,true,9,3,Desk fan electricity cost per cooling hour used: include speed and oscillation | WorthCalc,Desk fan electricity cost per cooling hour used: include speed and oscillation,469,5d985a80716e17b0a3faf0ce279b3592679c8b5bb7bed6610dcf0554f3893e0e
https://worthcalc.win/hi/guides/desktop-speakers-electricity-cost-per-listening-hour-used/,hi,guide,src/content/growth-articles/hi/desktop-speakers-electricity-cost-per-listening-hour-used.md,200,https://worthcalc.win/hi/guides/desktop-speakers-electricity-cost-per-listening-hour-used/,0,true,"index,follow",,https://worthcalc.win/hi/guides/desktop-speakers-electricity-cost-per-listening-hour-used/,200,true,6,true,true,9,3,Desktop speakers electricity cost per listening hour used: measure amplifier and idle draw | WorthCalc,Desktop speakers electricity cost per listening hour used: measure amplifier and idle draw,679,ff63fc05fe678aabfdbe6d1d9722760d175f8670783f08a5200755c9fe3ba8ce
https://worthcalc.win/hi/guides/digital-photo-frame-electricity-cost-per-display-day-used/,hi,guide,src/content/growth-articles/hi/digital-photo-frame-electricity-cost-per-display-day-used.md,200,https://worthcalc.win/hi/guides/digital-photo-frame-electricity-cost-per-display-day-used/,0,true,"index,follow",,https://worthcalc.win/hi/guides/digital-photo-frame-electricity-cost-per-display-day-used/,200,true,6,true,true,6,3,Digital photo frame electricity cost per display day: screen और network standby अलग करें | WorthCalc,Digital photo frame electricity cost per display day: screen और network standby अलग करें,452,af0b65246df77f9cf946a567a024f26d4b56b75fb55ff788fcf4c3ec0330a257
https://worthcalc.win/hi/guides/dishwasher-cost-per-cycle-used/,hi,guide,src/content/growth-articles/hi/dishwasher-cost-per-cycle-used.md,200,https://worthcalc.win/hi/guides/dishwasher-cost-per-cycle-used/,0,true,"index,follow",,https://worthcalc.win/hi/guides/dishwasher-cost-per-cycle-used/,200,true,6,true,true,8,3,"Dishwasher cost per cycle used: energy, water और detergent जोड़ें | WorthCalc","Dishwasher cost per cycle used: energy, water और detergent जोड़ें",477,15b6fcbbdefd3f848dd513d2a09bf0834c5d5e03264eeae449b0ae9e397bf987
https://worthcalc.win/hi/guides/document-camera-electricity-cost-per-presentation-hour-used/,hi,guide,src/content/growth-articles/hi/document-camera-electricity-cost-per-presentation-hour-used.md,200,https://worthcalc.win/hi/guides/document-camera-electricity-cost-per-presentation-hour-used/,0,true,"index,follow",,https://worthcalc.win/hi/guides/document-camera-electricity-cost-per-presentation-hour-used/,200,true,6,true,true,9,3,Document camera electricity cost per presentation hour: lamp और computer boundary रखें | WorthCalc,Document camera electricity cost per presentation hour: lamp और computer boundary रखें,438,4029d64d5fcef45a2d72b9e64076cbe38c68eec05d0aa96dec3ccfc95703ba46
https://worthcalc.win/hi/guides/e-reader-electricity-cost-per-reading-hour-used/,hi,guide,src/content/growth-articles/hi/e-reader-electricity-cost-per-reading-hour-used.md,200,https://worthcalc.win/hi/guides/e-reader-electricity-cost-per-reading-hour-used/,0,true,"index,follow",,https://worthcalc.win/hi/guides/e-reader-electricity-cost-per-reading-hour-used/,200,true,6,true,true,9,3,E-reader electricity cost per reading hour used: count charging energy | WorthCalc,E-reader electricity cost per reading hour used: count charging energy,480,c7e619633578573a2a8bb5d09ca46090b5536673f003f3153bd0097d5f3fbd1b
https://worthcalc.win/hi/guides/electric-air-pump-electricity-cost-per-inflation-session-used/,hi,guide,src/content/growth-articles/hi/electric-air-pump-electricity-cost-per-inflation-session-used.md,200,https://worthcalc.win/hi/guides/electric-air-pump-electricity-cost-per-inflation-session-used/,0,true,"index,follow",,https://worthcalc.win/hi/guides/electric-air-pump-electricity-cost-per-inflation-session-used/,200,true,6,true,true,6,3,Electric air pump electricity cost per inflation session: pressure cutoff और retries गिनें | WorthCalc,Electric air pump electricity cost per inflation session: pressure cutoff और retries गिनें,489,5da6cca6309013f703a5cead34478c76ded84910443c920bc8937582455736d4
https://worthcalc.win/hi/guides/electric-blanket-cost-per-night-used/,hi,guide,src/content/growth-articles/hi/electric-blanket-cost-per-night-used.md,200,https://worthcalc.win/hi/guides/electric-blanket-cost-per-night-used/,0,true,"index,follow",,https://worthcalc.win/hi/guides/electric-blanket-cost-per-night-used/,200,true,6,true,true,7,3,Electric blanket cost per night used: heat settings और actual bedtime गिनें | WorthCalc,Electric blanket cost per night used: heat settings और actual bedtime गिनें,353,96bdd7d36a0683f69727b1c79edef5eff87f939aa14be8974da03349f4bf0a45
https://worthcalc.win/hi/guides/electric-can-opener-cost-per-use-used/,hi,guide,src/content/growth-articles/hi/electric-can-opener-cost-per-use-used.md,200,https://worthcalc.win/hi/guides/electric-can-opener-cost-per-use-used/,0,true,"index,follow",,https://worthcalc.win/hi/guides/electric-can-opener-cost-per-use-used/,200,true,6,true,true,9,3,"Electric can opener cost per use used: measure motor time, not rated watts | WorthCalc","Electric can opener cost per use used: measure motor time, not rated watts",746,f093973944310fe981f93c59eb3af39d8ed163b726cd98d1a476b244f1e82995
https://worthcalc.win/hi/guides/electric-citrus-juicer-cost-per-juice-session-used/,hi,guide,src/content/growth-articles/hi/electric-citrus-juicer-cost-per-juice-session-used.md,200,https://worthcalc.win/hi/guides/electric-citrus-juicer-cost-per-juice-session-used/,0,true,"index,follow",,https://worthcalc.win/hi/guides/electric-citrus-juicer-cost-per-juice-session-used/,200,true,6,true,true,9,3,Electric citrus juicer cost per juice session used: measure pressing time | WorthCalc,Electric citrus juicer cost per juice session used: measure pressing time,660,5a1376f7843e95da5761bdfd9706205d292b04a83fdee7bfbaa09e43600fd081
https://worthcalc.win/hi/guides/electric-egg-cooker-cost-per-cooking-cycle-used/,hi,guide,src/content/growth-articles/hi/electric-egg-cooker-cost-per-cooking-cycle-used.md,200,https://worthcalc.win/hi/guides/electric-egg-cooker-cost-per-cooking-cycle-used/,0,true,"index,follow",,https://worthcalc.win/hi/guides/electric-egg-cooker-cost-per-cooking-cycle-used/,200,true,6,true,true,9,3,Electric egg cooker cost per cooking cycle used: count warm-up and water | WorthCalc,Electric egg cooker cost per cooking cycle used: count warm-up and water,756,be50384df9001f491592cba005fde32bf444c30b6965f80146001eb616ea65f0
https://worthcalc.win/hi/guides/electric-fireplace-electricity-cost-per-heating-hour-used/,hi,guide,src/content/growth-articles/hi/electric-fireplace-electricity-cost-per-heating-hour-used.md,200,https://worthcalc.win/hi/guides/electric-fireplace-electricity-cost-per-heating-hour-used/,0,true,"index,follow",,https://worthcalc.win/hi/guides/electric-fireplace-electricity-cost-per-heating-hour-used/,200,true,6,true,true,14,3,Electric fireplace electricity cost per heating hour: flame mode अलग करें | WorthCalc,Electric fireplace electricity cost per heating hour: flame mode अलग करें,656,a61ac724f118b3e3b0b6fc6a8e121d3eb4c5e409d07ae5a778f58c04fb8766ff
https://worthcalc.win/hi/guides/electric-food-warmer-cost-per-heating-hour-used/,hi,guide,src/content/growth-articles/hi/electric-food-warmer-cost-per-heating-hour-used.md,200,https://worthcalc.win/hi/guides/electric-food-warmer-cost-per-heating-hour-used/,0,true,"index,follow",,https://worthcalc.win/hi/guides/electric-food-warmer-cost-per-heating-hour-used/,200,true,6,true,true,9,3,Electric food warmer cost per heating hour used: measure thermostat cycling | WorthCalc,Electric food warmer cost per heating hour used: measure thermostat cycling,677,42891a1cdbb2b35143ea2bf905521bda97b84fab2ffb2d2bcbfa17a4f4568ea0
https://worthcalc.win/hi/guides/electric-foot-massager-electricity-cost-per-massage-session-used/,hi,guide,src/content/growth-articles/hi/electric-foot-massager-electricity-cost-per-massage-session-used.md,200,https://worthcalc.win/hi/guides/electric-foot-massager-electricity-cost-per-massage-session-used/,0,true,"index,follow",,https://worthcalc.win/hi/guides/electric-foot-massager-electricity-cost-per-massage-session-used/,200,true,6,true,true,9,3,Electric foot massager cost per massage session used: separate standby and heat | WorthCalc,Electric foot massager cost per massage session used: separate standby and heat,475,cda7b695b69ff3d3d29660203ed167c33e7561a2b81806d0b64cf440aa0328f3
https://worthcalc.win/hi/guides/electric-griddle-cost-per-cooking-hour-used/,hi,guide,src/content/growth-articles/hi/electric-griddle-cost-per-cooking-hour-used.md,200,https://worthcalc.win/hi/guides/electric-griddle-cost-per-cooking-hour-used/,0,true,"index,follow",,https://worthcalc.win/hi/guides/electric-griddle-cost-per-cooking-hour-used/,200,true,6,true,true,9,3,Electric griddle cost per cooking hour used: heat-up और active cooking अलग करें | WorthCalc,Electric griddle cost per cooking hour used: heat-up और active cooking अलग करें,321,2586a4bfc856c509e5ad98936305a75ec532d3465bc54c15ca62e0fea44edcd6
https://worthcalc.win/hi/guides/electric-hand-mixer-electricity-cost-per-mixing-session-used/,hi,guide,src/content/growth-articles/hi/electric-hand-mixer-electricity-cost-per-mixing-session-used.md,200,https://worthcalc.win/hi/guides/electric-hand-mixer-electricity-cost-per-mixing-session-used/,0,true,"index,follow",,https://worthcalc.win/hi/guides/electric-hand-mixer-electricity-cost-per-mixing-session-used/,200,true,6,true,true,10,3,Electric hand mixer electricity cost per mixing session: speed को गिनें | WorthCalc,Electric hand mixer electricity cost per mixing session: speed को गिनें,431,232fb9b0781729b35e1fe7ceb3485171cd761c95ff67f7d6901d23056ad2219f
https://worthcalc.win/hi/guides/electric-insect-zapper-electricity-cost-per-overnight-used/,hi,guide,src/content/growth-articles/hi/electric-insect-zapper-electricity-cost-per-overnight-used.md,200,https://worthcalc.win/hi/guides/electric-insect-zapper-electricity-cost-per-overnight-used/,0,true,"index,follow",,https://worthcalc.win/hi/guides/electric-insect-zapper-electricity-cost-per-overnight-used/,200,true,6,true,true,10,3,Electric insect zapper electricity cost per overnight: standby अलग से मापें | WorthCalc,Electric insect zapper electricity cost per overnight: standby अलग से मापें,666,e51e988057eec6b00edceb52de0b9dceda7718b0ee6958fc1f3b9de54f350c7a
https://worthcalc.win/hi/guides/electric-kettle-cost-per-boil-used/,hi,guide,src/content/growth-articles/hi/electric-kettle-cost-per-boil-used.md,200,https://worthcalc.win/hi/guides/electric-kettle-cost-per-boil-used/,0,true,"index,follow",,https://worthcalc.win/hi/guides/electric-kettle-cost-per-boil-used/,200,true,6,true,true,8,3,Electric kettle cost per boil used: water volume और shutoff गिनें | WorthCalc,Electric kettle cost per boil used: water volume और shutoff गिनें,352,8d2539ae78c878e5090589c3c6b1d1e3a2cf40db7a97e0954e6453001d9f5946
https://worthcalc.win/hi/guides/electric-lunch-box-cost-per-heating-cycle-used/,hi,guide,src/content/growth-articles/hi/electric-lunch-box-cost-per-heating-cycle-used.md,200,https://worthcalc.win/hi/guides/electric-lunch-box-cost-per-heating-cycle-used/,0,true,"index,follow",,https://worthcalc.win/hi/guides/electric-lunch-box-cost-per-heating-cycle-used/,200,true,6,true,true,9,3,Electric lunch box cost per heating cycle used: separate heat-up and waiting | WorthCalc,Electric lunch box cost per heating cycle used: separate heat-up and waiting,737,67aa4cdb8fa3cdd09391e38b222ecbd6e9e83dee3d8dcf9b6c094133ea448fbe
https://worthcalc.win/hi/guides/electric-meat-grinder-cost-per-grinding-session-used/,hi,guide,src/content/growth-articles/hi/electric-meat-grinder-cost-per-grinding-session-used.md,200,https://worthcalc.win/hi/guides/electric-meat-grinder-cost-per-grinding-session-used/,0,true,"index,follow",,https://worthcalc.win/hi/guides/electric-meat-grinder-cost-per-grinding-session-used/,200,true,6,true,true,9,3,Electric meat grinder cost per grinding session used: allocate motor runtime | WorthCalc,Electric meat grinder cost per grinding session used: allocate motor runtime,677,cfc0fabde28bce6da0afd0535ec1ea07e62b77ebc7b4c80e644feb5d153d99d9
https://worthcalc.win/hi/guides/electric-milk-frother-cost-per-frothing-session-used/,hi,guide,src/content/growth-articles/hi/electric-milk-frother-cost-per-frothing-session-used.md,200,https://worthcalc.win/hi/guides/electric-milk-frother-cost-per-frothing-session-used/,0,true,"index,follow",,https://worthcalc.win/hi/guides/electric-milk-frother-cost-per-frothing-session-used/,200,true,6,true,true,9,3,Electric milk frother cost per frothing session used: separate heat and whisking | WorthCalc,Electric milk frother cost per frothing session used: separate heat and whisking,669,c8e345a2c47f5439909d7afe9a1be6607835a176598348bb2b985c68c3e046a2
https://worthcalc.win/hi/guides/electric-pasta-maker-cost-per-batch-used/,hi,guide,src/content/growth-articles/hi/electric-pasta-maker-cost-per-batch-used.md,200,https://worthcalc.win/hi/guides/electric-pasta-maker-cost-per-batch-used/,0,true,"index,follow",,https://worthcalc.win/hi/guides/electric-pasta-maker-cost-per-batch-used/,200,true,6,true,true,9,3,Electric pasta maker cost per batch used: count mixing and extrusion | WorthCalc,Electric pasta maker cost per batch used: count mixing and extrusion,686,23ca1fce47e7401eb08b632a5a7917f00800f62ff7df9c782c86a87b73349fd7
https://worthcalc.win/hi/guides/electric-pencil-sharpener-electricity-cost-per-sharpening-session-used/,hi,guide,src/content/growth-articles/hi/electric-pencil-sharpener-electricity-cost-per-sharpening-session-used.md,200,https://worthcalc.win/hi/guides/electric-pencil-sharpener-electricity-cost-per-sharpening-session-used/,0,true,"index,follow",,https://worthcalc.win/hi/guides/electric-pencil-sharpener-electricity-cost-per-sharpening-session-used/,200,true,6,true,true,9,3,Electric pencil sharpener cost per sharpening session used: count repeated cycles | WorthCalc,Electric pencil sharpener cost per sharpening session used: count repeated cycles,474,6f9514f784f46e11626c2dcfcffbac56edd41a0c9902bf920f9a6b0bfc3b68d5
https://worthcalc.win/hi/guides/electric-pressure-cooker-cost-per-cooking-cycle-used/,hi,guide,src/content/growth-articles/hi/electric-pressure-cooker-cost-per-cooking-cycle-used.md,200,https://worthcalc.win/hi/guides/electric-pressure-cooker-cost-per-cooking-cycle-used/,0,true,"index,follow",,https://worthcalc.win/hi/guides/electric-pressure-cooker-cost-per-cooking-cycle-used/,200,true,6,true,true,9,3,Electric pressure cooker cost per cooking cycle used | WorthCalc,Electric pressure cooker cost per cooking cycle used,338,855a304396ea5925694e6ee07f07386fc6b098d5ece2e10dae4cf8144b8cc493
https://worthcalc.win/hi/guides/electric-shaver-electricity-cost-per-grooming-session-used/,hi,guide,src/content/growth-articles/hi/electric-shaver-electricity-cost-per-grooming-session-used.md,200,https://worthcalc.win/hi/guides/electric-shaver-electricity-cost-per-grooming-session-used/,0,true,"index,follow",,https://worthcalc.win/hi/guides/electric-shaver-electricity-cost-per-grooming-session-used/,200,true,6,true,true,10,3,Electric shaver electricity cost per grooming session: charging को गिनें | WorthCalc,Electric shaver electricity cost per grooming session: charging को गिनें,435,f731f5b2e67a2f17933bd7c4f18875aab9f4c29502b58eb3a816ea5fb0e455bc
https://worthcalc.win/hi/guides/electric-space-heater-cost-per-heating-hour-used/,hi,guide,src/content/growth-articles/hi/electric-space-heater-cost-per-heating-hour-used.md,200,https://worthcalc.win/hi/guides/electric-space-heater-cost-per-heating-hour-used/,0,true,"index,follow",,https://worthcalc.win/hi/guides/electric-space-heater-cost-per-heating-hour-used/,200,true,6,true,true,8,3,"Electric space heater cost per heating hour used: wattage, duty cycle और room compare करें | WorthCalc","Electric space heater cost per heating hour used: wattage, duty cycle और room compare करें",264,fde1b900af36abda8f6a749f4a16f19ea9242abb80f33e9cb19bd490e2668e32
https://worthcalc.win/hi/guides/electric-standing-desk-electricity-cost-per-adjusted-day-used/,hi,guide,src/content/growth-articles/hi/electric-standing-desk-electricity-cost-per-adjusted-day-used.md,200,https://worthcalc.win/hi/guides/electric-standing-desk-electricity-cost-per-adjusted-day-used/,0,true,"index,follow",,https://worthcalc.win/hi/guides/electric-standing-desk-electricity-cost-per-adjusted-day-used/,200,true,6,true,true,9,3,Electric standing desk cost per adjusted day used: include motor and standby | WorthCalc,Electric standing desk cost per adjusted day used: include motor and standby,521,3308152d1495250b6b25c7c02498ca0f87ba38cb304a2a787216bf0274c110c1
https://worthcalc.win/hi/guides/electric-stapler-electricity-cost-per-stapling-session-used/,hi,guide,src/content/growth-articles/hi/electric-stapler-electricity-cost-per-stapling-session-used.md,200,https://worthcalc.win/hi/guides/electric-stapler-electricity-cost-per-stapling-session-used/,0,true,"index,follow",,https://worthcalc.win/hi/guides/electric-stapler-electricity-cost-per-stapling-session-used/,200,true,6,true,true,9,3,Electric stapler electricity cost per stapling session used: separate jam events | WorthCalc,Electric stapler electricity cost per stapling session used: separate jam events,482,18e71e123e56b1834b76fa50c6c2c9e8d88aede68f598458bbb219011b21fd7f
https://worthcalc.win/hi/guides/electric-toothbrush-electricity-cost-per-charging-day-used/,hi,guide,src/content/growth-articles/hi/electric-toothbrush-electricity-cost-per-charging-day-used.md,200,https://worthcalc.win/hi/guides/electric-toothbrush-electricity-cost-per-charging-day-used/,0,true,"index,follow",,https://worthcalc.win/hi/guides/electric-toothbrush-electricity-cost-per-charging-day-used/,200,true,6,true,true,10,3,Electric toothbrush electricity cost per charging day: dock standby शामिल करें | WorthCalc,Electric toothbrush electricity cost per charging day: dock standby शामिल करें,470,fc9cc9d0ac358d98db0526f9637b2f0855db8c018c78ff39bac8eca06f491bc8
https://worthcalc.win/hi/guides/electric-wine-cooler-electricity-cost-per-storage-day-used/,hi,guide,src/content/growth-articles/hi/electric-wine-cooler-electricity-cost-per-storage-day-used.md,200,https://worthcalc.win/hi/guides/electric-wine-cooler-electricity-cost-per-storage-day-used/,0,true,"index,follow",,https://worthcalc.win/hi/guides/electric-wine-cooler-electricity-cost-per-storage-day-used/,200,true,6,true,true,6,3,Wine cooler electricity cost per storage day used: compressor cycling गिनें | WorthCalc,Wine cooler electricity cost per storage day used: compressor cycling गिनें,421,ae49240eec17fe85f8716fc2ba45d4ba55b16f49b0cbcb110953795933322550
https://worthcalc.win/hi/guides/electric-yogurt-maker-cost-per-batch-used/,hi,guide,src/content/growth-articles/hi/electric-yogurt-maker-cost-per-batch-used.md,200,https://worthcalc.win/hi/guides/electric-yogurt-maker-cost-per-batch-used/,0,true,"index,follow",,https://worthcalc.win/hi/guides/electric-yogurt-maker-cost-per-batch-used/,200,true,6,true,true,9,3,Electric yogurt maker cost per batch used: include incubation hours | WorthCalc,Electric yogurt maker cost per batch used: include incubation hours,732,263a0b32a78ce4642623b4a352fd562a86686cbb65a2ccd20830fae31b06b234
https://worthcalc.win/hi/guides/electricity-cost-per-kwh-used/,hi,guide,src/content/growth-articles/hi/electricity-cost-per-kwh-used.md,200,https://worthcalc.win/hi/guides/electricity-cost-per-kwh-used/,0,true,"index,follow",,https://worthcalc.win/hi/guides/electricity-cost-per-kwh-used/,200,true,6,true,true,42,3,Electricity cost per kWh used: fixed charges और credits भी जोड़ें | WorthCalc,Electricity cost per kWh used: fixed charges और credits भी जोड़ें,490,bd8e649636dad9435e6b7c00fdf21180ca16131567658cee22c0dd9ec09bdc5b
https://worthcalc.win/hi/guides/espresso-machine-cost-per-shot-used/,hi,guide,src/content/growth-articles/hi/espresso-machine-cost-per-shot-used.md,200,https://worthcalc.win/hi/guides/espresso-machine-cost-per-shot-used/,0,true,"index,follow",,https://worthcalc.win/hi/guides/espresso-machine-cost-per-shot-used/,200,true,6,true,true,9,3,"Espresso machine cost per shot used: warm-up, brew और steam गिनें | WorthCalc","Espresso machine cost per shot used: warm-up, brew और steam गिनें",359,01518c557914f0bb8b135953dcf610e09bc262eeea16c5dc46f3857ef3c5ee0d
https://worthcalc.win/hi/guides/event-ticket-cost-per-attended-hour/,hi,guide,src/content/growth-articles/hi/event-ticket-cost-per-attended-hour.md,200,https://worthcalc.win/hi/guides/event-ticket-cost-per-attended-hour/,0,true,"index,follow",,https://worthcalc.win/hi/guides/event-ticket-cost-per-attended-hour/,200,true,6,true,true,7,3,"Event ticket cost per attended hour: travel, fees और missed time जोड़ें | WorthCalc","Event ticket cost per attended hour: travel, fees और missed time जोड़ें",388,8b9b8ffd86e570c745934657e8b1106f7b9e2f85491f3cea321b6fa872dc1bf6
https://worthcalc.win/hi/guides/external-hard-drive-electricity-cost-per-backup-job-used/,hi,guide,src/content/growth-articles/hi/external-hard-drive-electricity-cost-per-backup-job-used.md,200,https://worthcalc.win/hi/guides/external-hard-drive-electricity-cost-per-backup-job-used/,0,true,"index,follow",,https://worthcalc.win/hi/guides/external-hard-drive-electricity-cost-per-backup-job-used/,200,true,6,true,true,10,3,External hard drive electricity cost per backup job: transfer और idle समय गिनें | WorthCalc,External hard drive electricity cost per backup job: transfer और idle समय गिनें,485,c7533fc059644263569fcc015c62001fc5c1038962efdf30b0408f7c6502befc
https://worthcalc.win/hi/guides/family-plan-break-even-members/,hi,guide,src/content/growth-articles/hi/family-plan-break-even-members.md,200,https://worthcalc.win/hi/guides/family-plan-break-even-members/,0,true,"index,follow",,https://worthcalc.win/hi/guides/family-plan-break-even-members/,200,true,6,true,true,6,3,Family plan break-even: कितने active members पर upgrade सही है? | WorthCalc,Family plan break-even: कितने active members पर upgrade सही है?,620,5221cf1fb2006025deb730dafdb16fba3d92e1de3a8aa1577e51012eb2fc1d8f
https://worthcalc.win/hi/guides/food-dehydrator-cost-per-drying-hour-used/,hi,guide,src/content/growth-articles/hi/food-dehydrator-cost-per-drying-hour-used.md,200,https://worthcalc.win/hi/guides/food-dehydrator-cost-per-drying-hour-used/,0,true,"index,follow",,https://worthcalc.win/hi/guides/food-dehydrator-cost-per-drying-hour-used/,200,true,6,true,true,9,3,Food dehydrator cost per drying hour used: measure heater and fan runtime | WorthCalc,Food dehydrator cost per drying hour used: measure heater and fan runtime,750,a5c372c6ffcbf3368e619e3c9cb38522a1af1396709276f3ba0e3074a5d833ae
https://worthcalc.win/hi/guides/food-processor-cost-per-prep-session-used/,hi,guide,src/content/growth-articles/hi/food-processor-cost-per-prep-session-used.md,200,https://worthcalc.win/hi/guides/food-processor-cost-per-prep-session-used/,0,true,"index,follow",,https://worthcalc.win/hi/guides/food-processor-cost-per-prep-session-used/,200,true,6,true,true,9,3,Food processor cost per prep session used | WorthCalc,Food processor cost per prep session used,444,6c4ae132e5cfd87f8af4dbda5d9d13daa9ed657165175471c9e48154e44875bd
https://worthcalc.win/hi/guides/free-trial-auto-renewal-first-charge/,hi,guide,src/content/growth-articles/hi/free-trial-auto-renewal-first-charge.md,200,https://worthcalc.win/hi/guides/free-trial-auto-renewal-first-charge/,0,true,"index,follow",,https://worthcalc.win/hi/guides/free-trial-auto-renewal-first-charge/,200,true,6,true,true,6,3,फ्री ट्रायल की ऑटो-रिन्यू लागत: पहला संभावित चार्ज पहले गिनें | WorthCalc,फ्री ट्रायल की ऑटो-रिन्यू लागत: पहला संभावित चार्ज पहले गिनें,719,7d1247c825a4c284d762288ef4a8305d2f0475a8fe5341aaa1a2a61751f1d0ec
https://worthcalc.win/hi/guides/freezer-cost-per-day-used/,hi,guide,src/content/growth-articles/hi/freezer-cost-per-day-used.md,200,https://worthcalc.win/hi/guides/freezer-cost-per-day-used/,0,true,"index,follow",,https://worthcalc.win/hi/guides/freezer-cost-per-day-used/,200,true,6,true,true,7,3,"Freezer cost per day used: standby energy, capacity और food storage compare करें | WorthCalc","Freezer cost per day used: standby energy, capacity और food storage compare करें",251,7ebd5bd66e359f55e9fefaad4c2cd73010f80e772d2bf5db394d5e517957c3dc
https://worthcalc.win/hi/guides/gaming-console-electricity-cost-per-gaming-hour-used/,hi,guide,src/content/growth-articles/hi/gaming-console-electricity-cost-per-gaming-hour-used.md,200,https://worthcalc.win/hi/guides/gaming-console-electricity-cost-per-gaming-hour-used/,0,true,"index,follow",,https://worthcalc.win/hi/guides/gaming-console-electricity-cost-per-gaming-hour-used/,200,true,6,true,true,9,3,Gaming console electricity cost per gaming hour used: include display boundary | WorthCalc,Gaming console electricity cost per gaming hour used: include display boundary,675,4074c0e2651e69f1ca60da1d10c0c3fd9c63987c1636ce1b8405fd435c36845a
https://worthcalc.win/hi/guides/garage-door-opener-electricity-cost-per-cycle-used/,hi,guide,src/content/growth-articles/hi/garage-door-opener-electricity-cost-per-cycle-used.md,200,https://worthcalc.win/hi/guides/garage-door-opener-electricity-cost-per-cycle-used/,0,true,"index,follow",,https://worthcalc.win/hi/guides/garage-door-opener-electricity-cost-per-cycle-used/,200,true,6,true,true,13,3,Garage door opener electricity cost per cycle: light और standby अलग करें | WorthCalc,Garage door opener electricity cost per cycle: light और standby अलग करें,668,be1366a32ce0c1752d7c73f161440f904f92477b56a5a844f689ebcdbd353e35
https://worthcalc.win/hi/guides/garment-steamer-cost-per-steaming-hour-used/,hi,guide,src/content/growth-articles/hi/garment-steamer-cost-per-steaming-hour-used.md,200,https://worthcalc.win/hi/guides/garment-steamer-cost-per-steaming-hour-used/,0,true,"index,follow",,https://worthcalc.win/hi/guides/garment-steamer-cost-per-steaming-hour-used/,200,true,6,true,true,7,3,Garment steamer cost per steaming hour used: heat-up और steam duty time गिनें | WorthCalc,Garment steamer cost per steaming hour used: heat-up और steam duty time गिनें,328,0ba8bc6d0920d18c615a1d15f1a374265023f02dbc6003ffb14e529fff7cb033
https://worthcalc.win/hi/guides/glue-gun-electricity-cost-per-crafting-hour-used/,hi,guide,src/content/growth-articles/hi/glue-gun-electricity-cost-per-crafting-hour-used.md,200,https://worthcalc.win/hi/guides/glue-gun-electricity-cost-per-crafting-hour-used/,0,true,"index,follow",,https://worthcalc.win/hi/guides/glue-gun-electricity-cost-per-crafting-hour-used/,200,true,6,true,true,10,3,Glue gun electricity cost per crafting hour: heat और idle अलग करें | WorthCalc,Glue gun electricity cost per crafting hour: heat और idle अलग करें,449,a2aeab15abdbd060982cd832646c2f210a58947e8aed44d787d30459c4279e13
https://worthcalc.win/hi/guides/gym-membership-cost-per-visit/,hi,guide,src/content/growth-articles/hi/gym-membership-cost-per-visit.md,200,https://worthcalc.win/hi/guides/gym-membership-cost-per-visit/,0,true,"index,follow",,https://worthcalc.win/hi/guides/gym-membership-cost-per-visit/,200,true,6,true,true,7,3,Gym membership cost per visit: joining fee और missed months जोड़ें | WorthCalc,Gym membership cost per visit: joining fee और missed months जोड़ें,414,198db8a9fdb16f92d48ccf89f7c6c1016f5c5c98beba9a91e0d9635017eb3d6c
https://worthcalc.win/hi/guides/hair-dryer-cost-per-drying-session-used/,hi,guide,src/content/growth-articles/hi/hair-dryer-cost-per-drying-session-used.md,200,https://worthcalc.win/hi/guides/hair-dryer-cost-per-drying-session-used/,0,true,"index,follow",,https://worthcalc.win/hi/guides/hair-dryer-cost-per-drying-session-used/,200,true,6,true,true,6,3,"Hair dryer cost per drying session used: heat, airflow और minutes अलग करें | WorthCalc","Hair dryer cost per drying session used: heat, airflow और minutes अलग करें",307,9b55788224e4d6613a40fe5e0fd3efcbcaf89c882e7822533e63ad8dfe382a55
https://worthcalc.win/hi/guides/heat-pump-cost-per-heating-hour-used/,hi,guide,src/content/growth-articles/hi/heat-pump-cost-per-heating-hour-used.md,200,https://worthcalc.win/hi/guides/heat-pump-cost-per-heating-hour-used/,0,true,"index,follow",,https://worthcalc.win/hi/guides/heat-pump-cost-per-heating-hour-used/,200,true,6,true,true,7,3,"Heat pump cost per heating hour used: capacity, runtime और weather अलग करें | WorthCalc","Heat pump cost per heating hour used: capacity, runtime और weather अलग करें",406,4bff390069a34d8076b54a3d0b597222ff6bd12b4e127e40c5ce5ee2c41923fd
https://worthcalc.win/hi/guides/hobby-equipment-cost-per-use/,hi,guide,src/content/growth-articles/hi/hobby-equipment-cost-per-use.md,200,https://worthcalc.win/hi/guides/hobby-equipment-cost-per-use/,0,true,"index,follow",,https://worthcalc.win/hi/guides/hobby-equipment-cost-per-use/,200,true,6,true,true,7,3,"Hobby equipment cost per use: storage, maintenance और resale risk जोड़ें | WorthCalc","Hobby equipment cost per use: storage, maintenance और resale risk जोड़ें",409,f2e126932caaf3d119337a150e668ab4b63d6dfd7783f54a32e5877f2dad04f7
https://worthcalc.win/hi/guides/home-internet-cost-per-gb-used/,hi,guide,src/content/growth-articles/hi/home-internet-cost-per-gb-used.md,200,https://worthcalc.win/hi/guides/home-internet-cost-per-gb-used/,0,true,"index,follow",,https://worthcalc.win/hi/guides/home-internet-cost-per-gb-used/,200,true,6,true,true,8,3,Home internet cost per GB used: equipment और overage terms जोड़ें | WorthCalc,Home internet cost per GB used: equipment और overage terms जोड़ें,453,6d5afb169902c37eeb338b758ac0a283712f08478261795832d4e761444d086d
https://worthcalc.win/hi/guides/humidifier-electricity-cost-per-humidifying-hour-used/,hi,guide,src/content/growth-articles/hi/humidifier-electricity-cost-per-humidifying-hour-used.md,200,https://worthcalc.win/hi/guides/humidifier-electricity-cost-per-humidifying-hour-used/,0,true,"index,follow",,https://worthcalc.win/hi/guides/humidifier-electricity-cost-per-humidifying-hour-used/,200,true,6,true,true,10,3,Humidifier electricity cost per humidifying hour: mist और fan modes मापें | WorthCalc,Humidifier electricity cost per humidifying hour: mist और fan modes मापें,494,276044df31c2c19bce3cba6105f52438afcff775631e9af0c37dd727e38f835d
https://worthcalc.win/hi/guides/hvac-cost-per-operating-hour-used/,hi,guide,src/content/growth-articles/hi/hvac-cost-per-operating-hour-used.md,200,https://worthcalc.win/hi/guides/hvac-cost-per-operating-hour-used/,0,true,"index,follow",,https://worthcalc.win/hi/guides/hvac-cost-per-operating-hour-used/,200,true,6,true,true,12,3,HVAC cost per operating hour used: runtime और seasonal rates comparable बनाएं | WorthCalc,HVAC cost per operating hour used: runtime और seasonal rates comparable बनाएं,335,42ca1910d583aebe3dbcbdec1a494cd948d2f9027fccdfd40b245a88dd52ee9b
https://worthcalc.win/hi/guides/induction-cooktop-cost-per-cooking-hour-used/,hi,guide,src/content/growth-articles/hi/induction-cooktop-cost-per-cooking-hour-used.md,200,https://worthcalc.win/hi/guides/induction-cooktop-cost-per-cooking-hour-used/,0,true,"index,follow",,https://worthcalc.win/hi/guides/induction-cooktop-cost-per-cooking-hour-used/,200,true,6,true,true,6,3,"Induction cooktop cost per cooking hour used: heat, idle और cleanup अलग करें | WorthCalc","Induction cooktop cost per cooking hour used: heat, idle और cleanup अलग करें",356,c43b634a5ff54a7e1e987efee683cb8f38b34214cb39b9da6ce9f885aa499e2a
https://worthcalc.win/hi/guides/introductory-discount-renewal-cost/,hi,guide,src/content/growth-articles/hi/introductory-discount-renewal-cost.md,200,https://worthcalc.win/hi/guides/introductory-discount-renewal-cost/,0,true,"index,follow",,https://worthcalc.win/hi/guides/introductory-discount-renewal-cost/,200,true,6,true,true,6,3,पहले साल की छूट और नवीनीकरण लागत: वास्तविक कुल खर्च निकालें | WorthCalc,पहले साल की छूट और नवीनीकरण लागत: वास्तविक कुल खर्च निकालें,503,e4b3364ef5f0962ca5e3d35f72168a00b21c235502c8edaa4e365634016e254a
https://worthcalc.win/hi/guides/label-maker-electricity-cost-per-labeling-session-used/,hi,guide,src/content/growth-articles/hi/label-maker-electricity-cost-per-labeling-session-used.md,200,https://worthcalc.win/hi/guides/label-maker-electricity-cost-per-labeling-session-used/,0,true,"index,follow",,https://worthcalc.win/hi/guides/label-maker-electricity-cost-per-labeling-session-used/,200,true,6,true,true,9,3,Label maker electricity cost per labeling session used: include warm-up and standby | WorthCalc,Label maker electricity cost per labeling session used: include warm-up and standby,545,f78c65d31c2c110bd917b29edd7bd05c616449561741f49a81ecdbbc6a08d70d
https://worthcalc.win/hi/guides/laminator-electricity-cost-per-laminating-batch-used/,hi,guide,src/content/growth-articles/hi/laminator-electricity-cost-per-laminating-batch-used.md,200,https://worthcalc.win/hi/guides/laminator-electricity-cost-per-laminating-batch-used/,0,true,"index,follow",,https://worthcalc.win/hi/guides/laminator-electricity-cost-per-laminating-batch-used/,200,true,6,true,true,9,3,Laminator electricity cost per laminating batch used: include warm-up | WorthCalc,Laminator electricity cost per laminating batch used: include warm-up,532,4b3dba571628b1d63647e3679450f2560d5e3e275bb6abefc46f3e8980ed47a1
https://worthcalc.win/hi/guides/language-class-cost-per-completed-session/,hi,guide,src/content/growth-articles/hi/language-class-cost-per-completed-session.md,200,https://worthcalc.win/hi/guides/language-class-cost-per-completed-session/,0,true,"index,follow",,https://worthcalc.win/hi/guides/language-class-cost-per-completed-session/,200,true,6,true,true,7,3,Language class cost per completed session: पूरी की गई lessons गिनें | WorthCalc,Language class cost per completed session: पूरी की गई lessons गिनें,382,7eede3684d85bf557ee509c5086dc399173e162385d2dcc6a1c17435d42557e5
https://worthcalc.win/hi/guides/laptop-docking-station-electricity-cost-per-workday-used/,hi,guide,src/content/growth-articles/hi/laptop-docking-station-electricity-cost-per-workday-used.md,200,https://worthcalc.win/hi/guides/laptop-docking-station-electricity-cost-per-workday-used/,0,true,"index,follow",,https://worthcalc.win/hi/guides/laptop-docking-station-electricity-cost-per-workday-used/,200,true,6,true,true,10,3,Laptop docking station electricity cost per workday: display और charging अलग रखें | WorthCalc,Laptop docking station electricity cost per workday: display और charging अलग रखें,479,0b47c0ccf2f0829ed84d5c20b094512ad1c78dc165d331c0452c434f6f651372
https://worthcalc.win/hi/guides/laundry-cost-per-load/,hi,guide,src/content/growth-articles/hi/laundry-cost-per-load.md,200,https://worthcalc.win/hi/guides/laundry-cost-per-load/,0,true,"index,follow",,https://worthcalc.win/hi/guides/laundry-cost-per-load/,200,true,6,true,true,9,3,"Laundry cost per load: पानी, energy, detergent और rewashes जोड़ें | WorthCalc","Laundry cost per load: पानी, energy, detergent और rewashes जोड़ें",449,2c23521bd7c0895cf308202b72b72e654533a6e335a99232487ee58da012fc82
https://worthcalc.win/hi/guides/led-lighting-cost-per-hour-used/,hi,guide,src/content/growth-articles/hi/led-lighting-cost-per-hour-used.md,200,https://worthcalc.win/hi/guides/led-lighting-cost-per-hour-used/,0,true,"index,follow",,https://worthcalc.win/hi/guides/led-lighting-cost-per-hour-used/,200,true,6,true,true,8,3,"LED lighting cost per hour used: watts, fixtures और replacement life शामिल करें | WorthCalc","LED lighting cost per hour used: watts, fixtures और replacement life शामिल करें",343,a7b11f61e315438f5c7f2ab76cd26d5cab1ba335d0319fbf353cb9e497619452
https://worthcalc.win/hi/guides/meal-delivery-plan-cost-per-eaten-meal/,hi,guide,src/content/growth-articles/hi/meal-delivery-plan-cost-per-eaten-meal.md,200,https://worthcalc.win/hi/guides/meal-delivery-plan-cost-per-eaten-meal/,0,true,"index,follow",,https://worthcalc.win/hi/guides/meal-delivery-plan-cost-per-eaten-meal/,200,true,6,true,true,7,3,Meal delivery plan cost per eaten meal: skipped और replacement orders जोड़ें | WorthCalc,Meal delivery plan cost per eaten meal: skipped और replacement orders जोड़ें,390,1d8045c85234bc2cbd427dc05dad635f55adc3bbea4e8627065ed1c0570f5943
https://worthcalc.win/hi/guides/meal-kit-cost-per-serving-after-waste/,hi,guide,src/content/growth-articles/hi/meal-kit-cost-per-serving-after-waste.md,200,https://worthcalc.win/hi/guides/meal-kit-cost-per-serving-after-waste/,0,true,"index,follow",,https://worthcalc.win/hi/guides/meal-kit-cost-per-serving-after-waste/,200,true,6,true,true,7,3,Meal kit cost per serving after waste: uneaten ingredients गिनें | WorthCalc,Meal kit cost per serving after waste: uneaten ingredients गिनें,421,c9b7512c377e50d04f5d549391f066b2f4fca2fd684b5822a71a72cd9d2c67ff
https://worthcalc.win/hi/guides/microwave-cost-per-cooking-cycle-used/,hi,guide,src/content/growth-articles/hi/microwave-cost-per-cooking-cycle-used.md,200,https://worthcalc.win/hi/guides/microwave-cost-per-cooking-cycle-used/,0,true,"index,follow",,https://worthcalc.win/hi/guides/microwave-cost-per-cooking-cycle-used/,200,true,6,true,true,6,3,"Microwave cost per cooking cycle used: wattage, time और failed reheats गिनें | WorthCalc","Microwave cost per cooking cycle used: wattage, time और failed reheats गिनें",340,39ff1c54cb229d703d881a558d954cc5cfb19051ff79ff9db2d2e42e754b5804
https://worthcalc.win/hi/guides/minimum-spend-fee-waiver-break-even/,hi,guide,src/content/growth-articles/hi/minimum-spend-fee-waiver-break-even.md,200,https://worthcalc.win/hi/guides/minimum-spend-fee-waiver-break-even/,0,true,"index,follow",,https://worthcalc.win/hi/guides/minimum-spend-fee-waiver-break-even/,200,true,6,true,true,6,3,Minimum spend fee waiver: threshold से पहले असली saving जाँचें | WorthCalc,Minimum spend fee waiver: threshold से पहले असली saving जाँचें,628,5b07643a372031a379366911440c8e4fa73cc8825ea1729df64100103865e241
https://worthcalc.win/hi/guides/mobile-data-cost-per-gb-used/,hi,guide,src/content/growth-articles/hi/mobile-data-cost-per-gb-used.md,200,https://worthcalc.win/hi/guides/mobile-data-cost-per-gb-used/,0,true,"index,follow",,https://worthcalc.win/hi/guides/mobile-data-cost-per-gb-used/,200,true,6,true,true,9,3,Mobile data cost per GB used: plan minimums को actual usage से compare करें | WorthCalc,Mobile data cost per GB used: plan minimums को actual usage से compare करें,390,526eb78f847625b1246865e9821e2c2dc1975f8899d14280237c97f26d54be2e
https://worthcalc.win/hi/guides/monitor-electricity-cost-per-work-hour-used/,hi,guide,src/content/growth-articles/hi/monitor-electricity-cost-per-work-hour-used.md,200,https://worthcalc.win/hi/guides/monitor-electricity-cost-per-work-hour-used/,0,true,"index,follow",,https://worthcalc.win/hi/guides/monitor-electricity-cost-per-work-hour-used/,200,true,6,true,true,7,3,"Monitor electricity cost per work hour used: brightness, sleep और USB power गिनें | WorthCalc","Monitor electricity cost per work hour used: brightness, sleep और USB power गिनें",347,b51dd7924ad4de9fde27d2881412742dcf7dc531ab7d419965c613e5ffe660f9
https://worthcalc.win/hi/guides/monthly-vs-annual-total-cost/,hi,guide,src/content/growth-articles/hi/monthly-vs-annual-total-cost.md,200,https://worthcalc.win/hi/guides/monthly-vs-annual-total-cost/,0,true,"index,follow",,https://worthcalc.win/hi/guides/monthly-vs-annual-total-cost/,200,true,6,true,true,6,3,मासिक या वार्षिक भुगतान: कुल लागत और नकदी जोखिम की तुलना | WorthCalc,मासिक या वार्षिक भुगतान: कुल लागत और नकदी जोखिम की तुलना,575,9bb0fe6018d867db5b2c9c5ce8ff23afbea17229f2325ad65541324108cb773c
https://worthcalc.win/hi/guides/natural-gas-cost-per-therm-used/,hi,guide,src/content/growth-articles/hi/natural-gas-cost-per-therm-used.md,200,https://worthcalc.win/hi/guides/natural-gas-cost-per-therm-used/,0,true,"index,follow",,https://worthcalc.win/hi/guides/natural-gas-cost-per-therm-used/,200,true,6,true,true,13,3,Natural gas cost per therm used: तुलना से पहले bill convert करें | WorthCalc,Natural gas cost per therm used: तुलना से पहले bill convert करें,507,f9d3bf199228ac6fb02dbce504f6bd45119bb48a58bcc342d66088d8c36cd28b
https://worthcalc.win/hi/guides/one-time-switching-cost-payback/,hi,guide,src/content/growth-articles/hi/one-time-switching-cost-payback.md,200,https://worthcalc.win/hi/guides/one-time-switching-cost-payback/,0,true,"index,follow",,https://worthcalc.win/hi/guides/one-time-switching-cost-payback/,200,true,6,true,true,6,3,एकमुश्त बदलाव लागत की वापसी: सस्ता प्लान कब लाभ देगा? | WorthCalc,एकमुश्त बदलाव लागत की वापसी: सस्ता प्लान कब लाभ देगा?,433,ebfb8a364067d23ed5304093d65fa95ec9f7cf703811cf138c74cb7749f240a1
https://worthcalc.win/hi/guides/online-course-cost-per-completed-lesson/,hi,guide,src/content/growth-articles/hi/online-course-cost-per-completed-lesson.md,200,https://worthcalc.win/hi/guides/online-course-cost-per-completed-lesson/,0,true,"index,follow",,https://worthcalc.win/hi/guides/online-course-cost-per-completed-lesson/,200,true,6,true,true,7,3,"Online course cost per completed lesson: access नहीं, progress price करें | WorthCalc","Online course cost per completed lesson: access नहीं, progress price करें",387,29da09c68cbf9e086e35317d212c6ed8e110e3a1aa9d90ede6e59e3fc753d5fa
https://worthcalc.win/hi/guides/outdoor-string-lights-electricity-cost-per-evening-used/,hi,guide,src/content/growth-articles/hi/outdoor-string-lights-electricity-cost-per-evening-used.md,200,https://worthcalc.win/hi/guides/outdoor-string-lights-electricity-cost-per-evening-used/,0,true,"index,follow",,https://worthcalc.win/hi/guides/outdoor-string-lights-electricity-cost-per-evening-used/,200,true,6,true,true,10,3,Outdoor string lights electricity cost per evening: timer और transformer मापें | WorthCalc,Outdoor string lights electricity cost per evening: timer और transformer मापें,663,65ea22165597b748eed1fd871266c7f0be88eb33909aab73cfc5d89a2d49d301
https://worthcalc.win/hi/guides/oven-stove-cost-per-cooking-hour-used/,hi,guide,src/content/growth-articles/hi/oven-stove-cost-per-cooking-hour-used.md,200,https://worthcalc.win/hi/guides/oven-stove-cost-per-cooking-hour-used/,0,true,"index,follow",,https://worthcalc.win/hi/guides/oven-stove-cost-per-cooking-hour-used/,200,true,6,true,true,9,3,"Oven और stove cost per cooking hour used: heat, preheating और fuel compare करें | WorthCalc","Oven और stove cost per cooking hour used: heat, preheating और fuel compare करें",354,af8369cc1bdf95a0deeb848f897fbecb6dc8ed2d34a041e0928c31e49b6ece1e
https://worthcalc.win/hi/guides/paper-shredder-electricity-cost-per-shredding-session-used/,hi,guide,src/content/growth-articles/hi/paper-shredder-electricity-cost-per-shredding-session-used.md,200,https://worthcalc.win/hi/guides/paper-shredder-electricity-cost-per-shredding-session-used/,0,true,"index,follow",,https://worthcalc.win/hi/guides/paper-shredder-electricity-cost-per-shredding-session-used/,200,true,6,true,true,9,3,Paper shredder electricity cost per shredding session used: count motor cycles | WorthCalc,Paper shredder electricity cost per shredding session used: count motor cycles,547,4fb883a0a52eb8231a8c6421b07ae29fe940c63e8b0abc9afecfc7fdcd6f3620
https://worthcalc.win/hi/guides/parking-pass-cost-per-day-used/,hi,guide,src/content/growth-articles/hi/parking-pass-cost-per-day-used.md,200,https://worthcalc.win/hi/guides/parking-pass-cost-per-day-used/,0,true,"index,follow",,https://worthcalc.win/hi/guides/parking-pass-cost-per-day-used/,200,true,6,true,true,7,3,Parking pass cost per day used: remote-work days भी गिनें | WorthCalc,Parking pass cost per day used: remote-work days भी गिनें,408,5f09e96c27edc6c714a6629829b65686db5b692e9ca21ac883c5719d74f6b92a
https://worthcalc.win/hi/guides/pause-vs-cancel-membership-cost/,hi,guide,src/content/growth-articles/hi/pause-vs-cancel-membership-cost.md,200,https://worthcalc.win/hi/guides/pause-vs-cancel-membership-cost/,0,true,"index,follow",,https://worthcalc.win/hi/guides/pause-vs-cancel-membership-cost/,200,true,6,true,true,6,3,Membership pause या cancel: access बनाए रखने की लागत की तुलना | WorthCalc,Membership pause या cancel: access बनाए रखने की लागत की तुलना,673,8e0ede6b07f499648a7cb676e83f01ace98063627cbf9bae094bb49ed0572db8
https://worthcalc.win/hi/guides/phone-charger-cost-per-charge-used/,hi,guide,src/content/growth-articles/hi/phone-charger-cost-per-charge-used.md,200,https://worthcalc.win/hi/guides/phone-charger-cost-per-charge-used/,0,true,"index,follow",,https://worthcalc.win/hi/guides/phone-charger-cost-per-charge-used/,200,true,6,true,true,9,3,"Phone charger cost per charge used: wall energy मापें, adapter maximum नहीं | WorthCalc","Phone charger cost per charge used: wall energy मापें, adapter maximum नहीं",324,93775a661495b78372d1f3567256d1d9a55dda9303e4928ed70ad8b7dc1ee156
https://worthcalc.win/hi/guides/pool-pump-cost-per-operating-hour-used/,hi,guide,src/content/growth-articles/hi/pool-pump-cost-per-operating-hour-used.md,200,https://worthcalc.win/hi/guides/pool-pump-cost-per-operating-hour-used/,0,true,"index,follow",,https://worthcalc.win/hi/guides/pool-pump-cost-per-operating-hour-used/,200,true,6,true,true,6,3,"Pool pump cost per operating hour used: speed, flow और pool tasks अलग करें | WorthCalc","Pool pump cost per operating hour used: speed, flow और pool tasks अलग करें",353,010d28143138f49c5cef40064d1df08cb8daff30ee41ba69d7e5c2e6c1360499
https://worthcalc.win/hi/guides/pool-pump-electricity-cost-per-filtration-cycle-used/,hi,guide,src/content/growth-articles/hi/pool-pump-electricity-cost-per-filtration-cycle-used.md,200,https://worthcalc.win/hi/guides/pool-pump-electricity-cost-per-filtration-cycle-used/,0,true,"index,follow",,https://worthcalc.win/hi/guides/pool-pump-electricity-cost-per-filtration-cycle-used/,200,true,6,true,true,8,3,Pool pump electricity cost per filtration hour: separate run time | WorthCalc,Pool pump electricity cost per filtration hour: separate run time,613,470c92ae1c5a93bceb4a56301ebab653b241cd23f8cf94045161c8bf916744aa
https://worthcalc.win/hi/guides/portable-ac-cost-per-cooling-hour-used/,hi,guide,src/content/growth-articles/hi/portable-ac-cost-per-cooling-hour-used.md,200,https://worthcalc.win/hi/guides/portable-ac-cost-per-cooling-hour-used/,0,true,"index,follow",,https://worthcalc.win/hi/guides/portable-ac-cost-per-cooling-hour-used/,200,true,6,true,true,6,3,"Portable AC cost per cooling hour used: exhaust, fan और room load मापें | WorthCalc","Portable AC cost per cooling hour used: exhaust, fan और room load मापें",378,20fdcdd815d36f94851958873df1ca9b2071470701563abc8b3340c1f49b3bf8
https://worthcalc.win/hi/guides/portable-air-conditioner-electricity-cost-per-cooling-session-used/,hi,guide,src/content/growth-articles/hi/portable-air-conditioner-electricity-cost-per-cooling-session-used.md,200,https://worthcalc.win/hi/guides/portable-air-conditioner-electricity-cost-per-cooling-session-used/,0,true,"index,follow",,https://worthcalc.win/hi/guides/portable-air-conditioner-electricity-cost-per-cooling-session-used/,200,true,6,true,true,10,3,Portable air conditioner electricity cost per cooling hour: count compressor cycles | WorthCalc,Portable air conditioner electricity cost per cooling hour: count compressor cycles,599,aafa3110d8ba8690d219318b30d264b8ca464f8e096db9869978cf6eaf376c48
https://worthcalc.win/hi/guides/prepaid-balance-expiration-cost/,hi,guide,src/content/growth-articles/hi/prepaid-balance-expiration-cost.md,200,https://worthcalc.win/hi/guides/prepaid-balance-expiration-cost/,0,true,"index,follow",,https://worthcalc.win/hi/guides/prepaid-balance-expiration-cost/,200,true,6,true,true,6,3,Prepaid balance expiry cost: unused credits की असली लागत गिनें | WorthCalc,Prepaid balance expiry cost: unused credits की असली लागत गिनें,647,423d9b2be5008de091509ab73faf2f7ab9f2d2b018c9f39e20132e3964cd7be8
https://worthcalc.win/hi/guides/printer-electricity-cost-per-print-job-used/,hi,guide,src/content/growth-articles/hi/printer-electricity-cost-per-print-job-used.md,200,https://worthcalc.win/hi/guides/printer-electricity-cost-per-print-job-used/,0,true,"index,follow",,https://worthcalc.win/hi/guides/printer-electricity-cost-per-print-job-used/,200,true,6,true,true,9,3,Printer electricity cost per print job used: include warm-up and idle time | WorthCalc,Printer electricity cost per print job used: include warm-up and idle time,675,b5ea39d94534d5f18a582fb61929b53ab9bf01c6a125404bf713351c1781e986
https://worthcalc.win/hi/guides/projector-electricity-cost-per-presentation-hour-used/,hi,guide,src/content/growth-articles/hi/projector-electricity-cost-per-presentation-hour-used.md,200,https://worthcalc.win/hi/guides/projector-electricity-cost-per-presentation-hour-used/,0,true,"index,follow",,https://worthcalc.win/hi/guides/projector-electricity-cost-per-presentation-hour-used/,200,true,6,true,true,9,3,Projector electricity cost per presentation hour used: include warm-up and cooling | WorthCalc,Projector electricity cost per presentation hour used: include warm-up and cooling,485,1218f61f561ae5aa4c95bb968cd1428e4abca2b7023d4fe3406668521a1161a4
https://worthcalc.win/hi/guides/recurring-costs-annual-total/,hi,guide,src/content/growth-articles/hi/recurring-costs-annual-total.md,200,https://worthcalc.win/hi/guides/recurring-costs-annual-total/,0,true,"index,follow",,https://worthcalc.win/hi/guides/recurring-costs-annual-total/,200,true,6,true,true,40,3,"नियमित खर्च का वार्षिक कुल: मासिक, त्रैमासिक और वार्षिक बिल जोड़ें | WorthCalc","नियमित खर्च का वार्षिक कुल: मासिक, त्रैमासिक और वार्षिक बिल जोड़ें",641,2af79fc59d5501791e59cc2d079912bf1220b1a4960daf9f70cc56ef716cc50d
https://worthcalc.win/hi/guides/refrigerator-cost-per-day-used/,hi,guide,src/content/growth-articles/hi/refrigerator-cost-per-day-used.md,200,https://worthcalc.win/hi/guides/refrigerator-cost-per-day-used/,0,true,"index,follow",,https://worthcalc.win/hi/guides/refrigerator-cost-per-day-used/,200,true,6,true,true,9,3,Refrigerator cost per day used: annual energy को household cost में बदलें | WorthCalc,Refrigerator cost per day used: annual energy को household cost में बदलें,355,34b2e1953b0afa618a54c9d65a37583bc7270d414b9fea46c1feb3914a382f90
https://worthcalc.win/hi/guides/rice-cooker-cost-per-cooking-cycle-used/,hi,guide,src/content/growth-articles/hi/rice-cooker-cost-per-cooking-cycle-used.md,200,https://worthcalc.win/hi/guides/rice-cooker-cost-per-cooking-cycle-used/,0,true,"index,follow",,https://worthcalc.win/hi/guides/rice-cooker-cost-per-cooking-cycle-used/,200,true,6,true,true,9,3,Rice cooker cost per cooking cycle used | WorthCalc,Rice cooker cost per cooking cycle used,448,ddb3069fc7beeb51556bb4d82ec920ae58d42ba64a42fa942643f3e2f91e9391
https://worthcalc.win/hi/guides/robot-vacuum-cost-per-cleaning-cycle-used/,hi,guide,src/content/growth-articles/hi/robot-vacuum-cost-per-cleaning-cycle-used.md,200,https://worthcalc.win/hi/guides/robot-vacuum-cost-per-cleaning-cycle-used/,0,true,"index,follow",,https://worthcalc.win/hi/guides/robot-vacuum-cost-per-cleaning-cycle-used/,200,true,6,true,true,8,3,"Robot vacuum cost per cleaning cycle used: dock, charging और emptying गिनें | WorthCalc","Robot vacuum cost per cleaning cycle used: dock, charging और emptying गिनें",341,069b9e533dc9148fb0cb51c31455c7ddad6d997800766958a8d90db6acc4ba9d
https://worthcalc.win/hi/guides/room-air-conditioner-cost-per-cooling-hour-used/,hi,guide,src/content/growth-articles/hi/room-air-conditioner-cost-per-cooling-hour-used.md,200,https://worthcalc.win/hi/guides/room-air-conditioner-cost-per-cooling-hour-used/,0,true,"index,follow",,https://worthcalc.win/hi/guides/room-air-conditioner-cost-per-cooling-hour-used/,200,true,6,true,true,9,3,"Room air conditioner cost per cooling hour used: compressor, fan और idle include करें | WorthCalc","Room air conditioner cost per cooling hour used: compressor, fan और idle include करें",261,7daf5b2fe443fd07353f3d374a1875131ecd16f57890ead663f3978b790570c1
https://worthcalc.win/hi/guides/router-electricity-cost-per-month-used/,hi,guide,src/content/growth-articles/hi/router-electricity-cost-per-month-used.md,200,https://worthcalc.win/hi/guides/router-electricity-cost-per-month-used/,0,true,"index,follow",,https://worthcalc.win/hi/guides/router-electricity-cost-per-month-used/,200,true,6,true,true,9,3,Router electricity cost per month used: always-on power और internet service अलग करें | WorthCalc,Router electricity cost per month used: always-on power और internet service अलग करें,347,7d7635bfda0937b02d43ec377636ec60363653e19cb5be435df7c523bdf1c1ab
https://worthcalc.win/hi/guides/sandwich-maker-cost-per-use-used/,hi,guide,src/content/growth-articles/hi/sandwich-maker-cost-per-use-used.md,200,https://worthcalc.win/hi/guides/sandwich-maker-cost-per-use-used/,0,true,"index,follow",,https://worthcalc.win/hi/guides/sandwich-maker-cost-per-use-used/,200,true,6,true,true,9,3,Sandwich maker cost per use used: preheat और actual plates गिनें | WorthCalc,Sandwich maker cost per use used: preheat और actual plates गिनें,328,89e447fefb73242b73b1c4a7d5daf428061b68ce0bba3028fee957c77de91025
https://worthcalc.win/hi/guides/savings-break-even-use-period/,hi,guide,src/content/growth-articles/hi/savings-break-even-use-period.md,200,https://worthcalc.win/hi/guides/savings-break-even-use-period/,0,true,"index,follow",,https://worthcalc.win/hi/guides/savings-break-even-use-period/,200,true,6,true,true,6,3,बचत का ब्रेक-ईवन: बदलाव कब तक अपनी लागत वसूल करता है? | WorthCalc,बचत का ब्रेक-ईवन: बदलाव कब तक अपनी लागत वसूल करता है?,491,07af5a45b0a524473359254a5e4cc5e4b650f79c90785aba821362313717c0a7
https://worthcalc.win/hi/guides/scanner-electricity-cost-per-scanning-session-used/,hi,guide,src/content/growth-articles/hi/scanner-electricity-cost-per-scanning-session-used.md,200,https://worthcalc.win/hi/guides/scanner-electricity-cost-per-scanning-session-used/,0,true,"index,follow",,https://worthcalc.win/hi/guides/scanner-electricity-cost-per-scanning-session-used/,200,true,6,true,true,9,3,Scanner electricity cost per scanning session used: count lamp and standby energy | WorthCalc,Scanner electricity cost per scanning session used: count lamp and standby energy,681,0f2aaabbffbaba6808f43e43c1547a0879880a629321a6c0b954ea029ceb57d6
https://worthcalc.win/hi/guides/sewing-machine-electricity-cost-per-sewing-hour-used/,hi,guide,src/content/growth-articles/hi/sewing-machine-electricity-cost-per-sewing-hour-used.md,200,https://worthcalc.win/hi/guides/sewing-machine-electricity-cost-per-sewing-hour-used/,0,true,"index,follow",,https://worthcalc.win/hi/guides/sewing-machine-electricity-cost-per-sewing-hour-used/,200,true,6,true,true,10,3,Sewing machine electricity cost per sewing hour: foot-pedal time शामिल करें | WorthCalc,Sewing machine electricity cost per sewing hour: foot-pedal time शामिल करें,452,5c0b30e6f8463c740d3a6f1fb409bf1adba90e6c98768ab185ec78baa77519ac
https://worthcalc.win/hi/guides/slow-cooker-cost-per-cooking-hour-used/,hi,guide,src/content/growth-articles/hi/slow-cooker-cost-per-cooking-hour-used.md,200,https://worthcalc.win/hi/guides/slow-cooker-cost-per-cooking-hour-used/,0,true,"index,follow",,https://worthcalc.win/hi/guides/slow-cooker-cost-per-cooking-hour-used/,200,true,6,true,true,9,3,Slow cooker cost per cooking hour used | WorthCalc,Slow cooker cost per cooking hour used,454,68108471fba7e7ae5820aa6124ec9bb00579935a0d712a9ab9f95ae9f0cb6f24
https://worthcalc.win/hi/guides/smart-speaker-electricity-cost-per-listening-hour-used/,hi,guide,src/content/growth-articles/hi/smart-speaker-electricity-cost-per-listening-hour-used.md,200,https://worthcalc.win/hi/guides/smart-speaker-electricity-cost-per-listening-hour-used/,0,true,"index,follow",,https://worthcalc.win/hi/guides/smart-speaker-electricity-cost-per-listening-hour-used/,200,true,6,true,true,9,3,Smart speaker electricity cost per listening hour used: separate active and standby | WorthCalc,Smart speaker electricity cost per listening hour used: separate active and standby,514,ef66e28e45cbdeb491b7081362d11154c2e9b35f0e0c51d778701b6f3a6a6343
https://worthcalc.win/hi/guides/software-add-on-cost-per-active-seat/,hi,guide,src/content/growth-articles/hi/software-add-on-cost-per-active-seat.md,200,https://worthcalc.win/hi/guides/software-add-on-cost-per-active-seat/,0,true,"index,follow",,https://worthcalc.win/hi/guides/software-add-on-cost-per-active-seat/,200,true,6,true,true,7,3,Software add-on cost per active seat: feature access और adoption अलग करें | WorthCalc,Software add-on cost per active seat: feature access और adoption अलग करें,391,84c2ded39a173a057e282b696d63a58a6291f8df8e734f8468f9419cab25cdff
https://worthcalc.win/hi/guides/software-seat-cost-per-active-user/,hi,guide,src/content/growth-articles/hi/software-seat-cost-per-active-user.md,200,https://worthcalc.win/hi/guides/software-seat-cost-per-active-user/,0,true,"index,follow",,https://worthcalc.win/hi/guides/software-seat-cost-per-active-user/,200,true,6,true,true,7,3,Software seat cost per active user: unused access की लागत देखें | WorthCalc,Software seat cost per active user: unused access की लागत देखें,412,d50c3d7d42507abbfba837f02ce5ac65d51a3b65a01578e122087a29613e25af
https://worthcalc.win/hi/guides/solar-inverter-electricity-cost-per-monitoring-day-used/,hi,guide,src/content/growth-articles/hi/solar-inverter-electricity-cost-per-monitoring-day-used.md,200,https://worthcalc.win/hi/guides/solar-inverter-electricity-cost-per-monitoring-day-used/,0,true,"index,follow",,https://worthcalc.win/hi/guides/solar-inverter-electricity-cost-per-monitoring-day-used/,200,true,6,true,true,6,3,Solar inverter electricity cost per monitoring day used: standby और conversion अलग करें | WorthCalc,Solar inverter electricity cost per monitoring day used: standby और conversion अलग करें,422,fdbce3d9fd559197cb07149c0b38401631231628c0e9c2426801ffaf8618821a
https://worthcalc.win/hi/guides/soldering-iron-electricity-cost-per-repair-hour-used/,hi,guide,src/content/growth-articles/hi/soldering-iron-electricity-cost-per-repair-hour-used.md,200,https://worthcalc.win/hi/guides/soldering-iron-electricity-cost-per-repair-hour-used/,0,true,"index,follow",,https://worthcalc.win/hi/guides/soldering-iron-electricity-cost-per-repair-hour-used/,200,true,6,true,true,10,3,Soldering iron electricity cost per repair hour: warm-up को शामिल करें | WorthCalc,Soldering iron electricity cost per repair hour: warm-up को शामिल करें,448,73d5cfeadd77581a8f924c27c4de8e04213cb66fbb24ba965929e477d43799a4
https://worthcalc.win/hi/guides/soundbar-electricity-cost-per-watched-hour-used/,hi,guide,src/content/growth-articles/hi/soundbar-electricity-cost-per-watched-hour-used.md,200,https://worthcalc.win/hi/guides/soundbar-electricity-cost-per-watched-hour-used/,0,true,"index,follow",,https://worthcalc.win/hi/guides/soundbar-electricity-cost-per-watched-hour-used/,200,true,6,true,true,9,3,Soundbar electricity cost per watched hour used: separate playback and standby | WorthCalc,Soundbar electricity cost per watched hour used: separate playback and standby,670,84a78d40de2b313e664eadc7233ab99eac66b7e0db9ac7f823f6b04078a37921
https://worthcalc.win/hi/guides/stand-mixer-cost-per-mixing-session-used/,hi,guide,src/content/growth-articles/hi/stand-mixer-cost-per-mixing-session-used.md,200,https://worthcalc.win/hi/guides/stand-mixer-cost-per-mixing-session-used/,0,true,"index,follow",,https://worthcalc.win/hi/guides/stand-mixer-cost-per-mixing-session-used/,200,true,6,true,true,9,3,Stand mixer cost per mixing session used: motor time और attachments गिनें | WorthCalc,Stand mixer cost per mixing session used: motor time और attachments गिनें,320,784a6649d500dec32fe2005792c06da5fcb564e80dffc9bde77993a72a4ebeb5
https://worthcalc.win/hi/guides/standby-power-cost-per-day-used/,hi,guide,src/content/growth-articles/hi/standby-power-cost-per-day-used.md,200,https://worthcalc.win/hi/guides/standby-power-cost-per-day-used/,0,true,"index,follow",,https://worthcalc.win/hi/guides/standby-power-cost-per-day-used/,200,true,6,true,true,13,3,Standby power cost per day used: plug load और supported service मापें | WorthCalc,Standby power cost per day used: plug load और supported service मापें,385,e6c4e7cf871cae6f9c10b23e15879727ce7f73d14afbb3c1cf4e321e822f81db
https://worthcalc.win/hi/guides/streaming-cost-per-watched-hour/,hi,guide,src/content/growth-articles/hi/streaming-cost-per-watched-hour.md,200,https://worthcalc.win/hi/guides/streaming-cost-per-watched-hour/,0,true,"index,follow",,https://worthcalc.win/hi/guides/streaming-cost-per-watched-hour/,200,true,6,true,true,7,3,"Streaming cost per watched hour: ads, add-ons और auto-renewal जोड़ें | WorthCalc","Streaming cost per watched hour: ads, add-ons और auto-renewal जोड़ें",390,94a664fcb9c2a990a8ef7247caa787e17d0beac9b0ccb04e573685acbe157262
https://worthcalc.win/hi/guides/subscription-price-increase-annual-impact/,hi,guide,src/content/growth-articles/hi/subscription-price-increase-annual-impact.md,200,https://worthcalc.win/hi/guides/subscription-price-increase-annual-impact/,0,true,"index,follow",,https://worthcalc.win/hi/guides/subscription-price-increase-annual-impact/,200,true,6,true,true,6,3,सब्सक्रिप्शन की कीमत बढ़े तो सालाना असर कैसे गिनें | WorthCalc,सब्सक्रिप्शन की कीमत बढ़े तो सालाना असर कैसे गिनें,873,fb967e326ea7f24ad7eb476ee36a23f9fc275894831ed69f56e14c3be07c0c8b
https://worthcalc.win/hi/guides/television-electricity-cost-per-watched-hour-used/,hi,guide,src/content/growth-articles/hi/television-electricity-cost-per-watched-hour-used.md,200,https://worthcalc.win/hi/guides/television-electricity-cost-per-watched-hour-used/,0,true,"index,follow",,https://worthcalc.win/hi/guides/television-electricity-cost-per-watched-hour-used/,200,true,6,true,true,7,3,Television electricity cost per watched hour used: picture mode और streaming gear गिनें | WorthCalc,Television electricity cost per watched hour used: picture mode और streaming gear गिनें,355,08036c106879e6f6236cb1d8b598d42588553e98a88ac3be39716147875da5e8
https://worthcalc.win/hi/guides/terrarium-heat-lamp-electricity-cost-per-heating-hour-used/,hi,guide,src/content/growth-articles/hi/terrarium-heat-lamp-electricity-cost-per-heating-hour-used.md,200,https://worthcalc.win/hi/guides/terrarium-heat-lamp-electricity-cost-per-heating-hour-used/,0,true,"index,follow",,https://worthcalc.win/hi/guides/terrarium-heat-lamp-electricity-cost-per-heating-hour-used/,200,true,6,true,true,10,3,Terrarium heat lamp electricity cost per heating hour: timer window शामिल करें | WorthCalc,Terrarium heat lamp electricity cost per heating hour: timer window शामिल करें,658,a88c6abd6b1676e4d3097060f0f8fde7d72dc5f292771dae8a6c334e5c460a7b
https://worthcalc.win/hi/guides/toaster-cost-per-use-used/,hi,guide,src/content/growth-articles/hi/toaster-cost-per-use-used.md,200,https://worthcalc.win/hi/guides/toaster-cost-per-use-used/,0,true,"index,follow",,https://worthcalc.win/hi/guides/toaster-cost-per-use-used/,200,true,6,true,true,9,3,Toaster cost per use used | WorthCalc,Toaster cost per use used,426,e4d31ca894ede39557d3d46d1535771c03e1185f416c67ab235bd5e78a7e493c
https://worthcalc.win/hi/guides/tool-rental-cost-per-project/,hi,guide,src/content/growth-articles/hi/tool-rental-cost-per-project.md,200,https://worthcalc.win/hi/guides/tool-rental-cost-per-project/,0,true,"index,follow",,https://worthcalc.win/hi/guides/tool-rental-cost-per-project/,200,true,6,true,true,7,3,Tool rental cost per project: rental days को ownership से compare करें | WorthCalc,Tool rental cost per project: rental days को ownership से compare करें,387,9b6c8beacf947026945acf90707944f6bd4fe1e03088f93a1de4da8da7ee2603
https://worthcalc.win/hi/guides/transit-pass-cost-per-ride-used/,hi,guide,src/content/growth-articles/hi/transit-pass-cost-per-ride-used.md,200,https://worthcalc.win/hi/guides/transit-pass-cost-per-ride-used/,0,true,"index,follow",,https://worthcalc.win/hi/guides/transit-pass-cost-per-ride-used/,200,true,6,true,true,7,3,Transit pass cost per ride used: transfers और missed days जोड़ें | WorthCalc,Transit pass cost per ride used: transfers और missed days जोड़ें,408,ccfb6291605f3b2c728361531f40dc6a8e318bb59c4c8376a6098008b2d34334
https://worthcalc.win/hi/guides/true-cost-of-buy-now-pay-later/,hi,guide,src/content/growth-articles/hi/true-cost-of-buy-now-pay-later.md,200,https://worthcalc.win/hi/guides/true-cost-of-buy-now-pay-later/,0,true,"index,follow",,https://worthcalc.win/hi/guides/true-cost-of-buy-now-pay-later/,200,true,6,true,true,6,3,"Buy Now, Pay Later की वास्तविक लागत: fees, timing और payment risk गिनें | WorthCalc","Buy Now, Pay Later की वास्तविक लागत: fees, timing और payment risk गिनें",485,8d300fc953c62d47ee90b0f61f5de3f202115269988aa2f65d65d8fb00e74f88
https://worthcalc.win/hi/guides/true-cost-of-convenience-delivery/,hi,guide,src/content/growth-articles/hi/true-cost-of-convenience-delivery.md,200,https://worthcalc.win/hi/guides/true-cost-of-convenience-delivery/,0,true,"index,follow",,https://worthcalc.win/hi/guides/true-cost-of-convenience-delivery/,200,true,6,true,true,12,3,"Convenience delivery की वास्तविक लागत: fees, tip और time जोड़ें | WorthCalc","Convenience delivery की वास्तविक लागत: fees, tip और time जोड़ें",544,5c56702cfbc749ff4e5591dacfbf00a5a107978c8661ca4f38a69a5a1d85eb90
https://worthcalc.win/hi/guides/true-cost-of-extended-warranty/,hi,guide,src/content/growth-articles/hi/true-cost-of-extended-warranty.md,200,https://worthcalc.win/hi/guides/true-cost-of-extended-warranty/,0,true,"index,follow",,https://worthcalc.win/hi/guides/true-cost-of-extended-warranty/,200,true,6,true,true,6,3,Extended warranty की वास्तविक लागत: coverage को repair reserve से compare करें | WorthCalc,Extended warranty की वास्तविक लागत: coverage को repair reserve से compare करें,463,3094d8c296edeca6fda61c3f9552276bbb3537b7ffdd6693fe81437b872b8cfd
https://worthcalc.win/hi/guides/true-cost-of-free-shipping-threshold/,hi,guide,src/content/growth-articles/hi/true-cost-of-free-shipping-threshold.md,200,https://worthcalc.win/hi/guides/true-cost-of-free-shipping-threshold/,0,true,"index,follow",,https://worthcalc.win/hi/guides/true-cost-of-free-shipping-threshold/,200,true,6,true,true,7,3,Free-shipping threshold की वास्तविक लागत: minimum कब extra spending कराता है? | WorthCalc,Free-shipping threshold की वास्तविक लागत: minimum कब extra spending कराता है?,484,e977efbc58f7730f640a3987db326ea4e4331521ff191e5f7bd2fb3b4df39112
https://worthcalc.win/hi/guides/true-cost-of-home-service-plan/,hi,guide,src/content/growth-articles/hi/true-cost-of-home-service-plan.md,200,https://worthcalc.win/hi/guides/true-cost-of-home-service-plan/,0,true,"index,follow",,https://worthcalc.win/hi/guides/true-cost-of-home-service-plan/,200,true,6,true,true,6,3,Home service plan की वास्तविक लागत: जितना use हो उतनी coverage price करें | WorthCalc,Home service plan की वास्तविक लागत: जितना use हो उतनी coverage price करें,439,5380c098c0f42299e748200ae45cd8b06f79467fd28417a781b7a06b5ccf4a00
https://worthcalc.win/hi/guides/true-cost-of-rental-car/,hi,guide,src/content/growth-articles/hi/true-cost-of-rental-car.md,200,https://worthcalc.win/hi/guides/true-cost-of-rental-car/,0,true,"index,follow",,https://worthcalc.win/hi/guides/true-cost-of-rental-car/,200,true,6,true,true,6,3,"Rental car की वास्तविक लागत: fuel, insurance, deposit और time जोड़ें | WorthCalc","Rental car की वास्तविक लागत: fuel, insurance, deposit और time जोड़ें",454,640a0cb2c29272ff8f23868c9f2685ff267fef33dfdbec78d78a09e77ae0fa7b
https://worthcalc.win/hi/guides/true-cost-of-upgrade-feature/,hi,guide,src/content/growth-articles/hi/true-cost-of-upgrade-feature.md,200,https://worthcalc.win/hi/guides/true-cost-of-upgrade-feature/,0,true,"index,follow",,https://worthcalc.win/hi/guides/true-cost-of-upgrade-feature/,200,true,6,true,true,6,3,"Paid feature upgrade की वास्तविक लागत: feature list नहीं, incremental value मापें | WorthCalc","Paid feature upgrade की वास्तविक लागत: feature list नहीं, incremental value मापें",453,c3661f8194c25d45d26d777426166a099557b1de844ac3a4c79b0666ccda9b80
https://worthcalc.win/hi/guides/unused-membership-capacity-cost/,hi,guide,src/content/growth-articles/hi/unused-membership-capacity-cost.md,200,https://worthcalc.win/hi/guides/unused-membership-capacity-cost/,0,true,"index,follow",,https://worthcalc.win/hi/guides/unused-membership-capacity-cost/,200,true,6,true,true,7,3,अप्रयुक्त सदस्यता क्षमता: जिन लाभों का उपयोग नहीं हुआ उनकी लागत | WorthCalc,अप्रयुक्त सदस्यता क्षमता: जिन लाभों का उपयोग नहीं हुआ उनकी लागत,478,50e6fdbbc0ee0408828b0a59d92ea3fddee48fbebd38d657db84f0dbeeec16f9
https://worthcalc.win/hi/guides/usb-charging-hub-electricity-cost-per-charging-session-used/,hi,guide,src/content/growth-articles/hi/usb-charging-hub-electricity-cost-per-charging-session-used.md,200,https://worthcalc.win/hi/guides/usb-charging-hub-electricity-cost-per-charging-session-used/,0,true,"index,follow",,https://worthcalc.win/hi/guides/usb-charging-hub-electricity-cost-per-charging-session-used/,200,true,6,true,true,10,3,USB charging hub electricity cost per charging session: devices को साथ मापें | WorthCalc,USB charging hub electricity cost per charging session: devices को साथ मापें,471,61a95ea89f94d2e5c2b28a4a11bca3424d767a6bf624f1caa9552276aff64eb7
https://worthcalc.win/hi/guides/vacuum-cleaner-electricity-cost-per-cleaning-hour-used/,hi,guide,src/content/growth-articles/hi/vacuum-cleaner-electricity-cost-per-cleaning-hour-used.md,200,https://worthcalc.win/hi/guides/vacuum-cleaner-electricity-cost-per-cleaning-hour-used/,0,true,"index,follow",,https://worthcalc.win/hi/guides/vacuum-cleaner-electricity-cost-per-cleaning-hour-used/,200,true,6,true,true,8,3,Vacuum cleaner electricity cost per cleaning hour used: real session मापें | WorthCalc,Vacuum cleaner electricity cost per cleaning hour used: real session मापें,358,42a0e5b72a331dbaa62deee6f6f6e81f3d14a319faf580c5973a86eaa2af4eeb
https://worthcalc.win/hi/guides/waffle-maker-cost-per-cooking-cycle-used/,hi,guide,src/content/growth-articles/hi/waffle-maker-cost-per-cooking-cycle-used.md,200,https://worthcalc.win/hi/guides/waffle-maker-cost-per-cooking-cycle-used/,0,true,"index,follow",,https://worthcalc.win/hi/guides/waffle-maker-cost-per-cooking-cycle-used/,200,true,6,true,true,9,3,Waffle maker cost per cooking cycle used: preheat और repeated plates गिनें | WorthCalc,Waffle maker cost per cooking cycle used: preheat और repeated plates गिनें,312,204e9d81af0d70d80136b83ded7e3bd59d4d470c4a46a169e7a025a4c0cb597e
https://worthcalc.win/hi/guides/water-bill-cost-per-gallon-used/,hi,guide,src/content/growth-articles/hi/water-bill-cost-per-gallon-used.md,200,https://worthcalc.win/hi/guides/water-bill-cost-per-gallon-used/,0,true,"index,follow",,https://worthcalc.win/hi/guides/water-bill-cost-per-gallon-used/,200,true,6,true,true,8,3,Water bill cost per gallon used: sewer और fixed charges जोड़ें | WorthCalc,Water bill cost per gallon used: sewer और fixed charges जोड़ें,443,42ccdc72a7773bde2fb0d366da4f9a56bc171c7cd18e7bc65f8bfc5ab0b1eb9b
https://worthcalc.win/hi/guides/water-cooler-electricity-cost-per-cooling-day-used/,hi,guide,src/content/growth-articles/hi/water-cooler-electricity-cost-per-cooling-day-used.md,200,https://worthcalc.win/hi/guides/water-cooler-electricity-cost-per-cooling-day-used/,0,true,"index,follow",,https://worthcalc.win/hi/guides/water-cooler-electricity-cost-per-cooling-day-used/,200,true,6,true,true,10,3,Water cooler electricity cost per cooling day: hot और cold modes अलग रखें | WorthCalc,Water cooler electricity cost per cooling day: hot और cold modes अलग रखें,498,5fdc9c2d230432d451cded5ab4dac8afd8dc63387b0d18e9e76d684b9bfe5f0c
https://worthcalc.win/hi/guides/water-heater-cost-per-gallon-heated/,hi,guide,src/content/growth-articles/hi/water-heater-cost-per-gallon-heated.md,200,https://worthcalc.win/hi/guides/water-heater-cost-per-gallon-heated/,0,true,"index,follow",,https://worthcalc.win/hi/guides/water-heater-cost-per-gallon-heated/,200,true,6,true,true,8,3,Water heater cost per gallon heated: delivered hot water और standby cost अलग करें | WorthCalc,Water heater cost per gallon heated: delivered hot water और standby cost अलग करें,329,0dddf05c32a1b4eaff887393cf55630075d61ab393904c4e832b70e474ce8613
https://worthcalc.win/hi/guides/webcam-electricity-cost-per-meeting-hour-used/,hi,guide,src/content/growth-articles/hi/webcam-electricity-cost-per-meeting-hour-used.md,200,https://worthcalc.win/hi/guides/webcam-electricity-cost-per-meeting-hour-used/,0,true,"index,follow",,https://worthcalc.win/hi/guides/webcam-electricity-cost-per-meeting-hour-used/,200,true,6,true,true,10,3,Webcam electricity cost per meeting hour: camera और LED modes अलग करें | WorthCalc,Webcam electricity cost per meeting hour: camera और LED modes अलग करें,521,c395848e603816bda10549b773877d6518af13b028e3ca3662eaaa65ecc09431
https://worthcalc.win/,en,home,src/pages/index.astro,200,https://worthcalc.win/,0,true,"index, follow, max-image-preview:large",,https://worthcalc.win/,200,true,6,true,true,1789,0,Transparent Calculators for Real Money Decisions | WorthCalc,Transparent calculators for real money decisions,1153,3163da741b254f147d2b24d3e160639d2d9d9c338a1170d51fe72ef33f5c88df
https://worthcalc.win/zh/about/,zh,legal,src/pages/zh/about.astro,200,https://worthcalc.win/zh/about/,0,true,"index, follow, max-image-preview:large",,https://worthcalc.win/zh/about/,200,true,5,true,true,665,2,關於 WorthCalc | WorthCalc,關於 WorthCalc,1014,89e75dc0f2509144abbabb91bda17a6c47c5fd2b4d6d8552372c630aad8ae41b
https://worthcalc.win/zh/annual-fee-card-breakeven/,zh,editorial,src/pages/zh/annual-fee-card-breakeven.astro,200,https://worthcalc.win/zh/annual-fee-card-breakeven/,0,true,"index, follow, max-image-preview:large",,https://worthcalc.win/zh/annual-fee-card-breakeven/,200,true,6,true,true,10,2,信用卡年費要刷多少才回本？用增量回饋算真正門檻 | WorthCalc,信用卡年費要刷多少才回本？用增量回饋算真正門檻,2148,07bbb04a66bd6f437709cc05a34c4a1b1912559ca9ad2b824c1a9eeddbcf1014
https://worthcalc.win/zh/annual-vs-monthly-billing/,zh,editorial,src/pages/zh/annual-vs-monthly-billing.astro,200,https://worthcalc.win/zh/annual-vs-monthly-billing/,0,true,"index, follow, max-image-preview:large",,https://worthcalc.win/zh/annual-vs-monthly-billing/,200,true,3,true,true,5,3,年繳還是月繳？訂閱折扣的損益兩平算法 | WorthCalc,年繳還是月繳？訂閱折扣的損益兩平算法,1171,b9bbc67e80d876208f8437fc072a90b06c29f2e4cb848d0c0178e835e8794c61
https://worthcalc.win/zh/apr-vs-apy/,zh,editorial,,200,https://worthcalc.win/zh/apr-vs-apy/,0,true,"index,follow",,https://worthcalc.win/zh/apr-vs-apy/,200,true,3,true,true,7,3,APR vs APY vs 利率：借款與存款怎麼比較｜WorthCalc,APR、APY、利率差在哪？借錢看 APR，存錢看 APY 的完整原因,1981,3c56e98fc3b0bd2f232894207897b24e19b45be9d033d5bd13a393769bd7a567
https://worthcalc.win/zh/average-commuting-cost/,zh,editorial,src/pages/zh/average-commuting-cost.astro,200,https://worthcalc.win/zh/average-commuting-cost/,0,true,"index, follow, max-image-preview:large",,https://worthcalc.win/zh/average-commuting-cost/,200,true,3,true,true,4,3,平均通勤成本與車馬費行情：不用虛構平均數，也能算出可比較的基準 | WorthCalc,平均通勤成本與車馬費行情：不用虛構平均數，也能算出可比較的基準,1656,92a09d6d47bc6dc1eb77b9f608c4da653649b09e2e69df2110de0c68a92acc82
https://worthcalc.win/zh/bnpl-vs-credit-card-installments/,zh,editorial,,200,https://worthcalc.win/zh/bnpl-vs-credit-card-installments/,0,true,"index, follow, max-image-preview:large",,https://worthcalc.win/zh/bnpl-vs-credit-card-installments/,200,true,5,true,true,7,3,先買後付 vs 信用卡分期：用總成本與扣款時間比較 | WorthCalc,先買後付 vs 信用卡分期：用總成本與扣款時間比較,2284,7f23fd6e4353ab52e18ca42be8b19ee16b2ce4854c776e9b3a84f710773285dc
https://worthcalc.win/zh/budget-with-irregular-income/,zh,editorial,,200,https://worthcalc.win/zh/budget-with-irregular-income/,0,true,"index, follow, max-image-preview:large",,https://worthcalc.win/zh/budget-with-irregular-income/,200,true,5,true,true,8,3,接案、業績抽成收入不固定，月預算該怎麼抓？ | WorthCalc,接案、業績抽成收入不固定，月預算該怎麼抓？,1974,31b56ef51191fc3d2b16c0cb92c837f232d2b8ce6721302fc747a4984ea638c6
https://worthcalc.win/zh/bulk-buying-vs-small-packages/,zh,editorial,,200,https://worthcalc.win/zh/bulk-buying-vs-small-packages/,0,true,"index, follow, max-image-preview:large",,https://worthcalc.win/zh/bulk-buying-vs-small-packages/,200,true,5,true,true,7,3,大包裝真的比較省嗎？耗損、效期、會員與保存成本計算器 | WorthCalc,大包裝真的比較省嗎？耗損、效期、會員與保存成本計算器,1236,1599de83b3302d9714d4853aa8c5627b5fcbf0c59f21d4427bddbaeaa5090179
https://worthcalc.win/zh/bulk-buying-waste-math/,zh,editorial,src/pages/zh/bulk-buying-waste-math.astro,200,https://worthcalc.win/zh/bulk-buying-waste-math/,0,true,"index, follow, max-image-preview:large",,https://worthcalc.win/zh/bulk-buying-waste-math/,200,true,5,true,true,8,3,大包裝真的便宜嗎？把「丟掉的那部分」算進去的有效單價 | WorthCalc,大包裝真的便宜嗎？把「丟掉的那部分」算進去的有效單價,1573,44fa2eb532f4c695bb86006a3663b89ff162a9ce1d30a51c9114802e3445a8cf
https://worthcalc.win/zh/car-lease-vs-buy-total-cost/,zh,editorial,,200,https://worthcalc.win/zh/car-lease-vs-buy-total-cost/,0,true,"index, follow, max-image-preview:large",,https://worthcalc.win/zh/car-lease-vs-buy-total-cost/,200,true,5,true,true,7,3,租賃還是買車？總成本、里程限制與轉售風險怎麼算 | WorthCalc,租賃還是買車？總成本、里程限制與轉售風險怎麼算,2409,d5d87d377964d49d04d194119974a3e8958e2028f96dc3b80881bcd569d11451
https://worthcalc.win/zh/cashback-caps-real-reward-rate/,zh,editorial,,200,https://worthcalc.win/zh/cashback-caps-real-reward-rate/,0,true,"index, follow, max-image-preview:large",,https://worthcalc.win/zh/cashback-caps-real-reward-rate/,200,true,6,true,true,7,3,信用卡回饋上限怎麼算？找出真正回饋率 | WorthCalc,信用卡回饋上限怎麼算？找出真正回饋率,1958,9cd6a18b469288299ed59bb8e9fc72174cbf6a7d55fbd3d2c321cd32c91b871a
https://worthcalc.win/zh/changelog/,zh,legal,src/pages/zh/changelog.astro,200,https://worthcalc.win/zh/changelog/,0,true,"index, follow, max-image-preview:large",,https://worthcalc.win/zh/changelog/,200,true,5,true,true,334,2,更新紀錄 | WorthCalc,更新紀錄,754,d390003c321c240451519fba6693a4960ec38081684334a80b5c848105237357
https://worthcalc.win/zh/contact/,zh,legal,src/pages/zh/contact.astro,200,https://worthcalc.win/zh/contact/,0,true,"index, follow, max-image-preview:large",,https://worthcalc.win/zh/contact/,200,true,5,true,true,335,2,聯絡 WorthCalc | WorthCalc,聯絡 WorthCalc,811,2190e32df40ef5f7fc9a8e762556a126605044780330879a74ed27ea49e80714
https://worthcalc.win/zh/cost-per-use-expensive-item/,zh,editorial,,200,https://worthcalc.win/zh/cost-per-use-expensive-item/,0,true,"index, follow, max-image-preview:large",,https://worthcalc.win/zh/cost-per-use-expensive-item/,200,true,5,true,true,7,3,高價物品每次使用成本：預期、實際與損益次數計算器 | WorthCalc,高價物品每次使用成本：預期、實際與損益次數計算器,1207,c83e3444fb38aaa769b5786419a88f55cf147e6a221aa20f454ca38f370fe3e8
https://worthcalc.win/zh/costco-math/,zh,editorial,src/pages/zh/costco-math.astro,200,https://worthcalc.win/zh/costco-math/,0,true,"index, follow, max-image-preview:large",,https://worthcalc.win/zh/costco-math/,200,true,5,true,true,12,3,好市多會員的數學：年費怎麼算才回本 | WorthCalc,好市多會員的數學：年費怎麼算才回本,1658,fef43c3bb259745fcc25b04002ab41d844ca3653de8fd6316df5c654e4ce451a
https://worthcalc.win/zh/credit-card-minimum-payment-trap/,zh,editorial,,200,https://worthcalc.win/zh/credit-card-minimum-payment-trap/,0,true,"index, follow, max-image-preview:large",,https://worthcalc.win/zh/credit-card-minimum-payment-trap/,200,true,5,true,true,8,3,信用卡只繳最低應繳，利息怎麼算？循環利率15%上限是什麼 | WorthCalc,信用卡只繳最低應繳，利息怎麼算？循環利率15%上限是什麼,2118,2cdb27c8183c375faa1204bdfeed3cd90966780202ce2cb7cf8c9cc77bbb2115
https://worthcalc.win/zh/delivery-membership-break-even/,zh,editorial,,200,https://worthcalc.win/zh/delivery-membership-break-even/,0,true,"index, follow, max-image-preview:large",,https://worthcalc.win/zh/delivery-membership-break-even/,200,true,5,true,true,7,3,外送會員一年要用幾次才回本 | WorthCalc,外送會員一年要用幾次才回本,1830,581275e9f63b8ac04210aa8d4083130f523813133e6e6d1a4b9bae06d4d4cb85
https://worthcalc.win/zh/disclaimer/,zh,legal,src/pages/zh/disclaimer.astro,200,https://worthcalc.win/zh/disclaimer/,0,true,"index, follow, max-image-preview:large",,https://worthcalc.win/zh/disclaimer/,200,true,5,true,true,336,2,免責聲明 | WorthCalc,免責聲明,975,052d52c9a68a718b1b39aa6de0f1d1723c328767f769258c97fabe94fed0e6f2
https://worthcalc.win/zh/emergency-fund-how-much/,zh,editorial,,200,https://worthcalc.win/zh/emergency-fund-how-much/,0,true,"index,follow",,https://worthcalc.win/zh/emergency-fund-how-much/,200,true,2,true,true,9,3,緊急預備金要存多少？3 個月 vs 6 個月完整計算｜WorthCalc,緊急預備金要存多少？3 個月、6 個月不是唯一答案,2507,eb9bc717bca1b09d65775a8997d63bca0cf498b01c49a1717532095f0bc18720
https://worthcalc.win/zh/emergency-fund-irregular-income/,zh,editorial,,200,https://worthcalc.win/zh/emergency-fund-irregular-income/,0,true,"index,follow",,https://worthcalc.win/zh/emergency-fund-irregular-income/,200,true,3,true,true,7,3,收入不固定緊急預備金怎麼存？接案／自營完整方法｜WorthCalc,收入不固定，緊急預備金怎麼存？接案、自營與獎金制的現金流做法,1896,7445a7d5384c43628c1b534bb33090eeee5d6fd4b7191a5b91f35e59afc6242f
https://worthcalc.win/zh/emergency-fund-vs-debt-payoff/,zh,editorial,,200,https://worthcalc.win/zh/emergency-fund-vs-debt-payoff/,0,true,"index,follow",,https://worthcalc.win/zh/emergency-fund-vs-debt-payoff/,200,true,2,true,true,5,3,先存緊急預備金還是先還債？完整判斷框架｜WorthCalc,先存緊急預備金，還是先還債？用利率、現金流與再借款風險做判斷,2470,412ac4126afb26624ea83a7cea5adf7d83be2f8e8afaca7127a343d4fc291ea2
https://worthcalc.win/zh/emergency-fund-vs-sinking-fund/,zh,editorial,,200,https://worthcalc.win/zh/emergency-fund-vs-sinking-fund/,0,true,"index,follow",,https://worthcalc.win/zh/emergency-fund-vs-sinking-fund/,200,true,2,true,true,6,3,緊急預備金 vs Sinking Fund：預期支出怎麼分？｜WorthCalc,緊急預備金 vs 目標基金：哪些支出其實不算「緊急」？,2262,a65567cde44013254f9085926d5b63ed6019b1404cfcbe156963d183e510dd20
https://worthcalc.win/zh/energy-efficient-appliance-payback/,zh,editorial,,200,https://worthcalc.win/zh/energy-efficient-appliance-payback/,0,true,"index, follow, max-image-preview:large",,https://worthcalc.win/zh/energy-efficient-appliance-payback/,200,true,5,true,true,7,3,節能家電多久回本？用價差、耗電、使用頻率與電價試算 | WorthCalc,節能家電多久回本？用價差、耗電、使用頻率與電價試算,1314,de5a209489a07562bd6bfb3c63b75cfa8ccebbace223bc355b26ba432a66a1eb
https://worthcalc.win/zh/ev-vs-gas-total-cost/,zh,editorial,,200,https://worthcalc.win/zh/ev-vs-gas-total-cost/,0,true,"index, follow, max-image-preview:large",,https://worthcalc.win/zh/ev-vs-gas-total-cost/,200,true,6,true,true,11,2,電動車和油車怎麼比較五年總持有成本 | WorthCalc,電動車和油車怎麼比較五年總持有成本,2382,a529aef8f959cd27d8b43876b7ab381efef84471d7b4d810ab5b50888fe0b402
https://worthcalc.win/zh/extended-warranty-math/,zh,editorial,src/pages/zh/extended-warranty-math.astro,200,https://worthcalc.win/zh/extended-warranty-math/,0,true,"index, follow, max-image-preview:large",,https://worthcalc.win/zh/extended-warranty-math/,200,true,3,true,true,4,3,延長保固值得買嗎？期望值算法與三個真的該買的例外 | WorthCalc,延長保固值得買嗎？期望值算法與三個真的該買的例外,1366,447e86e5b6058a7b2f549e3fdbb26511b17716f57611dd60a5235293ab5faa77
https://worthcalc.win/zh/extra-mortgage-payments-guide/,zh,editorial,,200,https://worthcalc.win/zh/extra-mortgage-payments-guide/,0,true,"index, follow, max-image-preview:large",,https://worthcalc.win/zh/extra-mortgage-payments-guide/,200,true,5,true,true,8,3,房貸多繳划不划算？寬限期、提前清償違約金一次搞懂 | WorthCalc,房貸多繳划不划算？寬限期、提前清償違約金一次搞懂,2179,ca54c2007b3b9f993ae507746c211c32ac2f15b579a78ad7c5217842be60d37f
https://worthcalc.win/zh/free-shipping-threshold/,zh,editorial,src/pages/zh/free-shipping-threshold.astro,200,https://worthcalc.win/zh/free-shipping-threshold/,0,true,"index, follow, max-image-preview:large",,https://worthcalc.win/zh/free-shipping-threshold/,200,true,3,true,true,5,3,湊免運划算嗎？門檻心理學與一條永不虧的湊單規則 | WorthCalc,湊免運划算嗎？門檻心理學與一條永不虧的湊單規則,1346,832e17b4d05893a94edea6c98931440e24ee20b305cd24564dd51c8e4459eed9
https://worthcalc.win/zh/full-commute-cost-including-time/,zh,editorial,,200,https://worthcalc.win/zh/full-commute-cost-including-time/,0,true,"index, follow, max-image-preview:large",,https://worthcalc.win/zh/full-commute-cost-including-time/,200,true,6,true,true,7,3,通勤不只油錢：如何把時間也算進每月通勤成本 | WorthCalc,通勤不只油錢：如何把時間也算進每月通勤成本,1892,d9f7a99f509b12b61428dc316d01326ea057e81181bc45621e3e33e03efa8bc0
https://worthcalc.win/zh/guides/3d-printer-electricity-cost-per-print-used/,zh,guide,src/content/growth-articles/zh/3d-printer-electricity-cost-per-print-used.md,200,https://worthcalc.win/zh/guides/3d-printer-electricity-cost-per-print-used/,0,true,"index,follow",,https://worthcalc.win/zh/guides/3d-printer-electricity-cost-per-print-used/,200,true,6,true,true,10,3,3D 印表機每件列印成本：分攤預熱與列印運轉 | WorthCalc,3D 印表機每件列印成本：分攤預熱與列印運轉,1034,c1cc19ddcb567c4de11e8bc578f5399bceb9d00ea74f7329c057be126d51a45f
https://worthcalc.win/zh/guides/3d-scanner-electricity-cost-per-scanning-session-used/,zh,guide,src/content/growth-articles/zh/3d-scanner-electricity-cost-per-scanning-session-used.md,200,https://worthcalc.win/zh/guides/3d-scanner-electricity-cost-per-scanning-session-used/,0,true,"index,follow",,https://worthcalc.win/zh/guides/3d-scanner-electricity-cost-per-scanning-session-used/,200,true,6,true,true,10,3,3D 掃描器每次掃描電費：把電腦負載分開量測 | WorthCalc,3D 掃描器每次掃描電費：把電腦負載分開量測,890,03b97cfa63729eb2c51117663815c40c8053f9bb563e577ca2ff6820c009b4da
https://worthcalc.win/zh/guides/ai-tool-realized-time-savings-break-even/,zh,guide,src/content/growth-articles/zh/ai-tool-realized-time-savings-break-even.md,200,https://worthcalc.win/zh/guides/ai-tool-realized-time-savings-break-even/,0,true,"index,follow",,https://worthcalc.win/zh/guides/ai-tool-realized-time-savings-break-even/,200,true,3,true,true,8,3,AI 工具訂閱值不值得？Realized Time Savings 回本法｜WorthCalc,AI 工具訂閱真的回本嗎？不要用「宣稱節省時間」，只算你實際追回的時間與可用產出,2653,96292a84994a105973866d6fc2b825c1bacd825c9152188f5747abf01a861459
https://worthcalc.win/zh/guides/air-fryer-cost-per-cooking-cycle-used/,zh,guide,src/content/growth-articles/zh/air-fryer-cost-per-cooking-cycle-used.md,200,https://worthcalc.win/zh/guides/air-fryer-cost-per-cooking-cycle-used/,0,true,"index,follow",,https://worthcalc.win/zh/guides/air-fryer-cost-per-cooking-cycle-used/,200,true,6,true,true,10,3,氣炸鍋每次烹調成本 | WorthCalc,氣炸鍋每次烹調成本,649,68e4ca99ae38660e2c9c53580db9f2ebe393e2890250a370074175f03912a370
https://worthcalc.win/zh/guides/air-purifier-cost-per-clean-air-hour-used/,zh,guide,src/content/growth-articles/zh/air-purifier-cost-per-clean-air-hour-used.md,200,https://worthcalc.win/zh/guides/air-purifier-cost-per-clean-air-hour-used/,0,true,"index,follow",,https://worthcalc.win/zh/guides/air-purifier-cost-per-clean-air-hour-used/,200,true,6,true,true,8,3,空氣清淨機每使用一小時成本：比較瓦數、CADR 與濾網 | WorthCalc,空氣清淨機每使用一小時成本：比較瓦數、CADR 與濾網,439,c244f35e1366365baa8008545dd112cdd80ec3dc23dbb62a1ec097deb22fcb4d
https://worthcalc.win/zh/guides/amortization-schedule-explained/,zh,guide,src/content/growth-articles/zh/amortization-schedule-explained.md,200,https://worthcalc.win/zh/guides/amortization-schedule-explained/,0,true,"index,follow",,https://worthcalc.win/zh/guides/amortization-schedule-explained/,200,true,3,true,true,7,3,貸款攤還表怎麼看？本金、利息、餘額與提前還款完整解析,貸款攤還表怎麼看？為什麼前期利息多、後期本金多,2582,d467af7838087e4fc4ea293aef2ee929b6ab9f26593e5cd0e1cb74440cf9a083
https://worthcalc.win/zh/guides/annual-bill-cluster-cash-low-point/,zh,guide,src/content/growth-articles/zh/annual-bill-cluster-cash-low-point.md,200,https://worthcalc.win/zh/guides/annual-bill-cluster-cash-low-point/,0,true,"index,follow",,https://worthcalc.win/zh/guides/annual-bill-cluster-cash-low-point/,200,true,2,true,true,5,3,年度帳單現金最低點怎麼算？Cash-Flow Calendar｜WorthCalc,年繳帳單都擠在同一季怎麼辦？用年度現金最低點安排保險、稅費與會員續約,2953,b9bf7d66c5e0d3cb81b5cb5d3fd520b040321c7017affe43d98b158c69e44646
https://worthcalc.win/zh/guides/annual-cost-savings-calculator/,zh,guide,src/content/growth-articles/zh/annual-cost-savings-calculator.md,200,https://worthcalc.win/zh/guides/annual-cost-savings-calculator/,0,true,"index,follow",,https://worthcalc.win/zh/guides/annual-cost-savings-calculator/,200,true,6,true,true,25,3,年度省錢計算器：比較真實年成本 | WorthCalc,年度省下多少錢怎麼算？把手續費、耗損與實際使用算進來,986,55ed84d569c7c054f4620b663d423277354044d229a78ddc7aa9283af305aae9
https://worthcalc.win/zh/guides/annual-expenses-monthly-equivalent/,zh,guide,src/content/growth-articles/zh/annual-expenses-monthly-equivalent.md,200,https://worthcalc.win/zh/guides/annual-expenses-monthly-equivalent/,0,true,"index,follow",,https://worthcalc.win/zh/guides/annual-expenses-monthly-equivalent/,200,true,2,true,true,11,3,年度支出怎麼換算每月預算？年繳保費、稅金與維修完整算法,年度支出怎麼換算成每月預算？別再被年繳保費、稅金與維修偷襲,2582,67017f9d74dd42368216014f6fa6d3c2f3acea612d56eca8a0c605b694f711da
https://worthcalc.win/zh/guides/annual-plan-cancellation-risk-break-even/,zh,guide,src/content/growth-articles/zh/annual-plan-cancellation-risk-break-even.md,200,https://worthcalc.win/zh/guides/annual-plan-cancellation-risk-break-even/,0,true,"index,follow",,https://worthcalc.win/zh/guides/annual-plan-cancellation-risk-break-even/,200,true,3,true,true,8,3,年繳 vs 月繳怎麼選？取消風險調整 Break-Even｜WorthCalc,訂閱年繳 vs 月繳，不只看折扣：把「中途不用了」的取消風險算進回本,2575,b82812b94b2a6a84d383eda2bc7c7a746c365fc326e57ef2ee03143ae66e86d4
https://worthcalc.win/zh/guides/aquarium-air-pump-electricity-cost-per-filtration-day-used/,zh,guide,src/content/growth-articles/zh/aquarium-air-pump-electricity-cost-per-filtration-day-used.md,200,https://worthcalc.win/zh/guides/aquarium-air-pump-electricity-cost-per-filtration-day-used/,0,true,"index,follow",,https://worthcalc.win/zh/guides/aquarium-air-pump-electricity-cost-per-filtration-day-used/,200,true,6,true,true,10,3,水族箱打氣泵每過濾日電費：計入水深與背壓 | WorthCalc,水族箱打氣泵每過濾日電費：計入水深與背壓,733,6b996346a10db30ff68a385a0f4cac5b267ce2873f8efef86d9ebf2f0e992ee0
https://worthcalc.win/zh/guides/aquarium-heater-electricity-cost-per-tank-day-used/,zh,guide,src/content/growth-articles/zh/aquarium-heater-electricity-cost-per-tank-day-used.md,200,https://worthcalc.win/zh/guides/aquarium-heater-electricity-cost-per-tank-day-used/,0,true,"index,follow",,https://worthcalc.win/zh/guides/aquarium-heater-electricity-cost-per-tank-day-used/,200,true,6,true,true,11,3,魚缸加熱器每日電費：把恆溫循環分開計算 | WorthCalc,魚缸加熱器每日電費：把恆溫循環分開計算,995,02914a7dc946da9626db729b39ac9dbb9b04377826e3c249ed53e47a42c31bed
https://worthcalc.win/zh/guides/attic-fan-electricity-cost-per-ventilation-hour-used/,zh,guide,src/content/growth-articles/zh/attic-fan-electricity-cost-per-ventilation-hour-used.md,200,https://worthcalc.win/zh/guides/attic-fan-electricity-cost-per-ventilation-hour-used/,0,true,"index,follow",,https://worthcalc.win/zh/guides/attic-fan-electricity-cost-per-ventilation-hour-used/,200,true,6,true,true,7,3,閣樓風扇每通風小時電費：量測溫控啟停比例 | WorthCalc,閣樓風扇每通風小時電費：量測溫控啟停比例,761,bd38679a7e2b813f4df0dbcbd5b122b9f32997d7b7f0834a6abcc7c7b69a19d8
https://worthcalc.win/zh/guides/auto-loan-negative-equity-rollover-cost/,zh,guide,src/content/growth-articles/zh/auto-loan-negative-equity-rollover-cost.md,200,https://worthcalc.win/zh/guides/auto-loan-negative-equity-rollover-cost/,0,true,"index,follow",,https://worthcalc.win/zh/guides/auto-loan-negative-equity-rollover-cost/,200,true,3,true,true,7,3,舊車負資產滾進新車貸怎麼算？完整成本模型｜WorthCalc,舊車還沒繳完就換車？負資產滾進新車貸的真正成本完整算法,2954,613cb1163c493b375d3b0081d515c0019fafee5dc44b0422328c00cf38bd44f8
https://worthcalc.win/zh/guides/balance-transfer-fee-break-even/,zh,guide,src/content/growth-articles/zh/balance-transfer-fee-break-even.md,200,https://worthcalc.win/zh/guides/balance-transfer-fee-break-even/,0,true,"index,follow",,https://worthcalc.win/zh/guides/balance-transfer-fee-break-even/,200,true,2,true,true,4,3,信用卡餘額轉移划算嗎？轉移費與 0% Break-Even 試算｜WorthCalc,信用卡餘額轉移划算嗎？0% 優惠也要把轉移費、期限與到期 APR 算進去,2543,a156fed19361e750d799c28947769817cbb101a1e56e98173f64a71654c5ec61
https://worthcalc.win/zh/guides/base-salary-vs-bonus-fixed-cost-capacity/,zh,guide,src/content/growth-articles/zh/base-salary-vs-bonus-fixed-cost-capacity.md,200,https://worthcalc.win/zh/guides/base-salary-vs-bonus-fixed-cost-capacity/,0,true,"index,follow",,https://worthcalc.win/zh/guides/base-salary-vs-bonus-fixed-cost-capacity/,200,true,2,true,true,3,3,高底薪 vs 高獎金怎麼選？固定支出承受力試算｜WorthCalc,高底薪 vs 高獎金怎麼選？不要只比年薪，先測「固定支出承受力」與獎金落空風險,2772,5843b3dbc649b27109eaada7e57f52f77573a8f2ed72da2fd607e28280ef8bb0
https://worthcalc.win/zh/guides/bathroom-ventilation-fan-electricity-cost-per-shower-used/,zh,guide,src/content/growth-articles/zh/bathroom-ventilation-fan-electricity-cost-per-shower-used.md,200,https://worthcalc.win/zh/guides/bathroom-ventilation-fan-electricity-cost-per-shower-used/,0,true,"index,follow",,https://worthcalc.win/zh/guides/bathroom-ventilation-fan-electricity-cost-per-shower-used/,200,true,6,true,true,12,3,浴室換氣扇每次淋浴電費：計入延遲運轉計時器 | WorthCalc,浴室換氣扇每次淋浴電費：計入延遲運轉計時器,711,014c0a7107cc9db482b34012e14513b044b440a0cc38e6baba987f3bdb71c608
https://worthcalc.win/zh/guides/billing-date-cash-flow-overlap/,zh,guide,src/content/growth-articles/zh/billing-date-cash-flow-overlap.md,200,https://worthcalc.win/zh/guides/billing-date-cash-flow-overlap/,0,true,"index,follow",,https://worthcalc.win/zh/guides/billing-date-cash-flow-overlap/,200,true,6,true,true,8,3,帳單日撞在同一週怎麼辦？分清現金流壓力與年度總成本 | WorthCalc,帳單日撞在同一週怎麼辦？分清現金流壓力與年度總成本,872,805bbe5f882daa71b135065995c0e9b00590dffb115bf524cd1d31a0ffe6f258
https://worthcalc.win/zh/guides/blender-cost-per-blending-session-used/,zh,guide,src/content/growth-articles/zh/blender-cost-per-blending-session-used.md,200,https://worthcalc.win/zh/guides/blender-cost-per-blending-session-used/,0,true,"index,follow",,https://worthcalc.win/zh/guides/blender-cost-per-blending-session-used/,200,true,6,true,true,10,3,果汁／調理機每次攪拌成本 | WorthCalc,果汁／調理機每次攪拌成本,695,71ec7c202282d6bfc96e56a8d9d5ed57aef68c5e92e20f43e6c1e6444c9a79f6
https://worthcalc.win/zh/guides/bread-maker-cost-per-loaf-used/,zh,guide,src/content/growth-articles/zh/bread-maker-cost-per-loaf-used.md,200,https://worthcalc.win/zh/guides/bread-maker-cost-per-loaf-used/,0,true,"index,follow",,https://worthcalc.win/zh/guides/bread-maker-cost-per-loaf-used/,200,true,6,true,true,10,3,麵包機每條麵包成本：分攤揉麵與烘烤耗電 | WorthCalc,麵包機每條麵包成本：分攤揉麵與烘烤耗電,1052,2355c89e75f59b03b7038e9cfa63ef2a3cd228b29a832a6300cf405453d86482
https://worthcalc.win/zh/guides/car-down-payment-vs-liquidity/,zh,guide,src/content/growth-articles/zh/car-down-payment-vs-liquidity.md,200,https://worthcalc.win/zh/guides/car-down-payment-vs-liquidity/,0,true,"index,follow",,https://worthcalc.win/zh/guides/car-down-payment-vs-liquidity/,200,true,3,true,true,10,3,車貸頭期款放多少？月付、利息與流動性完整比較｜WorthCalc,車貸頭期款放多少？不要只降月付，先算買車後還剩多少現金,2570,0752fa23242c27686d22a87362b5ddbf21b4f1b9cd78506c9376b707ab3ab12e
https://worthcalc.win/zh/guides/car-loan-60-72-84-early-exit/,zh,guide,src/content/growth-articles/zh/car-loan-60-72-84-early-exit.md,200,https://worthcalc.win/zh/guides/car-loan-60-72-84-early-exit/,0,true,"index,follow",,https://worthcalc.win/zh/guides/car-loan-60-72-84-early-exit/,200,true,2,true,true,7,3,車貸60、72、84期怎麼選？剩餘本金與提前換車風險｜WorthCalc,車貸 60／72／84 期怎麼比？不要只看月付，先看第 2、3 年剩餘本金,2796,647cbbd032b42721998cfdec8f81ce55a96b392771a4bc3f329daf914e44d33f
https://worthcalc.win/zh/guides/car-major-repair-hold-period-break-even/,zh,guide,src/content/growth-articles/zh/car-major-repair-hold-period-break-even.md,200,https://worthcalc.win/zh/guides/car-major-repair-hold-period-break-even/,0,true,"index,follow",,https://worthcalc.win/zh/guides/car-major-repair-hold-period-break-even/,200,true,2,true,true,4,3,車子大修後要開多久才回本？維修 vs 換車完整算法｜WorthCalc,車子大修後還要開多久才回本？把維修費、換車成本與持有期放進同一張表,2796,10be06933210340b893912ae06f48d5046056dd774bd020f08bce22698c850f4
https://worthcalc.win/zh/guides/cash-discount-vs-financing/,zh,guide,src/content/growth-articles/zh/cash-discount-vs-financing.md,200,https://worthcalc.win/zh/guides/cash-discount-vs-financing/,0,true,"index,follow",,https://worthcalc.win/zh/guides/cash-discount-vs-financing/,200,true,3,true,true,12,3,現金折扣 vs 分期怎麼算？把價差換成真實融資成本,現金價比較便宜，分期等於多貴？把「放棄現金折扣」換算成融資成本,2386,74c92ecda95e30db74f77505473d0413635c6b9f89cad1cd935c2b3684b3e915
https://worthcalc.win/zh/guides/cash-flow-buffer-vs-emergency-fund/,zh,guide,src/content/growth-articles/zh/cash-flow-buffer-vs-emergency-fund.md,200,https://worthcalc.win/zh/guides/cash-flow-buffer-vs-emergency-fund/,0,true,"index,follow",,https://worthcalc.win/zh/guides/cash-flow-buffer-vs-emergency-fund/,200,true,3,true,true,9,3,現金流緩衝 vs 緊急預備金｜怎麼分、要留多少？完整計算法,現金流緩衝 vs 緊急預備金：兩筆錢其實在解決不同問題,2571,cf01a5c798190771a98279b7f7960ff3d97a54e2a0113dca3b6adae251118452
https://worthcalc.win/zh/guides/cash-runway-before-quitting-job/,zh,guide,src/content/growth-articles/zh/cash-runway-before-quitting-job.md,200,https://worthcalc.win/zh/guides/cash-runway-before-quitting-job/,0,true,"index,follow",,https://worthcalc.win/zh/guides/cash-runway-before-quitting-job/,200,true,3,true,true,4,3,離職前要準備多少現金？離職 Cash Runway 完整算法｜WorthCalc,離職前要準備多少現金？不要只用「幾個月預備金」，改做離職現金跑道,2478,5a7f4a83593752bd7a7b786f81640e4661405179b2c7c3e88e4e8e5d7400f006
https://worthcalc.win/zh/guides/cash-vs-car-loan-liquidity-adjusted/,zh,guide,src/content/growth-articles/zh/cash-vs-car-loan-liquidity-adjusted.md,200,https://worthcalc.win/zh/guides/cash-vs-car-loan-liquidity-adjusted/,0,true,"index,follow",,https://worthcalc.win/zh/guides/cash-vs-car-loan-liquidity-adjusted/,200,true,2,true,true,4,3,現金買車 vs 車貸：利息、現金跑道與流動性完整比較｜WorthCalc,現金買車 vs 車貸怎麼比？把確定利息與買車後流動性放同一模型,2564,82034c9ff9043d11e3cf2bdd90a2edb32cdb0a88cdcaa2d2f1252bdecb3c6008
https://worthcalc.win/zh/guides/ceiling-fan-cost-per-operating-hour-used/,zh,guide,src/content/growth-articles/zh/ceiling-fan-cost-per-operating-hour-used.md,200,https://worthcalc.win/zh/guides/ceiling-fan-cost-per-operating-hour-used/,0,true,"index,follow",,https://worthcalc.win/zh/guides/ceiling-fan-cost-per-operating-hour-used/,200,true,6,true,true,8,3,吊扇每運轉一小時成本：分開送風與燈具用電 | WorthCalc,吊扇每運轉一小時成本：分開送風與燈具用電,409,d857078ac878dd76edc075ed042fdb6c159a25c335fddbaddbe3d7ce5c4aa5a8
https://worthcalc.win/zh/guides/ceiling-fan-electricity-cost-per-cooling-hour-used/,zh,guide,src/content/growth-articles/zh/ceiling-fan-electricity-cost-per-cooling-hour-used.md,200,https://worthcalc.win/zh/guides/ceiling-fan-electricity-cost-per-cooling-hour-used/,0,true,"index,follow",,https://worthcalc.win/zh/guides/ceiling-fan-electricity-cost-per-cooling-hour-used/,200,true,6,true,true,11,3,吊扇每冷卻小時電費：分開燈具與待機 | WorthCalc,吊扇每冷卻小時電費：分開燈具與待機,760,c688f8979c3cdf6f9a0e597aafb6a65409192294d6c2205fb0f7bed86f10a28b
https://worthcalc.win/zh/guides/childcare-cost-per-hour-used/,zh,guide,src/content/growth-articles/zh/childcare-cost-per-hour-used.md,200,https://worthcalc.win/zh/guides/childcare-cost-per-hour-used/,0,true,"index,follow",,https://worthcalc.win/zh/guides/childcare-cost-per-hour-used/,200,true,6,true,true,6,3,托育每小時實際使用成本怎麼算？先看真正需要的時段 | WorthCalc,托育每小時實際使用成本怎麼算？先看真正需要的時段,729,52d73de99474668286fd00e1161ca0260c9f92caaa1d1e6ab4c29368d7053f1e
https://worthcalc.win/zh/guides/childcare-deposit-enrollment-cashflow/,zh,guide,src/content/growth-articles/zh/childcare-deposit-enrollment-cashflow.md,200,https://worthcalc.win/zh/guides/childcare-deposit-enrollment-cashflow/,0,true,"index,follow",,https://worthcalc.win/zh/guides/childcare-deposit-enrollment-cashflow/,200,true,2,true,true,4,3,托育訂金＋首月費用怎麼準備？現金高峰完整算法｜WorthCalc,托育不是只看月費：訂金、註冊、首月預繳與回職場薪資空窗怎麼準備？,2994,ad1c1c38a04a15ce7341d4d6d20c59876b90ca8942ae5a54f3d6ca8a6aa327c4
https://worthcalc.win/zh/guides/childcare-return-to-work-break-even/,zh,guide,src/content/growth-articles/zh/childcare-return-to-work-break-even.md,200,https://worthcalc.win/zh/guides/childcare-return-to-work-break-even/,0,true,"index,follow",,https://worthcalc.win/zh/guides/childcare-return-to-work-break-even/,200,true,3,true,true,7,3,托育費 vs 回職場：稅後收入、通勤與補助 Break-Even｜WorthCalc,托育費多少才值得回職場？用稅後收入、通勤與福利做 Break-Even,2638,9add5afe58f94068c86d4c8a5b3fa7b7baa6964ceb6d7a66ecd280c80af4a671
https://worthcalc.win/zh/guides/clothes-dryer-cost-per-load-used/,zh,guide,src/content/growth-articles/zh/clothes-dryer-cost-per-load-used.md,200,https://worthcalc.win/zh/guides/clothes-dryer-cost-per-load-used/,0,true,"index,follow",,https://worthcalc.win/zh/guides/clothes-dryer-cost-per-load-used/,200,true,6,true,true,7,3,每使用一桶衣物的乾衣機成本：比較熱力、時間與裝載量 | WorthCalc,每使用一桶衣物的乾衣機成本：比較熱力、時間與裝載量,770,f888f2cd02ef7825ae0702eeed1630ec54a52d1070728c2056fc9f22ecc04f6c
https://worthcalc.win/zh/guides/cloud-storage-cost-per-retained-gb/,zh,guide,src/content/growth-articles/zh/cloud-storage-cost-per-retained-gb.md,200,https://worthcalc.win/zh/guides/cloud-storage-cost-per-retained-gb/,0,true,"index,follow",,https://worthcalc.win/zh/guides/cloud-storage-cost-per-retained-gb/,200,true,6,true,true,6,3,雲端儲存每個保留 GB 成本：把重複檔案與用不到的容量剔除 | WorthCalc,雲端儲存每個保留 GB 成本：把重複檔案與用不到的容量剔除,722,fc0713b751b7f7e6a502d4b4d0c3895357fe40b6bd42847012ec3644fca3357c
https://worthcalc.win/zh/guides/coffee-maker-cost-per-brew-used/,zh,guide,src/content/growth-articles/zh/coffee-maker-cost-per-brew-used.md,200,https://worthcalc.win/zh/guides/coffee-maker-cost-per-brew-used/,0,true,"index,follow",,https://worthcalc.win/zh/guides/coffee-maker-cost-per-brew-used/,200,true,6,true,true,9,3,咖啡機每次沖煮成本：分開沖煮、保溫與真正喝掉的杯數 | WorthCalc,咖啡機每次沖煮成本：分開沖煮、保溫與真正喝掉的杯數,531,e77c69899f059707bbd043d42093e37a22c1fac0117f0b273e41465797652651
https://worthcalc.win/zh/guides/commission-income-tax-reserve-cashflow/,zh,guide,src/content/growth-articles/zh/commission-income-tax-reserve-cashflow.md,200,https://worthcalc.win/zh/guides/commission-income-tax-reserve-cashflow/,0,true,"index,follow",,https://worthcalc.win/zh/guides/commission-income-tax-reserve-cashflow/,200,true,2,true,true,5,3,佣金／接案收入稅款怎麼留？現金分桶完整方法｜WorthCalc,佣金、獎金、接案收入怎麼留稅款？把「入帳很多」和「真正可花」分開,3090,a8507fcf5332c73529eb092b8d5f879e00cd1353881ea75a1cf30895595794d2
https://worthcalc.win/zh/guides/computer-electricity-cost-per-day-used/,zh,guide,src/content/growth-articles/zh/computer-electricity-cost-per-day-used.md,200,https://worthcalc.win/zh/guides/computer-electricity-cost-per-day-used/,0,true,"index,follow",,https://worthcalc.win/zh/guides/computer-electricity-cost-per-day-used/,200,true,6,true,true,9,3,電腦每天使用電費：分開工作、閒置、睡眠與充電 | WorthCalc,電腦每天使用電費：分開工作、閒置、睡眠與充電,557,fa08d7367b8722a4e19fa509c2babd602aa0186b9e3992cc481f0cf12d338708
https://worthcalc.win/zh/guides/cost-of-delaying-savings-goal/,zh,guide,src/content/growth-articles/zh/cost-of-delaying-savings-goal.md,200,https://worthcalc.win/zh/guides/cost-of-delaying-savings-goal/,0,true,"index,follow",,https://worthcalc.win/zh/guides/cost-of-delaying-savings-goal/,200,true,3,true,true,5,3,晚一年開始存錢差多少？延後 12／24 個月的每月存款成本｜WorthCalc,晚一年開始存錢，真的差很多嗎？用同一個目標反推「延後成本」,2408,78795a2c14b4012a772b727212853cb8ea41d12e2c937bdb87a7317b45f63442
https://worthcalc.win/zh/guides/cost-per-use-kitchen-appliance/,zh,guide,src/content/growth-articles/zh/cost-per-use-kitchen-appliance.md,200,https://worthcalc.win/zh/guides/cost-per-use-kitchen-appliance/,0,true,"index,follow",,https://worthcalc.win/zh/guides/cost-per-use-kitchen-appliance/,200,true,6,true,true,11,3,廚房家電每次使用成本：把能源、清潔與汰換一起算 | WorthCalc,廚房家電每次使用成本：把能源、清潔與汰換一起算,741,f8ed4c0424655fb33afe52655a102dd342bbb2042e438c9dae12bd0328c4ed55
https://worthcalc.win/zh/guides/cost-per-wear-clothing/,zh,guide,src/content/growth-articles/zh/cost-per-wear-clothing.md,200,https://worthcalc.win/zh/guides/cost-per-wear-clothing/,0,true,"index,follow",,https://worthcalc.win/zh/guides/cost-per-wear-clothing/,200,true,6,true,true,6,3,衣服每次穿著成本怎麼算？用實際穿著次數比較價值 | WorthCalc,衣服每次穿著成本怎麼算？用實際穿著次數比較價值,767,ad93cc84524f1c627285447c7e0834dc3f4cd3d82e5d04ebdfe4fa3a139c659c
https://worthcalc.win/zh/guides/costco-executive-break-even-eligible-spend/,zh,guide,src/content/growth-articles/zh/costco-executive-break-even-eligible-spend.md,200,https://worthcalc.win/zh/guides/costco-executive-break-even-eligible-spend/,0,true,"index,follow",,https://worthcalc.win/zh/guides/costco-executive-break-even-eligible-spend/,200,true,6,true,true,12,3,Costco 尊榮會員回本要買多少？用合格消費算升級損益兩平 | WorthCalc,Costco 尊榮會員回本要買多少？用合格消費算升級損益兩平,1057,3a21c0584453360a3a8d280c5041192bcf7689c806674fb270cbeae88aa9b631
https://worthcalc.win/zh/guides/costco-gas-detour-break-even/,zh,guide,src/content/growth-articles/zh/costco-gas-detour-break-even.md,200,https://worthcalc.win/zh/guides/costco-gas-detour-break-even/,0,true,"index,follow",,https://worthcalc.win/zh/guides/costco-gas-detour-break-even/,200,true,6,true,true,7,3,Costco 加油繞路划算嗎？把油價差、里程與會員成本算清楚 | WorthCalc,Costco 加油繞路划算嗎？把油價差、里程與會員成本算清楚,852,2fac17e35cc24d84028cf490028e87361a332b11601e9187630eb56fce5634b1
https://worthcalc.win/zh/guides/costco-household-card-break-even-use/,zh,guide,src/content/growth-articles/zh/costco-household-card-break-even-use.md,200,https://worthcalc.win/zh/guides/costco-household-card-break-even-use/,0,true,"index,follow",,https://worthcalc.win/zh/guides/costco-household-card-break-even-use/,200,true,6,true,true,7,3,Costco 家庭卡值得嗎？用實際使用量算共用會員的價值 | WorthCalc,Costco 家庭卡值得嗎？用實際使用量算共用會員的價值,901,14df1214663dc868ad1fa6c2d4400e4ec112c20d4b5ab4a3121d00eee62d8ec0
https://worthcalc.win/zh/guides/costco-membership-fee-break-even-savings/,zh,guide,src/content/growth-articles/zh/costco-membership-fee-break-even-savings.md,200,https://worthcalc.win/zh/guides/costco-membership-fee-break-even-savings/,0,true,"index,follow",,https://worthcalc.win/zh/guides/costco-membership-fee-break-even-savings/,200,true,6,true,true,11,3,Costco 會員費要買多少才回本？把實際價差與交通成本一起算 | WorthCalc,Costco 會員費要買多少才回本？把實際價差與交通成本一起算,946,1c61b42efdee499bd8aa1a6250411935b85743093006001cf30c824512c3127c
https://worthcalc.win/zh/guides/costco-renewal-refund-reward-timing/,zh,guide,src/content/growth-articles/zh/costco-renewal-refund-reward-timing.md,200,https://worthcalc.win/zh/guides/costco-renewal-refund-reward-timing/,0,true,"index,follow",,https://worthcalc.win/zh/guides/costco-renewal-refund-reward-timing/,200,true,6,true,true,8,3,Costco 續約、退費與回饋何時發生？計算會員變更的淨成本 | WorthCalc,Costco 續約、退費與回饋何時發生？計算會員變更的淨成本,842,a0566f5cd2da6b14e331eda448f53e8c2a75cdfb54821a9a165641e954d0cc88
https://worthcalc.win/zh/guides/costco-reward-cap-usage-break-even/,zh,guide,src/content/growth-articles/zh/costco-reward-cap-usage-break-even.md,200,https://worthcalc.win/zh/guides/costco-reward-cap-usage-break-even/,0,true,"index,follow",,https://worthcalc.win/zh/guides/costco-reward-cap-usage-break-even/,200,true,6,true,true,8,3,Costco 回饋上限怎麼算？找出超過哪個消費額後不再增加 | WorthCalc,Costco 回饋上限怎麼算？找出超過哪個消費額後不再增加,797,a4a6525416fb176415b0f3e691f3ab55e77e5c592f452369e9182e307e4414c1
https://worthcalc.win/zh/guides/costco-reward-exclusion-effective-rate/,zh,guide,src/content/growth-articles/zh/costco-reward-exclusion-effective-rate.md,200,https://worthcalc.win/zh/guides/costco-reward-exclusion-effective-rate/,0,true,"index,follow",,https://worthcalc.win/zh/guides/costco-reward-exclusion-effective-rate/,200,true,6,true,true,11,3,Costco 回饋排除項目怎麼算？找出你的實際回饋率 | WorthCalc,Costco 回饋排除項目怎麼算？找出你的實際回饋率,835,230817c71f105a902516ae20cba48d799a34ed32072dd6166365cf77c6759a4f
https://worthcalc.win/zh/guides/countertop-ice-maker-cost-per-batch-used/,zh,guide,src/content/growth-articles/zh/countertop-ice-maker-cost-per-batch-used.md,200,https://worthcalc.win/zh/guides/countertop-ice-maker-cost-per-batch-used/,0,true,"index,follow",,https://worthcalc.win/zh/guides/countertop-ice-maker-cost-per-batch-used/,200,true,6,true,true,10,3,桌上型製冰機每批成本：計入製冰與保冰時間 | WorthCalc,桌上型製冰機每批成本：計入製冰與保冰時間,958,0b04ae89d1569ab67de40a019a1b52d9b5b6fb6df24b0d50ddea992b3d5e83fb
https://worthcalc.win/zh/guides/coworking-membership-cost-per-day/,zh,guide,src/content/growth-articles/zh/coworking-membership-cost-per-day.md,200,https://worthcalc.win/zh/guides/coworking-membership-cost-per-day/,0,true,"index,follow",,https://worthcalc.win/zh/guides/coworking-membership-cost-per-day/,200,true,6,true,true,6,3,共享辦公室每到一天成本：把沒使用的權限也算進去 | WorthCalc,共享辦公室每到一天成本：把沒使用的權限也算進去,723,137b65c5de4eb1d8394d4dff5478a70d8fde2cea9702e6633614579852b91fe2
https://worthcalc.win/zh/guides/debt-consolidation-break-even/,zh,guide,src/content/growth-articles/zh/debt-consolidation-break-even.md,200,https://worthcalc.win/zh/guides/debt-consolidation-break-even/,0,true,"index,follow",,https://worthcalc.win/zh/guides/debt-consolidation-break-even/,200,true,3,true,true,5,3,債務整合划算嗎？Break-Even、月付與總成本完整試算｜WorthCalc,債務整合划算嗎？不要只看月付變低，用期限重置與總成本算 Break-Even,2579,b50dadaeea768b8b1ed4e1e3a1a767dc480b0435ce6d20859173de90da3d627f
https://worthcalc.win/zh/guides/debt-free-fixed-cost-creep/,zh,guide,src/content/growth-articles/zh/debt-free-fixed-cost-creep.md,200,https://worthcalc.win/zh/guides/debt-free-fixed-cost-creep/,0,true,"index,follow",,https://worthcalc.win/zh/guides/debt-free-fixed-cost-creep/,200,true,2,true,true,4,3,債務還清後現金流怎麼重建？避免固定支出反彈｜WorthCalc,債務還清後為什麼還是沒錢？小心月付消失後被新的固定支出吃掉,2831,fdf4467f34afc13b230a795880d1d7dd36894c49c8ca958db1979b218ac1756b
https://worthcalc.win/zh/guides/debt-paydown-interest-vs-cashflow/,zh,guide,src/content/growth-articles/zh/debt-paydown-interest-vs-cashflow.md,200,https://worthcalc.win/zh/guides/debt-paydown-interest-vs-cashflow/,0,true,"index,follow",,https://worthcalc.win/zh/guides/debt-paydown-interest-vs-cashflow/,200,true,2,true,true,5,3,還債先看利率還是先釋放月付？比較利息與現金流｜WorthCalc,還債先看利率，還是先釋放月付？數學成本與現金流壓力要分開算,2956,7a0dab2e7ff6e389e5b030a2d75886b311368547cac039592d20f5d1a52518cf
https://worthcalc.win/zh/guides/debt-to-assets-ratio-personal/,zh,guide,src/content/growth-articles/zh/debt-to-assets-ratio-personal.md,200,https://worthcalc.win/zh/guides/debt-to-assets-ratio-personal/,0,true,"index,follow",,https://worthcalc.win/zh/guides/debt-to-assets-ratio-personal/,200,true,3,true,true,5,3,個人負債資產比怎麼算？公式、案例、DTI／DBR 差異完整解析,個人負債資產比怎麼算？它和 DTI、DBR 完全不是同一件事,2415,c5715387a3839142ec95a3111b9bec17ad201ff288c3c28e33c3950b5e383d99
https://worthcalc.win/zh/guides/dehumidifier-cost-per-pint-removed/,zh,guide,src/content/growth-articles/zh/dehumidifier-cost-per-pint-removed.md,200,https://worthcalc.win/zh/guides/dehumidifier-cost-per-pint-removed/,0,true,"index,follow",,https://worthcalc.win/zh/guides/dehumidifier-cost-per-pint-removed/,200,true,6,true,true,8,3,除濕機每移除一品脫成本：比較耗電、運轉時間與除濕量 | WorthCalc,除濕機每移除一品脫成本：比較耗電、運轉時間與除濕量,445,9c2c232068462d6752d9836dcb904365346dd020da1f7c0501cb70b7ab5e5962
https://worthcalc.win/zh/guides/dehumidifier-electricity-cost-per-laundry-drying-session-used/,zh,guide,src/content/growth-articles/zh/dehumidifier-electricity-cost-per-laundry-drying-session-used.md,200,https://worthcalc.win/zh/guides/dehumidifier-electricity-cost-per-laundry-drying-session-used/,0,true,"index,follow",,https://worthcalc.win/zh/guides/dehumidifier-electricity-cost-per-laundry-drying-session-used/,200,true,6,true,true,10,3,除濕機每除濕小時電費：把壓縮機停歇與排水算進去 | WorthCalc,除濕機每除濕小時電費：把壓縮機停歇與排水算進去,922,b95277727eab8f151eaa7ccf282f90f20cc2d1d86532a4de90e5661034c24b18
https://worthcalc.win/zh/guides/desk-fan-electricity-cost-per-cooling-hour-used/,zh,guide,src/content/growth-articles/zh/desk-fan-electricity-cost-per-cooling-hour-used.md,200,https://worthcalc.win/zh/guides/desk-fan-electricity-cost-per-cooling-hour-used/,0,true,"index,follow",,https://worthcalc.win/zh/guides/desk-fan-electricity-cost-per-cooling-hour-used/,200,true,6,true,true,10,3,桌扇每降溫小時電費：計入風速與擺頭 | WorthCalc,桌扇每降溫小時電費：計入風速與擺頭,779,4a765ff254528f758513cfd4cdc8a38de8a049e745058634cc190cebde17091d
https://worthcalc.win/zh/guides/desktop-speakers-electricity-cost-per-listening-hour-used/,zh,guide,src/content/growth-articles/zh/desktop-speakers-electricity-cost-per-listening-hour-used.md,200,https://worthcalc.win/zh/guides/desktop-speakers-electricity-cost-per-listening-hour-used/,0,true,"index,follow",,https://worthcalc.win/zh/guides/desktop-speakers-electricity-cost-per-listening-hour-used/,200,true,6,true,true,10,3,桌上型喇叭每聆聽小時電費：量測擴大機與閒置耗電 | WorthCalc,桌上型喇叭每聆聽小時電費：量測擴大機與閒置耗電,1032,7f8fdc8a90203970dd691e8026c4ac974b0ff064af2ed714849944a6f00a6017
https://worthcalc.win/zh/guides/digital-photo-frame-electricity-cost-per-display-day-used/,zh,guide,src/content/growth-articles/zh/digital-photo-frame-electricity-cost-per-display-day-used.md,200,https://worthcalc.win/zh/guides/digital-photo-frame-electricity-cost-per-display-day-used/,0,true,"index,follow",,https://worthcalc.win/zh/guides/digital-photo-frame-electricity-cost-per-display-day-used/,200,true,6,true,true,7,3,數位相框每展示日電費：分開螢幕與網路待機 | WorthCalc,數位相框每展示日電費：分開螢幕與網路待機,701,4da5bf4250f57370c5b89fee35ba7b2598e66b214d99de295fbdfcc6f001039e
https://worthcalc.win/zh/guides/dishwasher-cost-per-cycle-used/,zh,guide,src/content/growth-articles/zh/dishwasher-cost-per-cycle-used.md,200,https://worthcalc.win/zh/guides/dishwasher-cost-per-cycle-used/,0,true,"index,follow",,https://worthcalc.win/zh/guides/dishwasher-cost-per-cycle-used/,200,true,6,true,true,9,3,每次使用洗碗機的成本：把能源、用水與洗劑算進去 | WorthCalc,每次使用洗碗機的成本：把能源、用水與洗劑算進去,802,c539c45c913b1a0de451cc3cd4f23c9560fbf3359d52696c9cc6c7e033f88526
https://worthcalc.win/zh/guides/document-camera-electricity-cost-per-presentation-hour-used/,zh,guide,src/content/growth-articles/zh/document-camera-electricity-cost-per-presentation-hour-used.md,200,https://worthcalc.win/zh/guides/document-camera-electricity-cost-per-presentation-hour-used/,0,true,"index,follow",,https://worthcalc.win/zh/guides/document-camera-electricity-cost-per-presentation-hour-used/,200,true,6,true,true,10,3,實物投影機每次簡報小時電費：計入燈源與電腦邊界 | WorthCalc,實物投影機每次簡報小時電費：計入燈源與電腦邊界,735,46dfe2e37bfa8593e49d1ea9f20bbcdbbaa44795b68a488b528fe622ad507402
https://worthcalc.win/zh/guides/down-payment-vs-post-purchase-liquidity/,zh,guide,src/content/growth-articles/zh/down-payment-vs-post-purchase-liquidity.md,200,https://worthcalc.win/zh/guides/down-payment-vs-post-purchase-liquidity/,0,true,"index,follow",,https://worthcalc.win/zh/guides/down-payment-vs-post-purchase-liquidity/,200,true,2,true,true,4,3,頭期款放多少？別只降房貸，先算交屋後流動性｜WorthCalc,頭期款放越多越好嗎？買房前真正要算的是「交屋後還剩多少流動現金」,2381,0fc6984f12366106e8b0dc71367b9c5e1d49ea7f60240f8203810c40f6d6b5dd
https://worthcalc.win/zh/guides/e-reader-electricity-cost-per-reading-hour-used/,zh,guide,src/content/growth-articles/zh/e-reader-electricity-cost-per-reading-hour-used.md,200,https://worthcalc.win/zh/guides/e-reader-electricity-cost-per-reading-hour-used/,0,true,"index,follow",,https://worthcalc.win/zh/guides/e-reader-electricity-cost-per-reading-hour-used/,200,true,6,true,true,10,3,電子書閱讀器每閱讀小時電費：把充電能源分攤進來 | WorthCalc,電子書閱讀器每閱讀小時電費：把充電能源分攤進來,796,2d3c33f20708360f166d33ac419b5e5c379f3a3d8d0b7e39fbc9a30d86094da1
https://worthcalc.win/zh/guides/effective-interest-rate-explained/,zh,guide,src/content/growth-articles/zh/effective-interest-rate-explained.md,200,https://worthcalc.win/zh/guides/effective-interest-rate-explained/,0,true,"index,follow",,https://worthcalc.win/zh/guides/effective-interest-rate-explained/,200,true,2,true,true,5,3,有效利率是什麼？名目利率、EAR、APR／總費用年百分率完整比較,有效利率是什麼？名目利率、有效年利率與總費用年百分率別混在一起,2578,bcc94b95544c33d17d6bfe465287a6c80ee4d92ce6d61d2063b87ce66a796b5c
https://worthcalc.win/zh/guides/electric-air-pump-electricity-cost-per-inflation-session-used/,zh,guide,src/content/growth-articles/zh/electric-air-pump-electricity-cost-per-inflation-session-used.md,200,https://worthcalc.win/zh/guides/electric-air-pump-electricity-cost-per-inflation-session-used/,0,true,"index,follow",,https://worthcalc.win/zh/guides/electric-air-pump-electricity-cost-per-inflation-session-used/,200,true,6,true,true,7,3,電動充氣泵每次充氣工作電費：計入壓力停止與重試 | WorthCalc,電動充氣泵每次充氣工作電費：計入壓力停止與重試,751,f1ae9ab7a4ca014263ed1169079c348cd0ac8e9c79a073c60fbcccc981152c38
https://worthcalc.win/zh/guides/electric-blanket-cost-per-night-used/,zh,guide,src/content/growth-articles/zh/electric-blanket-cost-per-night-used.md,200,https://worthcalc.win/zh/guides/electric-blanket-cost-per-night-used/,0,true,"index,follow",,https://worthcalc.win/zh/guides/electric-blanket-cost-per-night-used/,200,true,6,true,true,8,3,電熱毯每晚使用成本：計入加熱設定與實際睡眠時間 | WorthCalc,電熱毯每晚使用成本：計入加熱設定與實際睡眠時間,527,5490bae6f5da461e3576815d367bafa54111fa7ff570fbfd73590ad4f5f9c9d5
https://worthcalc.win/zh/guides/electric-can-opener-cost-per-use-used/,zh,guide,src/content/growth-articles/zh/electric-can-opener-cost-per-use-used.md,200,https://worthcalc.win/zh/guides/electric-can-opener-cost-per-use-used/,0,true,"index,follow",,https://worthcalc.win/zh/guides/electric-can-opener-cost-per-use-used/,200,true,6,true,true,10,3,電動開罐器每次使用成本：量測馬達時間而非額定瓦數 | WorthCalc,電動開罐器每次使用成本：量測馬達時間而非額定瓦數,1098,5e220242c267c4b1f43a0741efff1a5169bf560ead3ae40b398535b46f844a1c
https://worthcalc.win/zh/guides/electric-citrus-juicer-cost-per-juice-session-used/,zh,guide,src/content/growth-articles/zh/electric-citrus-juicer-cost-per-juice-session-used.md,200,https://worthcalc.win/zh/guides/electric-citrus-juicer-cost-per-juice-session-used/,0,true,"index,follow",,https://worthcalc.win/zh/guides/electric-citrus-juicer-cost-per-juice-session-used/,200,true,6,true,true,10,3,電動榨汁機每次榨汁成本：量測按壓與馬達時間 | WorthCalc,電動榨汁機每次榨汁成本：量測按壓與馬達時間,942,312b69eef603e4454ffd11d327331285c494c4572fe1c090f54e52a1936071e8
https://worthcalc.win/zh/guides/electric-egg-cooker-cost-per-cooking-cycle-used/,zh,guide,src/content/growth-articles/zh/electric-egg-cooker-cost-per-cooking-cycle-used.md,200,https://worthcalc.win/zh/guides/electric-egg-cooker-cost-per-cooking-cycle-used/,0,true,"index,follow",,https://worthcalc.win/zh/guides/electric-egg-cooker-cost-per-cooking-cycle-used/,200,true,6,true,true,10,3,電煮蛋器每次烹調循環成本：計入加熱與用水量 | WorthCalc,電煮蛋器每次烹調循環成本：計入加熱與用水量,1076,2b54a36126aa1e4000d899e30989c5fbfc2721757f3748fcf32c90d7b9e33d1a
https://worthcalc.win/zh/guides/electric-fireplace-electricity-cost-per-heating-hour-used/,zh,guide,src/content/growth-articles/zh/electric-fireplace-electricity-cost-per-heating-hour-used.md,200,https://worthcalc.win/zh/guides/electric-fireplace-electricity-cost-per-heating-hour-used/,0,true,"index,follow",,https://worthcalc.win/zh/guides/electric-fireplace-electricity-cost-per-heating-hour-used/,200,true,6,true,true,15,3,電壁爐每加熱小時電費：把火焰燈效與暖風分開 | WorthCalc,電壁爐每加熱小時電費：把火焰燈效與暖風分開,991,ce3d3af9fb3c77125d19ee0879a0fd66987d39aa307db5ac884a109c6cd35509
https://worthcalc.win/zh/guides/electric-food-warmer-cost-per-heating-hour-used/,zh,guide,src/content/growth-articles/zh/electric-food-warmer-cost-per-heating-hour-used.md,200,https://worthcalc.win/zh/guides/electric-food-warmer-cost-per-heating-hour-used/,0,true,"index,follow",,https://worthcalc.win/zh/guides/electric-food-warmer-cost-per-heating-hour-used/,200,true,6,true,true,10,3,電熱保溫盤每小時成本：量測恆溫器循環 | WorthCalc,電熱保溫盤每小時成本：量測恆溫器循環,962,ec30775d9e14e4b43f83d86f279edba7e3c0f884ee364230ee5f005cf35f1506
https://worthcalc.win/zh/guides/electric-foot-massager-electricity-cost-per-massage-session-used/,zh,guide,src/content/growth-articles/zh/electric-foot-massager-electricity-cost-per-massage-session-used.md,200,https://worthcalc.win/zh/guides/electric-foot-massager-electricity-cost-per-massage-session-used/,0,true,"index,follow",,https://worthcalc.win/zh/guides/electric-foot-massager-electricity-cost-per-massage-session-used/,200,true,6,true,true,10,3,電動足部按摩器每次按摩工作電費：分開待機與加熱 | WorthCalc,電動足部按摩器每次按摩工作電費：分開待機與加熱,788,4952035263e100e6a4b71588182ee95bc068486968b82c9a54d603e824281fb7
https://worthcalc.win/zh/guides/electric-griddle-cost-per-cooking-hour-used/,zh,guide,src/content/growth-articles/zh/electric-griddle-cost-per-cooking-hour-used.md,200,https://worthcalc.win/zh/guides/electric-griddle-cost-per-cooking-hour-used/,0,true,"index,follow",,https://worthcalc.win/zh/guides/electric-griddle-cost-per-cooking-hour-used/,200,true,6,true,true,10,3,電煎盤每烹調小時成本：分開預熱與實際烹調 | WorthCalc,電煎盤每烹調小時成本：分開預熱與實際烹調,529,d0cd2e292e571678710a6f9cddf3f86c2c22f14f628bb7a9a942512290e482b0
https://worthcalc.win/zh/guides/electric-hand-mixer-electricity-cost-per-mixing-session-used/,zh,guide,src/content/growth-articles/zh/electric-hand-mixer-electricity-cost-per-mixing-session-used.md,200,https://worthcalc.win/zh/guides/electric-hand-mixer-electricity-cost-per-mixing-session-used/,0,true,"index,follow",,https://worthcalc.win/zh/guides/electric-hand-mixer-electricity-cost-per-mixing-session-used/,200,true,6,true,true,11,3,手持電動打蛋器每次攪拌工作電費：按檔位與批次分攤 | WorthCalc,手持電動打蛋器每次攪拌工作電費：按檔位與批次分攤,859,6ad806da66db1e7cc70a2e28d1532f402c7fea9dd8e5cc1b082e6d6e24878e10
https://worthcalc.win/zh/guides/electric-insect-zapper-electricity-cost-per-overnight-used/,zh,guide,src/content/growth-articles/zh/electric-insect-zapper-electricity-cost-per-overnight-used.md,200,https://worthcalc.win/zh/guides/electric-insect-zapper-electricity-cost-per-overnight-used/,0,true,"index,follow",,https://worthcalc.win/zh/guides/electric-insect-zapper-electricity-cost-per-overnight-used/,200,true,6,true,true,11,3,電蚊拍／捕蚊燈每夜電費：把待機與啟動窗口分開 | WorthCalc,電蚊拍／捕蚊燈每夜電費：把待機與啟動窗口分開,1002,3b39bf056ef92a71a084f456c5e35bd45fea0866e43bd34455e35995c8ee4eac
https://worthcalc.win/zh/guides/electric-kettle-cost-per-boil-used/,zh,guide,src/content/growth-articles/zh/electric-kettle-cost-per-boil-used.md,200,https://worthcalc.win/zh/guides/electric-kettle-cost-per-boil-used/,0,true,"index,follow",,https://worthcalc.win/zh/guides/electric-kettle-cost-per-boil-used/,200,true,6,true,true,9,3,電熱水壺每次煮沸成本：計入水量與自動關機 | WorthCalc,電熱水壺每次煮沸成本：計入水量與自動關機,539,294460e96fab2c768a370ee7275925952ad2e2e10ef5d5d6e8fafd29024f8881
https://worthcalc.win/zh/guides/electric-lunch-box-cost-per-heating-cycle-used/,zh,guide,src/content/growth-articles/zh/electric-lunch-box-cost-per-heating-cycle-used.md,200,https://worthcalc.win/zh/guides/electric-lunch-box-cost-per-heating-cycle-used/,0,true,"index,follow",,https://worthcalc.win/zh/guides/electric-lunch-box-cost-per-heating-cycle-used/,200,true,6,true,true,10,3,電熱便當盒每次加熱成本：分開預熱、保溫與等待 | WorthCalc,電熱便當盒每次加熱成本：分開預熱、保溫與等待,1082,daa3543f3b5330534eec45738d76676c8bf7231aed5600c1070e22dc938b002b
https://worthcalc.win/zh/guides/electric-meat-grinder-cost-per-grinding-session-used/,zh,guide,src/content/growth-articles/zh/electric-meat-grinder-cost-per-grinding-session-used.md,200,https://worthcalc.win/zh/guides/electric-meat-grinder-cost-per-grinding-session-used/,0,true,"index,follow",,https://worthcalc.win/zh/guides/electric-meat-grinder-cost-per-grinding-session-used/,200,true,6,true,true,10,3,電動絞肉機每次絞肉成本：分攤馬達運轉時間 | WorthCalc,電動絞肉機每次絞肉成本：分攤馬達運轉時間,972,23783aefc42089f59f83ec9e6125e6557308df8227eda21201239ccd1c37fe6b
https://worthcalc.win/zh/guides/electric-milk-frother-cost-per-frothing-session-used/,zh,guide,src/content/growth-articles/zh/electric-milk-frother-cost-per-frothing-session-used.md,200,https://worthcalc.win/zh/guides/electric-milk-frother-cost-per-frothing-session-used/,0,true,"index,follow",,https://worthcalc.win/zh/guides/electric-milk-frother-cost-per-frothing-session-used/,200,true,6,true,true,10,3,電動奶泡機每次成本：分開加熱與打發耗電 | WorthCalc,電動奶泡機每次成本：分開加熱與打發耗電,960,5b9c1f9963eab8079ce7a97fda697613bee708704bd5d91e5220ebe7f86091c3
https://worthcalc.win/zh/guides/electric-pasta-maker-cost-per-batch-used/,zh,guide,src/content/growth-articles/zh/electric-pasta-maker-cost-per-batch-used.md,200,https://worthcalc.win/zh/guides/electric-pasta-maker-cost-per-batch-used/,0,true,"index,follow",,https://worthcalc.win/zh/guides/electric-pasta-maker-cost-per-batch-used/,200,true,6,true,true,10,3,電動製麵機每批成本：計入攪拌、擠出與乾燥 | WorthCalc,電動製麵機每批成本：計入攪拌、擠出與乾燥,995,38dca53c05a12e01160382e61d7b47daff8cc5b80af945496515db1e93a1c692
https://worthcalc.win/zh/guides/electric-pencil-sharpener-electricity-cost-per-sharpening-session-used/,zh,guide,src/content/growth-articles/zh/electric-pencil-sharpener-electricity-cost-per-sharpening-session-used.md,200,https://worthcalc.win/zh/guides/electric-pencil-sharpener-electricity-cost-per-sharpening-session-used/,0,true,"index,follow",,https://worthcalc.win/zh/guides/electric-pencil-sharpener-electricity-cost-per-sharpening-session-used/,200,true,6,true,true,10,3,電動削鉛筆機每次削筆工作電費：計入重複循環 | WorthCalc,電動削鉛筆機每次削筆工作電費：計入重複循環,765,78943caf2894c250d76f7872887c432b8cc243a315f0166aa6d07a25cfad0881
https://worthcalc.win/zh/guides/electric-pressure-cooker-cost-per-cooking-cycle-used/,zh,guide,src/content/growth-articles/zh/electric-pressure-cooker-cost-per-cooking-cycle-used.md,200,https://worthcalc.win/zh/guides/electric-pressure-cooker-cost-per-cooking-cycle-used/,0,true,"index,follow",,https://worthcalc.win/zh/guides/electric-pressure-cooker-cost-per-cooking-cycle-used/,200,true,6,true,true,10,3,電壓力鍋每次烹調循環成本 | WorthCalc,電壓力鍋每次烹調循環成本,526,c5e08bebe8181129a4a86139568b97eb6a2cc22fe86e4f8b86a1e990c2ba2e15
https://worthcalc.win/zh/guides/electric-shaver-electricity-cost-per-grooming-session-used/,zh,guide,src/content/growth-articles/zh/electric-shaver-electricity-cost-per-grooming-session-used.md,200,https://worthcalc.win/zh/guides/electric-shaver-electricity-cost-per-grooming-session-used/,0,true,"index,follow",,https://worthcalc.win/zh/guides/electric-shaver-electricity-cost-per-grooming-session-used/,200,true,6,true,true,11,3,電動刮鬍刀每次修容電費：把清潔與充電分攤 | WorthCalc,電動刮鬍刀每次修容電費：把清潔與充電分攤,857,f5f705c37d6362594485ee476f3be15b14216a79c222f37dbf310458d5b3d174
https://worthcalc.win/zh/guides/electric-space-heater-cost-per-heating-hour-used/,zh,guide,src/content/growth-articles/zh/electric-space-heater-cost-per-heating-hour-used.md,200,https://worthcalc.win/zh/guides/electric-space-heater-cost-per-heating-hour-used/,0,true,"index,follow",,https://worthcalc.win/zh/guides/electric-space-heater-cost-per-heating-hour-used/,200,true,6,true,true,9,3,電暖器每使用一小時成本：比較瓦數、啟停週期與房間條件 | WorthCalc,電暖器每使用一小時成本：比較瓦數、啟停週期與房間條件,455,01cb24b84189fd9702be642a405cda0f3def30304f8cc018a5c53caa23f7746a
https://worthcalc.win/zh/guides/electric-standing-desk-electricity-cost-per-adjusted-day-used/,zh,guide,src/content/growth-articles/zh/electric-standing-desk-electricity-cost-per-adjusted-day-used.md,200,https://worthcalc.win/zh/guides/electric-standing-desk-electricity-cost-per-adjusted-day-used/,0,true,"index,follow",,https://worthcalc.win/zh/guides/electric-standing-desk-electricity-cost-per-adjusted-day-used/,200,true,6,true,true,10,3,電動升降桌每次調整日電費：計入馬達與待機 | WorthCalc,電動升降桌每次調整日電費：計入馬達與待機,879,69feeb5ad316ebecd1515a07a9d280a13e20bb20232f0e5975d742525a9d315d
https://worthcalc.win/zh/guides/electric-stapler-electricity-cost-per-stapling-session-used/,zh,guide,src/content/growth-articles/zh/electric-stapler-electricity-cost-per-stapling-session-used.md,200,https://worthcalc.win/zh/guides/electric-stapler-electricity-cost-per-stapling-session-used/,0,true,"index,follow",,https://worthcalc.win/zh/guides/electric-stapler-electricity-cost-per-stapling-session-used/,200,true,6,true,true,10,3,電動釘書機每次裝訂工作電費：把卡釘事件分開 | WorthCalc,電動釘書機每次裝訂工作電費：把卡釘事件分開,799,5cab2e8e34053633ecd01633cc953be17afbee52f4279d7edd5812d658237d42
https://worthcalc.win/zh/guides/electric-toothbrush-electricity-cost-per-charging-day-used/,zh,guide,src/content/growth-articles/zh/electric-toothbrush-electricity-cost-per-charging-day-used.md,200,https://worthcalc.win/zh/guides/electric-toothbrush-electricity-cost-per-charging-day-used/,0,true,"index,follow",,https://worthcalc.win/zh/guides/electric-toothbrush-electricity-cost-per-charging-day-used/,200,true,6,true,true,11,3,電動牙刷每充電日電費：把充電座待機算進來 | WorthCalc,電動牙刷每充電日電費：把充電座待機算進來,878,3c630e57ad64bf5040672458c02c2909efc4ac95bd4683b6da7de5124a9f2878
https://worthcalc.win/zh/guides/electric-wine-cooler-electricity-cost-per-storage-day-used/,zh,guide,src/content/growth-articles/zh/electric-wine-cooler-electricity-cost-per-storage-day-used.md,200,https://worthcalc.win/zh/guides/electric-wine-cooler-electricity-cost-per-storage-day-used/,0,true,"index,follow",,https://worthcalc.win/zh/guides/electric-wine-cooler-electricity-cost-per-storage-day-used/,200,true,6,true,true,7,3,酒櫃每天保存電費：把壓縮機循環算進 24 小時 | WorthCalc,酒櫃每天保存電費：把壓縮機循環算進 24 小時,756,a69acfa7eadd9bfa653f97a6a143ed81a7349fa4deca897907b361486d5199d5
https://worthcalc.win/zh/guides/electric-yogurt-maker-cost-per-batch-used/,zh,guide,src/content/growth-articles/zh/electric-yogurt-maker-cost-per-batch-used.md,200,https://worthcalc.win/zh/guides/electric-yogurt-maker-cost-per-batch-used/,0,true,"index,follow",,https://worthcalc.win/zh/guides/electric-yogurt-maker-cost-per-batch-used/,200,true,6,true,true,10,3,電動優格機每批成本：把發酵保溫時間算進來 | WorthCalc,電動優格機每批成本：把發酵保溫時間算進來,1061,133dcea526a07a09afe23eadf8b6e91947eab716cb1a9d8e5a8d72d3354960f7
https://worthcalc.win/zh/guides/electricity-cost-per-kwh-used/,zh,guide,src/content/growth-articles/zh/electricity-cost-per-kwh-used.md,200,https://worthcalc.win/zh/guides/electricity-cost-per-kwh-used/,0,true,"index,follow",,https://worthcalc.win/zh/guides/electricity-cost-per-kwh-used/,200,true,6,true,true,41,3,每使用 1 kWh 的電費成本：固定費與折抵不能漏算 | WorthCalc,每使用 1 kWh 的電費成本：固定費與折抵不能漏算,826,92dfada3da16dd6dc00ef1d0791cba8d0c0d3bd90c53bcb5227891116da9d784
https://worthcalc.win/zh/guides/emergency-fund-rebuild-after-move/,zh,guide,src/content/growth-articles/zh/emergency-fund-rebuild-after-move.md,200,https://worthcalc.win/zh/guides/emergency-fund-rebuild-after-move/,0,true,"index,follow",,https://worthcalc.win/zh/guides/emergency-fund-rebuild-after-move/,200,true,2,true,true,5,3,搬家後緊急預備金怎麼補回？重建順序完整指南｜WorthCalc,搬家把緊急預備金花掉了怎麼補？先重建最低安全墊，再恢復完整目標,2964,2235e019e41132ff7dda07f8badb11bfd8eb93119e4630fefd447c42049d2bf9
https://worthcalc.win/zh/guides/emergency-fund-rebuild-after-use/,zh,guide,src/content/growth-articles/zh/emergency-fund-rebuild-after-use.md,200,https://worthcalc.win/zh/guides/emergency-fund-rebuild-after-use/,0,true,"index,follow",,https://worthcalc.win/zh/guides/emergency-fund-rebuild-after-use/,200,true,2,true,true,5,3,緊急預備金用掉後怎麼補回？缺口與補回速度完整算法｜WorthCalc,緊急預備金用掉後怎麼補回？先重算缺口，再決定補回速度,2593,2eb6eb7eee953b4d53b71f1ebd3669f2eb286863951f23c848d5201201519944
https://worthcalc.win/zh/guides/employer-benefits-replacement-cost-vs-cash/,zh,guide,src/content/growth-articles/zh/employer-benefits-replacement-cost-vs-cash.md,200,https://worthcalc.win/zh/guides/employer-benefits-replacement-cost-vs-cash/,0,true,"index,follow",,https://worthcalc.win/zh/guides/employer-benefits-replacement-cost-vs-cash/,200,true,2,true,true,3,3,公司福利 vs 現金薪資怎麼比？Replacement Cost 法｜WorthCalc,公司福利 vs 現金薪資怎麼比？不要用「福利標價」，只算你離職後真的要自己補的 Replacement Cost,2624,4f91fc6d18e7e0d30229296fe90dd0dfcf3fcd1cf5749c410c470cba2bcaabd1
https://worthcalc.win/zh/guides/espresso-machine-cost-per-shot-used/,zh,guide,src/content/growth-articles/zh/espresso-machine-cost-per-shot-used.md,200,https://worthcalc.win/zh/guides/espresso-machine-cost-per-shot-used/,0,true,"index,follow",,https://worthcalc.win/zh/guides/espresso-machine-cost-per-shot-used/,200,true,6,true,true,10,3,義式咖啡機每杯咖啡成本：計入預熱、萃取、蒸氣與待機 | WorthCalc,義式咖啡機每杯咖啡成本：計入預熱、萃取、蒸氣與待機,566,b81c5d9224db95e10c3424c21b026f1adafd7bdb619b135720cd00dce383939b
https://worthcalc.win/zh/guides/event-ticket-cost-per-attended-hour/,zh,guide,src/content/growth-articles/zh/event-ticket-cost-per-attended-hour.md,200,https://worthcalc.win/zh/guides/event-ticket-cost-per-attended-hour/,0,true,"index,follow",,https://worthcalc.win/zh/guides/event-ticket-cost-per-attended-hour/,200,true,6,true,true,6,3,活動門票每小時參與成本：交通、手續費與提早離場都要算 | WorthCalc,活動門票每小時參與成本：交通、手續費與提早離場都要算,681,13f71d556ffe500b2c00a3f2960721f8bf6371211922caa8b01f86f7124abc2b
https://worthcalc.win/zh/guides/external-hard-drive-electricity-cost-per-backup-job-used/,zh,guide,src/content/growth-articles/zh/external-hard-drive-electricity-cost-per-backup-job-used.md,200,https://worthcalc.win/zh/guides/external-hard-drive-electricity-cost-per-backup-job-used/,0,true,"index,follow",,https://worthcalc.win/zh/guides/external-hard-drive-electricity-cost-per-backup-job-used/,200,true,6,true,true,11,3,外接硬碟每次備份工作電費：計入傳輸與閒置時間 | WorthCalc,外接硬碟每次備份工作電費：計入傳輸與閒置時間,752,65c6ad18553aaabaee62507f87d29eb641b6b04969222fe0e4cdb9c622a123ae
https://worthcalc.win/zh/guides/extra-payment-personal-loan/,zh,guide,src/content/growth-articles/zh/extra-payment-personal-loan.md,200,https://worthcalc.win/zh/guides/extra-payment-personal-loan/,0,true,"index,follow",,https://worthcalc.win/zh/guides/extra-payment-personal-loan/,200,true,2,true,true,4,3,信貸提前還款划算嗎？省息、縮期、違約金完整試算,信貸提前還款划算嗎？先算省下利息，再扣違約金與流動性成本,2447,3b4345bc8bde015766db3b8b932211850e4aeed923085820b34e0172a0d2f387
https://worthcalc.win/zh/guides/extra-principal-before-car-trade-vs-cash/,zh,guide,src/content/growth-articles/zh/extra-principal-before-car-trade-vs-cash.md,200,https://worthcalc.win/zh/guides/extra-principal-before-car-trade-vs-cash/,0,true,"index,follow",,https://worthcalc.win/zh/guides/extra-principal-before-car-trade-vs-cash/,200,true,2,true,true,3,3,換車前多繳車貸本金還是留現金？負資產＋流動性算法｜WorthCalc,準備一年後換車，現在該多繳車貸本金還是留現金？負資產與流動性一起算,2507,1749a69d37e6aae553aa8aef0a525a5630c176c4d6a50fdf106b3201b78d6bf2
https://worthcalc.win/zh/guides/extra-room-home-office-incremental-rent-break-even/,zh,guide,src/content/growth-articles/zh/extra-room-home-office-incremental-rent-break-even.md,200,https://worthcalc.win/zh/guides/extra-room-home-office-incremental-rent-break-even/,0,true,"index,follow",,https://worthcalc.win/zh/guides/extra-room-home-office-incremental-rent-break-even/,200,true,2,true,true,4,3,多租一房當 Home Office 值得嗎？增量房租回本｜WorthCalc,為居家工作多租一房值不值得？用「增量房租」比較 coworking、通勤與可計費收入,2623,2964e262e8cebdd5aba1f5314e725a56932ec628ce9189f2940fc37363092dea
https://worthcalc.win/zh/guides/family-plan-break-even-members/,zh,guide,src/content/growth-articles/zh/family-plan-break-even-members.md,200,https://worthcalc.win/zh/guides/family-plan-break-even-members/,0,true,"index,follow",,https://worthcalc.win/zh/guides/family-plan-break-even-members/,200,true,6,true,true,7,3,家庭方案幾個人用才划算？算出多人會員的損益兩平人數 | WorthCalc,家庭方案幾個人用才划算？算出多人會員的損益兩平人數,908,89b7ebd79cb01d1d5793a06a873bf46bbd317566c497a462150bed9b214c41e7
https://worthcalc.win/zh/guides/financial-runway-months/,zh,guide,src/content/growth-articles/zh/financial-runway-months.md,200,https://worthcalc.win/zh/guides/financial-runway-months/,0,true,"index,follow",,https://worthcalc.win/zh/guides/financial-runway-months/,200,true,3,true,true,13,3,財務跑道怎麼算？用現金、保守收入與必要支出算 Runway｜WorthCalc,財務跑道可以撐幾個月？自由工作者、創業者別只看緊急預備金,2942,28465e4e3f2452d0cfff283bb4417964d791fd45277dabd38a2205fbb50d858a
https://worthcalc.win/zh/guides/fixed-cost-ratio-personal-budget/,zh,guide,src/content/growth-articles/zh/fixed-cost-ratio-personal-budget.md,200,https://worthcalc.win/zh/guides/fixed-cost-ratio-personal-budget/,0,true,"index,follow",,https://worthcalc.win/zh/guides/fixed-cost-ratio-personal-budget/,200,true,2,true,true,7,3,固定成本占收入多少？個人 Fixed-Cost Ratio 完整算法｜WorthCalc,固定成本占收入多少才有彈性？把房租、債務與訂閱變成自己的 Fixed-Cost Ratio,2443,8c999393e90c84b78007c5d8df7fc1babfcfd49499980405a337f942d295d85d
https://worthcalc.win/zh/guides/fixed-vs-variable-rate-scenario/,zh,guide,src/content/growth-articles/zh/fixed-vs-variable-rate-scenario.md,200,https://worthcalc.win/zh/guides/fixed-vs-variable-rate-scenario/,0,true,"index,follow",,https://worthcalc.win/zh/guides/fixed-vs-variable-rate-scenario/,200,true,2,true,true,3,3,固定利率 vs 浮動利率：用情境分析比較月付風險｜WorthCalc,固定利率 vs 浮動利率怎麼比？不要猜未來利率，先做 3 條利率路徑壓力測試,2841,1d852607b3bbd0f163df1623a460c03dd82e77fd58aec005caca7f4e842d439a
https://worthcalc.win/zh/guides/food-dehydrator-cost-per-drying-hour-used/,zh,guide,src/content/growth-articles/zh/food-dehydrator-cost-per-drying-hour-used.md,200,https://worthcalc.win/zh/guides/food-dehydrator-cost-per-drying-hour-used/,0,true,"index,follow",,https://worthcalc.win/zh/guides/food-dehydrator-cost-per-drying-hour-used/,200,true,6,true,true,10,3,食物乾燥機每小時成本：量測加熱與風扇運轉時間 | WorthCalc,食物乾燥機每小時成本：量測加熱與風扇運轉時間,1095,fb424d270dbc2d5185b1c1ec18626d604e2b161f6509dfcdf61fd4c340182108
https://worthcalc.win/zh/guides/food-processor-cost-per-prep-session-used/,zh,guide,src/content/growth-articles/zh/food-processor-cost-per-prep-session-used.md,200,https://worthcalc.win/zh/guides/food-processor-cost-per-prep-session-used/,0,true,"index,follow",,https://worthcalc.win/zh/guides/food-processor-cost-per-prep-session-used/,200,true,6,true,true,10,3,食物調理機每次備料成本 | WorthCalc,食物調理機每次備料成本,704,d960507ce4ff9b118e56e2450ab2daf019b805dac783968ef33da1a00227dd2e
https://worthcalc.win/zh/guides/free-trial-auto-renewal-first-charge/,zh,guide,src/content/growth-articles/zh/free-trial-auto-renewal-first-charge.md,200,https://worthcalc.win/zh/guides/free-trial-auto-renewal-first-charge/,0,true,"index,follow",,https://worthcalc.win/zh/guides/free-trial-auto-renewal-first-charge/,200,true,6,true,true,7,3,免費試用自動續費會扣多少？先算第一筆可能的實際成本 | WorthCalc,免費試用自動續費會扣多少？先算第一筆可能的實際成本,943,2a69163ea704cdf211204f8b7f63a7e901d42b6e33c563872a5689551bf52758
https://worthcalc.win/zh/guides/freelance-minimum-billable-rate/,zh,guide,src/content/growth-articles/zh/freelance-minimum-billable-rate.md,200,https://worthcalc.win/zh/guides/freelance-minimum-billable-rate/,0,true,"index,follow",,https://worthcalc.win/zh/guides/freelance-minimum-billable-rate/,200,true,3,true,true,4,3,接案最低報價怎麼算？Freelance 最低時薪完整公式｜WorthCalc,接案最低報價怎麼算？不要用月薪除 160，小時費率要先補回不可計費時間與營運成本,2554,faea11ac324656a938433e40b38028d31d25ecabe3501fe50cc7532b1dda208b
https://worthcalc.win/zh/guides/freezer-cost-per-day-used/,zh,guide,src/content/growth-articles/zh/freezer-cost-per-day-used.md,200,https://worthcalc.win/zh/guides/freezer-cost-per-day-used/,0,true,"index,follow",,https://worthcalc.win/zh/guides/freezer-cost-per-day-used/,200,true,6,true,true,8,3,冷凍櫃每日使用成本：比較待機耗電、容量與食物儲存 | WorthCalc,冷凍櫃每日使用成本：比較待機耗電、容量與食物儲存,448,b77ab83fc49f56bbca271bfa13a7482550b6a47dcd2fa0d5964c4659e736884e
https://worthcalc.win/zh/guides/gaming-console-electricity-cost-per-gaming-hour-used/,zh,guide,src/content/growth-articles/zh/gaming-console-electricity-cost-per-gaming-hour-used.md,200,https://worthcalc.win/zh/guides/gaming-console-electricity-cost-per-gaming-hour-used/,0,true,"index,follow",,https://worthcalc.win/zh/guides/gaming-console-electricity-cost-per-gaming-hour-used/,200,true,6,true,true,10,3,遊戲主機每小時電費：釐清螢幕與網路邊界 | WorthCalc,遊戲主機每小時電費：釐清螢幕與網路邊界,1041,594a10b612823451a1d879838d7b6d261e84126d5cd5b1c1987c0ae41a647a52
https://worthcalc.win/zh/guides/garage-door-opener-electricity-cost-per-cycle-used/,zh,guide,src/content/growth-articles/zh/garage-door-opener-electricity-cost-per-cycle-used.md,200,https://worthcalc.win/zh/guides/garage-door-opener-electricity-cost-per-cycle-used/,0,true,"index,follow",,https://worthcalc.win/zh/guides/garage-door-opener-electricity-cost-per-cycle-used/,200,true,6,true,true,14,3,車庫門開門機每次循環電費：把燈具與待機拆開 | WorthCalc,車庫門開門機每次循環電費：把燈具與待機拆開,1013,b20f2e7a725709e35171e1b2eff883b29b70ee95814093d5652d5f198d9d4b8a
https://worthcalc.win/zh/guides/garment-steamer-cost-per-steaming-hour-used/,zh,guide,src/content/growth-articles/zh/garment-steamer-cost-per-steaming-hour-used.md,200,https://worthcalc.win/zh/guides/garment-steamer-cost-per-steaming-hour-used/,0,true,"index,follow",,https://worthcalc.win/zh/guides/garment-steamer-cost-per-steaming-hour-used/,200,true,6,true,true,8,3,掛燙機每蒸氣小時成本：計入預熱與實際出蒸氣時間 | WorthCalc,掛燙機每蒸氣小時成本：計入預熱與實際出蒸氣時間,510,12d5d638c95c435a0cc43189c076c39cd32fa45d6a9d09584ccc6e3cc23eded4
https://worthcalc.win/zh/guides/glue-gun-electricity-cost-per-crafting-hour-used/,zh,guide,src/content/growth-articles/zh/glue-gun-electricity-cost-per-crafting-hour-used.md,200,https://worthcalc.win/zh/guides/glue-gun-electricity-cost-per-crafting-hour-used/,0,true,"index,follow",,https://worthcalc.win/zh/guides/glue-gun-electricity-cost-per-crafting-hour-used/,200,true,6,true,true,11,3,熱熔膠槍每手作小時電費：分開加熱與插電閒置 | WorthCalc,熱熔膠槍每手作小時電費：分開加熱與插電閒置,859,3227263fe8dd7c4b809b2a51fceeac8ccca0cb6e881a92c4b8c03af4d7c239bd
https://worthcalc.win/zh/guides/gym-membership-cost-per-visit/,zh,guide,src/content/growth-articles/zh/gym-membership-cost-per-visit.md,200,https://worthcalc.win/zh/guides/gym-membership-cost-per-visit/,0,true,"index,follow",,https://worthcalc.win/zh/guides/gym-membership-cost-per-visit/,200,true,6,true,true,7,3,健身房每次到訪成本：加入入會費、停車與沒去的月份 | WorthCalc,健身房每次到訪成本：加入入會費、停車與沒去的月份,722,91b24df9d0ad2a7cfe4cd714276d90a079cf7fdfb543ab40d5e050bfde832250
https://worthcalc.win/zh/guides/hair-dryer-cost-per-drying-session-used/,zh,guide,src/content/growth-articles/zh/hair-dryer-cost-per-drying-session-used.md,200,https://worthcalc.win/zh/guides/hair-dryer-cost-per-drying-session-used/,0,true,"index,follow",,https://worthcalc.win/zh/guides/hair-dryer-cost-per-drying-session-used/,200,true,6,true,true,7,3,吹風機每次吹乾成本：分開熱風、風量與實際分鐘 | WorthCalc,吹風機每次吹乾成本：分開熱風、風量與實際分鐘,503,d2b8bce380e1d887a59bb806455a92f2166383ab09774cb9deab26400de4e742
https://worthcalc.win/zh/guides/heat-pump-cost-per-heating-hour-used/,zh,guide,src/content/growth-articles/zh/heat-pump-cost-per-heating-hour-used.md,200,https://worthcalc.win/zh/guides/heat-pump-cost-per-heating-hour-used/,0,true,"index,follow",,https://worthcalc.win/zh/guides/heat-pump-cost-per-heating-hour-used/,200,true,6,true,true,7,3,熱泵每暖房一小時成本：分開容量、運轉時間與天氣 | WorthCalc,熱泵每暖房一小時成本：分開容量、運轉時間與天氣,648,6d2479151de0b64262d71c7908d52c36b071bff5b363a7903206ca767d870332
https://worthcalc.win/zh/guides/high-vs-low-deductible-break-even/,zh,guide,src/content/growth-articles/zh/high-vs-low-deductible-break-even.md,200,https://worthcalc.win/zh/guides/high-vs-low-deductible-break-even/,0,true,"index,follow",,https://worthcalc.win/zh/guides/high-vs-low-deductible-break-even/,200,true,2,true,true,4,3,高自負額 vs 低自負額：保費差、損益線與現金壓力測試｜WorthCalc,高自負額 vs 低自負額怎麼比？先算保費差，再做事故情境壓力測試,2430,4ab59b233021f1a5d0ec35e197ebe55923719b3e34763a7c45113ffa9c1e1148
https://worthcalc.win/zh/guides/higher-salary-long-commute-vs-lower-salary-nearby/,zh,guide,src/content/growth-articles/zh/higher-salary-long-commute-vs-lower-salary-nearby.md,200,https://worthcalc.win/zh/guides/higher-salary-long-commute-vs-lower-salary-nearby/,0,true,"index,follow",,https://worthcalc.win/zh/guides/higher-salary-long-commute-vs-lower-salary-nearby/,200,true,2,true,true,4,3,高薪遠通勤 vs 低薪近工作怎麼算？真實薪資差｜WorthCalc,高薪遠通勤 vs 低薪近工作怎麼選？把交通、時間與額外生活成本換成同一模型,2848,9d5c990024bd80a5692846c9b1c4251508251784398af4c5c7376369e6b0dfbd
https://worthcalc.win/zh/guides/hobby-equipment-cost-per-use/,zh,guide,src/content/growth-articles/zh/hobby-equipment-cost-per-use.md,200,https://worthcalc.win/zh/guides/hobby-equipment-cost-per-use/,0,true,"index,follow",,https://worthcalc.win/zh/guides/hobby-equipment-cost-per-use/,200,true,6,true,true,6,3,興趣設備每次使用成本：把收納、維護與轉售風險算進去 | WorthCalc,興趣設備每次使用成本：把收納、維護與轉售風險算進去,719,360253ae3e46dc88c561481fb4765e40aab07477a165294f92c078a378938d39
https://worthcalc.win/zh/guides/home-internet-cost-per-gb-used/,zh,guide,src/content/growth-articles/zh/home-internet-cost-per-gb-used.md,200,https://worthcalc.win/zh/guides/home-internet-cost-per-gb-used/,0,true,"index,follow",,https://worthcalc.win/zh/guides/home-internet-cost-per-gb-used/,200,true,6,true,true,8,3,家用網路每使用 GB 成本：設備費與超量條款也要納入 | WorthCalc,家用網路每使用 GB 成本：設備費與超量條款也要納入,775,e0b9006e5f711e6ca5592ea0e539407ba62339f3768999e54345d8cf6069a011
https://worthcalc.win/zh/guides/how-much-cash-to-keep/,zh,guide,src/content/growth-articles/zh/how-much-cash-to-keep.md,200,https://worthcalc.win/zh/guides/how-much-cash-to-keep/,0,true,"index,follow",,https://worthcalc.win/zh/guides/how-much-cash-to-keep/,200,true,2,true,true,6,3,手上應該留多少現金？4 層現金法＋完整試算範例,手上應該留多少現金？把「現金」拆成 4 種用途再決定,2619,c217d5e1bd49b021e4cfaa85e4f41c6f25a7bf656e688a6ca76e0334a448cb6d
https://worthcalc.win/zh/guides/humidifier-electricity-cost-per-humidifying-hour-used/,zh,guide,src/content/growth-articles/zh/humidifier-electricity-cost-per-humidifying-hour-used.md,200,https://worthcalc.win/zh/guides/humidifier-electricity-cost-per-humidifying-hour-used/,0,true,"index,follow",,https://worthcalc.win/zh/guides/humidifier-electricity-cost-per-humidifying-hour-used/,200,true,6,true,true,11,3,加濕器每加濕小時電費：量測霧化與風扇模式 | WorthCalc,加濕器每加濕小時電費：量測霧化與風扇模式,731,6d5a66a5966565330958da60d8d5870897432c3989e8260ced7720de2b5fedcf
https://worthcalc.win/zh/guides/hvac-cost-per-operating-hour-used/,zh,guide,src/content/growth-articles/zh/hvac-cost-per-operating-hour-used.md,200,https://worthcalc.win/zh/guides/hvac-cost-per-operating-hour-used/,0,true,"index,follow",,https://worthcalc.win/zh/guides/hvac-cost-per-operating-hour-used/,200,true,6,true,true,13,3,冷暖氣每運轉一小時成本：讓運轉時間與季節費率可比較 | WorthCalc,冷暖氣每運轉一小時成本：讓運轉時間與季節費率可比較,523,2172615aa9ac4848b50d64edf7aab39a7dcb90451a2e7f6ae03b1a43ca90e94e
https://worthcalc.win/zh/guides/,zh,guides-directory,src/pages/[locale]/guides/index.astro,200,https://worthcalc.win/zh/guides/,0,true,"index, follow, max-image-preview:large",,https://worthcalc.win/zh/guides/,200,true,6,true,true,991,2,全部指南 | WorthCalc,全部指南,7217,1f2f3ed49c8a895bd1d1bb67bf7b683ee1d4537cd5ebd4f0469ebe6f529fec11
https://worthcalc.win/zh/guides/induction-cooktop-cost-per-cooking-hour-used/,zh,guide,src/content/growth-articles/zh/induction-cooktop-cost-per-cooking-hour-used.md,200,https://worthcalc.win/zh/guides/induction-cooktop-cost-per-cooking-hour-used/,0,true,"index,follow",,https://worthcalc.win/zh/guides/induction-cooktop-cost-per-cooking-hour-used/,200,true,6,true,true,7,3,IH 電磁爐每烹調一小時成本：分開加熱、待機與清潔 | WorthCalc,IH 電磁爐每烹調一小時成本：分開加熱、待機與清潔,563,b1c7e126204dd82dd40b04aa0d4f02e6dcc89be4067f1e60934fdd10b91124fe
https://worthcalc.win/zh/guides/inflation-adjusted-savings-goal/,zh,guide,src/content/growth-articles/zh/inflation-adjusted-savings-goal.md,200,https://worthcalc.win/zh/guides/inflation-adjusted-savings-goal/,0,true,"index,follow",,https://worthcalc.win/zh/guides/inflation-adjusted-savings-goal/,200,true,2,true,true,3,3,通膨調整儲蓄目標：未來 5、10、20 年要準備多少？｜WorthCalc,未來目標要存多少？先做通膨調整，再算每月要存多少,2695,490a858498ee0f5eb4e398813af3abbcc145efb4ba7dba544f9292f41e89dfa2
https://worthcalc.win/zh/guides/insurance-annual-vs-monthly-payment/,zh,guide,src/content/growth-articles/zh/insurance-annual-vs-monthly-payment.md,200,https://worthcalc.win/zh/guides/insurance-annual-vs-monthly-payment/,0,true,"index,follow",,https://worthcalc.win/zh/guides/insurance-annual-vs-monthly-payment/,200,true,2,true,true,4,3,保險年繳 vs 月繳怎麼選？分期加價、現金流與回本比較｜WorthCalc,保險年繳 vs 月繳怎麼比？把分期加價與現金占用一起算,2426,bf77a8b08d951483dbed754a885fb50ff47199e8e1bdc7a384accd90da201f41
https://worthcalc.win/zh/guides/insurance-deductible-cash-reserve/,zh,guide,src/content/growth-articles/zh/insurance-deductible-cash-reserve.md,200,https://worthcalc.win/zh/guides/insurance-deductible-cash-reserve/,0,true,"index,follow",,https://worthcalc.win/zh/guides/insurance-deductible-cash-reserve/,200,true,3,true,true,7,3,保險自負額要留多少現金？現金準備金算法｜WorthCalc,保險自負額要留多少現金？不要只看單張保單，先做同時事故壓力測試,2381,9be4fc7968b4fa6d167da1050085063807e39a2d7a079818c4cd53e5dd56e4e6
https://worthcalc.win/zh/guides/interest-only-period-total-cost/,zh,guide,src/content/growth-articles/zh/interest-only-period-total-cost.md,200,https://worthcalc.win/zh/guides/interest-only-period-total-cost/,0,true,"index,follow",,https://worthcalc.win/zh/guides/interest-only-period-total-cost/,200,true,2,true,true,4,3,房貸寬限期只繳利息划算嗎？月付跳升與總成本完整試算｜WorthCalc,房貸寬限期／只繳利息真的比較輕鬆嗎？用重訂後月付與總利息看完整成本,2496,0dda97308593443372365b2d7b913b58ece3e158f07a0cc6f8fdeb21cec5830c
https://worthcalc.win/zh/guides/introductory-discount-renewal-cost/,zh,guide,src/content/growth-articles/zh/introductory-discount-renewal-cost.md,200,https://worthcalc.win/zh/guides/introductory-discount-renewal-cost/,0,true,"index,follow",,https://worthcalc.win/zh/guides/introductory-discount-renewal-cost/,200,true,6,true,true,9,3,首年優惠與續約價格怎麼算？先拆開第一年和之後的成本 | WorthCalc,首年優惠與續約價格怎麼算？先拆開第一年和之後的成本,725,1ec41bf9091328754042009fb364d252f821d9daf8b6e2f388d8fdbc1e295950
https://worthcalc.win/zh/guides/job-change-pay-gap-cashflow/,zh,guide,src/content/growth-articles/zh/job-change-pay-gap-cashflow.md,200,https://worthcalc.win/zh/guides/job-change-pay-gap-cashflow/,0,true,"index,follow",,https://worthcalc.win/zh/guides/job-change-pay-gap-cashflow/,200,true,2,true,true,7,3,換工作薪資空窗怎麼算？Pay Gap 現金流指南｜WorthCalc,換工作會有薪資空窗嗎？從最後一份舊薪到第一份新薪算真正需要多少橋接現金,2897,2bc20c4e7ead5edbd542c88a84be630256ab36a6b5167553fbb8aa755841f658
https://worthcalc.win/zh/guides/joint-account-minimum-cash-floor/,zh,guide,src/content/growth-articles/zh/joint-account-minimum-cash-floor.md,200,https://worthcalc.win/zh/guides/joint-account-minimum-cash-floor/,0,true,"index,follow",,https://worthcalc.win/zh/guides/joint-account-minimum-cash-floor/,200,true,2,true,true,4,3,共同帳戶最低餘額怎麼抓？家庭 Cash Floor 算法｜WorthCalc,共同家庭帳戶最低餘額怎麼抓？不要用平均月支出，改看兩人薪資日與扣款日,2501,d344d57e325ed1e54e87b34da6cd31206b771e3fd950ec4f0e9e5384b4991359
https://worthcalc.win/zh/guides/label-maker-electricity-cost-per-labeling-session-used/,zh,guide,src/content/growth-articles/zh/label-maker-electricity-cost-per-labeling-session-used.md,200,https://worthcalc.win/zh/guides/label-maker-electricity-cost-per-labeling-session-used/,0,true,"index,follow",,https://worthcalc.win/zh/guides/label-maker-electricity-cost-per-labeling-session-used/,200,true,6,true,true,10,3,標籤機每次工作電費：計入預熱與待機 | WorthCalc,標籤機每次工作電費：計入預熱與待機,864,d3552524776d5cb5de8ad0cb7cc6c29c168183a8b46d307291f90704396f63f7
https://worthcalc.win/zh/guides/laminator-electricity-cost-per-laminating-batch-used/,zh,guide,src/content/growth-articles/zh/laminator-electricity-cost-per-laminating-batch-used.md,200,https://worthcalc.win/zh/guides/laminator-electricity-cost-per-laminating-batch-used/,0,true,"index,follow",,https://worthcalc.win/zh/guides/laminator-electricity-cost-per-laminating-batch-used/,200,true,6,true,true,10,3,護貝機每批護貝電費：把預熱與滾輪運轉分開 | WorthCalc,護貝機每批護貝電費：把預熱與滾輪運轉分開,875,6c93059972d561b22bacb6a600df2ca57edc4a5d3a08bda812335c0eb65d954e
https://worthcalc.win/zh/guides/language-class-cost-per-completed-session/,zh,guide,src/content/growth-articles/zh/language-class-cost-per-completed-session.md,200,https://worthcalc.win/zh/guides/language-class-cost-per-completed-session/,0,true,"index,follow",,https://worthcalc.win/zh/guides/language-class-cost-per-completed-session/,200,true,6,true,true,6,3,語言課程每完成一堂成本：只算真正完成的課堂 | WorthCalc,語言課程每完成一堂成本：只算真正完成的課堂,656,2ef03ff14676494a6f6dc5028ef45cd34c6eb8bac370c87c15c7b76234022566
https://worthcalc.win/zh/guides/laptop-docking-station-electricity-cost-per-workday-used/,zh,guide,src/content/growth-articles/zh/laptop-docking-station-electricity-cost-per-workday-used.md,200,https://worthcalc.win/zh/guides/laptop-docking-station-electricity-cost-per-workday-used/,0,true,"index,follow",,https://worthcalc.win/zh/guides/laptop-docking-station-electricity-cost-per-workday-used/,200,true,6,true,true,11,3,筆電擴充底座每工作日電費：分開螢幕與充電負載 | WorthCalc,筆電擴充底座每工作日電費：分開螢幕與充電負載,766,fb445c4b20bc9ad6e94a13f3069cef65d11e40d89b656c066abd994d1a1f6463
https://worthcalc.win/zh/guides/laundry-cost-per-load/,zh,guide,src/content/growth-articles/zh/laundry-cost-per-load.md,200,https://worthcalc.win/zh/guides/laundry-cost-per-load/,0,true,"index,follow",,https://worthcalc.win/zh/guides/laundry-cost-per-load/,200,true,6,true,true,9,3,每洗一桶衣物的成本：水電、洗劑與重洗都要算 | WorthCalc,每洗一桶衣物的成本：水電、洗劑與重洗都要算,774,05b005cde6f2c712574657b21cfe2e86c89ae270c57f7ad72a646b206675f77c
https://worthcalc.win/zh/guides/led-lighting-cost-per-hour-used/,zh,guide,src/content/growth-articles/zh/led-lighting-cost-per-hour-used.md,200,https://worthcalc.win/zh/guides/led-lighting-cost-per-hour-used/,0,true,"index,follow",,https://worthcalc.win/zh/guides/led-lighting-cost-per-hour-used/,200,true,6,true,true,9,3,LED 照明每使用一小時成本：納入瓦數、燈具數量與更換壽命 | WorthCalc,LED 照明每使用一小時成本：納入瓦數、燈具數量與更換壽命,512,9ad0b34f731790968670bcd632a2023c2f07ecdc632a3aa715f04886e86ee99d
https://worthcalc.win/zh/guides/lifestyle-inflation-raise-capture/,zh,guide,src/content/growth-articles/zh/lifestyle-inflation-raise-capture.md,200,https://worthcalc.win/zh/guides/lifestyle-inflation-raise-capture/,0,true,"index,follow",,https://worthcalc.win/zh/guides/lifestyle-inflation-raise-capture/,200,true,2,true,true,5,3,加薪後生活膨脹怎麼算？加薪留存率完整算法｜WorthCalc,加薪後生活膨脹多少會吃掉加薪？用「加薪留存率」看真正變有錢多少,2608,96a3972ed882aeb35213d34af06e9ad5f009c959a518f9581b9522dd32d572ed
https://worthcalc.win/zh/guides/loan-refinance-break-even/,zh,guide,src/content/growth-articles/zh/loan-refinance-break-even.md,200,https://worthcalc.win/zh/guides/loan-refinance-break-even/,0,true,"index,follow",,https://worthcalc.win/zh/guides/loan-refinance-break-even/,200,true,3,true,true,5,3,轉貸多久回本？轉貸 Break-Even 完整算法與案例｜WorthCalc,轉貸多久回本？別只看新利率，用剩餘期間與全部費用算 Break-Even,2929,5b30a73b6523e5aeb98179a403f89d0e4deea9979ffcee14bfd4a6c7ea72b384
https://worthcalc.win/zh/guides/meal-delivery-plan-cost-per-eaten-meal/,zh,guide,src/content/growth-articles/zh/meal-delivery-plan-cost-per-eaten-meal.md,200,https://worthcalc.win/zh/guides/meal-delivery-plan-cost-per-eaten-meal/,0,true,"index,follow",,https://worthcalc.win/zh/guides/meal-delivery-plan-cost-per-eaten-meal/,200,true,6,true,true,7,3,餐食配送方案每吃到一餐成本：跳過與替代購買也要算 | WorthCalc,餐食配送方案每吃到一餐成本：跳過與替代購買也要算,697,387a7d5b97dac18874eaabfa5caf1409f26c4fc6d389a23d3017d84f1edab3af
https://worthcalc.win/zh/guides/meal-kit-cost-per-serving-after-waste/,zh,guide,src/content/growth-articles/zh/meal-kit-cost-per-serving-after-waste.md,200,https://worthcalc.win/zh/guides/meal-kit-cost-per-serving-after-waste/,0,true,"index,follow",,https://worthcalc.win/zh/guides/meal-kit-cost-per-serving-after-waste/,200,true,6,true,true,6,3,吃到嘴裡才算：餐盒每份成本要扣除吃不完的食材 | WorthCalc,吃到嘴裡才算：餐盒每份成本要扣除吃不完的食材,732,ecc6e0a74220f57760d81ccd7beb300a990931392218fe5fb422725a74061b9c
https://worthcalc.win/zh/guides/microwave-cost-per-cooking-cycle-used/,zh,guide,src/content/growth-articles/zh/microwave-cost-per-cooking-cycle-used.md,200,https://worthcalc.win/zh/guides/microwave-cost-per-cooking-cycle-used/,0,true,"index,follow",,https://worthcalc.win/zh/guides/microwave-cost-per-cooking-cycle-used/,200,true,6,true,true,7,3,微波爐每次烹調循環成本：計入瓦數、時間與重複加熱 | WorthCalc,微波爐每次烹調循環成本：計入瓦數、時間與重複加熱,570,28418e3d8e3c4af6369cddafdca74791604246973d0e19556da35c8614030215
https://worthcalc.win/zh/guides/minimum-cash-balance-checking/,zh,guide,src/content/growth-articles/zh/minimum-cash-balance-checking.md,200,https://worthcalc.win/zh/guides/minimum-cash-balance-checking/,0,true,"index,follow",,https://worthcalc.win/zh/guides/minimum-cash-balance-checking/,200,true,2,true,true,5,3,帳戶最低現金餘額怎麼抓？用 4 步算出日常現金底線｜WorthCalc,帳戶最低現金餘額怎麼抓？別把緊急預備金全部塞在活存帳戶,2895,ab9a693530dc9149089f2875933947fafdc16bf8ca44a6afb9fa62935fd8ae73
https://worthcalc.win/zh/guides/minimum-spend-fee-waiver-break-even/,zh,guide,src/content/growth-articles/zh/minimum-spend-fee-waiver-break-even.md,200,https://worthcalc.win/zh/guides/minimum-spend-fee-waiver-break-even/,0,true,"index,follow",,https://worthcalc.win/zh/guides/minimum-spend-fee-waiver-break-even/,200,true,6,true,true,7,3,滿額免手續費真的省嗎？用必要消費算損益兩平門檻 | WorthCalc,滿額免手續費真的省嗎？用必要消費算損益兩平門檻,898,c1c6d74d60a5c9dbec6c71cffc4c34f8cf4c278395e348bb6d285ad3cd3f31fd
https://worthcalc.win/zh/guides/mobile-data-cost-per-gb-used/,zh,guide,src/content/growth-articles/zh/mobile-data-cost-per-gb-used.md,200,https://worthcalc.win/zh/guides/mobile-data-cost-per-gb-used/,0,true,"index,follow",,https://worthcalc.win/zh/guides/mobile-data-cost-per-gb-used/,200,true,6,true,true,6,3,手機流量每使用 GB 成本：不要拿方案上限代替實際用量 | WorthCalc,手機流量每使用 GB 成本：不要拿方案上限代替實際用量,682,8baf5430bacde891b033519bcc17bed20b8dda9609a5d85794470d0534d85a47
https://worthcalc.win/zh/guides/monitor-electricity-cost-per-work-hour-used/,zh,guide,src/content/growth-articles/zh/monitor-electricity-cost-per-work-hour-used.md,200,https://worthcalc.win/zh/guides/monitor-electricity-cost-per-work-hour-used/,0,true,"index,follow",,https://worthcalc.win/zh/guides/monitor-electricity-cost-per-work-hour-used/,200,true,6,true,true,8,3,螢幕每工作一小時用電成本：計入亮度、睡眠與 USB 供電 | WorthCalc,螢幕每工作一小時用電成本：計入亮度、睡眠與 USB 供電,557,98dcf5cf306eb43c722b09d0f4a9c827427a14f7ebbff40dedc205e2d58d644a
https://worthcalc.win/zh/guides/monthly-extra-vs-annual-lump-sum/,zh,guide,src/content/growth-articles/zh/monthly-extra-vs-annual-lump-sum.md,200,https://worthcalc.win/zh/guides/monthly-extra-vs-annual-lump-sum/,0,true,"index,follow",,https://worthcalc.win/zh/guides/monthly-extra-vs-annual-lump-sum/,200,true,2,true,true,4,3,每月多繳 vs 一次大額還款哪個省？完整試算｜WorthCalc,每月多繳 vs 年底一次大額還款，哪個省利息？同樣一年 6 萬也會有時間差,2428,9617e12adebf6405ed14dfcb1e8ddcd2868059509a8c1ea339f6f2c45d2b93ab
https://worthcalc.win/zh/guides/monthly-payment-affordability-vs-total-cost/,zh,guide,src/content/growth-articles/zh/monthly-payment-affordability-vs-total-cost.md,200,https://worthcalc.win/zh/guides/monthly-payment-affordability-vs-total-cost/,0,true,"index,follow",,https://worthcalc.win/zh/guides/monthly-payment-affordability-vs-total-cost/,200,true,2,true,true,6,3,月付得起不等於買得起：月付 vs 總成本完整比較｜WorthCalc,月付得起不等於總成本合理：為什麼延長期數會製造「負擔得起」的錯覺？,2667,fa89a91e5c7ce505fe8462312b6e1abc940bde37e140f3df88a7f2624cdbf48b
https://worthcalc.win/zh/guides/monthly-vs-annual-total-cost/,zh,guide,src/content/growth-articles/zh/monthly-vs-annual-total-cost.md,200,https://worthcalc.win/zh/guides/monthly-vs-annual-total-cost/,0,true,"index,follow",,https://worthcalc.win/zh/guides/monthly-vs-annual-total-cost/,200,true,6,true,true,8,3,月繳還是年繳比較划算？同時看總成本與現金流風險 | WorthCalc,月繳還是年繳比較划算？同時看總成本與現金流風險,786,d9fdc27576246ad5cd13b09269c2667542711cd195c854637cf6bb4a6ba44f65
https://worthcalc.win/zh/guides/mortgage-fee-rate-break-even/,zh,guide,src/content/growth-articles/zh/mortgage-fee-rate-break-even.md,200,https://worthcalc.win/zh/guides/mortgage-fee-rate-break-even/,0,true,"index,follow",,https://worthcalc.win/zh/guides/mortgage-fee-rate-break-even/,200,true,2,true,true,5,3,房貸開辦費 vs 低利率怎麼選？回本月數完整算法｜WorthCalc,房貸開辦費比較低利率怎麼選？用持有期算真正的 Break-Even,2731,b8563ebd194b2ab06bdd95687c36622ded64a140df67107b7481c9d7ff6f98d7
https://worthcalc.win/zh/guides/mortgage-recast-vs-refinance-vs-prepay/,zh,guide,src/content/growth-articles/zh/mortgage-recast-vs-refinance-vs-prepay.md,200,https://worthcalc.win/zh/guides/mortgage-recast-vs-refinance-vs-prepay/,0,true,"index,follow",,https://worthcalc.win/zh/guides/mortgage-recast-vs-refinance-vs-prepay/,200,true,2,true,true,5,3,房貸 Recast vs 轉貸 vs 提前還本金：三種機制完整比較｜WorthCalc,房貸 Recast、轉貸、提前還本金怎麼選？先確認你要降月付、降利率還是縮短期限,2479,228994b7a19f7103d85a00549d094249ecd3f9e555bae40d01ed6304f834b50e
https://worthcalc.win/zh/guides/natural-gas-cost-per-therm-used/,zh,guide,src/content/growth-articles/zh/natural-gas-cost-per-therm-used.md,200,https://worthcalc.win/zh/guides/natural-gas-cost-per-therm-used/,0,true,"index,follow",,https://worthcalc.win/zh/guides/natural-gas-cost-per-therm-used/,200,true,6,true,true,14,3,每使用一 therm 的天然氣成本：比較前先換算帳單 | WorthCalc,每使用一 therm 的天然氣成本：比較前先換算帳單,763,84b0d5f9a46e7ecf01249ce8b00095b55c6afa2087f0092723361a80a33066fe
https://worthcalc.win/zh/guides/net-worth-tracking-frequency/,zh,guide,src/content/growth-articles/zh/net-worth-tracking-frequency.md,200,https://worthcalc.win/zh/guides/net-worth-tracking-frequency/,0,true,"index,follow",,https://worthcalc.win/zh/guides/net-worth-tracking-frequency/,200,true,2,true,true,4,3,淨資產多久算一次？每月 vs 每季 vs 每年完整追蹤方法,淨資產多久算一次？每月、每季、每年各自適合什麼情況,2307,ac31854685f3cd19191d460c588656765e19b2d4aa9d3311a98df56765d84deb
https://worthcalc.win/zh/guides/one-time-switching-cost-payback/,zh,guide,src/content/growth-articles/zh/one-time-switching-cost-payback.md,200,https://worthcalc.win/zh/guides/one-time-switching-cost-payback/,0,true,"index,follow",,https://worthcalc.win/zh/guides/one-time-switching-cost-payback/,200,true,6,true,true,9,3,一次性轉換費多久回本？便宜方案何時才開始省錢 | WorthCalc,一次性轉換費多久回本？便宜方案何時才開始省錢,784,0a5a6e6f13066f7fdffb779430b9542683b0fd9a9d24689fc48e670f0a3a552c
https://worthcalc.win/zh/guides/online-course-cost-per-completed-lesson/,zh,guide,src/content/growth-articles/zh/online-course-cost-per-completed-lesson.md,200,https://worthcalc.win/zh/guides/online-course-cost-per-completed-lesson/,0,true,"index,follow",,https://worthcalc.win/zh/guides/online-course-cost-per-completed-lesson/,200,true,6,true,true,6,3,線上課程每完成一課成本：算學完的內容，不算登入權限 | WorthCalc,線上課程每完成一課成本：算學完的內容，不算登入權限,679,4b99609ba7a5c00f4e7114b24aaf925c94a7ae5899d8bbfa64c0cb15c8e90505
https://worthcalc.win/zh/guides/outdoor-string-lights-electricity-cost-per-evening-used/,zh,guide,src/content/growth-articles/zh/outdoor-string-lights-electricity-cost-per-evening-used.md,200,https://worthcalc.win/zh/guides/outdoor-string-lights-electricity-cost-per-evening-used/,0,true,"index,follow",,https://worthcalc.win/zh/guides/outdoor-string-lights-electricity-cost-per-evening-used/,200,true,6,true,true,11,3,戶外串燈每晚電費：把定時器與變壓器納入邊界 | WorthCalc,戶外串燈每晚電費：把定時器與變壓器納入邊界,994,1d516f11caa41e0846782c323d319960f182d3a08b6d0ff1947928a4ea53c43b
https://worthcalc.win/zh/guides/oven-stove-cost-per-cooking-hour-used/,zh,guide,src/content/growth-articles/zh/oven-stove-cost-per-cooking-hour-used.md,200,https://worthcalc.win/zh/guides/oven-stove-cost-per-cooking-hour-used/,0,true,"index,follow",,https://worthcalc.win/zh/guides/oven-stove-cost-per-cooking-hour-used/,200,true,6,true,true,10,3,烤箱與爐具每使用一小時成本：比較加熱、預熱與燃料 | WorthCalc,烤箱與爐具每使用一小時成本：比較加熱、預熱與燃料,516,3f68fba0d6fe63cd0b4ec19ca41b2bdf7e199c2ebf835f8e278a788ddf0987cc
https://worthcalc.win/zh/guides/overtime-marginal-take-home-cost/,zh,guide,src/content/growth-articles/zh/overtime-marginal-take-home-cost.md,200,https://worthcalc.win/zh/guides/overtime-marginal-take-home-cost/,0,true,"index,follow",,https://worthcalc.win/zh/guides/overtime-marginal-take-home-cost/,200,true,2,true,true,3,3,加班到底多賺多少？真正邊際時薪與成本完整算法｜WorthCalc,加班到底多賺多少？把加班費、托育、通勤、餐費與額外時間算成真正邊際收益,2433,b73d80fc0baaf08db419a83879b287dafc4f902f0474d929ae0e09eb597237e0
https://worthcalc.win/zh/guides/paper-shredder-electricity-cost-per-shredding-session-used/,zh,guide,src/content/growth-articles/zh/paper-shredder-electricity-cost-per-shredding-session-used.md,200,https://worthcalc.win/zh/guides/paper-shredder-electricity-cost-per-shredding-session-used/,0,true,"index,follow",,https://worthcalc.win/zh/guides/paper-shredder-electricity-cost-per-shredding-session-used/,200,true,6,true,true,10,3,碎紙機每次碎紙工作電費：計入馬達循環 | WorthCalc,碎紙機每次碎紙工作電費：計入馬達循環,882,dca49031452227ae946582325b013d056a5ae78779058bd55878353941c0533e
https://worthcalc.win/zh/guides/parking-pass-cost-per-day-used/,zh,guide,src/content/growth-articles/zh/parking-pass-cost-per-day-used.md,200,https://worthcalc.win/zh/guides/parking-pass-cost-per-day-used/,0,true,"index,follow",,https://worthcalc.win/zh/guides/parking-pass-cost-per-day-used/,200,true,6,true,true,6,3,停車月票每次使用成本：把遠距、請假與共乘日算進去 | WorthCalc,停車月票每次使用成本：把遠距、請假與共乘日算進去,709,adafda5d892ae224ce6013be101a21f0cbf1f278a712ba7384d584b2486eea8b
https://worthcalc.win/zh/guides/pause-vs-cancel-membership-cost/,zh,guide,src/content/growth-articles/zh/pause-vs-cancel-membership-cost.md,200,https://worthcalc.win/zh/guides/pause-vs-cancel-membership-cost/,0,true,"index,follow",,https://worthcalc.win/zh/guides/pause-vs-cancel-membership-cost/,200,true,6,true,true,7,3,會員暫停還是取消比較省？比較保留資格與重新加入的成本 | WorthCalc,會員暫停還是取消比較省？比較保留資格與重新加入的成本,950,1a0085020713b5bbd6d31e286445bca9f84f27a31f900f15e524583e846a8ff1
https://worthcalc.win/zh/guides/paycheck-budgeting-limitations/,zh,guide,src/content/growth-articles/zh/paycheck-budgeting-limitations.md,200,https://worthcalc.win/zh/guides/paycheck-budgeting-limitations/,0,true,"index,follow",,https://worthcalc.win/zh/guides/paycheck-budgeting-limitations/,200,true,2,true,true,6,3,50/30/20 何時會失真？用固定成本與收入波動重算預算｜WorthCalc,50/30/20 預算什麼時候會失真？比例預算不是每個人都能直接套,2788,d4430a0f47a753d7bb0473e054f8e417003fd398c8876f70463919f4787c5e8d
https://worthcalc.win/zh/guides/personal-liquidity-ratio/,zh,guide,src/content/growth-articles/zh/personal-liquidity-ratio.md,200,https://worthcalc.win/zh/guides/personal-liquidity-ratio/,0,true,"index,follow",,https://worthcalc.win/zh/guides/personal-liquidity-ratio/,200,true,3,true,true,6,3,個人流動性比率怎麼算？用月數看你的現金安全墊｜WorthCalc,個人流動性比率怎麼算？比淨資產更快看出「現金能撐多久」,2732,a2c7d290a0319cf389494aae936912ed454b9b2812a18ab9ee0ae8d43bdaf590
https://worthcalc.win/zh/guides/phone-charger-cost-per-charge-used/,zh,guide,src/content/growth-articles/zh/phone-charger-cost-per-charge-used.md,200,https://worthcalc.win/zh/guides/phone-charger-cost-per-charge-used/,0,true,"index,follow",,https://worthcalc.win/zh/guides/phone-charger-cost-per-charge-used/,200,true,6,true,true,10,3,手機充電器每次充電成本：量測牆上用電，不要套變壓器上限 | WorthCalc,手機充電器每次充電成本：量測牆上用電，不要套變壓器上限,524,df01746a718c646b3b095aaa725314060731322fd8e1e7a0d899df676493eff9
https://worthcalc.win/zh/guides/pool-pump-cost-per-operating-hour-used/,zh,guide,src/content/growth-articles/zh/pool-pump-cost-per-operating-hour-used.md,200,https://worthcalc.win/zh/guides/pool-pump-cost-per-operating-hour-used/,0,true,"index,follow",,https://worthcalc.win/zh/guides/pool-pump-cost-per-operating-hour-used/,200,true,6,true,true,7,3,泳池水泵每運轉一小時成本：分開轉速、流量與工作任務 | WorthCalc,泳池水泵每運轉一小時成本：分開轉速、流量與工作任務,519,44ec4fff5403150bd79a86a697bb0b37cedc76d811fd53c9892201364d3dbd1b
https://worthcalc.win/zh/guides/pool-pump-electricity-cost-per-filtration-cycle-used/,zh,guide,src/content/growth-articles/zh/pool-pump-electricity-cost-per-filtration-cycle-used.md,200,https://worthcalc.win/zh/guides/pool-pump-electricity-cost-per-filtration-cycle-used/,0,true,"index,follow",,https://worthcalc.win/zh/guides/pool-pump-electricity-cost-per-filtration-cycle-used/,200,true,6,true,true,9,3,泳池循環泵每過濾小時電費：分開運轉時間與啟動段 | WorthCalc,泳池循環泵每過濾小時電費：分開運轉時間與啟動段,906,6e246710c53eec8afe6b8f886a1a3158ba27a062b07f2cd9ca96dabbe34d1f6c
https://worthcalc.win/zh/guides/portable-ac-cost-per-cooling-hour-used/,zh,guide,src/content/growth-articles/zh/portable-ac-cost-per-cooling-hour-used.md,200,https://worthcalc.win/zh/guides/portable-ac-cost-per-cooling-hour-used/,0,true,"index,follow",,https://worthcalc.win/zh/guides/portable-ac-cost-per-cooling-hour-used/,200,true,6,true,true,7,3,移動式冷氣每使用一小時成本：量測排風、風扇與房間負載 | WorthCalc,移動式冷氣每使用一小時成本：量測排風、風扇與房間負載,605,a0e3b87fa110c5a2c640b8c3dbb8e52577deb5115651908411ec2db1b065cb7f
https://worthcalc.win/zh/guides/portable-air-conditioner-electricity-cost-per-cooling-session-used/,zh,guide,src/content/growth-articles/zh/portable-air-conditioner-electricity-cost-per-cooling-session-used.md,200,https://worthcalc.win/zh/guides/portable-air-conditioner-electricity-cost-per-cooling-session-used/,0,true,"index,follow",,https://worthcalc.win/zh/guides/portable-air-conditioner-electricity-cost-per-cooling-session-used/,200,true,6,true,true,11,3,可攜式冷氣每冷卻小時電費：把壓縮機循環算進去 | WorthCalc,可攜式冷氣每冷卻小時電費：把壓縮機循環算進去,916,70f8c5baf3b7161087d7d4a51c8ef34c50b97b74c88cfc1deb8522643efa2285
https://worthcalc.win/zh/guides/post-debt-payoff-cashflow-plan/,zh,guide,src/content/growth-articles/zh/post-debt-payoff-cashflow-plan.md,200,https://worthcalc.win/zh/guides/post-debt-payoff-cashflow-plan/,0,true,"index,follow",,https://worthcalc.win/zh/guides/post-debt-payoff-cashflow-plan/,200,true,2,true,true,5,3,債務還清後怎麼分配現金流？90天重建計畫｜WorthCalc,債務還清後每月多出的錢怎麼處理？先重建現金流，再增加固定支出,2480,a41bf9cfc32df3c2ce5fd02a4ba073105845b623184635ca5805e5c3aa01380d
https://worthcalc.win/zh/guides/prepaid-balance-expiration-cost/,zh,guide,src/content/growth-articles/zh/prepaid-balance-expiration-cost.md,200,https://worthcalc.win/zh/guides/prepaid-balance-expiration-cost/,0,true,"index,follow",,https://worthcalc.win/zh/guides/prepaid-balance-expiration-cost/,200,true,6,true,true,7,3,預付額度到期怎麼算？找出用不完點數的實際成本 | WorthCalc,預付額度到期怎麼算？找出用不完點數的實際成本,939,16c21f1fd4dea60a83e2db2139df51a4298cade64335c25570fe63780bcbb68f
https://worthcalc.win/zh/guides/prepay-rent-discount-vs-liquidity/,zh,guide,src/content/growth-articles/zh/prepay-rent-discount-vs-liquidity.md,200,https://worthcalc.win/zh/guides/prepay-rent-discount-vs-liquidity/,0,true,"index,follow",,https://worthcalc.win/zh/guides/prepay-rent-discount-vs-liquidity/,200,true,3,true,true,6,3,租金預繳折扣值得嗎？折扣 vs 流動性完整算法｜WorthCalc,租金一次預繳有折扣值得嗎？把確定折扣、現金占用與提前退租條款一起算,2360,954d43f51b8d12c9d9e31768b8dff572a7065206145d60b3c67ea7c7997be871
https://worthcalc.win/zh/guides/principal-equal-vs-payment-equal-amortization/,zh,guide,src/content/growth-articles/zh/principal-equal-vs-payment-equal-amortization.md,200,https://worthcalc.win/zh/guides/principal-equal-vs-payment-equal-amortization/,0,true,"index,follow",,https://worthcalc.win/zh/guides/principal-equal-vs-payment-equal-amortization/,200,true,2,true,true,4,3,本金平均 vs 本息平均攤還怎麼選？完整試算｜WorthCalc,本金平均攤還 vs 本息平均攤還差在哪？月付曲線、總利息與前期壓力完整比較,2468,a966567fcb5d353c789fc3741945879de53a02b01e8f916ec637fabeed754e6c
https://worthcalc.win/zh/guides/printer-electricity-cost-per-print-job-used/,zh,guide,src/content/growth-articles/zh/printer-electricity-cost-per-print-job-used.md,200,https://worthcalc.win/zh/guides/printer-electricity-cost-per-print-job-used/,0,true,"index,follow",,https://worthcalc.win/zh/guides/printer-electricity-cost-per-print-job-used/,200,true,6,true,true,10,3,印表機每次列印工作電費：計入預熱與待機 | WorthCalc,印表機每次列印工作電費：計入預熱與待機,1017,57c80ece6a4dd594acfa9297b2d02c38471ae181fd72c62b23dc2d09bc2aae65
https://worthcalc.win/zh/guides/professional-membership-replacement-value-break-even/,zh,guide,src/content/growth-articles/zh/professional-membership-replacement-value-break-even.md,200,https://worthcalc.win/zh/guides/professional-membership-replacement-value-break-even/,0,true,"index,follow",,https://worthcalc.win/zh/guides/professional-membership-replacement-value-break-even/,200,true,2,true,true,3,3,專業會員費值不值得？Replacement Value 回本法｜WorthCalc,專業會員費值不值得？不要算「感覺有用」，只算你真的會替代掉的成本,2585,ed201de63f8a829cd3f6b8fbfde6240b31518b813c1f4421555d57b8fa6f1b5e
https://worthcalc.win/zh/guides/projector-electricity-cost-per-presentation-hour-used/,zh,guide,src/content/growth-articles/zh/projector-electricity-cost-per-presentation-hour-used.md,200,https://worthcalc.win/zh/guides/projector-electricity-cost-per-presentation-hour-used/,0,true,"index,follow",,https://worthcalc.win/zh/guides/projector-electricity-cost-per-presentation-hour-used/,200,true,6,true,true,10,3,投影機每簡報小時電費：計入預熱與冷卻 | WorthCalc,投影機每簡報小時電費：計入預熱與冷卻,796,1e14d3db33aba9ba0addaf1474a053557c7feb971be1202332693c4583613be4
https://worthcalc.win/zh/guides/promo-apr-payoff-deadline/,zh,guide,src/content/growth-articles/zh/promo-apr-payoff-deadline.md,200,https://worthcalc.win/zh/guides/promo-apr-payoff-deadline/,0,true,"index,follow",,https://worthcalc.win/zh/guides/promo-apr-payoff-deadline/,200,true,2,true,true,5,3,0% 優惠期到期前每月要還多少？Promo APR 完整算法｜WorthCalc,0% 優惠期到期前每月要還多少？不要把最低付款當成清償計畫,2379,412489631861f6726902ae187658340c44e865bf1b31cbe060e34d940b938e9d
https://worthcalc.win/zh/guides/real-vs-nominal-return/,zh,guide,src/content/growth-articles/zh/real-vs-nominal-return.md,200,https://worthcalc.win/zh/guides/real-vs-nominal-return/,0,true,"index,follow",,https://worthcalc.win/zh/guides/real-vs-nominal-return/,200,true,3,true,true,4,3,實質報酬率 vs 名目報酬率怎麼算？通膨後才是真購買力｜WorthCalc,實質報酬率 vs 名目報酬率：投資賺 5%，購買力不一定增加 5%,2467,395a9f5d6da2be19baa520826948cebbe877e0b121c14b5abefcd4a4a72f8be8
https://worthcalc.win/zh/guides/recurring-costs-annual-total/,zh,guide,src/content/growth-articles/zh/recurring-costs-annual-total.md,200,https://worthcalc.win/zh/guides/recurring-costs-annual-total/,0,true,"index,follow",,https://worthcalc.win/zh/guides/recurring-costs-annual-total/,200,true,6,true,true,23,3,固定支出年度總額怎麼算？整合月繳、季繳與年繳費用 | WorthCalc,固定支出年度總額怎麼算？整合月繳、季繳與年繳費用,807,a2df5527cd5e5ad76042b0829ade9cb8e020412439a4c2ae997532e3c82ea1cc
https://worthcalc.win/zh/guides/refrigerator-cost-per-day-used/,zh,guide,src/content/growth-articles/zh/refrigerator-cost-per-day-used.md,200,https://worthcalc.win/zh/guides/refrigerator-cost-per-day-used/,0,true,"index,follow",,https://worthcalc.win/zh/guides/refrigerator-cost-per-day-used/,200,true,6,true,true,10,3,冰箱每日使用成本怎麼算：把年度耗電換成家庭實際成本 | WorthCalc,冰箱每日使用成本怎麼算：把年度耗電換成家庭實際成本,555,787053a746377554364d9a5d423e4a03760c779e7cb8fec7ee234641b00a3e43
https://worthcalc.win/zh/guides/relocation-for-higher-salary-break-even/,zh,guide,src/content/growth-articles/zh/relocation-for-higher-salary-break-even.md,200,https://worthcalc.win/zh/guides/relocation-for-higher-salary-break-even/,0,true,"index,follow",,https://worthcalc.win/zh/guides/relocation-for-higher-salary-break-even/,200,true,2,true,true,4,3,為高薪搬家值得嗎？加薪搬家 Break-Even 完整算法｜WorthCalc,為了更高薪搬家值得嗎？把加薪、房租、通勤與搬家現金算成回本月數,2438,da46f0b2a894057d9a09f3c7597d865264ce72cdae0e57afa2fae769af21873d
https://worthcalc.win/zh/guides/remote-work-pay-cut-cash-break-even/,zh,guide,src/content/growth-articles/zh/remote-work-pay-cut-cash-break-even.md,200,https://worthcalc.win/zh/guides/remote-work-pay-cut-cash-break-even/,0,true,"index,follow",,https://worthcalc.win/zh/guides/remote-work-pay-cut-cash-break-even/,200,true,3,true,true,4,3,遠距工作降薪值得嗎？通勤、托育與現金 Break-Even｜WorthCalc,遠距工作降薪多少才值得？用「現金節省」而不是抽象便利感算 Break-Even,2760,e1d8f074cbc8c79685a1c656dd9cd97ca0f4b691ac794cd679a331782cdad2b8
https://worthcalc.win/zh/guides/rent-increase-vs-moving-break-even/,zh,guide,src/content/growth-articles/zh/rent-increase-vs-moving-break-even.md,200,https://worthcalc.win/zh/guides/rent-increase-vs-moving-break-even/,0,true,"index,follow",,https://worthcalc.win/zh/guides/rent-increase-vs-moving-break-even/,200,true,3,true,true,7,3,租金上漲要搬家嗎？搬家 Break-Even 完整試算｜WorthCalc,租金漲多少才值得搬家？把搬家費、押金與通勤一起算 Break-Even,2479,4453402fc801d3a4ff7873b3027a62b789898e50b7e50e22c1602af2b6b3932d
https://worthcalc.win/zh/guides/rental-deposit-liquidity-cost/,zh,guide,src/content/growth-articles/zh/rental-deposit-liquidity-cost.md,200,https://worthcalc.win/zh/guides/rental-deposit-liquidity-cost/,0,true,"index,follow",,https://worthcalc.win/zh/guides/rental-deposit-liquidity-cost/,200,true,2,true,true,6,3,租屋押金現金怎麼抓？兩個月上限、搬家重疊與流動性試算｜WorthCalc,租屋押金要準備多少現金？把資金占用、搬家重疊與退還時間放進現金流,2395,790c02870ee7cb721c39cdf39d474263c5bb41aa7a008b6526a487ecfa935719
https://worthcalc.win/zh/guides/return-to-work-fulltime-vs-parttime/,zh,guide,src/content/growth-articles/zh/return-to-work-fulltime-vs-parttime.md,200,https://worthcalc.win/zh/guides/return-to-work-fulltime-vs-parttime/,0,true,"index,follow",,https://worthcalc.win/zh/guides/return-to-work-fulltime-vs-parttime/,200,true,2,true,true,6,3,全職 vs 兼職回職場怎麼算？Break-Even 完整模型｜WorthCalc,全職 vs 兼職回職場怎麼選？把稅後薪資、托育、通勤、福利與時間放同一張表,2947,ca396e90c61065efb9bcdac0c174b15781a109e1039d0acd148c07a3825002f7
https://worthcalc.win/zh/guides/rice-cooker-cost-per-cooking-cycle-used/,zh,guide,src/content/growth-articles/zh/rice-cooker-cost-per-cooking-cycle-used.md,200,https://worthcalc.win/zh/guides/rice-cooker-cost-per-cooking-cycle-used/,0,true,"index,follow",,https://worthcalc.win/zh/guides/rice-cooker-cost-per-cooking-cycle-used/,200,true,6,true,true,10,3,電子鍋每次煮飯成本 | WorthCalc,電子鍋每次煮飯成本,694,bc6a93e8fac184460ceba5e31df378e4ff40f0179b7cc77ee8484e81d7bf6b75
https://worthcalc.win/zh/guides/robot-vacuum-cost-per-cleaning-cycle-used/,zh,guide,src/content/growth-articles/zh/robot-vacuum-cost-per-cleaning-cycle-used.md,200,https://worthcalc.win/zh/guides/robot-vacuum-cost-per-cleaning-cycle-used/,0,true,"index,follow",,https://worthcalc.win/zh/guides/robot-vacuum-cost-per-cleaning-cycle-used/,200,true,6,true,true,9,3,掃地機器人每次清潔循環成本：計入回充、底座與集塵 | WorthCalc,掃地機器人每次清潔循環成本：計入回充、底座與集塵,539,a95b82544d268fbb53d7ff67bb59c47466ead502228891e3c083230a098dec04
https://worthcalc.win/zh/guides/room-air-conditioner-cost-per-cooling-hour-used/,zh,guide,src/content/growth-articles/zh/room-air-conditioner-cost-per-cooling-hour-used.md,200,https://worthcalc.win/zh/guides/room-air-conditioner-cost-per-cooling-hour-used/,0,true,"index,follow",,https://worthcalc.win/zh/guides/room-air-conditioner-cost-per-cooling-hour-used/,200,true,6,true,true,10,3,房間冷氣每使用一小時冷房成本：納入壓縮機、風扇與待機 | WorthCalc,房間冷氣每使用一小時冷房成本：納入壓縮機、風扇與待機,437,f9f394816cfd19b33e569c3af5752b5a1490166a58f06c13a747c8a20a11399d
https://worthcalc.win/zh/guides/router-electricity-cost-per-month-used/,zh,guide,src/content/growth-articles/zh/router-electricity-cost-per-month-used.md,200,https://worthcalc.win/zh/guides/router-electricity-cost-per-month-used/,0,true,"index,follow",,https://worthcalc.win/zh/guides/router-electricity-cost-per-month-used/,200,true,6,true,true,10,3,路由器每月用電成本：分開全天供電與網路服務費 | WorthCalc,路由器每月用電成本：分開全天供電與網路服務費,545,29cf189477abac7990fe38d6ff64589c87783f22e672248a22d57fe441f4e139
https://worthcalc.win/zh/guides/sandwich-maker-cost-per-use-used/,zh,guide,src/content/growth-articles/zh/sandwich-maker-cost-per-use-used.md,200,https://worthcalc.win/zh/guides/sandwich-maker-cost-per-use-used/,0,true,"index,follow",,https://worthcalc.win/zh/guides/sandwich-maker-cost-per-use-used/,200,true,6,true,true,10,3,三明治機每次使用成本：計入預熱與實際烘烤片數 | WorthCalc,三明治機每次使用成本：計入預熱與實際烘烤片數,534,8d3754ec821a8de93c9b4a29af79cc995263c3609557e69f1801197f99aec3d6
https://worthcalc.win/zh/guides/save-first-vs-installment-purchase/,zh,guide,src/content/growth-articles/zh/save-first-vs-installment-purchase.md,200,https://worthcalc.win/zh/guides/save-first-vs-installment-purchase/,0,true,"index,follow",,https://worthcalc.win/zh/guides/save-first-vs-installment-purchase/,200,true,2,true,true,9,3,先存再買 vs 分期：等待多久、融資多付多少完整比較｜WorthCalc,先存再買 vs 現在分期怎麼比？用等待時間與確定融資成本做決策,2444,5b9fba8ce95a2a7adc3e96d2372ab348043b059d47b94de3b55d4668918005d2
https://worthcalc.win/zh/guides/savings-break-even-use-period/,zh,guide,src/content/growth-articles/zh/savings-break-even-use-period.md,200,https://worthcalc.win/zh/guides/savings-break-even-use-period/,0,true,"index,follow",,https://worthcalc.win/zh/guides/savings-break-even-use-period/,200,true,6,true,true,7,3,省錢損益兩平要多久？算出幾個月或幾次使用才值得換 | WorthCalc,省錢損益兩平要多久？算出幾個月或幾次使用才值得換,755,195ebe2d2251fdffd771309afdadd79316bd4939cf69f7401e62e374af58b72c
https://worthcalc.win/zh/guides/scanner-electricity-cost-per-scanning-session-used/,zh,guide,src/content/growth-articles/zh/scanner-electricity-cost-per-scanning-session-used.md,200,https://worthcalc.win/zh/guides/scanner-electricity-cost-per-scanning-session-used/,0,true,"index,follow",,https://worthcalc.win/zh/guides/scanner-electricity-cost-per-scanning-session-used/,200,true,6,true,true,10,3,掃描器每次工作電費：計入燈管與待機能源 | WorthCalc,掃描器每次工作電費：計入燈管與待機能源,1020,0a02831aa6206e0d18394e4ff33c17fa9c47d31be0df41b45cca7f77760b0bf2
https://worthcalc.win/zh/guides/sewing-machine-electricity-cost-per-sewing-hour-used/,zh,guide,src/content/growth-articles/zh/sewing-machine-electricity-cost-per-sewing-hour-used.md,200,https://worthcalc.win/zh/guides/sewing-machine-electricity-cost-per-sewing-hour-used/,0,true,"index,follow",,https://worthcalc.win/zh/guides/sewing-machine-electricity-cost-per-sewing-hour-used/,200,true,6,true,true,11,3,縫紉機每縫紉小時電費：把腳踏與工作燈分開 | WorthCalc,縫紉機每縫紉小時電費：把腳踏與工作燈分開,855,f242623914e6260243d8e3340240d06c162204ee9d60600b7f054f22d9871baa
https://worthcalc.win/zh/guides/shared-expenses-income-split/,zh,guide,src/content/growth-articles/zh/shared-expenses-income-split.md,200,https://worthcalc.win/zh/guides/shared-expenses-income-split/,0,true,"index,follow",,https://worthcalc.win/zh/guides/shared-expenses-income-split/,200,true,2,true,true,6,3,共同生活費按收入比例怎麼分？完整算法與案例｜WorthCalc,共同生活費怎麼按收入比例分？先定義共同支出，再算可驗證的分攤公式,2519,13fbf27155e758d0912f7e911ac46e588e17f821e6c2b9f232e931f0afa0a2d4
https://worthcalc.win/zh/guides/side-hustle-equipment-billable-utilization-break-even/,zh,guide,src/content/growth-articles/zh/side-hustle-equipment-billable-utilization-break-even.md,200,https://worthcalc.win/zh/guides/side-hustle-equipment-billable-utilization-break-even/,0,true,"index,follow",,https://worthcalc.win/zh/guides/side-hustle-equipment-billable-utilization-break-even/,200,true,2,true,true,3,3,副業設備多久回本？Billable Utilization 回本法｜WorthCalc,副業設備多久回本？不要用營收除設備費，要用「可計費利用率」算真正 Payback,2632,50bfd57a3754694210c2284868373595a43b5f78bea42e7ab2d104ee46188338
https://worthcalc.win/zh/guides/signing-bonus-vs-higher-base-clawback-break-even/,zh,guide,src/content/growth-articles/zh/signing-bonus-vs-higher-base-clawback-break-even.md,200,https://worthcalc.win/zh/guides/signing-bonus-vs-higher-base-clawback-break-even/,0,true,"index,follow",,https://worthcalc.win/zh/guides/signing-bonus-vs-higher-base-clawback-break-even/,200,true,2,true,true,3,3,簽約獎金 vs 高底薪：Clawback 調整回本試算｜WorthCalc,簽約獎金 vs 更高底薪怎麼比？把留任期與 Clawback 返還條款放進 Break-Even,2607,00818dd8e0c3b9e29c3d2c0f78caa33aac827b1935e94208cee3cbf5c26d852e
https://worthcalc.win/zh/guides/single-income-household-stress-test/,zh,guide,src/content/growth-articles/zh/single-income-household-stress-test.md,200,https://worthcalc.win/zh/guides/single-income-household-stress-test/,0,true,"index,follow",,https://worthcalc.win/zh/guides/single-income-household-stress-test/,200,true,2,true,true,4,3,單薪家庭收入中斷壓力測試：現金跑道、必要支出與削減順序｜WorthCalc,單薪家庭收入中斷怎麼測？從必要支出算現金跑道與削減順序,2555,cf0406d1fa87428a4cc01ed9b2387d52b3bcb9b0d3eddd64809f57a88e54cdbb
https://worthcalc.win/zh/guides/sinking-fund-by-deadline/,zh,guide,src/content/growth-articles/zh/sinking-fund-by-deadline.md,200,https://worthcalc.win/zh/guides/sinking-fund-by-deadline/,0,true,"index,follow",,https://worthcalc.win/zh/guides/sinking-fund-by-deadline/,200,true,3,true,true,7,3,Sinking Fund 每月要存多少？期限反推完整算法｜WorthCalc,目標基金每月要存多少？用期限反推 Sinking Fund，而不是臨到期才刷卡,2582,070a996a26699f99e05a65cf16474dc3133eeeff3ac48aaf951ad4cc3cfb3dae
https://worthcalc.win/zh/guides/slow-cooker-cost-per-cooking-hour-used/,zh,guide,src/content/growth-articles/zh/slow-cooker-cost-per-cooking-hour-used.md,200,https://worthcalc.win/zh/guides/slow-cooker-cost-per-cooking-hour-used/,0,true,"index,follow",,https://worthcalc.win/zh/guides/slow-cooker-cost-per-cooking-hour-used/,200,true,6,true,true,10,3,慢燉鍋每烹調小時成本 | WorthCalc,慢燉鍋每烹調小時成本,675,40c1778be68fc14fc839fd89398f44614d94c5326c46442920a4edde74851e4e
https://worthcalc.win/zh/guides/smart-speaker-electricity-cost-per-listening-hour-used/,zh,guide,src/content/growth-articles/zh/smart-speaker-electricity-cost-per-listening-hour-used.md,200,https://worthcalc.win/zh/guides/smart-speaker-electricity-cost-per-listening-hour-used/,0,true,"index,follow",,https://worthcalc.win/zh/guides/smart-speaker-electricity-cost-per-listening-hour-used/,200,true,6,true,true,10,3,智慧喇叭每聆聽小時電費：分開播放與待機 | WorthCalc,智慧喇叭每聆聽小時電費：分開播放與待機,863,1dae309956431ebf3555eff70db1f4fc4a92cdf3c74042dd09a1b654e6d84d27
https://worthcalc.win/zh/guides/software-add-on-cost-per-active-seat/,zh,guide,src/content/growth-articles/zh/software-add-on-cost-per-active-seat.md,200,https://worthcalc.win/zh/guides/software-add-on-cost-per-active-seat/,0,true,"index,follow",,https://worthcalc.win/zh/guides/software-add-on-cost-per-active-seat/,200,true,6,true,true,6,3,軟體加購功能每個活躍席次成本：分清取得權限與真正採用 | WorthCalc,軟體加購功能每個活躍席次成本：分清取得權限與真正採用,693,30ef70aca5ca207fa01f37ccb230d75d4c80a8d8a671680331e8d1cf0b8538a8
https://worthcalc.win/zh/guides/software-seat-cost-per-active-user/,zh,guide,src/content/growth-articles/zh/software-seat-cost-per-active-user.md,200,https://worthcalc.win/zh/guides/software-seat-cost-per-active-user/,0,true,"index,follow",,https://worthcalc.win/zh/guides/software-seat-cost-per-active-user/,200,true,6,true,true,6,3,軟體每位活躍使用者成本：找出沒用到的席次 | WorthCalc,軟體每位活躍使用者成本：找出沒用到的席次,730,93466ee9e5ed717e64de283ff0d7a355f31629e977d5d05ff586ab8b7273c915
https://worthcalc.win/zh/guides/solar-inverter-electricity-cost-per-monitoring-day-used/,zh,guide,src/content/growth-articles/zh/solar-inverter-electricity-cost-per-monitoring-day-used.md,200,https://worthcalc.win/zh/guides/solar-inverter-electricity-cost-per-monitoring-day-used/,0,true,"index,follow",,https://worthcalc.win/zh/guides/solar-inverter-electricity-cost-per-monitoring-day-used/,200,true,6,true,true,7,3,太陽能逆變器每天監控電費：分開待機、轉換與通訊耗電 | WorthCalc,太陽能逆變器每天監控電費：分開待機、轉換與通訊耗電,793,3179b5a815b9961db808565411967672d76dbd20d2881d9c06054fbbbc513ad3
https://worthcalc.win/zh/guides/soldering-iron-electricity-cost-per-repair-hour-used/,zh,guide,src/content/growth-articles/zh/soldering-iron-electricity-cost-per-repair-hour-used.md,200,https://worthcalc.win/zh/guides/soldering-iron-electricity-cost-per-repair-hour-used/,0,true,"index,follow",,https://worthcalc.win/zh/guides/soldering-iron-electricity-cost-per-repair-hour-used/,200,true,6,true,true,11,3,電烙鐵每維修小時電費：把預熱與休眠分開 | WorthCalc,電烙鐵每維修小時電費：把預熱與休眠分開,860,97494edd9a027d4546f24e94cadb0321183bf342b40959999e365454534f1595
https://worthcalc.win/zh/guides/soundbar-electricity-cost-per-watched-hour-used/,zh,guide,src/content/growth-articles/zh/soundbar-electricity-cost-per-watched-hour-used.md,200,https://worthcalc.win/zh/guides/soundbar-electricity-cost-per-watched-hour-used/,0,true,"index,follow",,https://worthcalc.win/zh/guides/soundbar-electricity-cost-per-watched-hour-used/,200,true,6,true,true,10,3,Soundbar 每觀看小時電費：分開播放與待機 | WorthCalc,Soundbar 每觀看小時電費：分開播放與待機,1014,eeeb146ce23f11872d226e373a2e247ca68f355775cfdfe251b5faea3f0d2332
https://worthcalc.win/zh/guides/stand-mixer-cost-per-mixing-session-used/,zh,guide,src/content/growth-articles/zh/stand-mixer-cost-per-mixing-session-used.md,200,https://worthcalc.win/zh/guides/stand-mixer-cost-per-mixing-session-used/,0,true,"index,follow",,https://worthcalc.win/zh/guides/stand-mixer-cost-per-mixing-session-used/,200,true,6,true,true,10,3,桌上型攪拌機每次攪拌成本：計入馬達時間與配件 | WorthCalc,桌上型攪拌機每次攪拌成本：計入馬達時間與配件,529,4f7f110bbb6e00c4159ff5801b0d0f9d6e50fbcda0dfccdbc7c704fb67266ae7
https://worthcalc.win/zh/guides/standby-power-cost-per-day-used/,zh,guide,src/content/growth-articles/zh/standby-power-cost-per-day-used.md,200,https://worthcalc.win/zh/guides/standby-power-cost-per-day-used/,0,true,"index,follow",,https://worthcalc.win/zh/guides/standby-power-cost-per-day-used/,200,true,6,true,true,14,3,待機電力每天成本：量測插座負載與它維持的服務 | WorthCalc,待機電力每天成本：量測插座負載與它維持的服務,609,57a5be10f77437d4669484c8e7498309fce2c53f7a7bb76ca0b4c12af1fd0818
https://worthcalc.win/zh/guides/step-rate-loan-total-cost/,zh,guide,src/content/growth-articles/zh/step-rate-loan-total-cost.md,200,https://worthcalc.win/zh/guides/step-rate-loan-total-cost/,0,true,"index,follow",,https://worthcalc.win/zh/guides/step-rate-loan-total-cost/,200,true,2,true,true,4,3,前低後高貸款怎麼算？分段利率與總成本完整試算｜WorthCalc,前低後高的優惠貸款怎麼比？不要只看第一段利率，先畫完整付款路徑,2356,273864bd215dde32ebf01799e3bad80ebc45e81b3fc512d4538901ad02fe9d97
https://worthcalc.win/zh/guides/streaming-cost-per-watched-hour/,zh,guide,src/content/growth-articles/zh/streaming-cost-per-watched-hour.md,200,https://worthcalc.win/zh/guides/streaming-cost-per-watched-hour/,0,true,"index,follow",,https://worthcalc.win/zh/guides/streaming-cost-per-watched-hour/,200,true,6,true,true,7,3,串流訂閱每小時觀看成本：廣告、加購與自動續訂都要算 | WorthCalc,串流訂閱每小時觀看成本：廣告、加購與自動續訂都要算,685,f668625ab7812bea7ad89fc83e577f60f08b75361dd46d90d2b76695ae8ea044
https://worthcalc.win/zh/guides/subscription-opportunity-cost/,zh,guide,src/content/growth-articles/zh/subscription-opportunity-cost.md,200,https://worthcalc.win/zh/guides/subscription-opportunity-cost/,0,true,"index,follow",,https://worthcalc.win/zh/guides/subscription-opportunity-cost/,200,true,2,true,true,4,3,訂閱機會成本怎麼算？月費、年費與長期複利情境完整試算,"訂閱的機會成本怎麼算？每月499元，10年不只是59,880元",2433,acf926921005def39851ae1cf4fcb930b7837a31684a3bd63fb739e67b852e65
https://worthcalc.win/zh/guides/subscription-price-increase-annual-impact/,zh,guide,src/content/growth-articles/zh/subscription-price-increase-annual-impact.md,200,https://worthcalc.win/zh/guides/subscription-price-increase-annual-impact/,0,true,"index,follow",,https://worthcalc.win/zh/guides/subscription-price-increase-annual-impact/,200,true,6,true,true,7,3,訂閱漲價一年多付多少？把生效日期與實際使用期算進預算 | WorthCalc,訂閱漲價一年多付多少？把生效日期與實際使用期算進預算,1024,9b5ab169146789a0dffeb397a714e01ff16f6520b42be8f2e1e9eb5fbe7134c1
https://worthcalc.win/zh/guides/television-electricity-cost-per-watched-hour-used/,zh,guide,src/content/growth-articles/zh/television-electricity-cost-per-watched-hour-used.md,200,https://worthcalc.win/zh/guides/television-electricity-cost-per-watched-hour-used/,0,true,"index,follow",,https://worthcalc.win/zh/guides/television-electricity-cost-per-watched-hour-used/,200,true,6,true,true,8,3,電視每觀看一小時用電成本：計入畫面模式與串流設備 | WorthCalc,電視每觀看一小時用電成本：計入畫面模式與串流設備,559,5cfd1ae483e54e1052988b0803396b0e317ad53f88f38f12d404088bb2ea9e10
https://worthcalc.win/zh/guides/terrarium-heat-lamp-electricity-cost-per-heating-hour-used/,zh,guide,src/content/growth-articles/zh/terrarium-heat-lamp-electricity-cost-per-heating-hour-used.md,200,https://worthcalc.win/zh/guides/terrarium-heat-lamp-electricity-cost-per-heating-hour-used/,0,true,"index,follow",,https://worthcalc.win/zh/guides/terrarium-heat-lamp-electricity-cost-per-heating-hour-used/,200,true,6,true,true,11,3,爬蟲箱加熱燈每加熱小時電費：把定時器時間算清楚 | WorthCalc,爬蟲箱加熱燈每加熱小時電費：把定時器時間算清楚,997,45463797a3a05aa68de396de0da2c19986966a1753823bdca2e07cc1c4cd5aa3
https://worthcalc.win/zh/guides/toaster-cost-per-use-used/,zh,guide,src/content/growth-articles/zh/toaster-cost-per-use-used.md,200,https://worthcalc.win/zh/guides/toaster-cost-per-use-used/,0,true,"index,follow",,https://worthcalc.win/zh/guides/toaster-cost-per-use-used/,200,true,6,true,true,10,3,烤麵包機每次使用成本 | WorthCalc,烤麵包機每次使用成本,653,3452e8432dfbdbdbfefc76a2f82c0381f4d420d1fd0e7aad44cddd153fba58ff
https://worthcalc.win/zh/guides/tool-rental-cost-per-project/,zh,guide,src/content/growth-articles/zh/tool-rental-cost-per-project.md,200,https://worthcalc.win/zh/guides/tool-rental-cost-per-project/,0,true,"index,follow",,https://worthcalc.win/zh/guides/tool-rental-cost-per-project/,200,true,6,true,true,6,3,工具租借每個專案成本：把租借天數和購買比較 | WorthCalc,工具租借每個專案成本：把租借天數和購買比較,682,63c22533c356bee4cb9629fb6aceb9d317f5a26ae133e12028b1df6dee16f03f
https://worthcalc.win/zh/guides/trade-in-vs-private-sale-net-proceeds/,zh,guide,src/content/growth-articles/zh/trade-in-vs-private-sale-net-proceeds.md,200,https://worthcalc.win/zh/guides/trade-in-vs-private-sale-net-proceeds/,0,true,"index,follow",,https://worthcalc.win/zh/guides/trade-in-vs-private-sale-net-proceeds/,200,true,3,true,true,5,3,Trade-in vs 自售舊車怎麼比？淨收入完整算法｜WorthCalc,舊車 Trade-in vs 自己賣怎麼選？不要比報價，先比真正淨收入與時間成本,2970,38910f4669ea615b61436b71a0a47526f22ef14f1094ea75596cd4bf9ba9e541
https://worthcalc.win/zh/guides/training-certification-break-even/,zh,guide,src/content/growth-articles/zh/training-certification-break-even.md,200,https://worthcalc.win/zh/guides/training-certification-break-even/,0,true,"index,follow",,https://worthcalc.win/zh/guides/training-certification-break-even/,200,true,3,true,true,5,3,自費證照／課程多久回本？進修 Break-Even 算法｜WorthCalc,自費證照／課程多久回本？不要用「可能加薪」當保證，先算可驗證的回本門檻,2465,f78586628663c8868b8e665bada1754b29b1e14ffe5b945a11383aeef9b434cb
https://worthcalc.win/zh/guides/transit-pass-cost-per-ride-used/,zh,guide,src/content/growth-articles/zh/transit-pass-cost-per-ride-used.md,200,https://worthcalc.win/zh/guides/transit-pass-cost-per-ride-used/,0,true,"index,follow",,https://worthcalc.win/zh/guides/transit-pass-cost-per-ride-used/,200,true,6,true,true,6,3,交通月票每次搭乘成本：把轉乘、跨區與沒通勤的日子算進去 | WorthCalc,交通月票每次搭乘成本：把轉乘、跨區與沒通勤的日子算進去,684,9aa1337d0f3ca026c2004d59ae19f3253c9b93db7aad6696a175e7800adb88a0
https://worthcalc.win/zh/guides/transit-pass-vs-pay-as-you-go-usage-break-even/,zh,guide,src/content/growth-articles/zh/transit-pass-vs-pay-as-you-go-usage-break-even.md,200,https://worthcalc.win/zh/guides/transit-pass-vs-pay-as-you-go-usage-break-even/,0,true,"index,follow",,https://worthcalc.win/zh/guides/transit-pass-vs-pay-as-you-go-usage-break-even/,200,true,2,true,true,3,3,通勤月票 vs 單次付費：實際使用天數回本｜WorthCalc,通勤月票 vs 單次付費怎麼選？用「實際通勤天數」而不是每天都上班的假設算回本,2517,1e0530d78b2c9d82dfcf886b6955833b8cba76bc66cf5307e021f229195ab81e
https://worthcalc.win/zh/guides/true-cost-of-buy-now-pay-later/,zh,guide,src/content/growth-articles/zh/true-cost-of-buy-now-pay-later.md,200,https://worthcalc.win/zh/guides/true-cost-of-buy-now-pay-later/,0,true,"index,follow",,https://worthcalc.win/zh/guides/true-cost-of-buy-now-pay-later/,200,true,6,true,true,6,3,先買後付的真實成本：把費用、扣款時間與付款風險算進去 | WorthCalc,先買後付的真實成本：把費用、扣款時間與付款風險算進去,800,cbf87c560d1e40581ef56c046ef49570f13994f6d0ec4b580251addd8e3e2bac
https://worthcalc.win/zh/guides/true-cost-of-convenience-delivery/,zh,guide,src/content/growth-articles/zh/true-cost-of-convenience-delivery.md,200,https://worthcalc.win/zh/guides/true-cost-of-convenience-delivery/,0,true,"index,follow",,https://worthcalc.win/zh/guides/true-cost-of-convenience-delivery/,200,true,6,true,true,13,3,便利配送的真實成本怎麼算？把服務費、小費與時間放進去 | WorthCalc,便利配送的真實成本怎麼算？把服務費、小費與時間放進去,887,9a9b42802df07d2c37ec68782da231e821983684cd43c8ea17b999c165be50b1
https://worthcalc.win/zh/guides/true-cost-of-extended-warranty/,zh,guide,src/content/growth-articles/zh/true-cost-of-extended-warranty.md,200,https://worthcalc.win/zh/guides/true-cost-of-extended-warranty/,0,true,"index,follow",,https://worthcalc.win/zh/guides/true-cost-of-extended-warranty/,200,true,6,true,true,6,3,延長保固的真實成本：和維修預備金比較保障範圍 | WorthCalc,延長保固的真實成本：和維修預備金比較保障範圍,806,af2ebdd6154c1e7bb6bc9e1bf9fdd1da0b52e088ae74789e3943a2bbb0492b00
https://worthcalc.win/zh/guides/true-cost-of-free-shipping-threshold/,zh,guide,src/content/growth-articles/zh/true-cost-of-free-shipping-threshold.md,200,https://worthcalc.win/zh/guides/true-cost-of-free-shipping-threshold/,0,true,"index,follow",,https://worthcalc.win/zh/guides/true-cost-of-free-shipping-threshold/,200,true,6,true,true,7,3,免運門檻的真實成本：湊單後是否反而多花錢？ | WorthCalc,免運門檻的真實成本：湊單後是否反而多花錢？,801,4fe3167023b8fea4d240e59d958a8a361f8495f1aa712a5d5db8f6d584b77399
https://worthcalc.win/zh/guides/true-cost-of-home-service-plan/,zh,guide,src/content/growth-articles/zh/true-cost-of-home-service-plan.md,200,https://worthcalc.win/zh/guides/true-cost-of-home-service-plan/,0,true,"index,follow",,https://worthcalc.win/zh/guides/true-cost-of-home-service-plan/,200,true,6,true,true,7,3,居家服務方案的真實成本：只為真正會用到的保障付費 | WorthCalc,居家服務方案的真實成本：只為真正會用到的保障付費,806,3c7361c1970298e22c63a532aba2940467d1a424f14f67afe014bfd165a94736
https://worthcalc.win/zh/guides/true-cost-of-rental-car/,zh,guide,src/content/growth-articles/zh/true-cost-of-rental-car.md,200,https://worthcalc.win/zh/guides/true-cost-of-rental-car/,0,true,"index,follow",,https://worthcalc.win/zh/guides/true-cost-of-rental-car/,200,true,6,true,true,6,3,租車的真實成本怎麼算？加入油錢、保險、押金與時間 | WorthCalc,租車的真實成本怎麼算？加入油錢、保險、押金與時間,790,9d44d74b028926279e13b9216821ee9b8cb0c972101a3cdb02874ee294c02343
https://worthcalc.win/zh/guides/true-cost-of-upgrade-feature/,zh,guide,src/content/growth-articles/zh/true-cost-of-upgrade-feature.md,200,https://worthcalc.win/zh/guides/true-cost-of-upgrade-feature/,0,true,"index,follow",,https://worthcalc.win/zh/guides/true-cost-of-upgrade-feature/,200,true,6,true,true,6,3,付費功能升級的真實成本：算增量價值，不要只看功能清單 | WorthCalc,付費功能升級的真實成本：算增量價值，不要只看功能清單,792,16973b5270fbe37c11c079809ce9e6bea187cd465c2c435fd23f9d6a3a29c163
https://worthcalc.win/zh/guides/unused-membership-capacity-cost/,zh,guide,src/content/growth-articles/zh/unused-membership-capacity-cost.md,200,https://worthcalc.win/zh/guides/unused-membership-capacity-cost/,0,true,"index,follow",,https://worthcalc.win/zh/guides/unused-membership-capacity-cost/,200,true,6,true,true,11,3,會員額度用不完怎麼算？找出未使用福利的實際成本 | WorthCalc,會員額度用不完怎麼算？找出未使用福利的實際成本,736,f4ec8b7300e2a349f019da843a9a58010c002ee8856eef04f47eff6e3e9ee514
https://worthcalc.win/zh/guides/usb-charging-hub-electricity-cost-per-charging-session-used/,zh,guide,src/content/growth-articles/zh/usb-charging-hub-electricity-cost-per-charging-session-used.md,200,https://worthcalc.win/zh/guides/usb-charging-hub-electricity-cost-per-charging-session-used/,0,true,"index,follow",,https://worthcalc.win/zh/guides/usb-charging-hub-electricity-cost-per-charging-session-used/,200,true,6,true,true,11,3,USB 充電集線器每次充電工作電費：一起量測多台設備 | WorthCalc,USB 充電集線器每次充電工作電費：一起量測多台設備,764,e78ab36326238f5749e15381fed6f442ffa4128b2fc9bb5cfe0bfbb3a3b295c6
https://worthcalc.win/zh/guides/vacuum-cleaner-electricity-cost-per-cleaning-hour-used/,zh,guide,src/content/growth-articles/zh/vacuum-cleaner-electricity-cost-per-cleaning-hour-used.md,200,https://worthcalc.win/zh/guides/vacuum-cleaner-electricity-cost-per-cleaning-hour-used/,0,true,"index,follow",,https://worthcalc.win/zh/guides/vacuum-cleaner-electricity-cost-per-cleaning-hour-used/,200,true,6,true,true,9,3,吸塵器每清潔一小時用電成本：量測真正工作時段 | WorthCalc,吸塵器每清潔一小時用電成本：量測真正工作時段,574,3f2d3931ec686be6e86d39a11c16906aefff6e69515c1273d47485d72669e4f8
https://worthcalc.win/zh/guides/variable-bonus-income-fixed-obligations/,zh,guide,src/content/growth-articles/zh/variable-bonus-income-fixed-obligations.md,200,https://worthcalc.win/zh/guides/variable-bonus-income-fixed-obligations/,0,true,"index,follow",,https://worthcalc.win/zh/guides/variable-bonus-income-fixed-obligations/,200,true,2,true,true,5,3,獎金制收入預算：用收入底線抓固定支出與獎金平滑帳戶｜WorthCalc,獎金制收入怎麼抓固定支出？不要用最好月份養固定成本,2518,0cf9631dc59e5af2e8cd83853f6cd926c5ca3526151f17202f973d9cf1c2306c
https://worthcalc.win/zh/guides/waffle-maker-cost-per-cooking-cycle-used/,zh,guide,src/content/growth-articles/zh/waffle-maker-cost-per-cooking-cycle-used.md,200,https://worthcalc.win/zh/guides/waffle-maker-cost-per-cooking-cycle-used/,0,true,"index,follow",,https://worthcalc.win/zh/guides/waffle-maker-cost-per-cooking-cycle-used/,200,true,6,true,true,10,3,鬆餅機每次烹調循環成本：計入預熱與重複烘烤 | WorthCalc,鬆餅機每次烹調循環成本：計入預熱與重複烘烤,521,9596c782d8b3e231147a0190725b9588ec7091e8644d31dc840da50c43462daa
https://worthcalc.win/zh/guides/water-bill-cost-per-gallon-used/,zh,guide,src/content/growth-articles/zh/water-bill-cost-per-gallon-used.md,200,https://worthcalc.win/zh/guides/water-bill-cost-per-gallon-used/,0,true,"index,follow",,https://worthcalc.win/zh/guides/water-bill-cost-per-gallon-used/,200,true,6,true,true,9,3,每使用一加侖的水費成本：污水費與固定費不能漏 | WorthCalc,每使用一加侖的水費成本：污水費與固定費不能漏,735,73707af7e4f8823615fa77c019ec2481a9f6c643973ab2795bfd1a67390e25d0
https://worthcalc.win/zh/guides/water-cooler-electricity-cost-per-cooling-day-used/,zh,guide,src/content/growth-articles/zh/water-cooler-electricity-cost-per-cooling-day-used.md,200,https://worthcalc.win/zh/guides/water-cooler-electricity-cost-per-cooling-day-used/,0,true,"index,follow",,https://worthcalc.win/zh/guides/water-cooler-electricity-cost-per-cooling-day-used/,200,true,6,true,true,11,3,飲水機每冷卻日電費：分開冷水與熱水模式 | WorthCalc,飲水機每冷卻日電費：分開冷水與熱水模式,744,a1a2cac8f96c087252f392bf6b41c798986912cbfe391f72faca20476d3f45a2
https://worthcalc.win/zh/guides/water-heater-cost-per-gallon-heated/,zh,guide,src/content/growth-articles/zh/water-heater-cost-per-gallon-heated.md,200,https://worthcalc.win/zh/guides/water-heater-cost-per-gallon-heated/,0,true,"index,follow",,https://worthcalc.win/zh/guides/water-heater-cost-per-gallon-heated/,200,true,6,true,true,9,3,熱水器每加熱一加侖成本：分開熱水供應與待機成本 | WorthCalc,熱水器每加熱一加侖成本：分開熱水供應與待機成本,527,6cf583d9ede3ad6e5d7b3ba761bb1854b9884c9ae405a75babdcc424ad591982
https://worthcalc.win/zh/guides/webcam-electricity-cost-per-meeting-hour-used/,zh,guide,src/content/growth-articles/zh/webcam-electricity-cost-per-meeting-hour-used.md,200,https://worthcalc.win/zh/guides/webcam-electricity-cost-per-meeting-hour-used/,0,true,"index,follow",,https://worthcalc.win/zh/guides/webcam-electricity-cost-per-meeting-hour-used/,200,true,6,true,true,11,3,網路攝影機每次會議小時電費：分開鏡頭與補光模式 | WorthCalc,網路攝影機每次會議小時電費：分開鏡頭與補光模式,813,21eb0f61905bb94a571a3370db7b1c503f502674a5b9d9ef676b4326378eb7cd
https://worthcalc.win/zh/guides/windfall-debt-vs-cash-allocation/,zh,guide,src/content/growth-articles/zh/windfall-debt-vs-cash-allocation.md,200,https://worthcalc.win/zh/guides/windfall-debt-vs-cash-allocation/,0,true,"index,follow",,https://worthcalc.win/zh/guides/windfall-debt-vs-cash-allocation/,200,true,3,true,true,5,3,年終獎金先還債還是存錢？大筆收入分配算法｜WorthCalc,年終獎金先還債還是留現金？用利率、缺口與再借款風險分配大筆收入,2415,0aa13b28845a6b884f1ba836edba7761d52395b56917fbcfe0f5bfe1a2f0cf77
https://worthcalc.win/zh/guides/work-equipment-reimbursement-break-even/,zh,guide,src/content/growth-articles/zh/work-equipment-reimbursement-break-even.md,200,https://worthcalc.win/zh/guides/work-equipment-reimbursement-break-even/,0,true,"index,follow",,https://worthcalc.win/zh/guides/work-equipment-reimbursement-break-even/,200,true,2,true,true,3,3,工作設備自費 vs 公司補助怎麼算？淨成本與回本｜WorthCalc,工作設備要自己買嗎？公司補助、報銷等待期、殘值與自付成本完整算法,2395,819b387270e1f7f321d9e814f5d5124ba3c4d635c15f4f9e6b139dd9f7f3896b
https://worthcalc.win/zh/gym-membership-cost-per-visit/,zh,editorial,,200,https://worthcalc.win/zh/gym-membership-cost-per-visit/,0,true,"index, follow, max-image-preview:large",,https://worthcalc.win/zh/gym-membership-cost-per-visit/,200,true,5,true,true,8,3,健身房會員每次成本怎麼算？一個月要去幾次才划算 | WorthCalc,健身房會員每次成本怎麼算？一個月要去幾次才划算,1691,f388bdc197ad34f801d0408947cfab5bb879e0883b312d1a3f408d0d9922cffc
https://worthcalc.win/zh/home-vs-public-ev-charging-cost/,zh,editorial,,200,https://worthcalc.win/zh/home-vs-public-ev-charging-cost/,0,true,"index, follow, max-image-preview:large",,https://worthcalc.win/zh/home-vs-public-ev-charging-cost/,200,true,5,true,true,7,3,家用充電和公共快充差多少？電動車每公里成本怎麼算 | WorthCalc,家用充電和公共快充差多少？電動車每公里成本怎麼算,2365,97dc1afccad5ea61c4f10cb591376611dd141ece41068d91990d437b50edd482
https://worthcalc.win/zh/hourly-vs-annual-salary/,zh,editorial,,200,https://worthcalc.win/zh/hourly-vs-annual-salary/,0,true,"index, follow, max-image-preview:large",,https://worthcalc.win/zh/hourly-vs-annual-salary/,200,true,5,true,true,8,3,時薪換算年薪怎麼算才公平？加班費倍率與基本工資要先搞懂 | WorthCalc,時薪換算年薪怎麼算才公平？加班費倍率與基本工資要先搞懂,1880,346903ee9a489f626043f2eb4c54e314cd474c389cfb980af5923dd00c1aac76
https://worthcalc.win/zh/how-compound-growth-works/,zh,editorial,,200,https://worthcalc.win/zh/how-compound-growth-works/,0,true,"index, follow, max-image-preview:large",,https://worthcalc.win/zh/how-compound-growth-works/,200,true,5,true,true,9,3,複利怎麼算？定存利率追不上通膨時，錢放哪裡才有感 | WorthCalc,複利怎麼算？定存利率追不上通膨時，錢放哪裡才有感,2031,9af19495f82a3eb52405d968584be08371dea92896cadcf646f211258737ad1a
https://worthcalc.win/zh/how-much-home-can-you-afford/,zh,editorial,,200,https://worthcalc.win/zh/how-much-home-can-you-afford/,0,true,"index, follow, max-image-preview:large",,https://worthcalc.win/zh/how-much-home-can-you-afford/,200,true,5,true,true,8,3,購屋能力怎麼算？房貸成數、房屋稅與地價稅都要算進去 | WorthCalc,購屋能力怎麼算？房貸成數、房屋稅與地價稅都要算進去,2284,293d12c39b7c9e4ea51ccef971d469c04ed5c0309273dd442c7b2855d486c6ac
https://worthcalc.win/zh/how-to-calculate-dti/,zh,editorial,,200,https://worthcalc.win/zh/how-to-calculate-dti/,0,true,"index, follow, max-image-preview:large",,https://worthcalc.win/zh/how-to-calculate-dti/,200,true,5,true,true,8,3,負債比怎麼算？DBR22倍跟房貸月付比是兩件事 | WorthCalc,負債比怎麼算？DBR22倍跟房貸月付比是兩件事,2347,8ee689de067b7461e6c37bee683eae2bf67693a78ec4b2a84a45fabf97c1feb2
https://worthcalc.win/zh/how-to-calculate-net-worth/,zh,editorial,,200,https://worthcalc.win/zh/how-to-calculate-net-worth/,0,true,"index,follow",,https://worthcalc.win/zh/how-to-calculate-net-worth/,200,true,2,true,true,7,3,淨資產怎麼算？資產負債完整清單與計算範例｜WorthCalc,淨資產怎麼算？資產、負債與「看起來有錢」的差別,2333,08756ebcd0ad005ef2758bd33f0e5b791718b3ec9a32dfd33ad55e9938cc1a26
https://worthcalc.win/zh/how-to-calculate-savings-rate/,zh,editorial,,200,https://worthcalc.win/zh/how-to-calculate-savings-rate/,0,true,"index,follow",,https://worthcalc.win/zh/how-to-calculate-savings-rate/,200,true,2,true,true,11,3,儲蓄率怎麼算？稅前／稅後與房貸本金完整說明｜WorthCalc,儲蓄率怎麼算？用稅前收入還是稅後收入，還本金算不算？,2046,58e96e888d34b6a3eb1561beb6439db18a17f887caad84e0fb1d84e87e92f833
https://worthcalc.win/zh/,zh,home,src/pages/zh/index.astro,200,https://worthcalc.win/zh/,0,true,"index, follow, max-image-preview:large",,https://worthcalc.win/zh/,200,true,6,true,true,992,1,算得出來的金錢決策：公式透明的計算機 | WorthCalc,算得出來的金錢決策：公式透明、假設可調,2077,c897f6d5c9d97b97af12b24fc27dbe070cb0aa3fbefac6cacb5a34b27d6ad49a
https://worthcalc.win/zh/installment-apr-table/,zh,editorial,src/pages/zh/installment-apr-table.astro,200,https://worthcalc.win/zh/installment-apr-table/,0,true,"index, follow, max-image-preview:large",,https://worthcalc.win/zh/installment-apr-table/,200,true,3,true,true,4,3,分期手續費換算年利率對照表：3% 手續費不是 3% 利率 | WorthCalc,分期手續費換算年利率對照表：3% 手續費不是 3% 利率,1337,1e06c181ee0aa2abdb494fd0ed0ff596adb1d571edcd94552a21db57834ade56
https://worthcalc.win/zh/is-an-extended-warranty-worth-it/,zh,editorial,,200,https://worthcalc.win/zh/is-an-extended-warranty-worth-it/,0,true,"index, follow, max-image-preview:large",,https://worthcalc.win/zh/is-an-extended-warranty-worth-it/,200,true,5,true,true,7,3,延長保固值得買嗎？比較價格、故障機率與維修費 | WorthCalc,延長保固值得買嗎？比較價格、故障機率與維修費,1564,0271a016768aa6092383c49ceb590c51bf48da59b7b0c51ebc3c1b34abef4c43
https://worthcalc.win/zh/is-costco-executive-membership-worth-it/,zh,editorial,,200,https://worthcalc.win/zh/is-costco-executive-membership-worth-it/,0,true,"index, follow, max-image-preview:large",,https://worthcalc.win/zh/is-costco-executive-membership-worth-it/,200,true,6,true,true,7,3,好市多黑鑽卡值得升級嗎？2026 回本門檻與 2% 排除項目 | WorthCalc,好市多黑鑽卡值得升級嗎？2026 回本門檻與 2% 排除項目,1127,3c450b05b7b808d433854bd54ee79d66534f3ee38bbbf3a0e0d698d8dbf19742
https://worthcalc.win/zh/liquid-net-worth-explained/,zh,editorial,,200,https://worthcalc.win/zh/liquid-net-worth-explained/,0,true,"index,follow",,https://worthcalc.win/zh/liquid-net-worth-explained/,200,true,2,true,true,7,3,流動淨資產是什麼？和淨資產差在哪｜WorthCalc,流動淨資產是什麼？為什麼總淨資產很高，仍可能缺現金,2007,f984c1ff67cc6f8dc497d42bb440a05ddc46e3d6e26435a888bbbcbd4ad22a80
https://worthcalc.win/zh/loan-term-vs-total-interest/,zh,editorial,,200,https://worthcalc.win/zh/loan-term-vs-total-interest/,0,true,"index,follow",,https://worthcalc.win/zh/loan-term-vs-total-interest/,200,true,2,true,true,8,3,貸款期數 vs 月付與總利息：36／60／84 期怎麼看｜WorthCalc,貸款期數越長越輕鬆？月付變低，總利息為什麼可能更高,1984,61a58de12ff15db1914cdfcefbd8e7894d7ae13e7d20a183e5b1a473baaf6c0b
https://worthcalc.win/zh/meal-prep-vs-takeout-cost/,zh,editorial,,200,https://worthcalc.win/zh/meal-prep-vs-takeout-cost/,0,true,"index, follow, max-image-preview:large",,https://worthcalc.win/zh/meal-prep-vs-takeout-cost/,200,true,5,true,true,6,3,自煮備餐還是外食？食材、時間、耗損與外送費計算器 | WorthCalc,自煮備餐還是外食？食材、時間、耗損與外送費計算器,1221,4dbc2512aa3bafa035742fcba2bd63397e3a0d8f3fe4a9c37787cad3a6ecb9ff
https://worthcalc.win/zh/monthly-vs-annual-subscription/,zh,editorial,,200,https://worthcalc.win/zh/monthly-vs-annual-subscription/,0,true,"index, follow, max-image-preview:large",,https://worthcalc.win/zh/monthly-vs-annual-subscription/,200,true,6,true,true,7,3,訂閱月繳還是年繳？用使用月數與取消風險算出答案 | WorthCalc,訂閱月繳還是年繳？用使用月數與取消風險算出答案,1831,7e9453f48731a500fcc80e4e045835f233378cbfacba1193e9fc91bb9782c111
https://worthcalc.win/zh/new-vs-used-car-total-cost/,zh,editorial,,200,https://worthcalc.win/zh/new-vs-used-car-total-cost/,0,true,"index, follow, max-image-preview:large",,https://worthcalc.win/zh/new-vs-used-car-total-cost/,200,true,6,true,true,8,3,新車還是中古車？折舊、維修、貸款與轉售怎麼比較 | WorthCalc,新車還是中古車？折舊、維修、貸款與轉售怎麼比較,2486,e1b0ba64f82377917f89449c5e0380503e5d0ddac6326e99e5229ddcdbe6751f
https://worthcalc.win/zh/opportunity-cost-everyday/,zh,editorial,src/pages/zh/opportunity-cost-everyday.astro,200,https://worthcalc.win/zh/opportunity-cost-everyday/,0,true,"index, follow, max-image-preview:large",,https://worthcalc.win/zh/opportunity-cost-everyday/,200,true,3,true,true,8,3,什麼是機會成本？五個日常例子講清楚這個最重要的隱形帳 | WorthCalc,什麼是機會成本？五個日常例子講清楚這個最重要的隱形帳,1248,99b6655628089948c4119b6d06e0849637679fc3d8cabc32bdc2c11cd7840d85
https://worthcalc.win/zh/paid-membership-break-even/,zh,editorial,,200,https://worthcalc.win/zh/paid-membership-break-even/,0,true,"index, follow, max-image-preview:large",,https://worthcalc.win/zh/paid-membership-break-even/,200,true,5,true,true,7,3,付費會員要用幾次才回本？會員回本計算方法 | WorthCalc,付費會員要用幾次才回本？會員回本計算方法,1314,af63ca704c3d2dae31658bab426ce0453e459292410523fd2ced1446514fef14
https://worthcalc.win/zh/pay-raise-vs-inflation-purchasing-power/,zh,editorial,,200,https://worthcalc.win/zh/pay-raise-vs-inflation-purchasing-power/,0,true,"index, follow, max-image-preview:large",,https://worthcalc.win/zh/pay-raise-vs-inflation-purchasing-power/,200,true,5,true,true,8,2,加薪有追上通膨嗎？計算實質購買力變化 | WorthCalc,加薪有追上通膨嗎？計算實質購買力變化,1110,028e851a416491b7984b2a9649d505919f3d540a93183d9d363911034e515163
https://worthcalc.win/zh/price-in-work-hours/,zh,editorial,src/pages/zh/price-in-work-hours.astro,200,https://worthcalc.win/zh/price-in-work-hours/,0,true,"index, follow, max-image-preview:large",,https://worthcalc.win/zh/price-in-work-hours/,200,true,3,true,true,5,3,這個東西值幾小時的你？工時定價法與真實時薪的算法 | WorthCalc,這個東西值幾小時的你？工時定價法與真實時薪的算法,1242,22049b2e22b9b2198abaf3319fb69f1d65e39b262f2066173575b8050e7627fd
https://worthcalc.win/zh/price-per-wear-clothing-shoes/,zh,editorial,,200,https://worthcalc.win/zh/price-per-wear-clothing-shoes/,0,true,"index, follow, max-image-preview:large",,https://worthcalc.win/zh/price-per-wear-clothing-shoes/,200,true,5,true,true,7,3,每次穿著成本怎麼算？用真實次數比較衣服和鞋子 | WorthCalc,每次穿著成本怎麼算？用真實次數比較衣服和鞋子,1045,6263498284fa245a64b7fe22c7a5630c481a3f2eb2bbee9d04a031f5809f5a16
https://worthcalc.win/zh/privacy/,zh,legal,src/pages/zh/privacy.astro,200,https://worthcalc.win/zh/privacy/,0,true,"index, follow, max-image-preview:large",,https://worthcalc.win/zh/privacy/,200,true,5,true,true,335,2,隱私權政策 | WorthCalc,隱私權政策,1207,37e5e1f3a5fb5473448461390cc4bba02caab45623b77cf50a32b465f5f75e3c
https://worthcalc.win/zh/rent-vs-buy-breakeven-year/,zh,editorial,,200,https://worthcalc.win/zh/rent-vs-buy-breakeven-year/,0,true,"index, follow, max-image-preview:large",,https://worthcalc.win/zh/rent-vs-buy-breakeven-year/,200,true,5,true,true,7,3,買房住幾年才可能比租屋划算？損益年分計算 | WorthCalc,買房住幾年才可能比租屋划算？損益年分計算,2449,bfedd36390565ada61f19eab2447a13f4bc6a23b6fdc24d23756738d100bc346
https://worthcalc.win/zh/rent-vs-buy-guide/,zh,editorial,src/pages/zh/rent-vs-buy-guide.astro,200,https://worthcalc.win/zh/rent-vs-buy-guide/,0,true,"index, follow, max-image-preview:large",,https://worthcalc.win/zh/rent-vs-buy-guide/,200,true,5,true,true,9,2,租屋還是買房？真正會改變答案的關鍵數字 | WorthCalc,租屋還是買房？真正會改變答案的關鍵數字,2390,e1a546417adc37a955a59a156ce5638c5993363dd0af3fa6ea14e072c2cdad99
https://worthcalc.win/zh/repair-or-replace-decision-formula/,zh,editorial,,200,https://worthcalc.win/zh/repair-or-replace-decision-formula/,0,true,"index, follow, max-image-preview:large",,https://worthcalc.win/zh/repair-or-replace-decision-formula/,200,true,5,true,true,7,3,維修還是換新？家電、手機與車輛的實用判斷公式 | WorthCalc,維修還是換新？家電、手機與車輛的實用判斷公式,1592,7ec61e5d4ccb79f6800cadccb98fa741d217063335de62c620fddd2ff7c1aecd
https://worthcalc.win/zh/return-to-office-cost/,zh,editorial,src/pages/zh/return-to-office-cost.astro,200,https://worthcalc.win/zh/return-to-office-cost/,0,true,"index, follow, max-image-preview:large",,https://worthcalc.win/zh/return-to-office-cost/,200,true,3,true,true,4,3,回辦公室上班成本計算器：每週從 N 天改成 M 天，一年現金差多少？ | WorthCalc,回辦公室上班成本計算器：每週從 N 天改成 M 天，一年現金差多少？,1420,137ac4f45deccbacd2ed927372e84090131d1589dd091529cc3d5322eaee2532
https://worthcalc.win/zh/reusable-vs-disposable-break-even/,zh,editorial,,200,https://worthcalc.win/zh/reusable-vs-disposable-break-even/,0,true,"index, follow, max-image-preview:large",,https://worthcalc.win/zh/reusable-vs-disposable-break-even/,200,true,5,true,true,6,3,重複使用或一次性用品：真正回本次數與每次成本 | WorthCalc,重複使用或一次性用品：真正回本次數與每次成本,1094,88f8d5f782c8d463cd9595365524692c6036cc45eb026a6d3c32d26b105ff649
https://worthcalc.win/zh/rule-of-72-explained/,zh,editorial,src/pages/zh/rule-of-72-explained.astro,200,https://worthcalc.win/zh/rule-of-72-explained/,0,true,"index, follow, max-image-preview:large",,https://worthcalc.win/zh/rule-of-72-explained/,200,true,3,true,true,4,3,72 法則：一條心算就能懂複利的捷徑（和它失準的時候） | WorthCalc,72 法則：一條心算就能懂複利的捷徑（和它失準的時候）,1321,7e74c41dac6bceb8938e7237dbde14c22a62445c532b0171e1afdfc02194253c
https://worthcalc.win/zh/simple-vs-compound-interest/,zh,editorial,,200,https://worthcalc.win/zh/simple-vs-compound-interest/,0,true,"index,follow",,https://worthcalc.win/zh/simple-vs-compound-interest/,200,true,2,true,true,5,3,簡單利息 vs 複利完整解釋：公式與借款範例｜WorthCalc,簡單利息 vs 複利差在哪？存款、投資與債務為什麼不能只看年利率,1889,0b4869e1512da1c8e1c870b0ab61d2251ff8931490ebca2ad4c6ea7b26d4e98b
https://worthcalc.win/zh/snowball-vs-avalanche/,zh,editorial,,200,https://worthcalc.win/zh/snowball-vs-avalanche/,0,true,"index, follow, max-image-preview:large",,https://worthcalc.win/zh/snowball-vs-avalanche/,200,true,5,true,true,8,3,卡債、信貸一起還：雪球法還是雪崩法比較快清完？ | WorthCalc,卡債、信貸一起還：雪球法還是雪崩法比較快清完？,1925,99494e2977eaa0ed399b648e6db35fb94a40ff8fe095fc018fc7e0fb7cde6e82
https://worthcalc.win/zh/subscription-creep/,zh,editorial,src/pages/zh/subscription-creep.astro,200,https://worthcalc.win/zh/subscription-creep/,0,true,"index, follow, max-image-preview:large",,https://worthcalc.win/zh/subscription-creep/,200,true,5,true,true,12,3,訂閱通膨：你一年到底花了多少錢？ | WorthCalc,訂閱通膨：你一年到底花了多少錢？,1967,5a5fa07ee6f85e9a402a0a0f1a2c5f03601248dddd748f850c11cbc24bd77ab5
https://worthcalc.win/zh/sunk-cost-fallacy-everyday/,zh,editorial,src/pages/zh/sunk-cost-fallacy-everyday.astro,200,https://worthcalc.win/zh/sunk-cost-fallacy-everyday/,0,true,"index, follow, max-image-preview:large",,https://worthcalc.win/zh/sunk-cost-fallacy-everyday/,200,true,3,true,true,5,3,什麼是沉沒成本謬誤？「都花錢了」如何讓人越虧越多 | WorthCalc,什麼是沉沒成本謬誤？「都花錢了」如何讓人越虧越多,1456,a787a733d51f1ce0f5917572b02ccc828b73d0f7a5f130107ec0a6997f33ec06
https://worthcalc.win/zh/terms/,zh,legal,src/pages/zh/terms.astro,200,https://worthcalc.win/zh/terms/,0,true,"index, follow, max-image-preview:large",,https://worthcalc.win/zh/terms/,200,true,6,true,true,334,2,使用條款 | WorthCalc,使用條款,582,c42188ef5662434b8505470595d5e964001b179f5a3956922bdfb19a4f55443c
https://worthcalc.win/zh/tools/budget-builder/,zh,calculator,src/content/growth-tools/zh/budget-builder.md,200,https://worthcalc.win/zh/tools/budget-builder/,0,true,"index, follow, max-image-preview:large",,https://worthcalc.win/zh/tools/budget-builder/,200,true,5,true,true,43,3,不固定收入月預算建立器 | WorthCalc,不固定收入月預算建立器,1925,f18d77f52b7f3fbddc87f60332b625d6f4272b9f19cd78c22179157f73ef4470
https://worthcalc.win/zh/tools/car-affordability/,zh,calculator,src/content/growth-tools/zh/car-affordability.md,200,https://worthcalc.win/zh/tools/car-affordability/,0,true,"index, follow, max-image-preview:large",,https://worthcalc.win/zh/tools/car-affordability/,200,true,5,true,true,14,3,汽車負擔能力與完整月成本計算機 | WorthCalc,汽車負擔能力與完整月成本計算機,1554,87447c1c1ccf4ddc0cca9d9fbcf0cd1d914b4986f4bdf15ee744eeb782c7b9db
https://worthcalc.win/zh/tools/cashback-breakeven/,zh,calculator,src/pages/zh/tools/cashback-breakeven.astro,200,https://worthcalc.win/zh/tools/cashback-breakeven/,0,true,"index, follow, max-image-preview:large",,https://worthcalc.win/zh/tools/cashback-breakeven/,200,true,5,true,true,17,2,信用卡回饋打平計算機 | WorthCalc,信用卡回饋打平計算機,854,ee873adf4f5aa92306d340da92e3d79fe06f7e7175a584a7ac667bc3676c28da
https://worthcalc.win/zh/tools/commute-cost/,zh,calculator,src/pages/zh/tools/commute-cost.astro,200,https://worthcalc.win/zh/tools/commute-cost/,0,true,"index, follow, max-image-preview:large",,https://worthcalc.win/zh/tools/commute-cost/,200,true,6,true,true,18,2,通勤成本計算機：每公里、每月與全年車馬費 | WorthCalc,通勤成本計算機：每公里、每月與全年車馬費,2901,3718d1af3b47dc9d5693dad91e378f911b43c272989351cd793fdb2cc4ac2017
https://worthcalc.win/zh/tools/compound-growth/,zh,calculator,src/content/growth-tools/zh/compound-growth.md,200,https://worthcalc.win/zh/tools/compound-growth/,0,true,"index, follow, max-image-preview:large",,https://worthcalc.win/zh/tools/compound-growth/,200,true,5,true,true,12,2,複利成長與儲蓄目標計算機 | WorthCalc,複利成長與儲蓄目標計算機,1466,12cfe1b00536d0e09767ff3b14514baa5b12144be36094d6e0ceafa0a63797ee
https://worthcalc.win/zh/tools/cost-per-mile/,zh,calculator,src/pages/zh/tools/cost-per-mile.astro,200,https://worthcalc.win/zh/tools/cost-per-mile/,0,true,"index, follow, max-image-preview:large",,https://worthcalc.win/zh/tools/cost-per-mile/,200,true,3,true,true,6,3,每公里成本計算機：汽車／機車養車總成本 | WorthCalc,每公里成本計算機：汽車／機車養車總成本,2513,7038adb89dcbd0af3134371d90c393b3a6b3b623f9265a3526a9828ad4998680
https://worthcalc.win/zh/tools/costco-membership/,zh,calculator,src/pages/zh/tools/costco-membership.astro,200,https://worthcalc.win/zh/tools/costco-membership/,0,true,"index, follow, max-image-preview:large",,https://worthcalc.win/zh/tools/costco-membership/,200,true,5,true,true,20,2,Costco 會員回本計算機：金星與尊榮哪個划算？ | WorthCalc,Costco 會員回本計算機：金星與尊榮哪個划算？,1405,4bb8c8101529973196feedcedeab1accc3d7d39e5d932b45331955528abe7283
https://worthcalc.win/zh/tools/credit-card-payoff/,zh,calculator,src/content/growth-tools/zh/credit-card-payoff.md,200,https://worthcalc.win/zh/tools/credit-card-payoff/,0,true,"index, follow, max-image-preview:large",,https://worthcalc.win/zh/tools/credit-card-payoff/,200,true,5,true,true,10,3,信用卡循環利息與清償時間計算機 | WorthCalc,信用卡循環利息與清償時間計算機,1400,07103ab13c8bb11f955c7be9f225d8cd928ed500708684e57c835b530954bd8a
https://worthcalc.win/zh/tools/debt-strategy/,zh,calculator,src/content/growth-tools/zh/debt-strategy.md,200,https://worthcalc.win/zh/tools/debt-strategy/,0,true,"index, follow, max-image-preview:large",,https://worthcalc.win/zh/tools/debt-strategy/,200,true,5,true,true,9,3,債務雪球法 vs 雪崩法比較工具 | WorthCalc,債務雪球法 vs 雪崩法比較工具,1346,9492f5fa658311841ee6c7cb03d434a364fe321d99d152f0cd18fe21d01fa6fd
https://worthcalc.win/zh/tools/dti-calculator/,zh,calculator,src/content/growth-tools/zh/dti-calculator.md,200,https://worthcalc.win/zh/tools/dti-calculator/,0,true,"index, follow, max-image-preview:large",,https://worthcalc.win/zh/tools/dti-calculator/,200,true,5,true,true,11,2,負債比 DBR 與房貸收支比計算機 | WorthCalc,負債比 DBR 與房貸收支比計算機,1469,4917c75af36a1ed0f250464cffa85029ace0641666fcfede2c735014ad6025df
https://worthcalc.win/zh/tools/ev-vs-gas/,zh,calculator,src/pages/zh/tools/ev-vs-gas.astro,200,https://worthcalc.win/zh/tools/ev-vs-gas/,0,true,"index, follow, max-image-preview:large",,https://worthcalc.win/zh/tools/ev-vs-gas/,200,true,6,true,true,13,2,電動機車 vs 油車總持有成本計算機 | WorthCalc,電動機車 vs 油車總持有成本計算機,948,d7afc232c4a777a66a2c33325ffe647c29c26f267a682ec564c44e3316268f92
https://worthcalc.win/zh/tools/home-affordability/,zh,calculator,src/content/growth-tools/zh/home-affordability.md,200,https://worthcalc.win/zh/tools/home-affordability/,0,true,"index, follow, max-image-preview:large",,https://worthcalc.win/zh/tools/home-affordability/,200,true,5,true,true,9,2,房屋負擔能力與完整持有成本計算機 | WorthCalc,房屋負擔能力與完整持有成本計算機,1488,07eb04c2484fbb0bd7c9c8468bdbb7cc94310fbf44e2f648947d49aaf1102bf6
https://worthcalc.win/zh/tools/,zh,tools-directory,src/pages/[locale]/tools/index.astro,200,https://worthcalc.win/zh/tools/,0,true,"index, follow, max-image-preview:large",,https://worthcalc.win/zh/tools/,200,true,6,true,true,997,2,全部計算機 | WorthCalc,全部計算機,1312,ae5e893d783e1cfc028347ea32140aac4fba29c0dab618b85997ea12fb6b393a
https://worthcalc.win/zh/tools/installment-true-apr/,zh,calculator,src/pages/zh/tools/installment-true-apr.astro,200,https://worthcalc.win/zh/tools/installment-true-apr/,0,true,"index, follow, max-image-preview:large",,https://worthcalc.win/zh/tools/installment-true-apr/,200,true,6,true,true,24,2,分期付款真實 APR 計算機 | WorthCalc,分期付款真實 APR 計算機,1329,f6447b1c2776c80b899d04e80b0db49d110424f5524e90d15b27bf83c6aa181b
https://worthcalc.win/zh/tools/latte-factor/,zh,calculator,src/pages/zh/tools/latte-factor.astro,200,https://worthcalc.win/zh/tools/latte-factor/,0,true,"index, follow, max-image-preview:large",,https://worthcalc.win/zh/tools/latte-factor/,200,true,5,true,true,15,3,拿鐵因子日常習慣成本計算機 | WorthCalc,拿鐵因子日常習慣成本計算機,834,575e3e4ac3cf591ed81d20f17b5c82500e9b9bc092b83ffb873dcc5e1bf1b95c
https://worthcalc.win/zh/tools/mortgage-payoff/,zh,calculator,src/content/growth-tools/zh/mortgage-payoff.md,200,https://worthcalc.win/zh/tools/mortgage-payoff/,0,true,"index, follow, max-image-preview:large",,https://worthcalc.win/zh/tools/mortgage-payoff/,200,true,5,true,true,10,3,房貸多繳與提前清償試算工具 | WorthCalc,房貸多繳與提前清償試算工具,1538,1a65c9316798a153c89d1a669036635068083fbf8c2781bef7d8fe9140d03f2c
https://worthcalc.win/zh/tools/rent-vs-buy/,zh,calculator,src/pages/zh/tools/rent-vs-buy.astro,200,https://worthcalc.win/zh/tools/rent-vs-buy/,0,true,"index, follow, max-image-preview:large",,https://worthcalc.win/zh/tools/rent-vs-buy/,200,true,6,true,true,14,2,租屋 vs 買房計算機 | WorthCalc,租屋 vs 買房計算機,891,9bee992d24f66363105e03fa7c4483a0575b9e1063d05f82ea84f45f813385a4
https://worthcalc.win/zh/tools/salary-converter/,zh,calculator,src/content/growth-tools/zh/salary-converter.md,200,https://worthcalc.win/zh/tools/salary-converter/,0,true,"index, follow, max-image-preview:large",,https://worthcalc.win/zh/tools/salary-converter/,200,true,5,true,true,8,3,時薪、月薪與年薪換算工具 | WorthCalc,時薪、月薪與年薪換算工具,1309,bb381aa410055545a52b3d04b48df128b5294afc0e487dc65c545a7463a3911e
https://worthcalc.win/zh/tools/subscription-audit/,zh,calculator,src/pages/zh/tools/subscription-audit.astro,200,https://worthcalc.win/zh/tools/subscription-audit/,0,true,"index, follow, max-image-preview:large",,https://worthcalc.win/zh/tools/subscription-audit/,200,true,5,true,true,19,2,訂閱支出健檢計算機 | WorthCalc,訂閱支出健檢計算機,869,f67c4d4daec560f66c391d85223eb4daa07c65240352c42efe4b3fa1b6d05784
https://worthcalc.win/zh/topics/debt-credit/,zh,topic-hub,src/pages/[locale]/topics/[topic].astro,200,https://worthcalc.win/zh/topics/debt-credit/,0,true,"index, follow, max-image-preview:large",,https://worthcalc.win/zh/topics/debt-credit/,200,true,3,true,true,41,2,債務與信用 | WorthCalc,債務與信用,702,66e8322ddd0607ce1e5f3e2aecbf0344f2e2404d59abdafb3d2881941f9bf485
https://worthcalc.win/zh/topics/everyday/,zh,topic-hub,src/pages/[locale]/topics/[topic].astro,200,https://worthcalc.win/zh/topics/everyday/,0,true,"index, follow, max-image-preview:large",,https://worthcalc.win/zh/topics/everyday/,200,true,3,true,true,152,2,日常回本門檻 | WorthCalc,日常回本門檻,495,161b6e43dd8f39c79c5193d4fc1ea89b7cb79759941ddf47e5e92bd34a3aa7ae
https://worthcalc.win/zh/topics/housing/,zh,topic-hub,src/pages/[locale]/topics/[topic].astro,200,https://worthcalc.win/zh/topics/housing/,0,true,"index, follow, max-image-preview:large",,https://worthcalc.win/zh/topics/housing/,200,true,3,true,true,18,2,住房與負擔能力 | WorthCalc,住房與負擔能力,594,1b704a0e00f870eea4ef4c873b4dbbf7770531e91b0871817c5cef2ca87e88f2
https://worthcalc.win/zh/topics/income-savings/,zh,topic-hub,src/pages/[locale]/topics/[topic].astro,200,https://worthcalc.win/zh/topics/income-savings/,0,true,"index, follow, max-image-preview:large",,https://worthcalc.win/zh/topics/income-savings/,200,true,3,true,true,55,2,收入、儲蓄與成長 | WorthCalc,收入、儲蓄與成長,619,0531a2e65979934c5ed7d3dd949557a9eceab899cb98bfb1e90415e7d75bc891
https://worthcalc.win/zh/topics/memberships/,zh,topic-hub,src/pages/[locale]/topics/[topic].astro,200,https://worthcalc.win/zh/topics/memberships/,0,true,"index, follow, max-image-preview:large",,https://worthcalc.win/zh/topics/memberships/,200,true,3,true,true,48,2,訂閱與會員 | WorthCalc,訂閱與會員,503,bbf5a74e84b9631d32dea43a464d5c89131993e8887d76f7b90995de22998a6f
https://worthcalc.win/zh/topics/transportation/,zh,topic-hub,src/pages/[locale]/topics/[topic].astro,200,https://worthcalc.win/zh/topics/transportation/,0,true,"index, follow, max-image-preview:large",,https://worthcalc.win/zh/topics/transportation/,200,true,3,true,true,30,2,交通與持有成本 | WorthCalc,交通與持有成本,641,8e728c23ae88f358324ffcb7f6494023a49c71aea27d444a5e0feb841509065c
https://worthcalc.win/zh/true-cost-of-car-ownership/,zh,editorial,,200,https://worthcalc.win/zh/true-cost-of-car-ownership/,0,true,"index, follow, max-image-preview:large",,https://worthcalc.win/zh/true-cost-of-car-ownership/,200,true,6,true,true,9,3,養車一個月多少錢？牌照稅、燃料費、強制險都算進去才是真成本 | WorthCalc,養車一個月多少錢？牌照稅、燃料費、強制險都算進去才是真成本,1897,22fe23e4cc8786a0b3833e160108f892c431e26e6ce73b018f2b6eec1e09ff90
https://worthcalc.win/zh/true-hourly-wage-after-commuting-work-expenses/,zh,editorial,,200,https://worthcalc.win/zh/true-hourly-wage-after-commuting-work-expenses/,0,true,"index, follow, max-image-preview:large",,https://worthcalc.win/zh/true-hourly-wage-after-commuting-work-expenses/,200,true,5,true,true,8,2,扣掉通勤和工作支出後，你的真實時薪是多少 | WorthCalc,扣掉通勤和工作支出後，你的真實時薪是多少,1187,dae8ca7f5d185402701361c0236dd1ea897954cd761f415805d36e1772cf2d02
https://worthcalc.win/zh/upfront-fees-financing-cost/,zh,editorial,,200,https://worthcalc.win/zh/upfront-fees-financing-cost/,0,true,"index, follow, max-image-preview:large",,https://worthcalc.win/zh/upfront-fees-financing-cost/,200,true,5,true,true,7,3,開辦費與手續費如何拉高分期真實成本 | WorthCalc,開辦費與手續費如何拉高分期真實成本,2467,56823f495b8b3912f0c873ace79401d4cfdf886d72eff41909d39e7113467432
https://worthcalc.win/zh/upgrade-your-phone-or-keep-it/,zh,editorial,,200,https://worthcalc.win/zh/upgrade-your-phone-or-keep-it/,0,true,"index, follow, max-image-preview:large",,https://worthcalc.win/zh/upgrade-your-phone-or-keep-it/,200,true,5,true,true,7,3,手機該換還是繼續用？比較維修、舊換新、資費與每月成本 | WorthCalc,手機該換還是繼續用？比較維修、舊換新、資費與每月成本,1666,efc1ae0310ad31dd1f41b1ab9535628ff3b69ee23ede80c6776f37ba23804793
https://worthcalc.win/zh/work-from-home-vs-commuting-hidden-costs/,zh,editorial,,200,https://worthcalc.win/zh/work-from-home-vs-commuting-hidden-costs/,0,true,"index, follow, max-image-preview:large",,https://worthcalc.win/zh/work-from-home-vs-commuting-hidden-costs/,200,true,5,true,true,7,3,在家工作還是通勤？比較每月隱藏成本 | WorthCalc,在家工作還是通勤？比較每月隱藏成本,1940,1de46ae2f614580af2946b3f2bae910bb3be6063cdc1ffb8cb55ac828f3d7618
https://worthcalc.win/zh/zero-interest-installments-truth/,zh,editorial,src/pages/zh/zero-interest-installments-truth.astro,200,https://worthcalc.win/zh/zero-interest-installments-truth/,0,true,"index, follow, max-image-preview:large",,https://worthcalc.win/zh/zero-interest-installments-truth/,200,true,6,true,true,14,2,0 利率分期真的零利率嗎？分期手續費年利率怎麼算 | WorthCalc,0 利率分期真的零利率嗎？分期手續費年利率怎麼算,2288,a4b7c6f972c7b2b916f5d1851a245a86fa060a8fc01e013f24eacc5e8d9087eb