url,locale,route_type,package_id,cluster,slug,title,h1,word_count,internal_inbound_links,internal_outbound_links,has_calculator,source_count,last_reviewed,og_image_unique,first_commit_date,first_pr
https://worthcalc.win/,en,home,,everyday,home,Transparent Calculators for Real Money Decisions,Transparent calculators for real money decisions,1141,0,24,true,4,,false,2026-07-03,無資料
https://worthcalc.win/ar/guides/3d-printer-electricity-cost-per-print-used/,ar,guide,079,everyday,3d-printer-electricity-cost-per-print-used,تكلفة طابعة ثلاثية الأبعاد لكل طباعة: وزّع التسخين ووقت التشغيل,تكلفة طابعة ثلاثية الأبعاد لكل طباعة: وزّع التسخين ووقت التشغيل,539,4,4,false,5,2026-09-03,true,2026-09-03,無資料
https://worthcalc.win/ar/guides/3d-scanner-electricity-cost-per-scanning-session-used/,ar,guide,086,everyday,3d-scanner-electricity-cost-per-scanning-session-used,تكلفة كهرباء الماسح ثلاثي الأبعاد لكل جلسة: افصل حمل الحاسوب,تكلفة كهرباء الماسح ثلاثي الأبعاد لكل جلسة: افصل حمل الحاسوب,423,4,4,false,5,2026-09-03,true,2026-09-03,無資料
https://worthcalc.win/ar/guides/air-fryer-cost-per-cooking-cycle-used/,ar,guide,053,everyday,air-fryer-cost-per-cooking-cycle-used,تكلفة القلاية الهوائية لكل دورة طهي,تكلفة القلاية الهوائية لكل دورة طهي,397,4,4,false,4,2026-09-02,true,2026-09-02,無資料
https://worthcalc.win/ar/guides/air-purifier-cost-per-clean-air-hour-used/,ar,guide,031,everyday,air-purifier-cost-per-clean-air-hour-used,تكلفة منقّي الهواء لكل ساعة هواء نظيف: قارن القدرة وCADR والمرشحات,تكلفة منقّي الهواء لكل ساعة هواء نظيف: قارن القدرة وCADR والمرشحات,191,2,4,false,2,2026-09-02,true,2026-09-02,無資料
https://worthcalc.win/ar/guides/annual-cost-savings-calculator/,ar,guide,010,income-savings,annual-cost-savings-calculator,حاسبة التوفير السنوي: احسب التوفير الحقيقي بعد الرسوم والاستخدام,حاسبة التوفير السنوي: احسب التوفير الحقيقي بعد الرسوم والاستخدام,509,37,13,false,2,2026-09-02,true,2026-09-02,PR #123
https://worthcalc.win/ar/guides/aquarium-air-pump-electricity-cost-per-filtration-day-used/,ar,guide,105,everyday,aquarium-air-pump-electricity-cost-per-filtration-day-used,تكلفة مضخة هواء الحوض لكل يوم ترشيح: أدرج الضغط العكسي,تكلفة مضخة هواء الحوض لكل يوم ترشيح: أدرج الضغط العكسي,395,4,4,false,7,2026-09-03,true,2026-09-03,PR #152
https://worthcalc.win/ar/guides/aquarium-heater-electricity-cost-per-tank-day-used/,ar,guide,113,everyday,aquarium-heater-electricity-cost-per-tank-day-used,تكلفة سخان الحوض لكل يوم: افصل دورات منظم الحرارة,تكلفة سخان الحوض لكل يوم: افصل دورات منظم الحرارة,527,5,5,false,4,2026-09-03,true,2026-09-03,PR #154
https://worthcalc.win/ar/guides/attic-fan-electricity-cost-per-ventilation-hour-used/,ar,guide,123,everyday,attic-fan-electricity-cost-per-ventilation-hour-used,تكلفة مروحة العلية لكل ساعة تهوية: قِس دورة التشغيل,تكلفة مروحة العلية لكل ساعة تهوية: قِس دورة التشغيل,323,1,4,false,3,2026-09-03,true,2026-09-03,PR #155
https://worthcalc.win/ar/guides/bathroom-ventilation-fan-electricity-cost-per-shower-used/,ar,guide,102,everyday,bathroom-ventilation-fan-electricity-cost-per-shower-used,تكلفة مروحة تهوية الحمام لكل دش: أدرج مؤقت التشغيل اللاحق,تكلفة مروحة تهوية الحمام لكل دش: أدرج مؤقت التشغيل اللاحق,370,6,4,false,7,2026-09-03,true,2026-09-03,PR #152
https://worthcalc.win/ar/guides/billing-date-cash-flow-overlap/,ar,guide,011,income-savings,billing-date-cash-flow-overlap,تداخل مواعيد الخصم: خطط للرسوم الكبيرة في الأسبوع نفسه,تداخل مواعيد الخصم: خطط للرسوم الكبيرة في الأسبوع نفسه,410,2,1,false,2,2026-09-02,true,2026-09-02,PR #130
https://worthcalc.win/ar/guides/blender-cost-per-blending-session-used/,ar,guide,057,everyday,blender-cost-per-blending-session-used,تكلفة الخلاط لكل جلسة خلط,تكلفة الخلاط لكل جلسة خلط,405,4,4,false,4,2026-09-02,true,2026-09-02,無資料
https://worthcalc.win/ar/guides/bread-maker-cost-per-loaf-used/,ar,guide,065,everyday,bread-maker-cost-per-loaf-used,تكلفة آلة صنع الخبز لكل رغيف: احسب طاقة العجن والخبز,تكلفة آلة صنع الخبز لكل رغيف: احسب طاقة العجن والخبز,587,4,4,false,4,2026-09-03,true,2026-09-03,無資料
https://worthcalc.win/ar/guides/ceiling-fan-cost-per-operating-hour-used/,ar,guide,030,everyday,ceiling-fan-cost-per-operating-hour-used,تكلفة مروحة السقف لكل ساعة تشغيل: افصل الهواء عن الإضاءة,تكلفة مروحة السقف لكل ساعة تشغيل: افصل الهواء عن الإضاءة,188,2,4,false,2,2026-09-02,true,2026-09-02,無資料
https://worthcalc.win/ar/guides/ceiling-fan-electricity-cost-per-cooling-hour-used/,ar,guide,101,everyday,ceiling-fan-electricity-cost-per-cooling-hour-used,تكلفة مروحة السقف لكل ساعة تبريد: افصل المصباح والاستعداد,تكلفة مروحة السقف لكل ساعة تبريد: افصل المصباح والاستعداد,395,5,5,false,7,2026-09-03,true,2026-09-03,PR #152
https://worthcalc.win/ar/guides/childcare-cost-per-hour-used/,ar,guide,015,income-savings,childcare-cost-per-hour-used,تكلفة رعاية الطفل لكل ساعة مستخدمة: احسب الجدول الذي تحتاجه فعلاً,تكلفة رعاية الطفل لكل ساعة مستخدمة: احسب الجدول الذي تحتاجه فعلاً,303,2,4,true,1,2026-09-02,true,2026-09-02,PR #134
https://worthcalc.win/ar/guides/clothes-dryer-cost-per-load-used/,ar,guide,023,everyday,clothes-dryer-cost-per-load-used,تكلفة المجفف لكل حمولة مستخدمة: قارن الحرارة والوقت وحجم الحمولة,تكلفة المجفف لكل حمولة مستخدمة: قارن الحرارة والوقت وحجم الحمولة,356,1,5,false,2,2026-09-02,true,2026-09-02,PR #138
https://worthcalc.win/ar/guides/cloud-storage-cost-per-retained-gb/,ar,guide,016,everyday,cloud-storage-cost-per-retained-gb,تكلفة التخزين السحابي لكل جيجابايت محتفظ بها: احسب التكرار والسعة غير المستخدمة,تكلفة التخزين السحابي لكل جيجابايت محتفظ بها: احسب التكرار والسعة غير المستخدمة,310,3,5,true,2,2026-09-02,true,2026-09-02,PR #135
https://worthcalc.win/ar/guides/coffee-maker-cost-per-brew-used/,ar,guide,050,everyday,coffee-maker-cost-per-brew-used,تكلفة ماكينة القهوة لكل تحضير: افصل التخمير والحفاظ على الحرارة والأكواب,تكلفة ماكينة القهوة لكل تحضير: افصل التخمير والحفاظ على الحرارة والأكواب,258,3,4,false,2,2026-09-02,true,2026-09-02,PR #142
https://worthcalc.win/ar/guides/computer-electricity-cost-per-day-used/,ar,guide,041,everyday,computer-electricity-cost-per-day-used,تكلفة الكمبيوتر الكهربائية يومياً: افصل العمل والسكون والشحن,تكلفة الكمبيوتر الكهربائية يومياً: افصل العمل والسكون والشحن,267,3,4,false,2,2026-09-02,true,2026-09-02,PR #141
https://worthcalc.win/ar/guides/cost-per-use-kitchen-appliance/,ar,guide,014,everyday,cost-per-use-kitchen-appliance,تكلفة استخدام جهاز المطبخ: أضف الطاقة والتنظيف والاستبدال,تكلفة استخدام جهاز المطبخ: أضف الطاقة والتنظيف والاستبدال,294,7,4,true,2,2026-09-02,true,2026-09-02,PR #133
https://worthcalc.win/ar/guides/cost-per-wear-clothing/,ar,guide,014,everyday,cost-per-wear-clothing,حاسبة تكلفة ارتداء الملابس: احسب السعر حسب الاستخدام الواقعي,حاسبة تكلفة ارتداء الملابس: احسب السعر حسب الاستخدام الواقعي,294,2,4,true,1,2026-09-02,true,2026-09-02,PR #133
https://worthcalc.win/ar/guides/costco-executive-break-even-eligible-spend/,ar,guide,012,memberships,costco-executive-break-even-eligible-spend,نقطة تعادل Costco Executive: كم يلزم من الإنفاق المؤهل لتغطية الترقية؟,نقطة تعادل Costco Executive: كم يلزم من الإنفاق المؤهل لتغطية الترقية؟,441,5,3,false,3,2026-09-02,true,2026-09-02,PR #131
https://worthcalc.win/ar/guides/costco-gas-detour-break-even/,ar,guide,012,memberships,costco-gas-detour-break-even,نقطة تعادل الانحراف إلى وقود Costco: هل يعوض السعر الأقل الرحلة؟,نقطة تعادل الانحراف إلى وقود Costco: هل يعوض السعر الأقل الرحلة؟,344,1,2,false,2,2026-09-02,true,2026-09-02,PR #131
https://worthcalc.win/ar/guides/costco-household-card-break-even-use/,ar,guide,012,memberships,costco-household-card-break-even-use,بطاقة الأسرة في Costco: كيف تقيس قيمة الاستخدام المشترك فعلياً؟,بطاقة الأسرة في Costco: كيف تقيس قيمة الاستخدام المشترك فعلياً؟,333,1,4,false,3,2026-09-02,true,2026-09-02,PR #131
https://worthcalc.win/ar/guides/costco-membership-fee-break-even-savings/,ar,guide,012,memberships,costco-membership-fee-break-even-savings,نقطة تعادل عضوية Costco: كم يجب أن تتسوق لتعويض الرسم؟,نقطة تعادل عضوية Costco: كم يجب أن تتسوق لتعويض الرسم؟,352,4,3,false,1,2026-09-02,true,2026-09-02,PR #131
https://worthcalc.win/ar/guides/costco-renewal-refund-reward-timing/,ar,guide,012,memberships,costco-renewal-refund-reward-timing,توقيت تجديد Costco والاسترداد والمكافأة: احسب التكلفة الصافية,توقيت تجديد Costco والاسترداد والمكافأة: احسب التكلفة الصافية,329,2,4,false,3,2026-09-02,true,2026-09-02,PR #131
https://worthcalc.win/ar/guides/costco-reward-cap-usage-break-even/,ar,guide,012,memberships,costco-reward-cap-usage-break-even,سقف مكافأة Costco: متى يتوقف الإنفاق الإضافي عن زيادة الفائدة؟,سقف مكافأة Costco: متى يتوقف الإنفاق الإضافي عن زيادة الفائدة؟,328,1,4,false,3,2026-09-02,true,2026-09-02,PR #131
https://worthcalc.win/ar/guides/costco-reward-exclusion-effective-rate/,ar,guide,012,memberships,costco-reward-exclusion-effective-rate,استثناءات مكافآت Costco: احسب معدل المكافأة الفعلي لديك,استثناءات مكافآت Costco: احسب معدل المكافأة الفعلي لديك,325,4,3,true,3,2026-09-02,true,2026-09-02,PR #131
https://worthcalc.win/ar/guides/countertop-ice-maker-cost-per-batch-used/,ar,guide,071,everyday,countertop-ice-maker-cost-per-batch-used,تكلفة آلة الثلج لكل دفعة: أدرج التجميد ووقت الاحتفاظ,تكلفة آلة الثلج لكل دفعة: أدرج التجميد ووقت الاحتفاظ,515,4,4,false,4,2026-09-03,true,2026-09-03,無資料
https://worthcalc.win/ar/guides/coworking-membership-cost-per-day/,ar,guide,014,memberships,coworking-membership-cost-per-day,تكلفة يوم العمل المشترك: احسب الوصول غير المستخدم,تكلفة يوم العمل المشترك: احسب الوصول غير المستخدم,286,2,4,true,1,2026-09-02,true,2026-09-02,PR #133
https://worthcalc.win/ar/guides/dehumidifier-cost-per-pint-removed/,ar,guide,029,everyday,dehumidifier-cost-per-pint-removed,تكلفة مزيل الرطوبة لكل وحدة ماء مستخرجة: قارن الطاقة والوقت والرطوبة,تكلفة مزيل الرطوبة لكل وحدة ماء مستخرجة: قارن الطاقة والوقت والرطوبة,201,2,4,false,2,2026-09-02,true,2026-09-02,無資料
https://worthcalc.win/ar/guides/dehumidifier-electricity-cost-per-laundry-drying-session-used/,ar,guide,121,everyday,dehumidifier-electricity-cost-per-laundry-drying-session-used,تكلفة مزيل الرطوبة لكل ساعة تجفيف: أدرج توقفات الضاغط,تكلفة مزيل الرطوبة لكل ساعة تجفيف: أدرج توقفات الضاغط,482,4,4,false,4,2026-09-03,true,2026-09-03,PR #155
https://worthcalc.win/ar/guides/desk-fan-electricity-cost-per-cooling-hour-used/,ar,guide,093,everyday,desk-fan-electricity-cost-per-cooling-hour-used,تكلفة مروحة المكتب لكل ساعة تبريد: أدرج السرعة والتذبذب,تكلفة مروحة المكتب لكل ساعة تبريد: أدرج السرعة والتذبذب,376,4,4,false,5,2026-09-03,true,2026-09-03,無資料
https://worthcalc.win/ar/guides/desktop-speakers-electricity-cost-per-listening-hour-used/,ar,guide,082,everyday,desktop-speakers-electricity-cost-per-listening-hour-used,تكلفة كهرباء مكبرات المكتب لكل ساعة استماع: قِس المضخم والخمول,تكلفة كهرباء مكبرات المكتب لكل ساعة استماع: قِس المضخم والخمول,524,4,4,false,5,2026-09-03,true,2026-09-03,無資料
https://worthcalc.win/ar/guides/digital-photo-frame-electricity-cost-per-display-day-used/,ar,guide,100,everyday,digital-photo-frame-electricity-cost-per-display-day-used,تكلفة إطار الصور الرقمي لكل يوم عرض: افصل الشاشة واستعداد الشبكة,تكلفة إطار الصور الرقمي لكل يوم عرض: افصل الشاشة واستعداد الشبكة,389,1,4,false,7,2026-09-03,true,2026-09-03,PR #151
https://worthcalc.win/ar/guides/dishwasher-cost-per-cycle-used/,ar,guide,022,everyday,dishwasher-cost-per-cycle-used,تكلفة غسالة الصحون لكل دورة مستخدمة: احسب الطاقة والماء والمنظف,تكلفة غسالة الصحون لكل دورة مستخدمة: احسب الطاقة والماء والمنظف,369,3,5,false,2,2026-09-02,true,2026-09-02,PR #137
https://worthcalc.win/ar/guides/document-camera-electricity-cost-per-presentation-hour-used/,ar,guide,099,everyday,document-camera-electricity-cost-per-presentation-hour-used,تكلفة كاميرا المستندات لكل ساعة عرض: أدرج المصباح والحاسوب,تكلفة كاميرا المستندات لكل ساعة عرض: أدرج المصباح والحاسوب,376,4,4,false,7,2026-09-03,true,2026-09-03,PR #151
https://worthcalc.win/ar/guides/e-reader-electricity-cost-per-reading-hour-used/,ar,guide,090,everyday,e-reader-electricity-cost-per-reading-hour-used,تكلفة قارئ الكتب الإلكتروني لكل ساعة قراءة: احسب طاقة الشحن,تكلفة قارئ الكتب الإلكتروني لكل ساعة قراءة: احسب طاقة الشحن,397,4,4,false,5,2026-09-03,true,2026-09-03,無資料
https://worthcalc.win/ar/guides/electric-air-pump-electricity-cost-per-inflation-session-used/,ar,guide,106,income-savings,electric-air-pump-electricity-cost-per-inflation-session-used,تكلفة مضخة الهواء لكل جلسة نفخ: أدرج توقف الضغط والمحاولات,تكلفة مضخة الهواء لكل جلسة نفخ: أدرج توقف الضغط والمحاولات,388,1,4,false,7,2026-09-03,true,2026-09-03,PR #152
https://worthcalc.win/ar/guides/electric-blanket-cost-per-night-used/,ar,guide,046,everyday,electric-blanket-cost-per-night-used,تكلفة البطانية الكهربائية لكل ليلة: أدرج إعدادات الحرارة ووقت النوم الفعلي,تكلفة البطانية الكهربائية لكل ليلة: أدرج إعدادات الحرارة ووقت النوم الفعلي,260,2,4,false,2,2026-09-02,true,2026-09-02,PR #141
https://worthcalc.win/ar/guides/electric-can-opener-cost-per-use-used/,ar,guide,070,everyday,electric-can-opener-cost-per-use-used,تكلفة فتاحة العلب الكهربائية لكل استخدام: قِس وقت المحرك,تكلفة فتاحة العلب الكهربائية لكل استخدام: قِس وقت المحرك,593,4,4,false,4,2026-09-03,true,2026-09-03,無資料
https://worthcalc.win/ar/guides/electric-citrus-juicer-cost-per-juice-session-used/,ar,guide,072,everyday,electric-citrus-juicer-cost-per-juice-session-used,تكلفة عصارة الحمضيات لكل جلسة: قِس وقت الضغط والمحرك,تكلفة عصارة الحمضيات لكل جلسة: قِس وقت الضغط والمحرك,497,4,4,false,4,2026-09-03,true,2026-09-03,無資料
https://worthcalc.win/ar/guides/electric-egg-cooker-cost-per-cooking-cycle-used/,ar,guide,068,everyday,electric-egg-cooker-cost-per-cooking-cycle-used,تكلفة جهاز طهي البيض لكل دورة: احسب التسخين والماء,تكلفة جهاز طهي البيض لكل دورة: احسب التسخين والماء,591,4,4,false,4,2026-09-03,true,2026-09-03,無資料
https://worthcalc.win/ar/guides/electric-fireplace-electricity-cost-per-heating-hour-used/,ar,guide,118,everyday,electric-fireplace-electricity-cost-per-heating-hour-used,تكلفة المدفأة الكهربائية لكل ساعة تدفئة: افصل وضع اللهب,تكلفة المدفأة الكهربائية لكل ساعة تدفئة: افصل وضع اللهب,519,9,5,false,4,2026-09-03,true,2026-09-03,PR #154
https://worthcalc.win/ar/guides/electric-food-warmer-cost-per-heating-hour-used/,ar,guide,076,everyday,electric-food-warmer-cost-per-heating-hour-used,تكلفة سخان الطعام لكل ساعة: قِس دورات الثرموستات,تكلفة سخان الطعام لكل ساعة: قِس دورات الثرموستات,508,4,4,false,4,2026-09-03,true,2026-09-03,無資料
https://worthcalc.win/ar/guides/electric-foot-massager-electricity-cost-per-massage-session-used/,ar,guide,094,everyday,electric-foot-massager-electricity-cost-per-massage-session-used,تكلفة جهاز تدليك القدم لكل جلسة: افصل الاستعداد والتدفئة,تكلفة جهاز تدليك القدم لكل جلسة: افصل الاستعداد والتدفئة,383,4,4,false,5,2026-09-03,true,2026-09-03,無資料
https://worthcalc.win/ar/guides/electric-griddle-cost-per-cooking-hour-used/,ar,guide,062,everyday,electric-griddle-cost-per-cooking-hour-used,تكلفة الصاج الكهربائي لكل ساعة طهي: افصل التسخين والطهي الفعلي,تكلفة الصاج الكهربائي لكل ساعة طهي: افصل التسخين والطهي الفعلي,266,4,4,false,4,2026-09-02,true,2026-09-02,無資料
https://worthcalc.win/ar/guides/electric-hand-mixer-electricity-cost-per-mixing-session-used/,ar,guide,112,everyday,electric-hand-mixer-electricity-cost-per-mixing-session-used,تكلفة الخلاط اليدوي لكل جلسة خلط: احسب السرعة,تكلفة الخلاط اليدوي لكل جلسة خلط: احسب السرعة,330,5,5,false,4,2026-09-03,true,2026-09-03,PR #153
https://worthcalc.win/ar/guides/electric-insect-zapper-electricity-cost-per-overnight-used/,ar,guide,115,everyday,electric-insect-zapper-electricity-cost-per-overnight-used,تكلفة صاعق الحشرات لكل ليلة: افصل الاستعداد والتشغيل,تكلفة صاعق الحشرات لكل ليلة: افصل الاستعداد والتشغيل,528,5,5,false,4,2026-09-03,true,2026-09-03,PR #154
https://worthcalc.win/ar/guides/electric-kettle-cost-per-boil-used/,ar,guide,049,everyday,electric-kettle-cost-per-boil-used,تكلفة الغلاية الكهربائية لكل غليان: أدرج كمية الماء والإيقاف,تكلفة الغلاية الكهربائية لكل غليان: أدرج كمية الماء والإيقاف,273,3,5,false,2,2026-09-02,true,2026-09-02,PR #142
https://worthcalc.win/ar/guides/electric-lunch-box-cost-per-heating-cycle-used/,ar,guide,069,everyday,electric-lunch-box-cost-per-heating-cycle-used,تكلفة علبة الطعام الكهربائية لكل دورة تسخين: افصل التسخين والانتظار,تكلفة علبة الطعام الكهربائية لكل دورة تسخين: افصل التسخين والانتظار,581,4,4,false,4,2026-09-03,true,2026-09-03,無資料
https://worthcalc.win/ar/guides/electric-meat-grinder-cost-per-grinding-session-used/,ar,guide,073,everyday,electric-meat-grinder-cost-per-grinding-session-used,تكلفة مفرمة اللحم لكل جلسة: وزّع وقت المحرك,تكلفة مفرمة اللحم لكل جلسة: وزّع وقت المحرك,512,4,4,false,4,2026-09-03,true,2026-09-03,無資料
https://worthcalc.win/ar/guides/electric-milk-frother-cost-per-frothing-session-used/,ar,guide,075,everyday,electric-milk-frother-cost-per-frothing-session-used,تكلفة مخفّق الحليب لكل جلسة: افصل التسخين والخفق,تكلفة مخفّق الحليب لكل جلسة: افصل التسخين والخفق,510,4,4,false,4,2026-09-03,true,2026-09-03,無資料
https://worthcalc.win/ar/guides/electric-pasta-maker-cost-per-batch-used/,ar,guide,074,everyday,electric-pasta-maker-cost-per-batch-used,تكلفة آلة المعكرونة لكل دفعة: احسب الخلط والبثق والتجفيف,تكلفة آلة المعكرونة لكل دفعة: احسب الخلط والبثق والتجفيف,519,4,4,false,4,2026-09-03,true,2026-09-03,無資料
https://worthcalc.win/ar/guides/electric-pencil-sharpener-electricity-cost-per-sharpening-session-used/,ar,guide,091,everyday,electric-pencil-sharpener-electricity-cost-per-sharpening-session-used,تكلفة مبراة القلم الكهربائية لكل جلسة: احسب الدورات المتكررة,تكلفة مبراة القلم الكهربائية لكل جلسة: احسب الدورات المتكررة,374,4,4,false,5,2026-09-03,true,2026-09-03,無資料
https://worthcalc.win/ar/guides/electric-pressure-cooker-cost-per-cooking-cycle-used/,ar,guide,059,everyday,electric-pressure-cooker-cost-per-cooking-cycle-used,تكلفة قدر الضغط الكهربائي لكل دورة طهي,تكلفة قدر الضغط الكهربائي لكل دورة طهي,266,4,4,false,4,2026-09-02,true,2026-09-02,無資料
https://worthcalc.win/ar/guides/electric-shaver-electricity-cost-per-grooming-session-used/,ar,guide,108,everyday,electric-shaver-electricity-cost-per-grooming-session-used,تكلفة الحلاقة الكهربائية لكل جلسة عناية: احسب الشحن,تكلفة الحلاقة الكهربائية لكل جلسة عناية: احسب الشحن,326,5,5,false,4,2026-09-03,true,2026-09-03,PR #153
https://worthcalc.win/ar/guides/electric-space-heater-cost-per-heating-hour-used/,ar,guide,034,everyday,electric-space-heater-cost-per-heating-hour-used,تكلفة المدفأة الكهربائية لكل ساعة تدفئة: قارن القدرة ودورة التشغيل والغرفة,تكلفة المدفأة الكهربائية لكل ساعة تدفئة: قارن القدرة ودورة التشغيل والغرفة,207,3,4,false,2,2026-09-02,true,2026-09-02,無資料
https://worthcalc.win/ar/guides/electric-standing-desk-electricity-cost-per-adjusted-day-used/,ar,guide,087,everyday,electric-standing-desk-electricity-cost-per-adjusted-day-used,تكلفة المكتب الكهربائي لكل يوم ضبط: أدرج المحرك والاستعداد,تكلفة المكتب الكهربائي لكل يوم ضبط: أدرج المحرك والاستعداد,432,4,4,false,5,2026-09-03,true,2026-09-03,無資料
https://worthcalc.win/ar/guides/electric-stapler-electricity-cost-per-stapling-session-used/,ar,guide,092,everyday,electric-stapler-electricity-cost-per-stapling-session-used,تكلفة دباسة كهربائية لكل جلسة تدبيس: افصل حالات الانسداد,تكلفة دباسة كهربائية لكل جلسة تدبيس: افصل حالات الانسداد,370,4,4,false,5,2026-09-03,true,2026-09-03,無資料
https://worthcalc.win/ar/guides/electric-toothbrush-electricity-cost-per-charging-day-used/,ar,guide,107,everyday,electric-toothbrush-electricity-cost-per-charging-day-used,تكلفة كهرباء فرشاة الأسنان لكل يوم شحن: أدرج استعداد القاعدة,تكلفة كهرباء فرشاة الأسنان لكل يوم شحن: أدرج استعداد القاعدة,335,5,5,false,4,2026-09-03,true,2026-09-03,PR #153
https://worthcalc.win/ar/guides/electric-wine-cooler-electricity-cost-per-storage-day-used/,ar,guide,122,everyday,electric-wine-cooler-electricity-cost-per-storage-day-used,تكلفة مبرد النبيذ لكل يوم تخزين: احسب دورات الضاغط,تكلفة مبرد النبيذ لكل يوم تخزين: احسب دورات الضاغط,334,1,4,false,3,2026-09-03,true,2026-09-03,PR #155
https://worthcalc.win/ar/guides/electric-yogurt-maker-cost-per-batch-used/,ar,guide,067,everyday,electric-yogurt-maker-cost-per-batch-used,تكلفة صانعة الزبادي الكهربائية لكل دفعة: أدرج ساعات التخمير,تكلفة صانعة الزبادي الكهربائية لكل دفعة: أدرج ساعات التخمير,586,4,4,false,4,2026-09-03,true,2026-09-03,無資料
https://worthcalc.win/ar/guides/electricity-cost-per-kwh-used/,ar,guide,017,everyday,electricity-cost-per-kwh-used,تكلفة الكهرباء لكل كيلوواط ساعي مستخدم: أضف الرسوم الثابتة والائتمانات,تكلفة الكهرباء لكل كيلوواط ساعي مستخدم: أضف الرسوم الثابتة والائتمانات,364,37,5,true,2,2026-09-02,true,2026-09-02,PR #137
https://worthcalc.win/ar/guides/espresso-machine-cost-per-shot-used/,ar,guide,064,everyday,espresso-machine-cost-per-shot-used,تكلفة ماكينة الإسبريسو لكل جرعة: أدرج التسخين والتحضير والبخار,تكلفة ماكينة الإسبريسو لكل جرعة: أدرج التسخين والتحضير والبخار,274,4,4,false,4,2026-09-02,true,2026-09-02,無資料
https://worthcalc.win/ar/guides/event-ticket-cost-per-attended-hour/,ar,guide,016,memberships,event-ticket-cost-per-attended-hour,تكلفة تذكرة الفعالية لكل ساعة حضور: أضف السفر والرسوم والوقت الفائت,تكلفة تذكرة الفعالية لكل ساعة حضور: أضف السفر والرسوم والوقت الفائت,274,2,4,true,1,2026-09-02,true,2026-09-02,PR #135
https://worthcalc.win/ar/guides/external-hard-drive-electricity-cost-per-backup-job-used/,ar,guide,097,everyday,external-hard-drive-electricity-cost-per-backup-job-used,تكلفة القرص الخارجي لكل مهمة نسخ احتياطي: احسب النقل والخمول,تكلفة القرص الخارجي لكل مهمة نسخ احتياطي: احسب النقل والخمول,391,5,4,false,7,2026-09-03,true,2026-09-03,PR #151
https://worthcalc.win/ar/guides/family-plan-break-even-members/,ar,guide,011,memberships,family-plan-break-even-members,نقطة التعادل للخطة العائلية: كم عضواً يجعل الترقية مجدية؟,نقطة التعادل للخطة العائلية: كم عضواً يجعل الترقية مجدية؟,388,1,1,false,2,2026-09-02,true,2026-09-02,PR #130
https://worthcalc.win/ar/guides/food-dehydrator-cost-per-drying-hour-used/,ar,guide,066,everyday,food-dehydrator-cost-per-drying-hour-used,تكلفة مجفف الطعام لكل ساعة تجفيف: قِس السخان والمروحة,تكلفة مجفف الطعام لكل ساعة تجفيف: قِس السخان والمروحة,589,4,4,false,4,2026-09-03,true,2026-09-03,無資料
https://worthcalc.win/ar/guides/food-processor-cost-per-prep-session-used/,ar,guide,058,everyday,food-processor-cost-per-prep-session-used,تكلفة محضرة الطعام لكل جلسة تجهيز,تكلفة محضرة الطعام لكل جلسة تجهيز,380,4,4,false,4,2026-09-02,true,2026-09-02,無資料
https://worthcalc.win/ar/guides/free-trial-auto-renewal-first-charge/,ar,guide,011,memberships,free-trial-auto-renewal-first-charge,تكلفة التجربة المجانية والتجديد التلقائي: احسب أول خصم محتمل,تكلفة التجربة المجانية والتجديد التلقائي: احسب أول خصم محتمل,431,1,1,false,2,2026-09-02,true,2026-09-02,PR #130
https://worthcalc.win/ar/guides/freezer-cost-per-day-used/,ar,guide,033,everyday,freezer-cost-per-day-used,تكلفة المجمد لكل يوم استخدام: قارن طاقة الاستعداد والسعة والتخزين,تكلفة المجمد لكل يوم استخدام: قارن طاقة الاستعداد والسعة والتخزين,194,2,4,false,2,2026-09-02,true,2026-09-02,無資料
https://worthcalc.win/ar/guides/gaming-console-electricity-cost-per-gaming-hour-used/,ar,guide,080,everyday,gaming-console-electricity-cost-per-gaming-hour-used,تكلفة كهرباء منصة الألعاب لكل ساعة: أدرج حدود الشاشة والشبكة,تكلفة كهرباء منصة الألعاب لكل ساعة: أدرج حدود الشاشة والشبكة,533,4,4,false,5,2026-09-03,true,2026-09-03,無資料
https://worthcalc.win/ar/guides/garage-door-opener-electricity-cost-per-cycle-used/,ar,guide,117,everyday,garage-door-opener-electricity-cost-per-cycle-used,تكلفة مشغل باب المرآب لكل دورة: افصل الضوء والاستعداد,تكلفة مشغل باب المرآب لكل دورة: افصل الضوء والاستعداد,532,8,5,false,4,2026-09-03,true,2026-09-03,PR #154
https://worthcalc.win/ar/guides/garment-steamer-cost-per-steaming-hour-used/,ar,guide,052,everyday,garment-steamer-cost-per-steaming-hour-used,تكلفة جهاز تبخير الملابس لكل ساعة: أدرج التسخين ووقت البخار الفعلي,تكلفة جهاز تبخير الملابس لكل ساعة: أدرج التسخين ووقت البخار الفعلي,253,2,4,false,2,2026-09-02,true,2026-09-02,PR #142
https://worthcalc.win/ar/guides/glue-gun-electricity-cost-per-crafting-hour-used/,ar,guide,111,everyday,glue-gun-electricity-cost-per-crafting-hour-used,تكلفة مسدس الغراء لكل ساعة حرفة: افصل الحرارة والخمول,تكلفة مسدس الغراء لكل ساعة حرفة: افصل الحرارة والخمول,333,5,5,false,4,2026-09-03,true,2026-09-03,PR #153
https://worthcalc.win/ar/guides/gym-membership-cost-per-visit/,ar,guide,014,memberships,gym-membership-cost-per-visit,تكلفة زيارة النادي: أضف رسوم الانضمام والأشهر الفائتة,تكلفة زيارة النادي: أضف رسوم الانضمام والأشهر الفائتة,276,2,4,true,2,2026-09-02,true,2026-09-02,PR #133
https://worthcalc.win/ar/guides/hair-dryer-cost-per-drying-session-used/,ar,guide,051,everyday,hair-dryer-cost-per-drying-session-used,تكلفة مجفف الشعر لكل جلسة: افصل الحرارة وتدفق الهواء والدقائق,تكلفة مجفف الشعر لكل جلسة: افصل الحرارة وتدفق الهواء والدقائق,235,1,4,false,2,2026-09-02,true,2026-09-02,PR #142
https://worthcalc.win/ar/guides/heat-pump-cost-per-heating-hour-used/,ar,guide,035,everyday,heat-pump-cost-per-heating-hour-used,تكلفة المضخة الحرارية لكل ساعة تدفئة: افصل السعة والوقت والطقس,تكلفة المضخة الحرارية لكل ساعة تدفئة: افصل السعة والوقت والطقس,311,2,5,false,2,2026-09-02,true,2026-09-02,無資料
https://worthcalc.win/ar/guides/hobby-equipment-cost-per-use/,ar,guide,014,everyday,hobby-equipment-cost-per-use,تكلفة استخدام معدات الهواية: أضف التخزين والصيانة ومخاطر إعادة البيع,تكلفة استخدام معدات الهواية: أضف التخزين والصيانة ومخاطر إعادة البيع,281,2,4,true,1,2026-09-02,true,2026-09-02,PR #133
https://worthcalc.win/ar/guides/home-internet-cost-per-gb-used/,ar,guide,018,everyday,home-internet-cost-per-gb-used,تكلفة الإنترنت المنزلي لكل جيجابايت مستخدمة: أضف المعدات ورسوم الزيادة,تكلفة الإنترنت المنزلي لكل جيجابايت مستخدمة: أضف المعدات ورسوم الزيادة,334,3,5,true,2,2026-09-02,true,2026-09-02,PR #137
https://worthcalc.win/ar/guides/humidifier-electricity-cost-per-humidifying-hour-used/,ar,guide,104,everyday,humidifier-electricity-cost-per-humidifying-hour-used,تكلفة المرطب لكل ساعة ترطيب: قِس الرذاذ ووضع المروحة,تكلفة المرطب لكل ساعة ترطيب: قِس الرذاذ ووضع المروحة,383,5,4,false,7,2026-09-03,true,2026-09-03,PR #152
https://worthcalc.win/ar/guides/hvac-cost-per-operating-hour-used/,ar,guide,027,everyday,hvac-cost-per-operating-hour-used,تكلفة التكييف لكل ساعة تشغيل مستخدمة: قارن وقت التشغيل والتعرفة الموسمية,تكلفة التكييف لكل ساعة تشغيل مستخدمة: قارن وقت التشغيل والتعرفة الموسمية,262,7,5,false,2,2026-09-02,true,2026-09-02,PR #138
https://worthcalc.win/ar/guides/induction-cooktop-cost-per-cooking-hour-used/,ar,guide,037,everyday,induction-cooktop-cost-per-cooking-hour-used,تكلفة موقد الحث لكل ساعة طبخ: افصل التسخين والاستعداد والتنظيف,تكلفة موقد الحث لكل ساعة طبخ: افصل التسخين والاستعداد والتنظيف,267,1,4,false,2,2026-09-02,true,2026-09-02,無資料
https://worthcalc.win/ar/guides/introductory-discount-renewal-cost/,ar,guide,010,memberships,introductory-discount-renewal-cost,الخصم التمهيدي وتكلفة التجديد: احسب إجمالي السنة الأولى,الخصم التمهيدي وتكلفة التجديد: احسب إجمالي السنة الأولى,244,1,1,true,1,2026-09-02,true,2026-09-02,PR #123
https://worthcalc.win/ar/guides/label-maker-electricity-cost-per-labeling-session-used/,ar,guide,083,everyday,label-maker-electricity-cost-per-labeling-session-used,تكلفة كهرباء آلة الملصقات لكل جلسة: أدرج التسخين والاستعداد,تكلفة كهرباء آلة الملصقات لكل جلسة: أدرج التسخين والاستعداد,419,4,4,false,5,2026-09-03,true,2026-09-03,無資料
https://worthcalc.win/ar/guides/laminator-electricity-cost-per-laminating-batch-used/,ar,guide,085,everyday,laminator-electricity-cost-per-laminating-batch-used,تكلفة كهرباء آلة التغليف لكل دفعة: أدرج التسخين,تكلفة كهرباء آلة التغليف لكل دفعة: أدرج التسخين,430,4,4,false,5,2026-09-03,true,2026-09-03,無資料
https://worthcalc.win/ar/guides/language-class-cost-per-completed-session/,ar,guide,016,memberships,language-class-cost-per-completed-session,تكلفة درس اللغة لكل جلسة مكتملة: احسب الدروس التي أنهيتها,تكلفة درس اللغة لكل جلسة مكتملة: احسب الدروس التي أنهيتها,280,2,4,true,1,2026-09-02,true,2026-09-02,PR #135
https://worthcalc.win/ar/guides/laptop-docking-station-electricity-cost-per-workday-used/,ar,guide,096,everyday,laptop-docking-station-electricity-cost-per-workday-used,تكلفة قاعدة توصيل الحاسوب المحمول لكل يوم عمل: افصل الشاشة والشحن,تكلفة قاعدة توصيل الحاسوب المحمول لكل يوم عمل: افصل الشاشة والشحن,387,5,4,false,7,2026-09-03,true,2026-09-03,PR #151
https://worthcalc.win/ar/guides/laundry-cost-per-load/,ar,guide,019,everyday,laundry-cost-per-load,تكلفة الغسيل لكل حمولة: أضف الماء والطاقة والمنظف وإعادة الغسل,تكلفة الغسيل لكل حمولة: أضف الماء والطاقة والمنظف وإعادة الغسل,350,4,5,true,2,2026-09-02,true,2026-09-02,PR #137
https://worthcalc.win/ar/guides/led-lighting-cost-per-hour-used/,ar,guide,028,everyday,led-lighting-cost-per-hour-used,تكلفة إضاءة LED لكل ساعة استخدام: أدرج القدرة وعدد المصابيح والعمر,تكلفة إضاءة LED لكل ساعة استخدام: أدرج القدرة وعدد المصابيح والعمر,256,3,4,false,2,2026-09-02,true,2026-09-02,PR #138
https://worthcalc.win/ar/guides/meal-delivery-plan-cost-per-eaten-meal/,ar,guide,016,memberships,meal-delivery-plan-cost-per-eaten-meal,تكلفة خطة توصيل الطعام لكل وجبة مأكولة: أضف الطلبات المتروكة والبدائل,تكلفة خطة توصيل الطعام لكل وجبة مأكولة: أضف الطلبات المتروكة والبدائل,287,2,4,true,2,2026-09-02,true,2026-09-02,PR #135
https://worthcalc.win/ar/guides/meal-kit-cost-per-serving-after-waste/,ar,guide,014,everyday,meal-kit-cost-per-serving-after-waste,تكلفة حصة صندوق الوجبات بعد الهدر: احسب المكونات غير المأكولة,تكلفة حصة صندوق الوجبات بعد الهدر: احسب المكونات غير المأكولة,279,2,4,true,2,2026-09-02,true,2026-09-02,PR #133
https://worthcalc.win/ar/guides/microwave-cost-per-cooking-cycle-used/,ar,guide,038,everyday,microwave-cost-per-cooking-cycle-used,تكلفة الميكروويف لكل دورة طبخ: احسب القدرة والوقت وإعادة التسخين,تكلفة الميكروويف لكل دورة طبخ: احسب القدرة والوقت وإعادة التسخين,259,1,4,false,2,2026-09-02,true,2026-09-02,無資料
https://worthcalc.win/ar/guides/minimum-spend-fee-waiver-break-even/,ar,guide,011,memberships,minimum-spend-fee-waiver-break-even,الإعفاء عند حد أدنى للإنفاق: احسب هل يوفر المال فعلاً,الإعفاء عند حد أدنى للإنفاق: احسب هل يوفر المال فعلاً,389,1,1,true,2,2026-09-02,true,2026-09-02,PR #130
https://worthcalc.win/ar/guides/mobile-data-cost-per-gb-used/,ar,guide,016,everyday,mobile-data-cost-per-gb-used,تكلفة بيانات الهاتف لكل جيجابايت مستخدمة: قارن الحد الأدنى بالاستخدام الفعلي,تكلفة بيانات الهاتف لكل جيجابايت مستخدمة: قارن الحد الأدنى بالاستخدام الفعلي,280,4,4,true,1,2026-09-02,true,2026-09-02,PR #135
https://worthcalc.win/ar/guides/monitor-electricity-cost-per-work-hour-used/,ar,guide,042,everyday,monitor-electricity-cost-per-work-hour-used,تكلفة الشاشة لكل ساعة عمل: أدرج السطوع والسكون وطاقة USB,تكلفة الشاشة لكل ساعة عمل: أدرج السطوع والسكون وطاقة USB,255,2,4,false,2,2026-09-02,true,2026-09-02,PR #141
https://worthcalc.win/ar/guides/monthly-vs-annual-total-cost/,ar,guide,010,memberships,monthly-vs-annual-total-cost,الدفع الشهري أم السنوي: قارن التكلفة ومخاطر السيولة,الدفع الشهري أم السنوي: قارن التكلفة ومخاطر السيولة,281,1,1,true,1,2026-09-02,true,2026-09-02,PR #123
https://worthcalc.win/ar/guides/natural-gas-cost-per-therm-used/,ar,guide,021,everyday,natural-gas-cost-per-therm-used,تكلفة الغاز الطبيعي لكل وحدة حرارية مستخدمة: حوّل الفاتورة قبل المقارنة,تكلفة الغاز الطبيعي لكل وحدة حرارية مستخدمة: حوّل الفاتورة قبل المقارنة,385,8,5,false,2,2026-09-02,true,2026-09-02,PR #137
https://worthcalc.win/ar/guides/one-time-switching-cost-payback/,ar,guide,010,memberships,one-time-switching-cost-payback,استرداد تكلفة التبديل لمرة واحدة: متى يعوضها السعر الأقل؟,استرداد تكلفة التبديل لمرة واحدة: متى يعوضها السعر الأقل؟,212,1,1,true,1,2026-09-02,true,2026-09-02,PR #123
https://worthcalc.win/ar/guides/online-course-cost-per-completed-lesson/,ar,guide,015,memberships,online-course-cost-per-completed-lesson,تكلفة الدورة عبر الإنترنت لكل درس مكتمل: سعّر التقدم لا الوصول,تكلفة الدورة عبر الإنترنت لكل درس مكتمل: سعّر التقدم لا الوصول,283,2,4,true,1,2026-09-02,true,2026-09-02,PR #134
https://worthcalc.win/ar/guides/outdoor-string-lights-electricity-cost-per-evening-used/,ar,guide,116,everyday,outdoor-string-lights-electricity-cost-per-evening-used,تكلفة أضواء السلسلة الخارجية لكل مساء: قِس المؤقت والمحول,تكلفة أضواء السلسلة الخارجية لكل مساء: قِس المؤقت والمحول,519,5,5,false,4,2026-09-03,true,2026-09-03,PR #154
https://worthcalc.win/ar/guides/oven-stove-cost-per-cooking-hour-used/,ar,guide,026,everyday,oven-stove-cost-per-cooking-hour-used,تكلفة الفرن والموقد لكل ساعة طبخ مستخدمة: قارن الحرارة والتسخين المسبق والوقود,تكلفة الفرن والموقد لكل ساعة طبخ مستخدمة: قارن الحرارة والتسخين المسبق والوقود,266,4,4,false,2,2026-09-02,true,2026-09-02,PR #138
https://worthcalc.win/ar/guides/paper-shredder-electricity-cost-per-shredding-session-used/,ar,guide,084,everyday,paper-shredder-electricity-cost-per-shredding-session-used,تكلفة كهرباء آلة تمزيق الورق لكل جلسة: احسب دورات المحرك,تكلفة كهرباء آلة تمزيق الورق لكل جلسة: احسب دورات المحرك,432,4,4,false,5,2026-09-03,true,2026-09-03,無資料
https://worthcalc.win/ar/guides/parking-pass-cost-per-day-used/,ar,guide,015,transportation,parking-pass-cost-per-day-used,تكلفة تصريح الوقوف لكل يوم مستخدم: أضف أيام العمل عن بعد,تكلفة تصريح الوقوف لكل يوم مستخدم: أضف أيام العمل عن بعد,303,2,4,true,1,2026-09-02,true,2026-09-02,PR #134
https://worthcalc.win/ar/guides/pause-vs-cancel-membership-cost/,ar,guide,011,memberships,pause-vs-cancel-membership-cost,إيقاف العضوية أم إلغاؤها: قارن تكلفة الاحتفاظ بالوصول,إيقاف العضوية أم إلغاؤها: قارن تكلفة الاحتفاظ بالوصول,407,1,1,false,2,2026-09-02,true,2026-09-02,PR #130
https://worthcalc.win/ar/guides/phone-charger-cost-per-charge-used/,ar,guide,045,everyday,phone-charger-cost-per-charge-used,تكلفة شاحن الهاتف لكل شحنة: قِس طاقة الحائط لا أقصى قدرة المحول,تكلفة شاحن الهاتف لكل شحنة: قِس طاقة الحائط لا أقصى قدرة المحول,242,4,4,false,2,2026-09-02,true,2026-09-02,PR #141
https://worthcalc.win/ar/guides/pool-pump-cost-per-operating-hour-used/,ar,guide,039,everyday,pool-pump-cost-per-operating-hour-used,تكلفة مضخة المسبح لكل ساعة تشغيل: افصل السرعة والتدفق والمهام,تكلفة مضخة المسبح لكل ساعة تشغيل: افصل السرعة والتدفق والمهام,265,1,4,false,2,2026-09-02,true,2026-09-02,無資料
https://worthcalc.win/ar/guides/pool-pump-electricity-cost-per-filtration-cycle-used/,ar,guide,120,everyday,pool-pump-electricity-cost-per-filtration-cycle-used,تكلفة مضخة المسبح لكل ساعة ترشيح: افصل زمن التشغيل,تكلفة مضخة المسبح لكل ساعة ترشيح: افصل زمن التشغيل,479,3,4,false,4,2026-09-03,true,2026-09-03,PR #155
https://worthcalc.win/ar/guides/portable-ac-cost-per-cooling-hour-used/,ar,guide,036,everyday,portable-ac-cost-per-cooling-hour-used,تكلفة المكيف المحمول لكل ساعة تبريد: قِس العادم والمروحة وحمل الغرفة,تكلفة المكيف المحمول لكل ساعة تبريد: قِس العادم والمروحة وحمل الغرفة,283,1,4,false,2,2026-09-02,true,2026-09-02,無資料
https://worthcalc.win/ar/guides/portable-air-conditioner-electricity-cost-per-cooling-session-used/,ar,guide,119,everyday,portable-air-conditioner-electricity-cost-per-cooling-session-used,تكلفة مكيف الهواء المتنقل لكل ساعة تبريد: احسب دورات الضاغط,تكلفة مكيف الهواء المتنقل لكل ساعة تبريد: احسب دورات الضاغط,481,5,4,false,4,2026-09-03,true,2026-09-03,PR #155
https://worthcalc.win/ar/guides/prepaid-balance-expiration-cost/,ar,guide,011,memberships,prepaid-balance-expiration-cost,تكلفة الرصيد المدفوع مسبقاً عند انتهاء الصلاحية: احسب الاستخدام الفعلي,تكلفة الرصيد المدفوع مسبقاً عند انتهاء الصلاحية: احسب الاستخدام الفعلي,436,1,2,true,2,2026-09-02,true,2026-09-02,PR #130
https://worthcalc.win/ar/guides/printer-electricity-cost-per-print-job-used/,ar,guide,077,everyday,printer-electricity-cost-per-print-job-used,تكلفة كهرباء الطابعة لكل مهمة طباعة: أدرج التسخين والاستعداد,تكلفة كهرباء الطابعة لكل مهمة طباعة: أدرج التسخين والاستعداد,528,4,4,false,5,2026-09-03,true,2026-09-03,無資料
https://worthcalc.win/ar/guides/projector-electricity-cost-per-presentation-hour-used/,ar,guide,089,everyday,projector-electricity-cost-per-presentation-hour-used,تكلفة كهرباء جهاز العرض لكل ساعة تقديم: أدرج التسخين والتبريد,تكلفة كهرباء جهاز العرض لكل ساعة تقديم: أدرج التسخين والتبريد,392,4,4,false,5,2026-09-03,true,2026-09-03,無資料
https://worthcalc.win/ar/guides/recurring-costs-annual-total/,ar,guide,010,memberships,recurring-costs-annual-total,إجمالي التكاليف المتكررة سنوياً: اجمع الدفعات الشهرية والربع سنوية,إجمالي التكاليف المتكررة سنوياً: اجمع الدفعات الشهرية والربع سنوية,295,35,1,true,2,2026-09-02,true,2026-09-02,PR #123
https://worthcalc.win/ar/guides/refrigerator-cost-per-day-used/,ar,guide,024,everyday,refrigerator-cost-per-day-used,تكلفة الثلاجة لكل يوم استخدام: حوّل الطاقة السنوية إلى تكلفة منزلك,تكلفة الثلاجة لكل يوم استخدام: حوّل الطاقة السنوية إلى تكلفة منزلك,266,4,4,false,2,2026-09-02,true,2026-09-02,PR #138
https://worthcalc.win/ar/guides/rice-cooker-cost-per-cooking-cycle-used/,ar,guide,054,everyday,rice-cooker-cost-per-cooking-cycle-used,تكلفة طباخة الأرز لكل دورة طهي,تكلفة طباخة الأرز لكل دورة طهي,390,4,4,false,4,2026-09-02,true,2026-09-02,無資料
https://worthcalc.win/ar/guides/robot-vacuum-cost-per-cleaning-cycle-used/,ar,guide,048,everyday,robot-vacuum-cost-per-cleaning-cycle-used,تكلفة المكنسة الروبوتية لكل دورة تنظيف: أدرج القاعدة والشحن والتفريغ,تكلفة المكنسة الروبوتية لكل دورة تنظيف: أدرج القاعدة والشحن والتفريغ,254,3,4,false,2,2026-09-02,true,2026-09-02,PR #142
https://worthcalc.win/ar/guides/room-air-conditioner-cost-per-cooling-hour-used/,ar,guide,032,everyday,room-air-conditioner-cost-per-cooling-hour-used,تكلفة مكيف الغرفة لكل ساعة تبريد: أدرج الضاغط والمروحة والخمول,تكلفة مكيف الغرفة لكل ساعة تبريد: أدرج الضاغط والمروحة والخمول,192,4,4,false,2,2026-09-02,true,2026-09-02,無資料
https://worthcalc.win/ar/guides/router-electricity-cost-per-month-used/,ar,guide,044,everyday,router-electricity-cost-per-month-used,تكلفة كهرباء الموجّه شهرياً: افصل الطاقة المستمرة عن خدمة الإنترنت,تكلفة كهرباء الموجّه شهرياً: افصل الطاقة المستمرة عن خدمة الإنترنت,266,4,4,false,2,2026-09-02,true,2026-09-02,PR #141
https://worthcalc.win/ar/guides/sandwich-maker-cost-per-use-used/,ar,guide,060,everyday,sandwich-maker-cost-per-use-used,تكلفة آلة الساندويتش لكل استخدام: أدرج التسخين والصفائح الفعلية,تكلفة آلة الساندويتش لكل استخدام: أدرج التسخين والصفائح الفعلية,261,4,4,false,4,2026-09-02,true,2026-09-02,無資料
https://worthcalc.win/ar/guides/savings-break-even-use-period/,ar,guide,010,income-savings,savings-break-even-use-period,فترة التعادل في التوفير: كم شهراً أو استخداماً يلزم للتبديل؟,فترة التعادل في التوفير: كم شهراً أو استخداماً يلزم للتبديل؟,235,1,1,true,1,2026-09-02,true,2026-09-02,PR #123
https://worthcalc.win/ar/guides/scanner-electricity-cost-per-scanning-session-used/,ar,guide,078,everyday,scanner-electricity-cost-per-scanning-session-used,تكلفة كهرباء الماسح لكل جلسة: احسب المصباح والاستعداد,تكلفة كهرباء الماسح لكل جلسة: احسب المصباح والاستعداد,521,4,4,false,5,2026-09-03,true,2026-09-03,無資料
https://worthcalc.win/ar/guides/sewing-machine-electricity-cost-per-sewing-hour-used/,ar,guide,109,everyday,sewing-machine-electricity-cost-per-sewing-hour-used,تكلفة ماكينة الخياطة لكل ساعة خياطة: أدرج زمن الدواسة,تكلفة ماكينة الخياطة لكل ساعة خياطة: أدرج زمن الدواسة,330,5,5,false,4,2026-09-03,true,2026-09-03,PR #153
https://worthcalc.win/ar/guides/slow-cooker-cost-per-cooking-hour-used/,ar,guide,055,everyday,slow-cooker-cost-per-cooking-hour-used,تكلفة الطباخة البطيئة لكل ساعة طهي,تكلفة الطباخة البطيئة لكل ساعة طهي,386,4,4,false,4,2026-09-02,true,2026-09-02,無資料
https://worthcalc.win/ar/guides/smart-speaker-electricity-cost-per-listening-hour-used/,ar,guide,088,everyday,smart-speaker-electricity-cost-per-listening-hour-used,تكلفة مكبر الصوت الذكي لكل ساعة استماع: افصل التشغيل والاستعداد,تكلفة مكبر الصوت الذكي لكل ساعة استماع: افصل التشغيل والاستعداد,427,4,4,false,5,2026-09-03,true,2026-09-03,無資料
https://worthcalc.win/ar/guides/software-add-on-cost-per-active-seat/,ar,guide,016,memberships,software-add-on-cost-per-active-seat,تكلفة إضافة البرنامج لكل مقعد نشط: افصل الوصول عن التبني,تكلفة إضافة البرنامج لكل مقعد نشط: افصل الوصول عن التبني,280,2,4,true,2,2026-09-02,true,2026-09-02,PR #135
https://worthcalc.win/ar/guides/software-seat-cost-per-active-user/,ar,guide,014,memberships,software-seat-cost-per-active-user,تكلفة مقعد البرنامج لكل مستخدم نشط: احسب الوصول غير المستخدم,تكلفة مقعد البرنامج لكل مستخدم نشط: احسب الوصول غير المستخدم,279,2,4,true,2,2026-09-02,true,2026-09-02,PR #133
https://worthcalc.win/ar/guides/solar-inverter-electricity-cost-per-monitoring-day-used/,ar,guide,124,everyday,solar-inverter-electricity-cost-per-monitoring-day-used,تكلفة عاكس الطاقة الشمسية لكل يوم مراقبة: افصل الاستعداد والتحويل,تكلفة عاكس الطاقة الشمسية لكل يوم مراقبة: افصل الاستعداد والتحويل,323,1,4,false,3,2026-09-03,true,2026-09-03,PR #155
https://worthcalc.win/ar/guides/soldering-iron-electricity-cost-per-repair-hour-used/,ar,guide,110,everyday,soldering-iron-electricity-cost-per-repair-hour-used,تكلفة مكواة اللحام لكل ساعة إصلاح: أدرج التسخين الأولي,تكلفة مكواة اللحام لكل ساعة إصلاح: أدرج التسخين الأولي,337,5,5,false,4,2026-09-03,true,2026-09-03,PR #153
https://worthcalc.win/ar/guides/soundbar-electricity-cost-per-watched-hour-used/,ar,guide,081,everyday,soundbar-electricity-cost-per-watched-hour-used,تكلفة كهرباء مكبر الصوت لكل ساعة مشاهدة: افصل التشغيل والاستعداد,تكلفة كهرباء مكبر الصوت لكل ساعة مشاهدة: افصل التشغيل والاستعداد,527,4,4,false,5,2026-09-03,true,2026-09-03,無資料
https://worthcalc.win/ar/guides/stand-mixer-cost-per-mixing-session-used/,ar,guide,063,everyday,stand-mixer-cost-per-mixing-session-used,تكلفة الخلاط العمودي لكل جلسة خلط: أدرج وقت المحرك والملحقات,تكلفة الخلاط العمودي لكل جلسة خلط: أدرج وقت المحرك والملحقات,255,4,4,false,4,2026-09-02,true,2026-09-02,無資料
https://worthcalc.win/ar/guides/standby-power-cost-per-day-used/,ar,guide,040,everyday,standby-power-cost-per-day-used,تكلفة طاقة الاستعداد يومياً: قِس الحمل والخدمة التي يحافظ عليها,تكلفة طاقة الاستعداد يومياً: قِس الحمل والخدمة التي يحافظ عليها,292,8,5,false,2,2026-09-02,true,2026-09-02,無資料
https://worthcalc.win/ar/guides/streaming-cost-per-watched-hour/,ar,guide,015,memberships,streaming-cost-per-watched-hour,تكلفة البث لكل ساعة مشاهدة: أضف الإعلانات والإضافات والتجديد التلقائي,تكلفة البث لكل ساعة مشاهدة: أضف الإعلانات والإضافات والتجديد التلقائي,281,2,4,true,2,2026-09-02,true,2026-09-02,PR #134
https://worthcalc.win/ar/guides/subscription-price-increase-annual-impact/,ar,guide,011,memberships,subscription-price-increase-annual-impact,زيادة سعر الاشتراك: احسب أثرها السنوي على ميزانيتك,زيادة سعر الاشتراك: احسب أثرها السنوي على ميزانيتك,475,1,1,true,2,2026-09-02,true,2026-09-02,PR #130
https://worthcalc.win/ar/guides/television-electricity-cost-per-watched-hour-used/,ar,guide,043,everyday,television-electricity-cost-per-watched-hour-used,تكلفة التلفاز لكل ساعة مشاهدة: أدرج وضع الصورة وأجهزة البث,تكلفة التلفاز لكل ساعة مشاهدة: أدرج وضع الصورة وأجهزة البث,267,2,5,false,2,2026-09-02,true,2026-09-02,PR #141
https://worthcalc.win/ar/guides/terrarium-heat-lamp-electricity-cost-per-heating-hour-used/,ar,guide,114,everyday,terrarium-heat-lamp-electricity-cost-per-heating-hour-used,تكلفة مصباح حرارة الحوض لكل ساعة تدفئة: احسب فترة المؤقت,تكلفة مصباح حرارة الحوض لكل ساعة تدفئة: احسب فترة المؤقت,523,5,5,false,4,2026-09-03,true,2026-09-03,PR #154
https://worthcalc.win/ar/guides/toaster-cost-per-use-used/,ar,guide,056,everyday,toaster-cost-per-use-used,تكلفة محمصة الخبز لكل استخدام,تكلفة محمصة الخبز لكل استخدام,391,4,4,false,4,2026-09-02,true,2026-09-02,無資料
https://worthcalc.win/ar/guides/tool-rental-cost-per-project/,ar,guide,015,everyday,tool-rental-cost-per-project,تكلفة استئجار الأداة لكل مشروع: قارن أيام الإيجار بالملكية,تكلفة استئجار الأداة لكل مشروع: قارن أيام الإيجار بالملكية,284,2,4,true,1,2026-09-02,true,2026-09-02,PR #134
https://worthcalc.win/ar/guides/transit-pass-cost-per-ride-used/,ar,guide,015,transportation,transit-pass-cost-per-ride-used,تكلفة بطاقة النقل لكل رحلة مستخدمة: احسب التحويلات والأيام الفائتة,تكلفة بطاقة النقل لكل رحلة مستخدمة: احسب التحويلات والأيام الفائتة,297,2,4,true,1,2026-09-02,true,2026-09-02,PR #134
https://worthcalc.win/ar/guides/true-cost-of-buy-now-pay-later/,ar,guide,013,debt-credit,true-cost-of-buy-now-pay-later,التكلفة الحقيقية للشراء الآن والدفع لاحقاً: احسب الرسوم والتوقيت والمخاطر,التكلفة الحقيقية للشراء الآن والدفع لاحقاً: احسب الرسوم والتوقيت والمخاطر,333,1,3,true,2,2026-09-02,true,2026-09-02,PR #132
https://worthcalc.win/ar/guides/true-cost-of-convenience-delivery/,ar,guide,013,memberships,true-cost-of-convenience-delivery,التكلفة الحقيقية للتوصيل للراحة: أضف الرسوم والإكرامية والوقت,التكلفة الحقيقية للتوصيل للراحة: أضف الرسوم والإكرامية والوقت,352,7,3,true,1,2026-09-02,true,2026-09-02,PR #132
https://worthcalc.win/ar/guides/true-cost-of-extended-warranty/,ar,guide,013,everyday,true-cost-of-extended-warranty,التكلفة الحقيقية للضمان الممتد: قارن التغطية باحتياطي الإصلاح,التكلفة الحقيقية للضمان الممتد: قارن التغطية باحتياطي الإصلاح,316,1,3,true,1,2026-09-02,true,2026-09-02,PR #132
https://worthcalc.win/ar/guides/true-cost-of-free-shipping-threshold/,ar,guide,013,everyday,true-cost-of-free-shipping-threshold,التكلفة الحقيقية لحد الشحن المجاني: متى يجعلك الحد تنفق أكثر؟,التكلفة الحقيقية لحد الشحن المجاني: متى يجعلك الحد تنفق أكثر؟,341,2,3,true,1,2026-09-02,true,2026-09-02,PR #132
https://worthcalc.win/ar/guides/true-cost-of-home-service-plan/,ar,guide,013,housing,true-cost-of-home-service-plan,التكلفة الحقيقية لخطة خدمات المنزل: سعّر التغطية المستخدمة فعلياً,التكلفة الحقيقية لخطة خدمات المنزل: سعّر التغطية المستخدمة فعلياً,303,1,3,true,2,2026-09-02,true,2026-09-02,PR #132
https://worthcalc.win/ar/guides/true-cost-of-rental-car/,ar,guide,013,transportation,true-cost-of-rental-car,التكلفة الحقيقية لاستئجار سيارة: أضف الوقود والتأمين والوديعة والوقت,التكلفة الحقيقية لاستئجار سيارة: أضف الوقود والتأمين والوديعة والوقت,312,1,3,true,1,2026-09-02,true,2026-09-02,PR #132
https://worthcalc.win/ar/guides/true-cost-of-upgrade-feature/,ar,guide,013,memberships,true-cost-of-upgrade-feature,التكلفة الحقيقية لترقية ميزة مدفوعة: قِس القيمة الإضافية لا قائمة المزايا,التكلفة الحقيقية لترقية ميزة مدفوعة: قِس القيمة الإضافية لا قائمة المزايا,315,1,3,true,1,2026-09-02,true,2026-09-02,PR #132
https://worthcalc.win/ar/guides/unused-membership-capacity-cost/,ar,guide,010,memberships,unused-membership-capacity-cost,السعة غير المستخدمة في العضوية: احسب تكلفة المزايا التي لا تستفيد منها,السعة غير المستخدمة في العضوية: احسب تكلفة المزايا التي لا تستفيد منها,218,2,1,true,1,2026-09-02,true,2026-09-02,PR #123
https://worthcalc.win/ar/guides/usb-charging-hub-electricity-cost-per-charging-session-used/,ar,guide,098,everyday,usb-charging-hub-electricity-cost-per-charging-session-used,تكلفة موزع شحن USB لكل جلسة: قِس الأجهزة معاً,تكلفة موزع شحن USB لكل جلسة: قِس الأجهزة معاً,383,5,4,false,7,2026-09-03,true,2026-09-03,PR #151
https://worthcalc.win/ar/guides/vacuum-cleaner-electricity-cost-per-cleaning-hour-used/,ar,guide,047,everyday,vacuum-cleaner-electricity-cost-per-cleaning-hour-used,تكلفة المكنسة الكهربائية لكل ساعة تنظيف: قِس الجلسة الفعلية,تكلفة المكنسة الكهربائية لكل ساعة تنظيف: قِس الجلسة الفعلية,261,3,4,false,2,2026-09-02,true,2026-09-02,PR #142
https://worthcalc.win/ar/guides/waffle-maker-cost-per-cooking-cycle-used/,ar,guide,061,everyday,waffle-maker-cost-per-cooking-cycle-used,تكلفة آلة الوافل لكل دورة طهي: أدرج التسخين والصفائح المتكررة,تكلفة آلة الوافل لكل دورة طهي: أدرج التسخين والصفائح المتكررة,263,4,4,false,4,2026-09-02,true,2026-09-02,無資料
https://worthcalc.win/ar/guides/water-bill-cost-per-gallon-used/,ar,guide,020,everyday,water-bill-cost-per-gallon-used,تكلفة المياه لكل جالون مستخدم: أضف الصرف والرسوم الثابتة,تكلفة المياه لكل جالون مستخدم: أضف الصرف والرسوم الثابتة,352,3,5,true,2,2026-09-02,true,2026-09-02,PR #137
https://worthcalc.win/ar/guides/water-cooler-electricity-cost-per-cooling-day-used/,ar,guide,103,everyday,water-cooler-electricity-cost-per-cooling-day-used,تكلفة مبرد المياه لكل يوم تبريد: افصل الوضع البارد والساخن,تكلفة مبرد المياه لكل يوم تبريد: افصل الوضع البارد والساخن,389,5,4,false,7,2026-09-03,true,2026-09-03,PR #152
https://worthcalc.win/ar/guides/water-heater-cost-per-gallon-heated/,ar,guide,025,everyday,water-heater-cost-per-gallon-heated,تكلفة سخان الماء لكل غالون مسخّن: افصل الماء الساخن عن تكلفة الاستعداد,تكلفة سخان الماء لكل غالون مسخّن: افصل الماء الساخن عن تكلفة الاستعداد,254,3,4,false,2,2026-09-02,true,2026-09-02,PR #138
https://worthcalc.win/ar/guides/webcam-electricity-cost-per-meeting-hour-used/,ar,guide,095,everyday,webcam-electricity-cost-per-meeting-hour-used,تكلفة كاميرا الويب لكل ساعة اجتماع: افصل الكاميرا وإضاءة LED,تكلفة كاميرا الويب لكل ساعة اجتماع: افصل الكاميرا وإضاءة LED,425,5,5,false,7,2026-09-03,true,2026-09-03,PR #151
https://worthcalc.win/de/,de,home,,everyday,de,Transparente Rechner für echte Geldentscheidungen,Vor dem Abschluss den echten Preis berechnen.,944,0,9,true,2,,false,無資料,無資料
https://worthcalc.win/de/annual-fee-card-breakeven/,de,index,,debt-credit,annual-fee-card-breakeven,Wie viel Umsatz gleicht die Jahresgebühr einer Kreditkarte aus?,Wie viel Umsatz gleicht die Jahresgebühr einer Kreditkarte aus?,884,2,0,false,2,,false,無資料,無資料
https://worthcalc.win/de/cashback-caps-real-reward-rate/,de,index,,debt-credit,cashback-caps-real-reward-rate,Cashback-Limits und Bonuskategorien: So berechnen Sie die tatsächliche Rückvergütung,Cashback-Limits und Bonuskategorien: So berechnen Sie die tatsächliche Rückvergütung,942,1,0,true,4,,false,無資料,無資料
https://worthcalc.win/de/ev-vs-gas-total-cost/,de,index,,transportation,ev-vs-gas-total-cost,E-Auto oder Verbrenner: So vergleichen Sie die Gesamtkosten,E-Auto oder Verbrenner: So vergleichen Sie die Gesamtkosten,1132,4,0,true,3,,false,無資料,無資料
https://worthcalc.win/de/full-commute-cost-including-time/,de,index,,transportation,full-commute-cost-including-time,So berechnen Sie die vollständigen Pendelkosten einschließlich Zeit,So berechnen Sie die vollständigen Pendelkosten einschließlich Zeit,821,2,0,true,3,,false,無資料,無資料
https://worthcalc.win/de/guides/,de,index,,everyday,guides,Alle Ratgeber,Alle Ratgeber,618,1,10,false,0,,false,2026-09-06,PR #161
https://worthcalc.win/de/is-costco-executive-membership-worth-it/,de,index,,memberships,is-costco-executive-membership-worth-it,Gibt es Costco Executive in Deutschland? Standorte und 2%-Bonus 2026,Gibt es Costco Executive in Deutschland? Standorte und 2%-Bonus 2026,617,1,0,false,2,,false,無資料,無資料
https://worthcalc.win/de/monthly-vs-annual-subscription/,de,index,,memberships,monthly-vs-annual-subscription,Monats- oder Jahresabo: Wann lohnt sich die jährliche Zahlung?,Monats- oder Jahresabo: Wann lohnt sich die jährliche Zahlung?,972,1,0,false,2,,false,無資料,無資料
https://worthcalc.win/de/new-vs-used-car-total-cost/,de,index,,transportation,new-vs-used-car-total-cost,"Neuwagen oder Gebrauchtwagen: Wertverlust, Reparaturen, Finanzierung und Restwert vergleichen","Neuwagen oder Gebrauchtwagen: Wertverlust, Reparaturen, Finanzierung und Restwert vergleichen",1157,2,1,true,4,,false,無資料,無資料
https://worthcalc.win/de/terms/,de,legal,,everyday,terms,Nutzungsbedingungen für WorthCalc,Nutzungsbedingungen für WorthCalc,338,0,0,false,1,,false,2026-07-19,PR #71
https://worthcalc.win/de/tools/,de,index,,everyday,tools,Alle Rechner,Alle Rechner,553,2,4,true,0,,false,2026-09-06,PR #161
https://worthcalc.win/de/tools/commute-cost/,de,tool,,transportation,commute-cost,Pendelkosten-Rechner inklusive Zeit,Pendelkosten-Rechner inklusive Zeit,701,2,1,true,3,,false,2026-07-19,PR #77
https://worthcalc.win/de/tools/ev-vs-gas/,de,tool,,transportation,ev-vs-gas,Gesamtkosten-Rechner: Elektroauto oder Benziner,Gesamtkosten-Rechner: Elektroauto oder Benziner,761,2,2,true,3,,false,2026-07-19,PR #77
https://worthcalc.win/de/tools/installment-true-apr/,de,tool,,debt-credit,installment-true-apr,Effektiver-Jahreszins-Rechner für Ratenkauf,Effektiver-Jahreszins-Rechner für Ratenkauf,550,3,1,true,2,,false,2026-07-19,PR #77
https://worthcalc.win/de/tools/rent-vs-buy/,de,tool,,housing,rent-vs-buy,Mieten-oder-Kaufen-Rechner für Deutschland,Mieten-oder-Kaufen-Rechner für Deutschland,677,2,0,true,4,,false,2026-07-19,PR #77
https://worthcalc.win/de/true-cost-of-car-ownership/,de,index,,transportation,true-cost-of-car-ownership,"Autokosten in Deutschland: Kfz-Steuer, Typklasse und HU realistisch einplanen","Autokosten in Deutschland: Kfz-Steuer, Typklasse und HU realistisch einplanen",965,1,0,false,4,,false,無資料,無資料
https://worthcalc.win/de/zero-interest-installments-truth/,de,index,,debt-credit,zero-interest-installments-truth,So berechnen Sie die tatsächlichen Kosten einer 0%-Finanzierung,So berechnen Sie die tatsächlichen Kosten einer 0%-Finanzierung,778,3,1,false,2,,false,無資料,無資料
https://worthcalc.win/en/about/,en,legal,,everyday,about,About WorthCalc,About WorthCalc,546,1,4,true,0,,false,2026-07-03,無資料
https://worthcalc.win/en/annual-fee-card-breakeven/,en,index,,debt-credit,annual-fee-card-breakeven,Credit Card Annual Fee Break-Even: How Much to Spend on a $95 Fee,Credit Card Annual Fee Break-Even: How Much to Spend on a $95 Fee,1547,5,2,true,2,,false,2026-07-17,PR #14
https://worthcalc.win/en/annual-vs-monthly-billing/,en,index,,memberships,annual-vs-monthly-billing,Annual or Monthly Billing? The Breakeven Math on Subscription Discounts,Annual or Monthly Billing? The Breakeven Math on Subscription Discounts,786,3,3,true,0,,false,2026-07-20,PR #91
https://worthcalc.win/en/apr-vs-apy/,en,index,,debt-credit,apr-vs-apy,"APR vs APY: Interest Rate, Borrowing Cost & Savings Yield Explained",APR vs. APY: Why Borrowing Rates and Savings Yields Are Not the Same Number,1420,5,3,true,4,,false,無資料,無資料
https://worthcalc.win/en/average-commuting-cost/,en,index,,transportation,average-commuting-cost,Average Commuting Cost: Build a Benchmark Without a Misleading National Average,Average Commuting Cost: Build a Benchmark Without a Misleading National Average,1017,2,2,true,3,,false,2026-08-07,PR #112
https://worthcalc.win/en/bnpl-vs-credit-card-installments/,en,index,,debt-credit,bnpl-vs-credit-card-installments,"Buy now, pay later vs credit-card installments: compare total cost and timing","Buy now, pay later vs credit-card installments: compare total cost and timing",1487,2,2,false,3,,false,無資料,無資料
https://worthcalc.win/en/budget-with-irregular-income/,en,index,,income-savings,budget-with-irregular-income,How to Budget on Irregular Income Without Guessing Next Month,How to Budget on Irregular Income Without Guessing Next Month,1008,6,2,true,3,,false,無資料,無資料
https://worthcalc.win/en/bulk-buying-vs-small-packages/,en,index,,everyday,bulk-buying-vs-small-packages,Bulk buy or small pack? Effective unit cost after waste and storage,Bulk buy or small pack? Effective unit cost after waste and storage,771,2,0,true,2,,false,無資料,無資料
https://worthcalc.win/en/bulk-buying-waste-math/,en,index,,everyday,bulk-buying-waste-math,Is Buying in Bulk Actually Cheaper? Price the Part You Throw Away,Is Buying in Bulk Actually Cheaper? Price the Part You Throw Away,981,3,3,true,2,,false,2026-07-19,PR #83
https://worthcalc.win/en/car-lease-vs-buy-total-cost/,en,index,,transportation,car-lease-vs-buy-total-cost,"Lease vs buy a car: compare total cost, mileage, and resale risk","Lease vs buy a car: compare total cost, mileage, and resale risk",1513,2,1,true,3,,false,無資料,無資料
https://worthcalc.win/en/cashback-caps-real-reward-rate/,en,index,,debt-credit,cashback-caps-real-reward-rate,Cashback caps and bonus categories: calculate your real reward rate,Cashback caps and bonus categories: calculate your real reward rate,1178,2,1,true,3,,false,無資料,無資料
https://worthcalc.win/en/changelog/,en,legal,,everyday,changelog,Changelog,Changelog,405,0,0,true,0,,false,2026-07-03,無資料
https://worthcalc.win/en/contact/,en,legal,,everyday,contact,Contact WorthCalc,Contact WorthCalc,476,1,2,true,0,,false,2026-07-03,無資料
https://worthcalc.win/en/cost-per-use-expensive-item/,en,index,,everyday,cost-per-use-expensive-item,Cost per use calculator for expensive items: expected vs actual value,Cost per use calculator for expensive items: expected vs actual value,724,2,0,true,2,,false,無資料,無資料
https://worthcalc.win/en/costco-math/,en,index,,memberships,costco-math,The Math of Warehouse Club Memberships,The Math of Warehouse Club Memberships,970,6,3,true,2,,false,2026-07-03,無資料
https://worthcalc.win/en/credit-card-minimum-payment-trap/,en,index,,debt-credit,credit-card-minimum-payment-trap,Why Your Credit Card Statement Warns You About the Minimum Payment,Why Your Credit Card Statement Warns You About the Minimum Payment,1024,3,1,true,2,,false,無資料,無資料
https://worthcalc.win/en/delivery-membership-break-even/,en,index,,memberships,delivery-membership-break-even,When is a delivery membership worth the annual fee?,When is a delivery membership worth the annual fee?,1083,2,0,true,2,,false,無資料,無資料
https://worthcalc.win/en/disclaimer/,en,legal,,everyday,disclaimer,Disclaimer,Disclaimer,552,2,0,true,0,,false,2026-07-03,無資料
https://worthcalc.win/en/emergency-fund-irregular-income/,en,index,,income-savings,emergency-fund-irregular-income,Emergency Fund for Irregular Income: Freelancer & Variable-Pay Guide,Emergency Fund for Irregular Income: A Better Method Than “Six Months of Salary”,1519,5,6,true,4,,false,無資料,無資料
https://worthcalc.win/en/energy-efficient-appliance-payback/,en,index,,everyday,energy-efficient-appliance-payback,"Energy-efficient appliance payback: price premium, kWh savings, and break-even","Energy-efficient appliance payback: price premium, kWh savings, and break-even",809,2,0,true,3,,false,無資料,無資料
https://worthcalc.win/en/ev-vs-gas-total-cost/,en,index,,transportation,ev-vs-gas-total-cost,EV vs gas car: how to compare total cost of ownership,EV vs gas car: how to compare total cost of ownership,1435,6,0,true,3,,false,無資料,無資料
https://worthcalc.win/en/extended-warranty-math/,en,index,,everyday,extended-warranty-math,Is the Extended Warranty Worth It? The Expected-Value Math and Three Real Exceptions,Is the Extended Warranty Worth It? The Expected-Value Math and Three Real Exceptions,823,2,1,true,0,,false,2026-07-21,PR #92
https://worthcalc.win/en/extra-mortgage-payments-guide/,en,index,,housing,extra-mortgage-payments-guide,Extra Mortgage Payments: What They Actually Save You,Extra Mortgage Payments: What They Actually Save You,1055,3,1,true,1,,false,無資料,無資料
https://worthcalc.win/en/free-shipping-threshold/,en,index,,everyday,free-shipping-threshold,Is Chasing Free Shipping Worth It? Threshold Psychology and the One Rule That Never Loses,Is Chasing Free Shipping Worth It? Threshold Psychology and the One Rule That Never Loses,885,3,3,true,0,,false,2026-07-24,PR #96
https://worthcalc.win/en/freelancer-pricing-decision-engine/,en,index,,everyday,freelancer-pricing-decision-engine,Freelancer Pricing Decision Engine,Freelancer Pricing Decision Engine,343,0,0,true,2,,false,無資料,無資料
https://worthcalc.win/en/full-commute-cost-including-time/,en,index,,transportation,full-commute-cost-including-time,"How to calculate the full cost of commuting, including your time","How to calculate the full cost of commuting, including your time",1182,2,0,true,3,,false,無資料,無資料
https://worthcalc.win/en/guides/,en,index,,everyday,guides,All guides,All guides,3239,8,258,true,0,,false,2026-09-06,PR #161
https://worthcalc.win/en/guides/3d-printer-electricity-cost-per-print-used/,en,guide,079,everyday,3d-printer-electricity-cost-per-print-used,3D Printer Electricity Cost Per Print Used: Allocate Heat-Up and Print Runtime,3D Printer Electricity Cost Per Print Used: Allocate Heat-Up and Print Runtime,654,5,4,false,5,2026-09-03,true,2026-09-03,無資料
https://worthcalc.win/en/guides/3d-scanner-electricity-cost-per-scanning-session-used/,en,guide,086,everyday,3d-scanner-electricity-cost-per-scanning-session-used,3D Scanner Electricity Cost Per Scanning Session Used: Separate Computer Load,3D Scanner Electricity Cost Per Scanning Session Used: Separate Computer Load,544,5,4,false,5,2026-09-03,true,2026-09-03,無資料
https://worthcalc.win/en/guides/ai-tool-realized-time-savings-break-even/,en,guide,009,memberships,ai-tool-realized-time-savings-break-even,"AI Tool ROI Without Fantasy Hours: Measure Realized Time Savings, Rework and Recoverable Value","AI Tool ROI Without Fantasy Hours: Measure Realized Time Savings, Rework and Recoverable Value",1625,2,0,true,0,2026-09-01,true,2026-09-02,PR #121
https://worthcalc.win/en/guides/air-fryer-cost-per-cooking-cycle-used/,en,guide,053,everyday,air-fryer-cost-per-cooking-cycle-used,Air Fryer Cost Per Cooking Cycle Used,Air Fryer Cost Per Cooking Cycle Used,458,5,4,false,4,2026-09-02,true,2026-09-02,無資料
https://worthcalc.win/en/guides/air-purifier-cost-per-clean-air-hour-used/,en,guide,031,everyday,air-purifier-cost-per-clean-air-hour-used,"Air Purifier Cost Per Clean-Air Hour Used: Compare Watts, CADR, and Filters","Air Purifier Cost Per Clean-Air Hour Used: Compare Watts, CADR, and Filters",303,3,4,false,2,2026-09-02,true,2026-09-02,無資料
https://worthcalc.win/en/guides/amortization-schedule-explained/,en,guide,002,debt-credit,amortization-schedule-explained,"Amortization Schedule Explained: Principal, Interest, Balance, and Extra Payments","Amortization Schedule Explained: Principal, Interest, Balance, and Extra Payments",1684,3,6,true,2,2026-08-30,true,2026-09-02,PR #120
https://worthcalc.win/en/guides/annual-bills-cash-flow-low-point/,en,guide,007,income-savings,annual-bills-cash-flow-low-point,"Annual Bills Cash-Flow Low Point: Build a 12-Month Calendar Before Insurance, Tuition, Taxes, and Renewals Hit","Annual Bills Cash-Flow Low Point: Build a 12-Month Calendar Before Insurance, Tuition, Taxes, and Renewals Hit",2222,4,3,true,3,2026-09-01,true,2026-09-02,PR #121
https://worthcalc.win/en/guides/annual-bills-monthly-equivalent/,en,guide,002,income-savings,annual-bills-monthly-equivalent,Annual Bills to Monthly Budget: How to Normalize Irregular Expenses,Annual Bills to Monthly Budget: How to Normalize Irregular Expenses,1709,11,7,true,1,2026-08-30,true,2026-09-02,PR #120
https://worthcalc.win/en/guides/annual-cost-savings-calculator/,en,guide,010,income-savings,annual-cost-savings-calculator,"Annual Cost Savings Calculator: Compare Real Savings After Fees, Waste, and Usage","Annual Cost Savings Calculator: Compare Real Savings After Fees, Waste, and Usage",678,43,8,true,2,2026-09-02,true,2026-09-02,PR #123
https://worthcalc.win/en/guides/annual-plan-cancellation-risk-break-even/,en,guide,009,memberships,annual-plan-cancellation-risk-break-even,Annual vs. Monthly Subscription: A Cancellation-Risk Break-Even Model,Annual vs. Monthly Subscription: A Cancellation-Risk Break-Even Model,1544,2,0,true,0,2026-09-01,true,2026-09-02,PR #121
https://worthcalc.win/en/guides/annual-vs-monthly-insurance-payment/,en,guide,006,everyday,annual-vs-monthly-insurance-payment,Annual vs. Monthly Insurance Payments: Compare Surcharges and Liquidity,Annual vs. Monthly Insurance Payments: Compare Surcharges and Liquidity,1666,3,3,false,1,2026-09-02,true,2026-09-02,PR #121
https://worthcalc.win/en/guides/aquarium-air-pump-electricity-cost-per-filtration-day-used/,en,guide,105,everyday,aquarium-air-pump-electricity-cost-per-filtration-day-used,Aquarium Air Pump Electricity Cost Per Filtration Day Used: Include Back Pressure,Aquarium Air Pump Electricity Cost Per Filtration Day Used: Include Back Pressure,497,5,4,false,7,2026-09-03,true,2026-09-03,PR #152
https://worthcalc.win/en/guides/aquarium-heater-electricity-cost-per-tank-day-used/,en,guide,113,everyday,aquarium-heater-electricity-cost-per-tank-day-used,Aquarium Heater Electricity Cost Per Tank Day Used: Separate Thermostat Cycles,Aquarium Heater Electricity Cost Per Tank Day Used: Separate Thermostat Cycles,636,6,5,false,4,2026-09-03,true,2026-09-03,PR #154
https://worthcalc.win/en/guides/attic-fan-electricity-cost-per-ventilation-hour-used/,en,guide,123,everyday,attic-fan-electricity-cost-per-ventilation-hour-used,Attic Fan Electricity Cost Per Ventilation Hour Used: Measure Duty Cycle,Attic Fan Electricity Cost Per Ventilation Hour Used: Measure Duty Cycle,441,2,4,false,3,2026-09-03,true,2026-09-03,PR #155
https://worthcalc.win/en/guides/auto-loan-negative-equity-rollover-cost/,en,guide,007,transportation,auto-loan-negative-equity-rollover-cost,Rolling Negative Equity Into a New Auto Loan: Calculate the Real Cost Before You Trade,Rolling Negative Equity Into a New Auto Loan: Calculate the Real Cost Before You Trade,2012,4,3,true,3,2026-09-01,true,2026-09-02,PR #121
https://worthcalc.win/en/guides/balance-transfer-break-even/,en,guide,004,debt-credit,balance-transfer-break-even,"Balance Transfer Break-Even: Fee, Promo Window, and Required Payoff Payment","Balance Transfer Break-Even: Fee, Promo Window, and Required Payoff Payment",1816,3,0,true,3,2026-08-31,true,2026-09-02,PR #120
https://worthcalc.win/en/guides/bathroom-ventilation-fan-electricity-cost-per-shower-used/,en,guide,102,everyday,bathroom-ventilation-fan-electricity-cost-per-shower-used,Bathroom Ventilation Fan Electricity Cost Per Shower Used: Include Run-On Timer,Bathroom Ventilation Fan Electricity Cost Per Shower Used: Include Run-On Timer,487,7,4,false,7,2026-09-03,true,2026-09-03,PR #152
https://worthcalc.win/en/guides/benefits-replacement-cost-vs-salary/,en,guide,009,income-savings,benefits-replacement-cost-vs-salary,"Benefits vs. Higher Salary: Use Replacement Cost, Not Employer Sticker Value","Benefits vs. Higher Salary: Use Replacement Cost, Not Employer Sticker Value",1590,2,0,true,0,2026-09-01,true,2026-09-02,PR #121
https://worthcalc.win/en/guides/billing-date-cash-flow-overlap/,en,guide,011,income-savings,billing-date-cash-flow-overlap,Billing Date Cash-Flow Overlap: Plan for Large Charges in the Same Week,Billing Date Cash-Flow Overlap: Plan for Large Charges in the Same Week,561,3,6,false,2,2026-09-02,true,2026-09-02,PR #130
https://worthcalc.win/en/guides/blender-cost-per-blending-session-used/,en,guide,057,everyday,blender-cost-per-blending-session-used,Blender Cost Per Blending Session Used,Blender Cost Per Blending Session Used,470,5,4,false,4,2026-09-02,true,2026-09-02,無資料
https://worthcalc.win/en/guides/bonus-volatility-fixed-cost-capacity/,en,guide,009,income-savings,bonus-volatility-fixed-cost-capacity,Bonus Volatility and Fixed-Cost Capacity: Compare Offers Without Treating Target Bonus as Guaranteed Pay,Bonus Volatility and Fixed-Cost Capacity: Compare Offers Without Treating Target Bonus as Guaranteed Pay,1553,2,0,true,0,2026-09-01,true,2026-09-02,PR #121
https://worthcalc.win/en/guides/bread-maker-cost-per-loaf-used/,en,guide,065,everyday,bread-maker-cost-per-loaf-used,Bread Maker Cost Per Loaf Used: Allocate Kneading and Baking Energy,Bread Maker Cost Per Loaf Used: Allocate Kneading and Baking Energy,711,5,4,false,4,2026-09-03,true,2026-09-03,無資料
https://worthcalc.win/en/guides/car-down-payment-vs-liquidity/,en,guide,005,transportation,car-down-payment-vs-liquidity,Car Down Payment vs. Liquidity: Lower Loan Payment or More Cash After Purchase?,Car Down Payment vs. Liquidity: Lower Loan Payment or More Cash After Purchase?,1655,8,4,true,3,2026-08-31,true,2026-09-02,PR #120
https://worthcalc.win/en/guides/car-loan-60-vs-72-vs-84-early-exit/,en,guide,006,transportation,car-loan-60-vs-72-vs-84-early-exit,"Car Loan 60 vs. 72 vs. 84 Months: Compare the Balance at an Early Exit, Not Just the Payment","Car Loan 60 vs. 72 vs. 84 Months: Compare the Balance at an Early Exit, Not Just the Payment",2046,5,5,false,3,2026-09-02,true,2026-09-02,PR #121
https://worthcalc.win/en/guides/cash-discount-vs-financing/,en,guide,002,debt-credit,cash-discount-vs-financing,Cash Discount vs. Financing: The Discount You Give Up Is Part of the Borrowing Cost,Cash Discount vs. Financing: The Discount You Give Up Is Part of the Borrowing Cost,1581,4,3,true,1,2026-08-30,true,2026-09-02,PR #120
https://worthcalc.win/en/guides/cash-flow-buffer-vs-emergency-fund/,en,guide,002,income-savings,cash-flow-buffer-vs-emergency-fund,Cash-Flow Buffer vs. Emergency Fund: They Solve Different Problems,Cash-Flow Buffer vs. Emergency Fund: They Solve Different Problems,1635,6,5,true,1,2026-08-30,true,2026-09-02,PR #120
https://worthcalc.win/en/guides/cash-runway-before-quitting-job/,en,guide,008,income-savings,cash-runway-before-quitting-job,Cash Runway Before Quitting Your Job: Build a Dated Bridge to the Next Reliable Income,Cash Runway Before Quitting Your Job: Build a Dated Bridge to the Next Reliable Income,1586,4,3,true,0,2026-09-01,true,2026-09-02,PR #121
https://worthcalc.win/en/guides/cash-vs-financing-car-liquidity/,en,guide,006,transportation,cash-vs-financing-car-liquidity,Pay Cash for a Car vs. Finance: A Liquidity-Adjusted Cost Test,Pay Cash for a Car vs. Finance: A Liquidity-Adjusted Cost Test,1882,3,3,false,2,2026-09-02,true,2026-09-02,PR #121
https://worthcalc.win/en/guides/ceiling-fan-cost-per-operating-hour-used/,en,guide,030,everyday,ceiling-fan-cost-per-operating-hour-used,Ceiling Fan Cost Per Operating Hour Used: Separate Airflow From Lighting,Ceiling Fan Cost Per Operating Hour Used: Separate Airflow From Lighting,293,3,4,false,2,2026-09-02,true,2026-09-02,無資料
https://worthcalc.win/en/guides/ceiling-fan-electricity-cost-per-cooling-hour-used/,en,guide,101,everyday,ceiling-fan-electricity-cost-per-cooling-hour-used,Ceiling Fan Electricity Cost Per Cooling Hour Used: Separate Light and Standby,Ceiling Fan Electricity Cost Per Cooling Hour Used: Separate Light and Standby,533,6,5,false,7,2026-09-03,true,2026-09-03,PR #152
https://worthcalc.win/en/guides/childcare-cost-per-hour-used/,en,guide,015,income-savings,childcare-cost-per-hour-used,Childcare Cost Per Hour Used: Price the Schedule You Actually Need,Childcare Cost Per Hour Used: Price the Schedule You Actually Need,405,3,4,true,1,2026-09-02,true,2026-09-02,PR #134
https://worthcalc.win/en/guides/childcare-return-to-work-break-even/,en,guide,006,income-savings,childcare-return-to-work-break-even,Childcare vs. Returning to Work: A Take-Home Pay Break-Even Framework,Childcare vs. Returning to Work: A Take-Home Pay Break-Even Framework,1931,4,4,true,2,2026-09-02,true,2026-09-02,PR #121
https://worthcalc.win/en/guides/clothes-dryer-cost-per-load-used/,en,guide,023,everyday,clothes-dryer-cost-per-load-used,"Clothes Dryer Cost Per Load Used: Compare Heat, Time, and Load Size","Clothes Dryer Cost Per Load Used: Compare Heat, Time, and Load Size",477,2,5,false,2,2026-09-02,true,2026-09-02,PR #138
https://worthcalc.win/en/guides/cloud-storage-cost-per-retained-gb/,en,guide,016,everyday,cloud-storage-cost-per-retained-gb,Cloud Storage Cost Per Retained GB: Include Duplicate and Unused Capacity,Cloud Storage Cost Per Retained GB: Include Duplicate and Unused Capacity,393,4,4,true,2,2026-09-02,true,2026-09-02,PR #135
https://worthcalc.win/en/guides/coffee-maker-cost-per-brew-used/,en,guide,050,everyday,coffee-maker-cost-per-brew-used,"Coffee Maker Cost Per Brew Used: Separate Brewing, Warming, and the Cup Served","Coffee Maker Cost Per Brew Used: Separate Brewing, Warming, and the Cup Served",373,4,4,false,2,2026-09-02,true,2026-09-02,PR #142
https://worthcalc.win/en/guides/computer-electricity-cost-per-day-used/,en,guide,041,everyday,computer-electricity-cost-per-day-used,"Computer Electricity Cost Per Day Used: Separate Work, Sleep, and Charging","Computer Electricity Cost Per Day Used: Separate Work, Sleep, and Charging",380,4,4,false,2,2026-09-02,true,2026-09-02,PR #141
https://worthcalc.win/en/guides/cost-of-delaying-savings-goal/,en,guide,004,income-savings,cost-of-delaying-savings-goal,Cost of Delaying a Savings Goal: How Much More Must You Save if You Wait 12 or 24 Months?,Cost of Delaying a Savings Goal: How Much More Must You Save if You Wait 12 or 24 Months?,1746,3,0,true,3,2026-08-31,true,2026-09-02,PR #120
https://worthcalc.win/en/guides/cost-per-use-kitchen-appliance/,en,guide,014,everyday,cost-per-use-kitchen-appliance,"Kitchen Appliance Cost Per Use: Include Energy, Cleaning, and Replacement","Kitchen Appliance Cost Per Use: Include Energy, Cleaning, and Replacement",396,8,4,true,2,2026-09-02,true,2026-09-02,PR #133
https://worthcalc.win/en/guides/cost-per-wear-clothing/,en,guide,014,everyday,cost-per-wear-clothing,Cost Per Wear Calculator: Price Clothing by Realistic Uses,Cost Per Wear Calculator: Price Clothing by Realistic Uses,418,3,4,true,1,2026-09-02,true,2026-09-02,PR #133
https://worthcalc.win/en/guides/costco-executive-break-even-eligible-spend/,en,guide,012,memberships,costco-executive-break-even-eligible-spend,Costco Executive Break-Even: How Much Eligible Spending Covers the Upgrade?,Costco Executive Break-Even: How Much Eligible Spending Covers the Upgrade?,703,7,3,true,3,2026-09-02,true,2026-09-02,PR #131
https://worthcalc.win/en/guides/costco-gas-detour-break-even/,en,guide,012,memberships,costco-gas-detour-break-even,Costco Gas Detour Break-Even: Is the Lower Price Worth the Extra Drive?,Costco Gas Detour Break-Even: Is the Lower Price Worth the Extra Drive?,618,2,2,false,2,2026-09-02,true,2026-09-02,PR #131
https://worthcalc.win/en/guides/costco-household-card-break-even-use/,en,guide,012,memberships,costco-household-card-break-even-use,Costco Household Card Break-Even: When Does Shared Use Add Real Value?,Costco Household Card Break-Even: When Does Shared Use Add Real Value?,610,2,3,false,3,2026-09-02,true,2026-09-02,PR #131
https://worthcalc.win/en/guides/costco-membership-fee-break-even-savings/,en,guide,012,memberships,costco-membership-fee-break-even-savings,Costco Membership Fee Break-Even: How Much Shopping Must Be Cheaper?,Costco Membership Fee Break-Even: How Much Shopping Must Be Cheaper?,636,5,3,false,1,2026-09-02,true,2026-09-02,PR #131
https://worthcalc.win/en/guides/costco-renewal-refund-reward-timing/,en,guide,012,memberships,costco-renewal-refund-reward-timing,"Costco Renewal, Refund, and Reward Timing: Calculate the Net Membership Cost","Costco Renewal, Refund, and Reward Timing: Calculate the Net Membership Cost",568,2,4,false,3,2026-09-02,true,2026-09-02,PR #131
https://worthcalc.win/en/guides/costco-reward-cap-usage-break-even/,en,guide,012,memberships,costco-reward-cap-usage-break-even,Costco Reward Cap: Find the Spending Level Where More Purchases Stop Helping,Costco Reward Cap: Find the Spending Level Where More Purchases Stop Helping,561,2,3,false,3,2026-09-02,true,2026-09-02,PR #131
https://worthcalc.win/en/guides/costco-reward-exclusion-effective-rate/,en,guide,012,memberships,costco-reward-exclusion-effective-rate,Costco Reward Exclusions: Calculate Your Effective Reward Rate,Costco Reward Exclusions: Calculate Your Effective Reward Rate,586,5,3,true,3,2026-09-02,true,2026-09-02,PR #131
https://worthcalc.win/en/guides/countertop-ice-maker-cost-per-batch-used/,en,guide,071,everyday,countertop-ice-maker-cost-per-batch-used,Countertop Ice Maker Cost Per Batch Used: Include Freeze and Hold Time,Countertop Ice Maker Cost Per Batch Used: Include Freeze and Hold Time,633,5,4,false,4,2026-09-03,true,2026-09-03,無資料
https://worthcalc.win/en/guides/coworking-membership-cost-per-day/,en,guide,014,memberships,coworking-membership-cost-per-day,Coworking Membership Cost Per Day: Include Access You Do Not Use,Coworking Membership Cost Per Day: Include Access You Do Not Use,389,3,4,true,1,2026-09-02,true,2026-09-02,PR #133
https://worthcalc.win/en/guides/debt-consolidation-break-even/,en,guide,004,debt-credit,debt-consolidation-break-even,Debt Consolidation Break-Even: Lower Payment vs. Lower Total Cost,Debt Consolidation Break-Even: Lower Payment vs. Lower Total Cost,2147,3,2,true,2,2026-08-31,true,2026-09-02,PR #120
https://worthcalc.win/en/guides/debt-to-assets-ratio-personal/,en,guide,002,debt-credit,debt-to-assets-ratio-personal,"Personal Debt-to-Assets Ratio: A Balance-Sheet Metric, Not a Lending DTI Rule","Personal Debt-to-Assets Ratio: A Balance-Sheet Metric, Not a Lending DTI Rule",1610,2,3,true,1,2026-08-30,true,2026-09-02,PR #120
https://worthcalc.win/en/guides/dehumidifier-cost-per-pint-removed/,en,guide,029,everyday,dehumidifier-cost-per-pint-removed,"Dehumidifier Cost Per Pint Removed: Compare Energy, Runtime, and Moisture","Dehumidifier Cost Per Pint Removed: Compare Energy, Runtime, and Moisture",296,3,4,false,2,2026-09-02,true,2026-09-02,無資料
https://worthcalc.win/en/guides/dehumidifier-electricity-cost-per-laundry-drying-session-used/,en,guide,121,everyday,dehumidifier-electricity-cost-per-laundry-drying-session-used,Dehumidifier Electricity Cost Per Drying Hour Used: Include Compressor Pauses,Dehumidifier Electricity Cost Per Drying Hour Used: Include Compressor Pauses,586,5,4,false,4,2026-09-03,true,2026-09-03,PR #155
https://worthcalc.win/en/guides/desk-fan-electricity-cost-per-cooling-hour-used/,en,guide,093,everyday,desk-fan-electricity-cost-per-cooling-hour-used,Desk Fan Electricity Cost Per Cooling Hour Used: Include Speed and Oscillation,Desk Fan Electricity Cost Per Cooling Hour Used: Include Speed and Oscillation,486,5,4,false,5,2026-09-03,true,2026-09-03,無資料
https://worthcalc.win/en/guides/desktop-speakers-electricity-cost-per-listening-hour-used/,en,guide,082,everyday,desktop-speakers-electricity-cost-per-listening-hour-used,Desktop Speakers Electricity Cost Per Listening Hour Used: Measure Amplifier and Idle Draw,Desktop Speakers Electricity Cost Per Listening Hour Used: Measure Amplifier and Idle Draw,646,5,4,false,5,2026-09-03,true,2026-09-03,無資料
https://worthcalc.win/en/guides/digital-photo-frame-electricity-cost-per-display-day-used/,en,guide,100,everyday,digital-photo-frame-electricity-cost-per-display-day-used,Digital Photo Frame Electricity Cost Per Display Day Used: Separate Screen and Network Standby,Digital Photo Frame Electricity Cost Per Display Day Used: Separate Screen and Network Standby,486,2,4,false,7,2026-09-03,true,2026-09-03,PR #151
https://worthcalc.win/en/guides/dishwasher-cost-per-cycle-used/,en,guide,022,everyday,dishwasher-cost-per-cycle-used,"Dishwasher Cost Per Cycle Used: Count Energy, Water, and Detergent","Dishwasher Cost Per Cycle Used: Count Energy, Water, and Detergent",483,4,5,false,2,2026-09-02,true,2026-09-02,PR #137
https://worthcalc.win/en/guides/document-camera-electricity-cost-per-presentation-hour-used/,en,guide,099,everyday,document-camera-electricity-cost-per-presentation-hour-used,Document Camera Electricity Cost Per Presentation Hour Used: Include Lamp and Computer,Document Camera Electricity Cost Per Presentation Hour Used: Include Lamp and Computer,483,5,4,false,7,2026-09-03,true,2026-09-03,PR #151
https://worthcalc.win/en/guides/e-reader-electricity-cost-per-reading-hour-used/,en,guide,090,everyday,e-reader-electricity-cost-per-reading-hour-used,E-Reader Electricity Cost Per Reading Hour Used: Count Charging Energy,E-Reader Electricity Cost Per Reading Hour Used: Count Charging Energy,498,5,4,false,5,2026-09-03,true,2026-09-03,無資料
https://worthcalc.win/en/guides/electric-air-pump-electricity-cost-per-inflation-session-used/,en,guide,106,income-savings,electric-air-pump-electricity-cost-per-inflation-session-used,Electric Air Pump Electricity Cost Per Inflation Session Used: Include Pressure Cutoff,Electric Air Pump Electricity Cost Per Inflation Session Used: Include Pressure Cutoff,498,2,4,false,7,2026-09-03,true,2026-09-03,PR #152
https://worthcalc.win/en/guides/electric-blanket-cost-per-night-used/,en,guide,046,everyday,electric-blanket-cost-per-night-used,Electric Blanket Cost Per Night Used: Include Heat Settings and Actual Bedtime,Electric Blanket Cost Per Night Used: Include Heat Settings and Actual Bedtime,347,3,4,false,2,2026-09-02,true,2026-09-02,PR #141
https://worthcalc.win/en/guides/electric-can-opener-cost-per-use-used/,en,guide,070,everyday,electric-can-opener-cost-per-use-used,"Electric Can Opener Cost Per Use Used: Measure Motor Time, Not Rated Watts","Electric Can Opener Cost Per Use Used: Measure Motor Time, Not Rated Watts",740,5,4,false,4,2026-09-03,true,2026-09-03,無資料
https://worthcalc.win/en/guides/electric-citrus-juicer-cost-per-juice-session-used/,en,guide,072,everyday,electric-citrus-juicer-cost-per-juice-session-used,Electric Citrus Juicer Cost Per Juice Session Used: Measure Pressing Time,Electric Citrus Juicer Cost Per Juice Session Used: Measure Pressing Time,633,5,4,false,4,2026-09-03,true,2026-09-03,無資料
https://worthcalc.win/en/guides/electric-egg-cooker-cost-per-cooking-cycle-used/,en,guide,068,everyday,electric-egg-cooker-cost-per-cooking-cycle-used,Electric Egg Cooker Cost Per Cooking Cycle Used: Count Water and Warm-Up,Electric Egg Cooker Cost Per Cooking Cycle Used: Count Water and Warm-Up,737,5,4,false,4,2026-09-03,true,2026-09-03,無資料
https://worthcalc.win/en/guides/electric-fireplace-electricity-cost-per-heating-hour-used/,en,guide,118,everyday,electric-fireplace-electricity-cost-per-heating-hour-used,Electric Fireplace Electricity Cost Per Heating Hour Used: Separate Flame Mode,Electric Fireplace Electricity Cost Per Heating Hour Used: Separate Flame Mode,628,10,5,false,4,2026-09-03,true,2026-09-03,PR #154
https://worthcalc.win/en/guides/electric-food-warmer-cost-per-heating-hour-used/,en,guide,076,everyday,electric-food-warmer-cost-per-heating-hour-used,Electric Food Warmer Cost Per Heating Hour Used: Measure Thermostat Cycling,Electric Food Warmer Cost Per Heating Hour Used: Measure Thermostat Cycling,646,5,4,false,4,2026-09-03,true,2026-09-03,無資料
https://worthcalc.win/en/guides/electric-foot-massager-electricity-cost-per-massage-session-used/,en,guide,094,everyday,electric-foot-massager-electricity-cost-per-massage-session-used,Electric Foot Massager Cost Per Massage Session Used: Separate Standby and Heat,Electric Foot Massager Cost Per Massage Session Used: Separate Standby and Heat,478,5,4,false,5,2026-09-03,true,2026-09-03,無資料
https://worthcalc.win/en/guides/electric-griddle-cost-per-cooking-hour-used/,en,guide,062,everyday,electric-griddle-cost-per-cooking-hour-used,Electric Griddle Cost Per Cooking Hour Used: Separate Heat-Up and Active Cooking,Electric Griddle Cost Per Cooking Hour Used: Separate Heat-Up and Active Cooking,348,5,4,false,4,2026-09-02,true,2026-09-02,無資料
https://worthcalc.win/en/guides/electric-hand-mixer-electricity-cost-per-mixing-session-used/,en,guide,112,everyday,electric-hand-mixer-electricity-cost-per-mixing-session-used,Electric Hand Mixer Electricity Cost Per Mixing Session Used: Count Speed,Electric Hand Mixer Electricity Cost Per Mixing Session Used: Count Speed,383,6,5,false,4,2026-09-03,true,2026-09-03,PR #153
https://worthcalc.win/en/guides/electric-insect-zapper-electricity-cost-per-overnight-used/,en,guide,115,everyday,electric-insect-zapper-electricity-cost-per-overnight-used,Electric Insect Zapper Electricity Cost Per Overnight Used: Include Standby,Electric Insect Zapper Electricity Cost Per Overnight Used: Include Standby,647,6,5,false,4,2026-09-03,true,2026-09-03,PR #154
https://worthcalc.win/en/guides/electric-kettle-cost-per-boil-used/,en,guide,049,everyday,electric-kettle-cost-per-boil-used,Electric Kettle Cost Per Boil Used: Account for Water Volume and Shutoff,Electric Kettle Cost Per Boil Used: Account for Water Volume and Shutoff,379,4,5,false,2,2026-09-02,true,2026-09-02,PR #142
https://worthcalc.win/en/guides/electric-lunch-box-cost-per-heating-cycle-used/,en,guide,069,everyday,electric-lunch-box-cost-per-heating-cycle-used,Electric Lunch Box Cost Per Heating Cycle Used: Separate Heat-Up From Waiting,Electric Lunch Box Cost Per Heating Cycle Used: Separate Heat-Up From Waiting,726,5,4,false,4,2026-09-03,true,2026-09-03,無資料
https://worthcalc.win/en/guides/electric-meat-grinder-cost-per-grinding-session-used/,en,guide,073,everyday,electric-meat-grinder-cost-per-grinding-session-used,Electric Meat Grinder Cost Per Grinding Session Used: Allocate Motor Runtime,Electric Meat Grinder Cost Per Grinding Session Used: Allocate Motor Runtime,629,5,4,false,4,2026-09-03,true,2026-09-03,無資料
https://worthcalc.win/en/guides/electric-milk-frother-cost-per-frothing-session-used/,en,guide,075,everyday,electric-milk-frother-cost-per-frothing-session-used,Electric Milk Frother Cost Per Frothing Session Used: Separate Heat and Whisking,Electric Milk Frother Cost Per Frothing Session Used: Separate Heat and Whisking,643,5,4,false,4,2026-09-03,true,2026-09-03,無資料
https://worthcalc.win/en/guides/electric-pasta-maker-cost-per-batch-used/,en,guide,074,everyday,electric-pasta-maker-cost-per-batch-used,"Electric Pasta Maker Cost Per Batch Used: Count Mixing, Extruding, and Drying","Electric Pasta Maker Cost Per Batch Used: Count Mixing, Extruding, and Drying",645,5,4,false,4,2026-09-03,true,2026-09-03,無資料
https://worthcalc.win/en/guides/electric-pencil-sharpener-electricity-cost-per-sharpening-session-used/,en,guide,091,everyday,electric-pencil-sharpener-electricity-cost-per-sharpening-session-used,Electric Pencil Sharpener Cost Per Sharpening Session Used: Count Repeated Cycles,Electric Pencil Sharpener Cost Per Sharpening Session Used: Count Repeated Cycles,462,5,4,false,5,2026-09-03,true,2026-09-03,無資料
https://worthcalc.win/en/guides/electric-pressure-cooker-cost-per-cooking-cycle-used/,en,guide,059,everyday,electric-pressure-cooker-cost-per-cooking-cycle-used,Electric Pressure Cooker Cost Per Cooking Cycle Used,Electric Pressure Cooker Cost Per Cooking Cycle Used,374,5,4,false,4,2026-09-02,true,2026-09-02,無資料
https://worthcalc.win/en/guides/electric-shaver-electricity-cost-per-grooming-session-used/,en,guide,108,everyday,electric-shaver-electricity-cost-per-grooming-session-used,Electric Shaver Electricity Cost Per Grooming Session Used: Count Charging,Electric Shaver Electricity Cost Per Grooming Session Used: Count Charging,390,6,5,false,4,2026-09-03,true,2026-09-03,PR #153
https://worthcalc.win/en/guides/electric-space-heater-cost-per-heating-hour-used/,en,guide,034,everyday,electric-space-heater-cost-per-heating-hour-used,"Electric Space Heater Cost Per Heating Hour Used: Compare Wattage, Duty Cycle, and Room","Electric Space Heater Cost Per Heating Hour Used: Compare Wattage, Duty Cycle, and Room",304,4,4,false,2,2026-09-02,true,2026-09-02,無資料
https://worthcalc.win/en/guides/electric-standing-desk-electricity-cost-per-adjusted-day-used/,en,guide,087,everyday,electric-standing-desk-electricity-cost-per-adjusted-day-used,Electric Standing Desk Cost Per Adjusted Day Used: Include Motor and Standby,Electric Standing Desk Cost Per Adjusted Day Used: Include Motor and Standby,541,5,4,false,5,2026-09-03,true,2026-09-03,無資料
https://worthcalc.win/en/guides/electric-stapler-electricity-cost-per-stapling-session-used/,en,guide,092,everyday,electric-stapler-electricity-cost-per-stapling-session-used,Electric Stapler Electricity Cost Per Stapling Session Used: Separate Jam Events,Electric Stapler Electricity Cost Per Stapling Session Used: Separate Jam Events,502,5,4,false,5,2026-09-03,true,2026-09-03,無資料
https://worthcalc.win/en/guides/electric-toothbrush-electricity-cost-per-charging-day-used/,en,guide,107,everyday,electric-toothbrush-electricity-cost-per-charging-day-used,Electric Toothbrush Electricity Cost Per Charging Day Used: Include Dock Standby,Electric Toothbrush Electricity Cost Per Charging Day Used: Include Dock Standby,411,6,5,false,4,2026-09-03,true,2026-09-03,PR #153
https://worthcalc.win/en/guides/electric-wine-cooler-electricity-cost-per-storage-day-used/,en,guide,122,everyday,electric-wine-cooler-electricity-cost-per-storage-day-used,Wine Cooler Electricity Cost Per Storage Day Used: Count Compressor Cycling,Wine Cooler Electricity Cost Per Storage Day Used: Count Compressor Cycling,445,2,4,false,3,2026-09-03,true,2026-09-03,PR #155
https://worthcalc.win/en/guides/electric-yogurt-maker-cost-per-batch-used/,en,guide,067,everyday,electric-yogurt-maker-cost-per-batch-used,Electric Yogurt Maker Cost Per Batch Used: Include Incubation Hours,Electric Yogurt Maker Cost Per Batch Used: Include Incubation Hours,719,5,4,false,4,2026-09-03,true,2026-09-03,無資料
https://worthcalc.win/en/guides/electricity-cost-per-kwh-used/,en,guide,017,everyday,electricity-cost-per-kwh-used,Electricity Cost Per kWh Used: Include Fixed Charges and Credits,Electricity Cost Per kWh Used: Include Fixed Charges and Credits,472,37,5,true,2,2026-09-02,true,2026-09-02,PR #137
https://worthcalc.win/en/guides/espresso-machine-cost-per-shot-used/,en,guide,064,everyday,espresso-machine-cost-per-shot-used,"Espresso Machine Cost Per Shot Used: Include Heat-Up, Brew, and Steam","Espresso Machine Cost Per Shot Used: Include Heat-Up, Brew, and Steam",367,5,4,false,4,2026-09-02,true,2026-09-02,無資料
https://worthcalc.win/en/guides/event-ticket-cost-per-attended-hour/,en,guide,016,memberships,event-ticket-cost-per-attended-hour,"Event Ticket Cost Per Attended Hour: Include Travel, Fees, and Missed Time","Event Ticket Cost Per Attended Hour: Include Travel, Fees, and Missed Time",371,3,4,true,1,2026-09-02,true,2026-09-02,PR #135
https://worthcalc.win/en/guides/external-hard-drive-electricity-cost-per-backup-job-used/,en,guide,097,everyday,external-hard-drive-electricity-cost-per-backup-job-used,External Hard Drive Electricity Cost Per Backup Job Used: Count Transfer and Idle Time,External Hard Drive Electricity Cost Per Backup Job Used: Count Transfer and Idle Time,501,6,4,false,7,2026-09-03,true,2026-09-03,PR #151
https://worthcalc.win/en/guides/family-plan-break-even-members/,en,guide,011,memberships,family-plan-break-even-members,Family Plan Break-Even: How Many Members Make the Upgrade Worth It?,Family Plan Break-Even: How Many Members Make the Upgrade Worth It?,587,2,4,false,2,2026-09-02,true,2026-09-02,PR #130
https://worthcalc.win/en/guides/financial-runway-months/,en,guide,003,income-savings,financial-runway-months,Financial Runway Months: How Long Can Your Cash Flow Last?,Financial Runway Months: How Long Can Your Cash Flow Last?,2032,7,4,true,2,2026-08-30,true,2026-09-02,PR #120
https://worthcalc.win/en/guides/fixed-vs-variable-rate/,en,guide,003,debt-credit,fixed-vs-variable-rate,Fixed vs. Variable Rate: Stress-Test the Payment Instead of Forecasting Rates,Fixed vs. Variable Rate: Stress-Test the Payment Instead of Forecasting Rates,1900,2,0,true,3,2026-08-30,true,2026-09-02,PR #120
https://worthcalc.win/en/guides/food-dehydrator-cost-per-drying-hour-used/,en,guide,066,everyday,food-dehydrator-cost-per-drying-hour-used,Food Dehydrator Cost Per Drying Hour Used: Measure Heat and Fan Runtime,Food Dehydrator Cost Per Drying Hour Used: Measure Heat and Fan Runtime,726,5,4,false,4,2026-09-03,true,2026-09-03,無資料
https://worthcalc.win/en/guides/food-processor-cost-per-prep-session-used/,en,guide,058,everyday,food-processor-cost-per-prep-session-used,Food Processor Cost Per Prep Session Used,Food Processor Cost Per Prep Session Used,476,5,4,false,4,2026-09-02,true,2026-09-02,無資料
https://worthcalc.win/en/guides/free-trial-auto-renewal-first-charge/,en,guide,011,memberships,free-trial-auto-renewal-first-charge,Free Trial Auto-Renewal Cost: Calculate the First Charge Before You Start,Free Trial Auto-Renewal Cost: Calculate the First Charge Before You Start,604,2,4,false,2,2026-09-02,true,2026-09-02,PR #130
https://worthcalc.win/en/guides/freelance-minimum-billable-rate/,en,guide,008,income-savings,freelance-minimum-billable-rate,"Freelance Minimum Billable Rate: Price for Taxes, Non-Billable Time, Benefits and Profit","Freelance Minimum Billable Rate: Price for Taxes, Non-Billable Time, Benefits and Profit",1942,1,3,true,4,2026-09-01,true,2026-09-02,PR #121
https://worthcalc.win/en/guides/freezer-cost-per-day-used/,en,guide,033,everyday,freezer-cost-per-day-used,"Freezer Cost Per Day Used: Compare Standby Energy, Capacity, and Food Storage","Freezer Cost Per Day Used: Compare Standby Energy, Capacity, and Food Storage",294,3,4,false,2,2026-09-02,true,2026-09-02,無資料
https://worthcalc.win/en/guides/fulltime-vs-parttime-childcare-break-even/,en,guide,007,income-savings,fulltime-vs-parttime-childcare-break-even,"Full-Time vs. Part-Time Return to Work: Childcare Break-Even, Benefits, Commute, and Startup Cash","Full-Time vs. Part-Time Return to Work: Childcare Break-Even, Benefits, Commute, and Startup Cash",1947,3,3,true,3,2026-09-01,true,2026-09-02,PR #121
https://worthcalc.win/en/guides/gaming-console-electricity-cost-per-gaming-hour-used/,en,guide,080,everyday,gaming-console-electricity-cost-per-gaming-hour-used,Gaming Console Electricity Cost Per Gaming Hour Used: Include Display and Network Boundaries,Gaming Console Electricity Cost Per Gaming Hour Used: Include Display and Network Boundaries,656,5,4,false,5,2026-09-03,true,2026-09-03,無資料
https://worthcalc.win/en/guides/garage-door-opener-electricity-cost-per-cycle-used/,en,guide,117,everyday,garage-door-opener-electricity-cost-per-cycle-used,Garage Door Opener Electricity Cost Per Cycle Used: Count the Light and Standby,Garage Door Opener Electricity Cost Per Cycle Used: Count the Light and Standby,638,9,5,false,4,2026-09-03,true,2026-09-03,PR #154
https://worthcalc.win/en/guides/garment-steamer-cost-per-steaming-hour-used/,en,guide,052,everyday,garment-steamer-cost-per-steaming-hour-used,Garment Steamer Cost Per Steaming Hour Used: Include Heat-Up and Steam Duty Time,Garment Steamer Cost Per Steaming Hour Used: Include Heat-Up and Steam Duty Time,362,3,4,false,2,2026-09-02,true,2026-09-02,PR #142
https://worthcalc.win/en/guides/glue-gun-electricity-cost-per-crafting-hour-used/,en,guide,111,everyday,glue-gun-electricity-cost-per-crafting-hour-used,Glue Gun Electricity Cost Per Crafting Hour Used: Separate Heat and Idle,Glue Gun Electricity Cost Per Crafting Hour Used: Separate Heat and Idle,392,6,5,false,4,2026-09-03,true,2026-09-03,PR #153
https://worthcalc.win/en/guides/gym-membership-cost-per-visit/,en,guide,014,memberships,gym-membership-cost-per-visit,Gym Membership Cost Per Visit: Include Joining Fees and Missed Months,Gym Membership Cost Per Visit: Include Joining Fees and Missed Months,386,3,4,true,2,2026-09-02,true,2026-09-02,PR #133
https://worthcalc.win/en/guides/hair-dryer-cost-per-drying-session-used/,en,guide,051,everyday,hair-dryer-cost-per-drying-session-used,"Hair Dryer Cost Per Drying Session Used: Separate Heat, Airflow, and Minutes","Hair Dryer Cost Per Drying Session Used: Separate Heat, Airflow, and Minutes",347,2,4,false,2,2026-09-02,true,2026-09-02,PR #142
https://worthcalc.win/en/guides/heat-pump-cost-per-heating-hour-used/,en,guide,035,everyday,heat-pump-cost-per-heating-hour-used,"Heat Pump Cost Per Heating Hour Used: Separate Capacity, Runtime, and Weather","Heat Pump Cost Per Heating Hour Used: Separate Capacity, Runtime, and Weather",392,2,5,false,2,2026-09-02,true,2026-09-02,無資料
https://worthcalc.win/en/guides/high-vs-low-insurance-deductible-break-even/,en,guide,006,everyday,high-vs-low-insurance-deductible-break-even,High vs. Low Insurance Deductible: Premium Break-Even and Claim Stress Test,High vs. Low Insurance Deductible: Premium Break-Even and Claim Stress Test,1809,3,3,false,2,2026-09-02,true,2026-09-02,PR #121
https://worthcalc.win/en/guides/hobby-equipment-cost-per-use/,en,guide,014,everyday,hobby-equipment-cost-per-use,"Hobby Equipment Cost Per Use: Include Storage, Maintenance, and Resale Risk","Hobby Equipment Cost Per Use: Include Storage, Maintenance, and Resale Risk",375,3,4,true,1,2026-09-02,true,2026-09-02,PR #133
https://worthcalc.win/en/guides/home-internet-cost-per-gb-used/,en,guide,018,everyday,home-internet-cost-per-gb-used,Home Internet Cost Per GB Used: Include Equipment and Overage Terms,Home Internet Cost Per GB Used: Include Equipment and Overage Terms,474,4,5,true,2,2026-09-02,true,2026-09-02,PR #137
https://worthcalc.win/en/guides/humidifier-electricity-cost-per-humidifying-hour-used/,en,guide,104,everyday,humidifier-electricity-cost-per-humidifying-hour-used,Humidifier Electricity Cost Per Humidifying Hour Used: Measure Mist and Fan Modes,Humidifier Electricity Cost Per Humidifying Hour Used: Measure Mist and Fan Modes,472,6,4,false,7,2026-09-03,true,2026-09-03,PR #152
https://worthcalc.win/en/guides/hvac-cost-per-operating-hour-used/,en,guide,027,everyday,hvac-cost-per-operating-hour-used,HVAC Cost Per Operating Hour Used: Make Runtime and Seasonal Rates Comparable,HVAC Cost Per Operating Hour Used: Make Runtime and Seasonal Rates Comparable,331,8,4,false,2,2026-09-02,true,2026-09-02,PR #138
https://worthcalc.win/en/guides/induction-cooktop-cost-per-cooking-hour-used/,en,guide,037,everyday,induction-cooktop-cost-per-cooking-hour-used,"Induction Cooktop Cost Per Cooking Hour Used: Separate Heat, Idle, and Cleanup","Induction Cooktop Cost Per Cooking Hour Used: Separate Heat, Idle, and Cleanup",360,2,4,false,2,2026-09-02,true,2026-09-02,無資料
https://worthcalc.win/en/guides/insurance-deductible-cash-reserve/,en,guide,005,income-savings,insurance-deductible-cash-reserve,Insurance Deductible Cash Reserve: How Much Liquid Cash Should Be Ready for a Claim?,Insurance Deductible Cash Reserve: How Much Liquid Cash Should Be Ready for a Claim?,1797,5,2,true,2,2026-08-31,true,2026-09-02,PR #120
https://worthcalc.win/en/guides/introductory-discount-renewal-cost/,en,guide,010,memberships,introductory-discount-renewal-cost,Introductory Discount vs Renewal Cost: Calculate the First-Year Total,Introductory Discount vs Renewal Cost: Calculate the First-Year Total,309,4,2,true,1,2026-09-02,true,2026-09-02,PR #123
https://worthcalc.win/en/guides/label-maker-electricity-cost-per-labeling-session-used/,en,guide,083,everyday,label-maker-electricity-cost-per-labeling-session-used,Label Maker Electricity Cost Per Labeling Session Used: Include Warm-Up and Standby,Label Maker Electricity Cost Per Labeling Session Used: Include Warm-Up and Standby,523,5,4,false,5,2026-09-03,true,2026-09-03,無資料
https://worthcalc.win/en/guides/laminator-electricity-cost-per-laminating-batch-used/,en,guide,085,everyday,laminator-electricity-cost-per-laminating-batch-used,Laminator Electricity Cost Per Laminating Batch Used: Include Warm-Up,Laminator Electricity Cost Per Laminating Batch Used: Include Warm-Up,532,5,4,false,5,2026-09-03,true,2026-09-03,無資料
https://worthcalc.win/en/guides/language-class-cost-per-completed-session/,en,guide,016,memberships,language-class-cost-per-completed-session,Language Class Cost Per Completed Session: Count Lessons You Finish,Language Class Cost Per Completed Session: Count Lessons You Finish,354,3,4,true,1,2026-09-02,true,2026-09-02,PR #135
https://worthcalc.win/en/guides/laptop-docking-station-electricity-cost-per-workday-used/,en,guide,096,everyday,laptop-docking-station-electricity-cost-per-workday-used,Laptop Docking Station Electricity Cost Per Workday Used: Separate Display Charging,Laptop Docking Station Electricity Cost Per Workday Used: Separate Display Charging,514,6,4,false,7,2026-09-03,true,2026-09-03,PR #151
https://worthcalc.win/en/guides/laundry-cost-per-load/,en,guide,019,everyday,laundry-cost-per-load,"Laundry Cost Per Load: Include Water, Energy, Detergent, and Rewashes","Laundry Cost Per Load: Include Water, Energy, Detergent, and Rewashes",458,5,5,true,2,2026-09-02,true,2026-09-02,PR #137
https://worthcalc.win/en/guides/led-lighting-cost-per-hour-used/,en,guide,028,everyday,led-lighting-cost-per-hour-used,"LED Lighting Cost Per Hour Used: Include Watts, Fixtures, and Replacement Life","LED Lighting Cost Per Hour Used: Include Watts, Fixtures, and Replacement Life",339,4,4,false,2,2026-09-02,true,2026-09-02,PR #138
https://worthcalc.win/en/guides/loan-refinance-break-even/,en,guide,003,debt-credit,loan-refinance-break-even,Loan Refinance Break-Even: How Long Until a Lower Rate Actually Pays Off?,Loan Refinance Break-Even: How Long Until a Lower Rate Actually Pays Off?,1861,2,3,true,2,2026-08-30,true,2026-09-02,PR #120
https://worthcalc.win/en/guides/meal-delivery-plan-cost-per-eaten-meal/,en,guide,016,memberships,meal-delivery-plan-cost-per-eaten-meal,Meal Delivery Plan Cost Per Eaten Meal: Include Skipped and Replaced Orders,Meal Delivery Plan Cost Per Eaten Meal: Include Skipped and Replaced Orders,376,3,4,true,2,2026-09-02,true,2026-09-02,PR #135
https://worthcalc.win/en/guides/meal-kit-cost-per-serving-after-waste/,en,guide,014,everyday,meal-kit-cost-per-serving-after-waste,Meal Kit Cost Per Serving After Waste: Count Uneaten Ingredients,Meal Kit Cost Per Serving After Waste: Count Uneaten Ingredients,389,3,4,true,2,2026-09-02,true,2026-09-02,PR #133
https://worthcalc.win/en/guides/microwave-cost-per-cooking-cycle-used/,en,guide,038,everyday,microwave-cost-per-cooking-cycle-used,"Microwave Cost Per Cooking Cycle Used: Count Wattage, Time, and Failed Reheats","Microwave Cost Per Cooking Cycle Used: Count Wattage, Time, and Failed Reheats",356,2,4,false,2,2026-09-02,true,2026-09-02,無資料
https://worthcalc.win/en/guides/minimum-spend-fee-waiver-break-even/,en,guide,011,memberships,minimum-spend-fee-waiver-break-even,Minimum Spend Fee Waiver: Calculate Whether the Threshold Saves Money,Minimum Spend Fee Waiver: Calculate Whether the Threshold Saves Money,571,2,4,true,2,2026-09-02,true,2026-09-02,PR #130
https://worthcalc.win/en/guides/mobile-data-cost-per-gb-used/,en,guide,016,everyday,mobile-data-cost-per-gb-used,Mobile Data Cost Per GB Used: Compare Plan Minimums With Your Actual Usage,Mobile Data Cost Per GB Used: Compare Plan Minimums With Your Actual Usage,376,5,4,true,1,2026-09-02,true,2026-09-02,PR #135
https://worthcalc.win/en/guides/monitor-electricity-cost-per-work-hour-used/,en,guide,042,everyday,monitor-electricity-cost-per-work-hour-used,"Monitor Electricity Cost Per Work Hour Used: Include Brightness, Sleep, and USB Power","Monitor Electricity Cost Per Work Hour Used: Include Brightness, Sleep, and USB Power",366,3,4,false,2,2026-09-02,true,2026-09-02,PR #141
https://worthcalc.win/en/guides/monthly-vs-annual-total-cost/,en,guide,010,memberships,monthly-vs-annual-total-cost,Monthly vs Annual Payment: Compare Total Cost and Cash-Flow Risk,Monthly vs Annual Payment: Compare Total Cost and Cash-Flow Risk,390,3,3,true,1,2026-09-02,true,2026-09-02,PR #123
https://worthcalc.win/en/guides/mortgage-points-break-even/,en,guide,005,housing,mortgage-points-break-even,Mortgage Points Break-Even: When Paying Upfront for a Lower Rate Actually Pays Off,Mortgage Points Break-Even: When Paying Upfront for a Lower Rate Actually Pays Off,1804,4,0,true,3,2026-08-31,true,2026-09-02,PR #120
https://worthcalc.win/en/guides/mortgage-recast-vs-refinance-vs-extra-principal/,en,guide,004,housing,mortgage-recast-vs-refinance-vs-extra-principal,"Mortgage Recast vs. Refinance vs. Extra Principal: Lower Payment, Lower Rate, or Faster Payoff?","Mortgage Recast vs. Refinance vs. Extra Principal: Lower Payment, Lower Rate, or Faster Payoff?",2056,4,1,true,3,2026-08-31,true,2026-09-02,PR #120
https://worthcalc.win/en/guides/natural-gas-cost-per-therm-used/,en,guide,021,everyday,natural-gas-cost-per-therm-used,Natural Gas Cost Per Therm Used: Convert the Bill Before Comparing,Natural Gas Cost Per Therm Used: Convert the Bill Before Comparing,496,9,5,false,2,2026-09-02,true,2026-09-02,PR #137
https://worthcalc.win/en/guides/one-time-switching-cost-payback/,en,guide,010,memberships,one-time-switching-cost-payback,One-Time Switching Cost Payback: When Does a Cheaper Plan Recover the Fee?,One-Time Switching Cost Payback: When Does a Cheaper Plan Recover the Fee?,300,4,2,true,1,2026-09-02,true,2026-09-02,PR #123
https://worthcalc.win/en/guides/online-course-cost-per-completed-lesson/,en,guide,015,memberships,online-course-cost-per-completed-lesson,"Online Course Cost Per Completed Lesson: Price Progress, Not Access","Online Course Cost Per Completed Lesson: Price Progress, Not Access",369,3,4,true,1,2026-09-02,true,2026-09-02,PR #134
https://worthcalc.win/en/guides/outdoor-string-lights-electricity-cost-per-evening-used/,en,guide,116,everyday,outdoor-string-lights-electricity-cost-per-evening-used,Outdoor String Lights Electricity Cost Per Evening Used: Measure the Timer,Outdoor String Lights Electricity Cost Per Evening Used: Measure the Timer,635,6,5,false,4,2026-09-03,true,2026-09-03,PR #154
https://worthcalc.win/en/guides/oven-stove-cost-per-cooking-hour-used/,en,guide,026,everyday,oven-stove-cost-per-cooking-hour-used,"Oven and Stove Cost Per Cooking Hour Used: Compare Heat, Preheating, and Fuel","Oven and Stove Cost Per Cooking Hour Used: Compare Heat, Preheating, and Fuel",335,5,4,false,2,2026-09-02,true,2026-09-02,PR #138
https://worthcalc.win/en/guides/paper-shredder-electricity-cost-per-shredding-session-used/,en,guide,084,everyday,paper-shredder-electricity-cost-per-shredding-session-used,Paper Shredder Electricity Cost Per Shredding Session Used: Count Motor Cycles,Paper Shredder Electricity Cost Per Shredding Session Used: Count Motor Cycles,539,5,4,false,5,2026-09-03,true,2026-09-03,無資料
https://worthcalc.win/en/guides/parking-pass-cost-per-day-used/,en,guide,015,transportation,parking-pass-cost-per-day-used,Parking Pass Cost Per Day Used: Include Days You Work Remotely,Parking Pass Cost Per Day Used: Include Days You Work Remotely,392,4,4,true,1,2026-09-02,true,2026-09-02,PR #134
https://worthcalc.win/en/guides/pause-vs-cancel-membership-cost/,en,guide,011,memberships,pause-vs-cancel-membership-cost,Pause vs Cancel a Membership: Compare the Cost of Keeping Access,Pause vs Cancel a Membership: Compare the Cost of Keeping Access,585,2,4,false,2,2026-09-02,true,2026-09-02,PR #130
https://worthcalc.win/en/guides/personal-liquidity-ratio/,en,guide,003,income-savings,personal-liquidity-ratio,Personal Liquidity Ratio: How Many Months Can Your Liquid Assets Cover?,Personal Liquidity Ratio: How Many Months Can Your Liquid Assets Cover?,1894,3,3,true,2,2026-08-30,true,2026-09-02,PR #120
https://worthcalc.win/en/guides/phone-charger-cost-per-charge-used/,en,guide,045,everyday,phone-charger-cost-per-charge-used,"Phone Charger Cost Per Charge Used: Measure the Wall Energy, Not the Adapter Maximum","Phone Charger Cost Per Charge Used: Measure the Wall Energy, Not the Adapter Maximum",350,5,4,false,2,2026-09-02,true,2026-09-02,PR #141
https://worthcalc.win/en/guides/pool-pump-cost-per-operating-hour-used/,en,guide,039,everyday,pool-pump-cost-per-operating-hour-used,"Pool Pump Cost Per Operating Hour Used: Separate Speed, Flow, and Pool Tasks","Pool Pump Cost Per Operating Hour Used: Separate Speed, Flow, and Pool Tasks",349,2,4,false,2,2026-09-02,true,2026-09-02,無資料
https://worthcalc.win/en/guides/pool-pump-electricity-cost-per-filtration-cycle-used/,en,guide,120,everyday,pool-pump-electricity-cost-per-filtration-cycle-used,Pool Pump Electricity Cost Per Filtration Hour Used: Separate Run Time,Pool Pump Electricity Cost Per Filtration Hour Used: Separate Run Time,581,4,4,false,4,2026-09-03,true,2026-09-03,PR #155
https://worthcalc.win/en/guides/portable-ac-cost-per-cooling-hour-used/,en,guide,036,everyday,portable-ac-cost-per-cooling-hour-used,"Portable AC Cost Per Cooling Hour Used: Measure Exhaust, Fan, and Room Load","Portable AC Cost Per Cooling Hour Used: Measure Exhaust, Fan, and Room Load",393,2,4,false,2,2026-09-02,true,2026-09-02,無資料
https://worthcalc.win/en/guides/portable-air-conditioner-electricity-cost-per-cooling-session-used/,en,guide,119,everyday,portable-air-conditioner-electricity-cost-per-cooling-session-used,Portable Air Conditioner Electricity Cost Per Cooling Hour Used: Count Compressor Cycles,Portable Air Conditioner Electricity Cost Per Cooling Hour Used: Count Compressor Cycles,575,6,4,false,4,2026-09-03,true,2026-09-03,PR #155
https://worthcalc.win/en/guides/post-debt-payoff-lifestyle-creep/,en,guide,007,debt-credit,post-debt-payoff-lifestyle-creep,After Debt Payoff: Stop Lifestyle Creep From Replacing the Payment You Just Eliminated,After Debt Payoff: Stop Lifestyle Creep From Replacing the Payment You Just Eliminated,2398,4,3,true,3,2026-09-01,true,2026-09-02,PR #121
https://worthcalc.win/en/guides/prepaid-balance-expiration-cost/,en,guide,011,memberships,prepaid-balance-expiration-cost,Prepaid Balance Expiration Cost: Measure What Unused Credits Really Cost,Prepaid Balance Expiration Cost: Measure What Unused Credits Really Cost,577,2,4,true,2,2026-09-02,true,2026-09-02,PR #130
https://worthcalc.win/en/guides/prepay-rent-discount-vs-liquidity/,en,guide,008,housing,prepay-rent-discount-vs-liquidity,Prepay Rent Discount vs. Liquidity: Is Paying Months Upfront Actually Worth It?,Prepay Rent Discount vs. Liquidity: Is Paying Months Upfront Actually Worth It?,1817,3,3,true,1,2026-09-01,true,2026-09-02,PR #121
https://worthcalc.win/en/guides/printer-electricity-cost-per-print-job-used/,en,guide,077,everyday,printer-electricity-cost-per-print-job-used,Printer Electricity Cost Per Print Job Used: Include Warm-Up and Idle Time,Printer Electricity Cost Per Print Job Used: Include Warm-Up and Idle Time,649,5,4,false,5,2026-09-03,true,2026-09-03,無資料
https://worthcalc.win/en/guides/projector-electricity-cost-per-presentation-hour-used/,en,guide,089,everyday,projector-electricity-cost-per-presentation-hour-used,Projector Electricity Cost Per Presentation Hour Used: Include Warm-Up and Cooling,Projector Electricity Cost Per Presentation Hour Used: Include Warm-Up and Cooling,484,5,4,false,5,2026-09-03,true,2026-09-03,無資料
https://worthcalc.win/en/guides/real-vs-nominal-return/,en,guide,003,income-savings,real-vs-nominal-return,"Real vs. Nominal Return: Measure Purchasing Power, Not Just Account Growth","Real vs. Nominal Return: Measure Purchasing Power, Not Just Account Growth",2433,3,1,true,1,2026-08-30,true,2026-09-02,PR #120
https://worthcalc.win/en/guides/recurring-costs-annual-total/,en,guide,010,memberships,recurring-costs-annual-total,"Recurring Costs Annual Total: Add Monthly, Quarterly, and Yearly Bills","Recurring Costs Annual Total: Add Monthly, Quarterly, and Yearly Bills",440,39,2,true,2,2026-09-02,true,2026-09-02,PR #123
https://worthcalc.win/en/guides/refrigerator-cost-per-day-used/,en,guide,024,everyday,refrigerator-cost-per-day-used,Refrigerator Cost Per Day Used: Turn Annual Energy Into Your Household Cost,Refrigerator Cost Per Day Used: Turn Annual Energy Into Your Household Cost,368,5,4,false,2,2026-09-02,true,2026-09-02,PR #138
https://worthcalc.win/en/guides/relocation-higher-salary-break-even/,en,guide,008,income-savings,relocation-higher-salary-break-even,Relocating for a Higher Salary: Calculate the Break-Even Before You Move,Relocating for a Higher Salary: Calculate the Break-Even Before You Move,1764,1,3,true,0,2026-09-01,true,2026-09-02,PR #121
https://worthcalc.win/en/guides/remote-work-pay-cut-cash-break-even/,en,guide,009,income-savings,remote-work-pay-cut-cash-break-even,Remote-Work Pay-Cut Break-Even: Price the Cash Savings Before You Price the Convenience,Remote-Work Pay-Cut Break-Even: Price the Cash Savings Before You Price the Convenience,1589,2,0,true,0,2026-09-01,true,2026-09-02,PR #121
https://worthcalc.win/en/guides/rent-increase-vs-moving-break-even/,en,guide,005,housing,rent-increase-vs-moving-break-even,Rent Increase vs. Moving Break-Even: How Long Until a Cheaper Apartment Actually Saves Money?,Rent Increase vs. Moving Break-Even: How Long Until a Cheaper Apartment Actually Saves Money?,1905,4,0,true,2,2026-08-31,true,2026-09-02,PR #120
https://worthcalc.win/en/guides/rice-cooker-cost-per-cooking-cycle-used/,en,guide,054,everyday,rice-cooker-cost-per-cooking-cycle-used,Rice Cooker Cost Per Cooking Cycle Used,Rice Cooker Cost Per Cooking Cycle Used,461,5,4,false,4,2026-09-02,true,2026-09-02,無資料
https://worthcalc.win/en/guides/robot-vacuum-cost-per-cleaning-cycle-used/,en,guide,048,everyday,robot-vacuum-cost-per-cleaning-cycle-used,"Robot Vacuum Cost Per Cleaning Cycle Used: Include Docking, Charging, and Emptying","Robot Vacuum Cost Per Cleaning Cycle Used: Include Docking, Charging, and Emptying",371,4,4,false,2,2026-09-02,true,2026-09-02,PR #142
https://worthcalc.win/en/guides/room-air-conditioner-cost-per-cooling-hour-used/,en,guide,032,everyday,room-air-conditioner-cost-per-cooling-hour-used,"Room Air Conditioner Cost Per Cooling Hour Used: Include Compressor, Fan, and Idle Time","Room Air Conditioner Cost Per Cooling Hour Used: Include Compressor, Fan, and Idle Time",286,5,4,false,2,2026-09-02,true,2026-09-02,無資料
https://worthcalc.win/en/guides/router-electricity-cost-per-month-used/,en,guide,044,everyday,router-electricity-cost-per-month-used,Router Electricity Cost Per Month Used: Separate Always-On Power from Internet Service,Router Electricity Cost Per Month Used: Separate Always-On Power from Internet Service,359,5,4,false,2,2026-09-02,true,2026-09-02,PR #141
https://worthcalc.win/en/guides/sandwich-maker-cost-per-use-used/,en,guide,060,everyday,sandwich-maker-cost-per-use-used,Sandwich Maker Cost Per Use Used: Count Preheat and Actual Plates,Sandwich Maker Cost Per Use Used: Count Preheat and Actual Plates,348,5,4,false,4,2026-09-02,true,2026-09-02,無資料
https://worthcalc.win/en/guides/savings-break-even-use-period/,en,guide,010,income-savings,savings-break-even-use-period,Savings Break-Even Period: How Many Months or Uses Make a Switch Worth It?,Savings Break-Even Period: How Many Months or Uses Make a Switch Worth It?,339,2,2,true,1,2026-09-02,true,2026-09-02,PR #123
https://worthcalc.win/en/guides/scanner-electricity-cost-per-scanning-session-used/,en,guide,078,everyday,scanner-electricity-cost-per-scanning-session-used,Scanner Electricity Cost Per Scanning Session Used: Count Lamp and Standby Energy,Scanner Electricity Cost Per Scanning Session Used: Count Lamp and Standby Energy,646,5,4,false,5,2026-09-03,true,2026-09-03,無資料
https://worthcalc.win/en/guides/sewing-machine-electricity-cost-per-sewing-hour-used/,en,guide,109,everyday,sewing-machine-electricity-cost-per-sewing-hour-used,Sewing Machine Electricity Cost Per Sewing Hour Used: Include Foot Pedal Time,Sewing Machine Electricity Cost Per Sewing Hour Used: Include Foot Pedal Time,397,6,5,false,4,2026-09-03,true,2026-09-03,PR #153
https://worthcalc.win/en/guides/sinking-fund-by-deadline/,en,guide,004,income-savings,sinking-fund-by-deadline,Sinking Fund by Deadline: How Much to Save Each Month for a Known Future Expense,Sinking Fund by Deadline: How Much to Save Each Month for a Known Future Expense,1803,5,1,true,3,2026-08-31,true,2026-09-02,PR #120
https://worthcalc.win/en/guides/slow-cooker-cost-per-cooking-hour-used/,en,guide,055,everyday,slow-cooker-cost-per-cooking-hour-used,Slow Cooker Cost Per Cooking Hour Used,Slow Cooker Cost Per Cooking Hour Used,472,5,4,false,4,2026-09-02,true,2026-09-02,無資料
https://worthcalc.win/en/guides/smart-speaker-electricity-cost-per-listening-hour-used/,en,guide,088,everyday,smart-speaker-electricity-cost-per-listening-hour-used,Smart Speaker Electricity Cost Per Listening Hour Used: Separate Active and Standby,Smart Speaker Electricity Cost Per Listening Hour Used: Separate Active and Standby,526,5,4,false,5,2026-09-03,true,2026-09-03,無資料
https://worthcalc.win/en/guides/software-add-on-cost-per-active-seat/,en,guide,016,memberships,software-add-on-cost-per-active-seat,Software Add-On Cost Per Active Seat: Separate Feature Access From Adoption,Software Add-On Cost Per Active Seat: Separate Feature Access From Adoption,380,3,4,true,2,2026-09-02,true,2026-09-02,PR #135
https://worthcalc.win/en/guides/software-seat-cost-per-active-user/,en,guide,014,memberships,software-seat-cost-per-active-user,Software Seat Cost Per Active User: Find the Cost of Unused Access,Software Seat Cost Per Active User: Find the Cost of Unused Access,387,3,4,true,2,2026-09-02,true,2026-09-02,PR #133
https://worthcalc.win/en/guides/solar-inverter-electricity-cost-per-monitoring-day-used/,en,guide,124,everyday,solar-inverter-electricity-cost-per-monitoring-day-used,Solar Inverter Electricity Cost Per Monitoring Day Used: Separate Standby and Conversion,Solar Inverter Electricity Cost Per Monitoring Day Used: Separate Standby and Conversion,425,2,4,false,3,2026-09-03,true,2026-09-03,PR #155
https://worthcalc.win/en/guides/soldering-iron-electricity-cost-per-repair-hour-used/,en,guide,110,everyday,soldering-iron-electricity-cost-per-repair-hour-used,Soldering Iron Electricity Cost Per Repair Hour Used: Include Warm-Up,Soldering Iron Electricity Cost Per Repair Hour Used: Include Warm-Up,388,6,5,false,4,2026-09-03,true,2026-09-03,PR #153
https://worthcalc.win/en/guides/soundbar-electricity-cost-per-watched-hour-used/,en,guide,081,everyday,soundbar-electricity-cost-per-watched-hour-used,Soundbar Electricity Cost Per Watched Hour Used: Separate Playback and Standby,Soundbar Electricity Cost Per Watched Hour Used: Separate Playback and Standby,629,5,4,false,5,2026-09-03,true,2026-09-03,無資料
https://worthcalc.win/en/guides/stand-mixer-cost-per-mixing-session-used/,en,guide,063,everyday,stand-mixer-cost-per-mixing-session-used,Stand Mixer Cost Per Mixing Session Used: Count Motor Time and Attachments,Stand Mixer Cost Per Mixing Session Used: Count Motor Time and Attachments,347,5,4,false,4,2026-09-02,true,2026-09-02,無資料
https://worthcalc.win/en/guides/standby-power-cost-per-day-used/,en,guide,040,everyday,standby-power-cost-per-day-used,Standby Power Cost Per Day Used: Measure the Plug Load and the Service It Supports,Standby Power Cost Per Day Used: Measure the Plug Load and the Service It Supports,395,9,5,false,2,2026-09-02,true,2026-09-02,無資料
https://worthcalc.win/en/guides/streaming-cost-per-watched-hour/,en,guide,015,memberships,streaming-cost-per-watched-hour,"Streaming Cost Per Watched Hour: Include Ads, Add-Ons, and Auto-Renewal","Streaming Cost Per Watched Hour: Include Ads, Add-Ons, and Auto-Renewal",392,3,4,true,2,2026-09-02,true,2026-09-02,PR #134
https://worthcalc.win/en/guides/subscription-price-increase-annual-impact/,en,guide,011,memberships,subscription-price-increase-annual-impact,Subscription Price Increase: Calculate the Annual Impact on Your Budget,Subscription Price Increase: Calculate the Annual Impact on Your Budget,641,2,4,true,2,2026-09-02,true,2026-09-02,PR #130
https://worthcalc.win/en/guides/television-electricity-cost-per-watched-hour-used/,en,guide,043,everyday,television-electricity-cost-per-watched-hour-used,Television Electricity Cost Per Watched Hour Used: Include Picture Mode and Streaming Gear,Television Electricity Cost Per Watched Hour Used: Include Picture Mode and Streaming Gear,361,3,5,false,2,2026-09-02,true,2026-09-02,PR #141
https://worthcalc.win/en/guides/terrarium-heat-lamp-electricity-cost-per-heating-hour-used/,en,guide,114,everyday,terrarium-heat-lamp-electricity-cost-per-heating-hour-used,Terrarium Heat Lamp Electricity Cost Per Heating Hour Used: Count the Timer,Terrarium Heat Lamp Electricity Cost Per Heating Hour Used: Count the Timer,629,6,5,false,4,2026-09-03,true,2026-09-03,PR #154
https://worthcalc.win/en/guides/toaster-cost-per-use-used/,en,guide,056,everyday,toaster-cost-per-use-used,Toaster Cost Per Use Used,Toaster Cost Per Use Used,454,5,4,false,4,2026-09-02,true,2026-09-02,無資料
https://worthcalc.win/en/guides/tool-rental-cost-per-project/,en,guide,015,everyday,tool-rental-cost-per-project,Tool Rental Cost Per Project: Compare Rental Days With Ownership,Tool Rental Cost Per Project: Compare Rental Days With Ownership,381,3,4,true,1,2026-09-02,true,2026-09-02,PR #134
https://worthcalc.win/en/guides/trade-in-vs-private-sale-net-proceeds/,en,guide,007,transportation,trade-in-vs-private-sale-net-proceeds,"Trade-In vs. Private Sale: Compare Net Proceeds, Time, Loan Payoff, and Bridge Cash","Trade-In vs. Private Sale: Compare Net Proceeds, Time, Loan Payoff, and Bridge Cash",1965,3,3,true,3,2026-09-01,true,2026-09-02,PR #121
https://worthcalc.win/en/guides/training-certification-break-even/,en,guide,008,income-savings,training-certification-break-even,Training or Certification Break-Even: How Much Extra Income Must the Course Create?,Training or Certification Break-Even: How Much Extra Income Must the Course Create?,1924,1,3,true,2,2026-09-01,true,2026-09-02,PR #121
https://worthcalc.win/en/guides/transit-pass-cost-per-ride-used/,en,guide,015,transportation,transit-pass-cost-per-ride-used,"Transit Pass Cost Per Ride Used: Compare Trips, Transfers, and Missed Days","Transit Pass Cost Per Ride Used: Compare Trips, Transfers, and Missed Days",393,3,4,true,1,2026-09-02,true,2026-09-02,PR #134
https://worthcalc.win/en/guides/true-cost-of-buy-now-pay-later/,en,guide,013,debt-credit,true-cost-of-buy-now-pay-later,"Buy Now, Pay Later True Cost: Count Fees, Timing, and Payment Risk","Buy Now, Pay Later True Cost: Count Fees, Timing, and Payment Risk",472,1,3,true,2,2026-09-02,true,2026-09-02,PR #132
https://worthcalc.win/en/guides/true-cost-of-convenience-delivery/,en,guide,013,memberships,true-cost-of-convenience-delivery,"True Cost of Convenience Delivery: Add Fees, Tips, and Time","True Cost of Convenience Delivery: Add Fees, Tips, and Time",530,7,3,true,1,2026-09-02,true,2026-09-02,PR #132
https://worthcalc.win/en/guides/true-cost-of-extended-warranty/,en,guide,013,everyday,true-cost-of-extended-warranty,Extended Warranty True Cost: Compare Coverage With a Repair Reserve,Extended Warranty True Cost: Compare Coverage With a Repair Reserve,471,1,3,true,1,2026-09-02,true,2026-09-02,PR #132
https://worthcalc.win/en/guides/true-cost-of-free-shipping-threshold/,en,guide,013,everyday,true-cost-of-free-shipping-threshold,Free-Shipping Threshold True Cost: When Does the Minimum Make You Spend More?,Free-Shipping Threshold True Cost: When Does the Minimum Make You Spend More?,488,2,3,true,1,2026-09-02,true,2026-09-02,PR #132
https://worthcalc.win/en/guides/true-cost-of-home-service-plan/,en,guide,013,housing,true-cost-of-home-service-plan,Home Service Plan True Cost: Price the Coverage You Actually Use,Home Service Plan True Cost: Price the Coverage You Actually Use,458,2,3,true,2,2026-09-02,true,2026-09-02,PR #132
https://worthcalc.win/en/guides/true-cost-of-rental-car/,en,guide,013,transportation,true-cost-of-rental-car,"Rental Car True Cost: Add Fuel, Insurance, Deposits, and Time","Rental Car True Cost: Add Fuel, Insurance, Deposits, and Time",460,1,3,true,1,2026-09-02,true,2026-09-02,PR #132
https://worthcalc.win/en/guides/true-cost-of-upgrade-feature/,en,guide,013,memberships,true-cost-of-upgrade-feature,"Paid Feature Upgrade True Cost: Measure Incremental Value, Not the Feature List","Paid Feature Upgrade True Cost: Measure Incremental Value, Not the Feature List",472,1,3,true,1,2026-09-02,true,2026-09-02,PR #132
https://worthcalc.win/en/guides/unused-membership-capacity-cost/,en,guide,010,memberships,unused-membership-capacity-cost,Unused Membership Capacity: Calculate the Cost of Benefits You Do Not Use,Unused Membership Capacity: Calculate the Cost of Benefits You Do Not Use,318,5,2,true,1,2026-09-02,true,2026-09-02,PR #123
https://worthcalc.win/en/guides/usb-charging-hub-electricity-cost-per-charging-session-used/,en,guide,098,everyday,usb-charging-hub-electricity-cost-per-charging-session-used,USB Charging Hub Electricity Cost Per Charging Session Used: Measure Devices Together,USB Charging Hub Electricity Cost Per Charging Session Used: Measure Devices Together,507,6,4,false,7,2026-09-03,true,2026-09-03,PR #151
https://worthcalc.win/en/guides/vacuum-cleaner-electricity-cost-per-cleaning-hour-used/,en,guide,047,everyday,vacuum-cleaner-electricity-cost-per-cleaning-hour-used,Vacuum Cleaner Electricity Cost Per Cleaning Hour Used: Measure the Real Session,Vacuum Cleaner Electricity Cost Per Cleaning Hour Used: Measure the Real Session,396,4,4,false,2,2026-09-02,true,2026-09-02,PR #142
https://worthcalc.win/en/guides/waffle-maker-cost-per-cooking-cycle-used/,en,guide,061,everyday,waffle-maker-cost-per-cooking-cycle-used,Waffle Maker Cost Per Cooking Cycle Used: Include Preheat and Repeated Plates,Waffle Maker Cost Per Cooking Cycle Used: Include Preheat and Repeated Plates,331,5,4,false,4,2026-09-02,true,2026-09-02,無資料
https://worthcalc.win/en/guides/water-bill-cost-per-gallon-used/,en,guide,020,everyday,water-bill-cost-per-gallon-used,Water Bill Cost Per Gallon Used: Include Sewer and Fixed Charges,Water Bill Cost Per Gallon Used: Include Sewer and Fixed Charges,466,4,5,true,2,2026-09-02,true,2026-09-02,PR #137
https://worthcalc.win/en/guides/water-cooler-electricity-cost-per-cooling-day-used/,en,guide,103,everyday,water-cooler-electricity-cost-per-cooling-day-used,Water Cooler Electricity Cost Per Cooling Day Used: Separate Hot and Cold Modes,Water Cooler Electricity Cost Per Cooling Day Used: Separate Hot and Cold Modes,497,6,4,false,7,2026-09-03,true,2026-09-03,PR #152
https://worthcalc.win/en/guides/water-heater-cost-per-gallon-heated/,en,guide,025,everyday,water-heater-cost-per-gallon-heated,Water Heater Cost Per Gallon Heated: Separate Delivered Hot Water From Standby Cost,Water Heater Cost Per Gallon Heated: Separate Delivered Hot Water From Standby Cost,348,4,4,false,2,2026-09-02,true,2026-09-02,PR #138
https://worthcalc.win/en/guides/webcam-electricity-cost-per-meeting-hour-used/,en,guide,095,everyday,webcam-electricity-cost-per-meeting-hour-used,Webcam Electricity Cost Per Meeting Hour Used: Separate Camera and LED Modes,Webcam Electricity Cost Per Meeting Hour Used: Separate Camera and LED Modes,549,6,5,false,7,2026-09-03,true,2026-09-03,PR #151
https://worthcalc.win/en/guides/windfall-debt-vs-cash-allocation/,en,guide,005,debt-credit,windfall-debt-vs-cash-allocation,Windfall: Pay Debt or Keep Cash? A Better Framework Than a Fixed Percentage Rule,Windfall: Pay Debt or Keep Cash? A Better Framework Than a Fixed Percentage Rule,1656,3,0,true,3,2026-08-31,true,2026-09-02,PR #120
https://worthcalc.win/en/gym-membership-cost-per-visit/,en,index,,memberships,gym-membership-cost-per-visit,Gym membership cost per visit: how often do you need to go?,Gym membership cost per visit: how often do you need to go?,1011,2,0,true,2,,false,無資料,無資料
https://worthcalc.win/en/home-vs-public-ev-charging-cost/,en,index,,transportation,home-vs-public-ev-charging-cost,Home charging vs public charging: what does an EV really cost per mile?,Home charging vs public charging: what does an EV really cost per mile?,1419,2,1,true,3,,false,無資料,無資料
https://worthcalc.win/en/hourly-vs-annual-salary/,en,index,,income-savings,hourly-vs-annual-salary,Hourly vs. Annual Salary: How to Compare Two Job Offers Fairly,Hourly vs. Annual Salary: How to Compare Two Job Offers Fairly,976,3,1,true,1,,false,無資料,無資料
https://worthcalc.win/en/how-compound-growth-works/,en,index,,income-savings,how-compound-growth-works,How Compound Growth Actually Works (And Why Fees Matter as Much as Returns),How Compound Growth Actually Works (And Why Fees Matter as Much as Returns),1020,4,3,true,2,,false,無資料,無資料
https://worthcalc.win/en/how-much-home-can-you-afford/,en,index,,housing,how-much-home-can-you-afford,How Much House Can You Afford? The 28/36 Rule and What It Leaves Out,How Much House Can You Afford? The 28/36 Rule and What It Leaves Out,1014,3,1,true,1,,false,無資料,無資料
https://worthcalc.win/en/how-to-calculate-dti/,en,index,,debt-credit,how-to-calculate-dti,How to Calculate DTI (And Why 43% Isn't a Hard Cutoff Anymore),How to Calculate DTI (And Why 43% Isn't a Hard Cutoff Anymore),1169,3,1,true,3,,false,無資料,無資料
https://worthcalc.win/en/installment-apr-table/,en,index,,debt-credit,installment-apr-table,Installment Fee to APR Conversion Table: A 3% Fee Is Not a 3% Rate,Installment Fee to APR Conversion Table: A 3% Fee Is Not a 3% Rate,901,2,4,true,0,,false,2026-07-28,PR #100
https://worthcalc.win/en/is-an-extended-warranty-worth-it/,en,index,,everyday,is-an-extended-warranty-worth-it,"Is an extended warranty worth it? Compare price, failure risk, and repair cost","Is an extended warranty worth it? Compare price, failure risk, and repair cost",931,2,0,true,3,,false,無資料,無資料
https://worthcalc.win/en/is-costco-executive-membership-worth-it/,en,index,,memberships,is-costco-executive-membership-worth-it,"Is Costco Executive Worth It in 2026? $3,250 Break-Even Math","Is Costco Executive Worth It in 2026? $3,250 Break-Even Math",1860,3,1,true,2,,false,2026-07-13,PR #10
https://worthcalc.win/en/job-offer-true-value-decision-engine/,en,index,,everyday,job-offer-true-value-decision-engine,Job Offer True Value Decision Engine,Job Offer True Value Decision Engine,364,0,0,true,2,,false,無資料,無資料
https://worthcalc.win/en/loan-term-monthly-payment-vs-total-interest/,en,index,,debt-credit,loan-term-monthly-payment-vs-total-interest,"Loan Term vs Monthly Payment & Total Interest: 36, 60, 84 Months",Loan Term vs. Monthly Payment: Why a Lower Payment Can Cost More Overall,1551,6,6,true,3,,true,無資料,無資料
https://worthcalc.win/en/meal-prep-vs-takeout-cost/,en,index,,everyday,meal-prep-vs-takeout-cost,"Meal prep vs takeout cost: food, time, waste and delivery per serving","Meal prep vs takeout cost: food, time, waste and delivery per serving",755,2,0,true,2,,false,無資料,無資料
https://worthcalc.win/en/monthly-vs-annual-subscription/,en,index,,memberships,monthly-vs-annual-subscription,Monthly vs annual subscription: when does annual billing save money?,Monthly vs annual subscription: when does annual billing save money?,1236,2,1,true,3,,false,無資料,無資料
https://worthcalc.win/en/net-worth-vs-liquid-net-worth/,en,index,,income-savings,net-worth-vs-liquid-net-worth,"Net Worth vs Liquid Net Worth: Assets, Liquidity & Worked Example",Net Worth vs. Liquid Net Worth: Why a High Net Worth Can Still Feel Cash-Poor,1508,5,4,false,2,,true,無資料,無資料
https://worthcalc.win/en/new-vs-used-car-total-cost/,en,index,,transportation,new-vs-used-car-total-cost,"New vs used car: compare depreciation, repairs, financing, and resale","New vs used car: compare depreciation, repairs, financing, and resale",1556,3,1,true,3,,false,無資料,無資料
https://worthcalc.win/en/opportunity-cost-everyday/,en,index,,everyday,opportunity-cost-everyday,What Is Opportunity Cost? Five Everyday Examples of the Most Important Invisible Bill,What Is Opportunity Cost? Five Everyday Examples of the Most Important Invisible Bill,795,5,3,true,0,,false,2026-07-25,PR #98
https://worthcalc.win/en/paid-membership-break-even/,en,index,,memberships,paid-membership-break-even,How to calculate whether a paid membership is worth it,How to calculate whether a paid membership is worth it,843,2,1,true,2,,false,無資料,無資料
https://worthcalc.win/en/pay-raise-vs-inflation-purchasing-power/,en,index,,income-savings,pay-raise-vs-inflation-purchasing-power,Pay raise vs inflation: did purchasing power increase?,Pay raise vs inflation: did purchasing power increase?,708,3,0,true,2,,false,無資料,無資料
https://worthcalc.win/en/price-in-work-hours/,en,index,,everyday,price-in-work-hours,How Many Hours of You Does It Cost? Work-Hours Pricing and Your True Wage,How Many Hours of You Does It Cost? Work-Hours Pricing and Your True Wage,793,7,0,true,0,,false,2026-07-23,PR #95
https://worthcalc.win/en/price-per-wear-clothing-shoes/,en,index,,everyday,price-per-wear-clothing-shoes,Price per wear: compare clothing and shoes by actual use,Price per wear: compare clothing and shoes by actual use,631,2,0,true,2,,false,無資料,無資料
https://worthcalc.win/en/privacy/,en,legal,,everyday,privacy,Privacy Policy,Privacy Policy,842,1,0,true,3,,false,2026-07-03,無資料
https://worthcalc.win/en/rent-vs-buy-breakeven-year/,en,index,,housing,rent-vs-buy-breakeven-year,How long do you need to stay before buying can beat renting?,How long do you need to stay before buying can beat renting?,1438,2,1,true,3,,false,無資料,無資料
https://worthcalc.win/en/rent-vs-buy-guide/,en,index,,housing,rent-vs-buy-guide,Rent vs Buy: The Assumptions That Actually Change the Answer,Rent vs Buy: The Assumptions That Actually Change the Answer,1441,4,2,true,2,,false,2026-07-03,無資料
https://worthcalc.win/en/repair-or-replace-decision-formula/,en,index,,everyday,repair-or-replace-decision-formula,"Repair or replace: a practical decision formula for appliances, phones, and cars","Repair or replace: a practical decision formula for appliances, phones, and cars",990,2,0,true,3,,false,無資料,無資料
https://worthcalc.win/en/return-to-office-cost/,en,index,,transportation,return-to-office-cost,Return-to-Office Cost Calculator: The Annual Cash Difference From N Days to M,Return-to-Office Cost Calculator: The Annual Cash Difference From N Days to M,825,2,2,true,0,,false,2026-08-07,PR #112
https://worthcalc.win/en/reusable-vs-disposable-break-even/,en,index,,everyday,reusable-vs-disposable-break-even,Reusable vs disposable break-even: cost per actual use,Reusable vs disposable break-even: cost per actual use,654,2,0,true,2,,false,無資料,無資料
https://worthcalc.win/en/rule-of-72-explained/,en,index,,income-savings,rule-of-72-explained,The Rule of 72: Compound Interest in One Line of Mental Math (and Where It Fails),The Rule of 72: Compound Interest in One Line of Mental Math (and Where It Fails),876,2,2,true,0,,false,2026-07-28,PR #100
https://worthcalc.win/en/savings-rate-gross-vs-net/,en,index,,income-savings,savings-rate-gross-vs-net,Savings Rate: Gross vs Net Income & What Counts as Saving,"Savings Rate: Gross vs. Net Income, Retirement Contributions, and Debt Principal",1405,8,3,true,3,,true,無資料,無資料
https://worthcalc.win/en/snowball-vs-avalanche/,en,index,,debt-credit,snowball-vs-avalanche,Debt Snowball vs. Avalanche: What the Math (and the Research) Actually Show,Debt Snowball vs. Avalanche: What the Math (and the Research) Actually Show,932,3,1,true,2,,false,無資料,無資料
https://worthcalc.win/en/subscription-creep/,en,index,,memberships,subscription-creep,Subscription Creep: How Much Are You Really Paying?,Subscription Creep: How Much Are You Really Paying?,1205,7,3,true,2,,false,2026-07-03,無資料
https://worthcalc.win/en/sunk-cost-fallacy-everyday/,en,index,,everyday,sunk-cost-fallacy-everyday,What Is the Sunk Cost Fallacy? How 'But I Already Paid' Makes Losses Grow,What Is the Sunk Cost Fallacy? How 'But I Already Paid' Makes Losses Grow,973,2,2,true,0,,false,2026-07-28,PR #100
https://worthcalc.win/en/terms/,en,legal,,everyday,terms,Terms of Use,Terms of Use,367,0,1,true,0,,false,2026-07-03,無資料
https://worthcalc.win/en/tools/,en,index,,everyday,tools,All calculators,All calculators,682,9,24,true,0,,false,2026-09-06,PR #161
https://worthcalc.win/en/tools/budget-builder/,en,tool,,income-savings,budget-builder,Personal Monthly Budget Builder,Personal Monthly Budget Builder,709,29,7,true,2,2026-07-31,false,2026-07-23,PR #93
https://worthcalc.win/en/tools/car-affordability/,en,tool,,transportation,car-affordability,Car Affordability & Total Monthly Cost Calculator,Car Affordability & Total Monthly Cost Calculator,709,6,5,true,2,2026-07-31,false,2026-07-23,PR #93
https://worthcalc.win/en/tools/cashback-breakeven/,en,tool,,debt-credit,cashback-breakeven,Cashback Break-even Calculator,Cashback Break-even Calculator,575,11,4,true,0,,false,2026-07-03,無資料
https://worthcalc.win/en/tools/commute-cost/,en,tool,,transportation,commute-cost,"Commute Cost Calculator: Per Mile, Monthly and Annual","Commute Cost Calculator: Per Mile, Monthly and Annual",1605,12,6,true,2,,false,2026-07-03,無資料
https://worthcalc.win/en/tools/compound-growth/,en,tool,,income-savings,compound-growth,Compound Growth & Savings Goal Calculator,Compound Growth & Savings Goal Calculator,697,6,3,true,2,2026-07-31,false,2026-07-23,PR #93
https://worthcalc.win/en/tools/cost-per-mile/,en,tool,,transportation,cost-per-mile,"Cost Per Mile Calculator: Total Car Cost, Not Just Fuel","Cost Per Mile Calculator: Total Car Cost, Not Just Fuel",1464,4,3,true,0,,false,2026-08-07,PR #111
https://worthcalc.win/en/tools/costco-membership/,en,tool,,memberships,costco-membership,Costco Membership Calculator: Gold Star vs Executive,Costco Membership Calculator: Gold Star vs Executive,1655,12,7,true,5,,false,2026-07-03,無資料
https://worthcalc.win/en/tools/credit-card-payoff/,en,tool,,debt-credit,credit-card-payoff,Credit Card Payoff & Interest Calculator,Credit Card Payoff & Interest Calculator,668,4,2,true,2,2026-07-31,false,2026-07-23,PR #93
https://worthcalc.win/en/tools/debt-strategy/,en,tool,,debt-credit,debt-strategy,Debt Snowball vs Avalanche Calculator,Debt Snowball vs Avalanche Calculator,638,3,1,true,2,2026-07-31,false,2026-07-23,PR #93
https://worthcalc.win/en/tools/dti-calculator/,en,tool,,debt-credit,dti-calculator,Debt-to-Income (DTI) Ratio Calculator,Debt-to-Income (DTI) Ratio Calculator,748,5,2,true,2,2026-07-31,false,2026-07-23,PR #93
https://worthcalc.win/en/tools/ev-vs-gas/,en,tool,,transportation,ev-vs-gas,EV vs Gas Car TCO Calculator,EV vs Gas Car TCO Calculator,611,6,4,true,0,,false,2026-07-03,無資料
https://worthcalc.win/en/tools/home-affordability/,en,tool,,housing,home-affordability,Home Affordability & Full Housing Cost Calculator,Home Affordability & Full Housing Cost Calculator,706,4,1,true,1,2026-07-31,false,2026-07-23,PR #93
https://worthcalc.win/en/tools/installment-true-apr/,en,tool,,debt-credit,installment-true-apr,Installment True APR Calculator,Installment True APR Calculator,866,13,5,true,0,,false,2026-07-03,無資料
https://worthcalc.win/en/tools/latte-factor/,en,tool,,everyday,latte-factor,Latte Factor Calculator: Daily Coffee Cost & Savings,Latte Factor Calculator: Daily Coffee Cost & Savings,1032,9,5,true,0,,false,2026-07-03,無資料
https://worthcalc.win/en/tools/mortgage-payoff/,en,tool,,housing,mortgage-payoff,Mortgage Payoff & Extra Payment Calculator,Mortgage Payoff & Extra Payment Calculator,708,4,2,true,1,2026-07-31,false,2026-07-23,PR #93
https://worthcalc.win/en/tools/rent-vs-buy/,en,tool,,housing,rent-vs-buy,Rent vs Buy Calculator,Rent vs Buy Calculator,623,8,5,true,0,,false,2026-07-03,無資料
https://worthcalc.win/en/tools/salary-converter/,en,tool,,income-savings,salary-converter,"Hourly, Monthly & Annual Salary Converter","Hourly, Monthly & Annual Salary Converter",704,3,1,true,1,2026-07-31,false,2026-07-23,PR #93
https://worthcalc.win/en/tools/subscription-audit/,en,tool,,memberships,subscription-audit,Subscription Audit Calculator,Subscription Audit Calculator,539,10,4,true,0,,false,2026-07-03,無資料
https://worthcalc.win/en/topics/debt-credit/,en,topic-hub,,debt-credit,debt-credit,Debt & credit,Debt & credit,383,3,19,true,0,,false,2026-09-06,PR #161
https://worthcalc.win/en/topics/everyday/,en,topic-hub,,everyday,everyday,Everyday break-even,Everyday break-even,279,3,15,true,0,,false,2026-09-06,PR #161
https://worthcalc.win/en/topics/housing/,en,topic-hub,,housing,housing,Housing & affordability,Housing & affordability,286,3,14,true,0,,false,2026-09-06,PR #161
https://worthcalc.win/en/topics/income-savings/,en,topic-hub,,income-savings,income-savings,"Income, savings & growth","Income, savings & growth",336,3,17,true,0,,false,2026-09-06,PR #161
https://worthcalc.win/en/topics/memberships/,en,topic-hub,,memberships,memberships,Subscriptions & memberships,Subscriptions & memberships,278,3,16,true,0,,false,2026-09-06,PR #161
https://worthcalc.win/en/topics/transportation/,en,topic-hub,,everyday,transportation,Transportation & ownership cost,Transportation & ownership cost,340,3,18,true,0,,false,2026-09-06,PR #161
https://worthcalc.win/en/true-cost-of-car-ownership/,en,index,,transportation,true-cost-of-car-ownership,The 20/4/10 Rule: How Much Car You Can Actually Afford,The 20/4/10 Rule: How Much Car You Can Actually Afford,1033,4,1,true,2,,false,無資料,無資料
https://worthcalc.win/en/true-hourly-wage-after-commuting-work-expenses/,en,index,,income-savings,true-hourly-wage-after-commuting-work-expenses,True hourly wage after commuting and work expenses,True hourly wage after commuting and work expenses,711,3,0,true,2,,false,無資料,無資料
https://worthcalc.win/en/upfront-fees-financing-cost/,en,index,,debt-credit,upfront-fees-financing-cost,How upfront fees change the true cost of financing,How upfront fees change the true cost of financing,1532,2,2,false,3,,false,無資料,無資料
https://worthcalc.win/en/upgrade-your-phone-or-keep-it/,en,index,,everyday,upgrade-your-phone-or-keep-it,"Upgrade your phone or keep it? Compare repair, trade-in, and monthly cost","Upgrade your phone or keep it? Compare repair, trade-in, and monthly cost",1034,1,0,true,2,,false,無資料,無資料
https://worthcalc.win/en/work-from-home-vs-commuting-hidden-costs/,en,index,,transportation,work-from-home-vs-commuting-hidden-costs,Work from home vs commuting: compare the hidden monthly costs,Work from home vs commuting: compare the hidden monthly costs,1090,2,0,true,4,,false,無資料,無資料
https://worthcalc.win/en/zero-interest-installments-truth/,en,index,,debt-credit,zero-interest-installments-truth,How to Calculate the Real APR of a 0% Installment Plan,How to Calculate the Real APR of a 0% Installment Plan,1449,8,3,true,2,,false,2026-07-03,無資料
https://worthcalc.win/es/,es,home,,everyday,es,Calculadoras transparentes para decisiones de dinero,"Antes de pagar, calcula el coste real .",1171,0,18,true,2,,false,無資料,無資料
https://worthcalc.win/es/about/,es,legal,,everyday,about,Quién está detrás de WorthCalc y cómo revisamos las calculadoras,Quién está detrás de WorthCalc y cómo revisamos las calculadoras,338,0,0,false,0,,false,2026-07-19,PR #71
https://worthcalc.win/es/annual-fee-card-breakeven/,es,index,,debt-credit,annual-fee-card-breakeven,Cuánto gastar para compensar la cuota anual de una tarjeta,Cuánto gastar para compensar la cuota anual de una tarjeta,1112,3,0,false,2,,false,無資料,無資料
https://worthcalc.win/es/bnpl-vs-credit-card-installments/,es,index,,debt-credit,bnpl-vs-credit-card-installments,"BNPL frente a cuotas de tarjeta: compara coste total, calendario e impago","BNPL frente a cuotas de tarjeta: compara coste total, calendario e impago",1370,2,1,false,3,,false,無資料,無資料
https://worthcalc.win/es/budget-with-irregular-income/,es,index,,income-savings,budget-with-irregular-income,Presupuestar como autónomo: cuota por tramos y el modelo 130 trimestral,Presupuestar como autónomo: cuota por tramos y el modelo 130 trimestral,1089,2,1,false,2,,false,無資料,無資料
https://worthcalc.win/es/bulk-buying-vs-small-packages/,es,index,,everyday,bulk-buying-vs-small-packages,"Comprar formato grande o pequeño: coste útil, merma y caducidad","Comprar formato grande o pequeño: coste útil, merma y caducidad",705,3,0,true,2,,false,無資料,無資料
https://worthcalc.win/es/bulk-buying-waste-math/,es,index,,everyday,bulk-buying-waste-math,¿Compensa comprar a granel? Calcula la merma máxima del formato grande,¿Compensa comprar a granel? Calcula la merma máxima del formato grande,609,2,1,true,2,,false,無資料,無資料
https://worthcalc.win/es/car-lease-vs-buy-total-cost/,es,index,,transportation,car-lease-vs-buy-total-cost,"Renting, leasing o compra: cómo comparar coste total, kilometraje y valor residual","Renting, leasing o compra: cómo comparar coste total, kilometraje y valor residual",1425,1,1,true,3,,false,無資料,無資料
https://worthcalc.win/es/cashback-caps-real-reward-rate/,es,index,,debt-credit,cashback-caps-real-reward-rate,Límites de reembolso y categorías: cómo calcular la rentabilidad real de una tarjeta,Límites de reembolso y categorías: cómo calcular la rentabilidad real de una tarjeta,1175,2,0,true,3,,false,無資料,無資料
https://worthcalc.win/es/changelog/,es,legal,,everyday,changelog,Historial de cambios de WorthCalc,Historial de cambios de WorthCalc,358,0,0,false,0,,false,2026-07-19,PR #71
https://worthcalc.win/es/contact/,es,legal,,everyday,contact,"Contacto con WorthCalc: errores, fuentes y propuestas","Contacto con WorthCalc: errores, fuentes y propuestas",379,0,0,false,0,,false,2026-07-19,PR #71
https://worthcalc.win/es/cost-per-use-expensive-item/,es,index,,everyday,cost-per-use-expensive-item,"Coste por uso de un artículo caro: valor previsto, real y punto de equilibrio","Coste por uso de un artículo caro: valor previsto, real y punto de equilibrio",643,2,0,true,2,,false,無資料,無資料
https://worthcalc.win/es/costco-math/,es,index,,memberships,costco-math,"¿Compensa Costco España? Cuota, ahorro real y gasto de equilibrio","¿Compensa Costco España? Cuota, ahorro real y gasto de equilibrio",584,1,1,true,2,,false,無資料,無資料
https://worthcalc.win/es/credit-card-minimum-payment-trap/,es,index,,debt-credit,credit-card-minimum-payment-trap,La trampa del pago mínimo: qué es el crédito revolving y cuándo es usura,La trampa del pago mínimo: qué es el crédito revolving y cuándo es usura,1117,2,1,false,1,,false,無資料,無資料
https://worthcalc.win/es/delivery-membership-break-even/,es,index,,memberships,delivery-membership-break-even,Cuándo compensa una membresía de entrega a domicilio,Cuándo compensa una membresía de entrega a domicilio,1045,1,0,true,2,,false,無資料,無資料
https://worthcalc.win/es/disclaimer/,es,legal,,everyday,disclaimer,Aviso legal sobre las estimaciones de WorthCalc,Aviso legal sobre las estimaciones de WorthCalc,408,0,0,false,2,,false,2026-07-19,PR #71
https://worthcalc.win/es/energy-efficient-appliance-payback/,es,index,,everyday,energy-efficient-appliance-payback,"Amortización de un electrodoméstico eficiente: sobreprecio, kWh y punto de equilibrio","Amortización de un electrodoméstico eficiente: sobreprecio, kWh y punto de equilibrio",722,1,0,true,2,,false,無資料,無資料
https://worthcalc.win/es/ev-vs-gas-total-cost/,es,index,,transportation,ev-vs-gas-total-cost,Coche eléctrico o gasolina: cómo comparar el coste total de propiedad,Coche eléctrico o gasolina: cómo comparar el coste total de propiedad,1353,5,0,true,3,,false,無資料,無資料
https://worthcalc.win/es/extra-mortgage-payments-guide/,es,index,,housing,extra-mortgage-payments-guide,Amortizar hipoteca anticipadamente: lo que la Ley 5/2019 te permite y lo que te cuesta,Amortizar hipoteca anticipadamente: lo que la Ley 5/2019 te permite y lo que te cuesta,1268,2,1,false,2,,false,無資料,無資料
https://worthcalc.win/es/full-commute-cost-including-time/,es,index,,transportation,full-commute-cost-including-time,"Cómo calcular el coste completo de ir al trabajo, incluido tu tiempo","Cómo calcular el coste completo de ir al trabajo, incluido tu tiempo",1017,2,0,true,3,,false,無資料,無資料
https://worthcalc.win/es/guides/,es,index,,everyday,guides,Todas las guías,Todas las guías,2597,1,197,true,0,,false,2026-09-06,PR #161
https://worthcalc.win/es/guides/3d-printer-electricity-cost-per-print-used/,es,guide,079,everyday,3d-printer-electricity-cost-per-print-used,Coste eléctrico de una impresora 3D por pieza: calor y tiempo de impresión,Coste eléctrico de una impresora 3D por pieza: calor y tiempo de impresión,686,5,4,false,5,2026-09-03,true,2026-09-03,無資料
https://worthcalc.win/es/guides/3d-scanner-electricity-cost-per-scanning-session-used/,es,guide,086,everyday,3d-scanner-electricity-cost-per-scanning-session-used,Coste eléctrico de un escáner 3D por sesión: separa el ordenador,Coste eléctrico de un escáner 3D por sesión: separa el ordenador,502,5,4,false,5,2026-09-03,true,2026-09-03,無資料
https://worthcalc.win/es/guides/air-fryer-cost-per-cooking-cycle-used/,es,guide,053,everyday,air-fryer-cost-per-cooking-cycle-used,Coste de la freidora de aire por ciclo de cocción,Coste de la freidora de aire por ciclo de cocción,479,5,4,false,4,2026-09-02,true,2026-09-02,無資料
https://worthcalc.win/es/guides/air-purifier-cost-per-clean-air-hour-used/,es,guide,031,everyday,air-purifier-cost-per-clean-air-hour-used,"Coste del purificador por hora de aire limpio: vatios, CADR y filtros","Coste del purificador por hora de aire limpio: vatios, CADR y filtros",234,3,4,false,2,2026-09-02,true,2026-09-02,無資料
https://worthcalc.win/es/guides/annual-cost-savings-calculator/,es,guide,010,income-savings,annual-cost-savings-calculator,Calculadora de ahorro anual: compara el ahorro real tras comisiones y uso,Calculadora de ahorro anual: compara el ahorro real tras comisiones y uso,564,41,7,false,2,2026-09-02,true,2026-09-02,PR #123
https://worthcalc.win/es/guides/aquarium-air-pump-electricity-cost-per-filtration-day-used/,es,guide,105,everyday,aquarium-air-pump-electricity-cost-per-filtration-day-used,Coste de una bomba de aire de acuario por día de filtración: incluye contrapresión,Coste de una bomba de aire de acuario por día de filtración: incluye contrapresión,428,5,4,false,7,2026-09-03,true,2026-09-03,PR #152
https://worthcalc.win/es/guides/aquarium-heater-electricity-cost-per-tank-day-used/,es,guide,113,everyday,aquarium-heater-electricity-cost-per-tank-day-used,Coste eléctrico del calentador de acuario por día de tanque: separa los ciclos del termostato,Coste eléctrico del calentador de acuario por día de tanque: separa los ciclos del termostato,644,6,5,false,4,2026-09-03,true,2026-09-03,PR #154
https://worthcalc.win/es/guides/attic-fan-electricity-cost-per-ventilation-hour-used/,es,guide,123,everyday,attic-fan-electricity-cost-per-ventilation-hour-used,Coste del ventilador de ático por hora de ventilación: mide el ciclo,Coste del ventilador de ático por hora de ventilación: mide el ciclo,367,2,4,false,3,2026-09-03,true,2026-09-03,PR #155
https://worthcalc.win/es/guides/bathroom-ventilation-fan-electricity-cost-per-shower-used/,es,guide,102,everyday,bathroom-ventilation-fan-electricity-cost-per-shower-used,Coste del extractor de baño por ducha: incluye el temporizador posterior,Coste del extractor de baño por ducha: incluye el temporizador posterior,421,7,4,false,7,2026-09-03,true,2026-09-03,PR #152
https://worthcalc.win/es/guides/billing-date-cash-flow-overlap/,es,guide,011,income-savings,billing-date-cash-flow-overlap,Solapamiento de fechas de cobro: planifica cargos grandes en la misma semana,Solapamiento de fechas de cobro: planifica cargos grandes en la misma semana,461,3,5,false,2,2026-09-02,true,2026-09-02,PR #130
https://worthcalc.win/es/guides/blender-cost-per-blending-session-used/,es,guide,057,everyday,blender-cost-per-blending-session-used,Coste de la batidora por sesión,Coste de la batidora por sesión,463,5,4,false,4,2026-09-02,true,2026-09-02,無資料
https://worthcalc.win/es/guides/bread-maker-cost-per-loaf-used/,es,guide,065,everyday,bread-maker-cost-per-loaf-used,Coste de la panificadora por pan: reparte amasado y horneado,Coste de la panificadora por pan: reparte amasado y horneado,740,5,4,false,4,2026-09-03,true,2026-09-03,無資料
https://worthcalc.win/es/guides/ceiling-fan-cost-per-operating-hour-used/,es,guide,030,everyday,ceiling-fan-cost-per-operating-hour-used,Coste del ventilador de techo por hora: separa aire y luz,Coste del ventilador de techo por hora: separa aire y luz,237,3,4,false,2,2026-09-02,true,2026-09-02,無資料
https://worthcalc.win/es/guides/ceiling-fan-electricity-cost-per-cooling-hour-used/,es,guide,101,everyday,ceiling-fan-electricity-cost-per-cooling-hour-used,Coste eléctrico de un ventilador de techo por hora de uso: separa luz y espera,Coste eléctrico de un ventilador de techo por hora de uso: separa luz y espera,462,6,5,false,7,2026-09-03,true,2026-09-03,PR #152
https://worthcalc.win/es/guides/childcare-cost-per-hour-used/,es,guide,015,income-savings,childcare-cost-per-hour-used,Coste de guardería por hora utilizada: calcula el horario que realmente necesitas,Coste de guardería por hora utilizada: calcula el horario que realmente necesitas,379,3,4,true,1,2026-09-02,true,2026-09-02,PR #134
https://worthcalc.win/es/guides/clothes-dryer-cost-per-load-used/,es,guide,023,everyday,clothes-dryer-cost-per-load-used,"Coste de la secadora por carga usada: compara calor, tiempo y tamaño","Coste de la secadora por carga usada: compara calor, tiempo y tamaño",431,2,5,false,2,2026-09-02,true,2026-09-02,PR #138
https://worthcalc.win/es/guides/cloud-storage-cost-per-retained-gb/,es,guide,016,everyday,cloud-storage-cost-per-retained-gb,Coste del almacenamiento en la nube por GB retenido: incluye duplicados y capacidad sin uso,Coste del almacenamiento en la nube por GB retenido: incluye duplicados y capacidad sin uso,357,4,4,true,2,2026-09-02,true,2026-09-02,PR #135
https://worthcalc.win/es/guides/coffee-maker-cost-per-brew-used/,es,guide,050,everyday,coffee-maker-cost-per-brew-used,"Coste de la cafetera por preparación: separa preparar, mantener caliente y tazas","Coste de la cafetera por preparación: separa preparar, mantener caliente y tazas",293,4,4,false,2,2026-09-02,true,2026-09-02,PR #142
https://worthcalc.win/es/guides/computer-electricity-cost-per-day-used/,es,guide,041,everyday,computer-electricity-cost-per-day-used,"Coste eléctrico diario del ordenador: separa trabajo, reposo y carga","Coste eléctrico diario del ordenador: separa trabajo, reposo y carga",330,4,4,false,2,2026-09-02,true,2026-09-02,PR #141
https://worthcalc.win/es/guides/cost-per-use-kitchen-appliance/,es,guide,014,everyday,cost-per-use-kitchen-appliance,"Coste por uso de un electrodoméstico: suma energía, limpieza y reposición","Coste por uso de un electrodoméstico: suma energía, limpieza y reposición",380,8,4,true,2,2026-09-02,true,2026-09-02,PR #133
https://worthcalc.win/es/guides/cost-per-wear-clothing/,es,guide,014,everyday,cost-per-wear-clothing,Coste por uso de la ropa: calcula el precio según las veces que la llevas,Coste por uso de la ropa: calcula el precio según las veces que la llevas,384,3,4,true,1,2026-09-02,true,2026-09-02,PR #133
https://worthcalc.win/es/guides/costco-executive-break-even-eligible-spend/,es,guide,012,memberships,costco-executive-break-even-eligible-spend,Punto de equilibrio de Costco Executive: gasto elegible para recuperar la mejora,Punto de equilibrio de Costco Executive: gasto elegible para recuperar la mejora,560,6,3,false,3,2026-09-02,true,2026-09-02,PR #131
https://worthcalc.win/es/guides/costco-gas-detour-break-even/,es,guide,012,memberships,costco-gas-detour-break-even,Desvío para gasolina de Costco: calcula si el precio bajo compensa el trayecto,Desvío para gasolina de Costco: calcula si el precio bajo compensa el trayecto,417,2,2,false,2,2026-09-02,true,2026-09-02,PR #131
https://worthcalc.win/es/guides/costco-household-card-break-even-use/,es,guide,012,memberships,costco-household-card-break-even-use,Tarjeta doméstica de Costco: mide cuándo el uso compartido aporta valor real,Tarjeta doméstica de Costco: mide cuándo el uso compartido aporta valor real,400,2,4,false,3,2026-09-02,true,2026-09-02,PR #131
https://worthcalc.win/es/guides/costco-membership-fee-break-even-savings/,es,guide,012,memberships,costco-membership-fee-break-even-savings,Punto de equilibrio de la cuota Costco: ¿cuánto debes comprar para recuperar el coste?,Punto de equilibrio de la cuota Costco: ¿cuánto debes comprar para recuperar el coste?,464,5,3,false,1,2026-09-02,true,2026-09-02,PR #131
https://worthcalc.win/es/guides/costco-renewal-refund-reward-timing/,es,guide,012,memberships,costco-renewal-refund-reward-timing,"Renovación, reembolso y recompensa Costco: calcula el coste neto por fechas","Renovación, reembolso y recompensa Costco: calcula el coste neto por fechas",406,3,4,false,3,2026-09-02,true,2026-09-02,PR #131
https://worthcalc.win/es/guides/costco-reward-cap-usage-break-even/,es,guide,012,memberships,costco-reward-cap-usage-break-even,Límite de recompensa Costco: identifica cuándo gastar más deja de ayudar,Límite de recompensa Costco: identifica cuándo gastar más deja de ayudar,404,2,4,false,3,2026-09-02,true,2026-09-02,PR #131
https://worthcalc.win/es/guides/costco-reward-exclusion-effective-rate/,es,guide,012,memberships,costco-reward-exclusion-effective-rate,Exclusiones de recompensas Costco: calcula tu tasa efectiva real,Exclusiones de recompensas Costco: calcula tu tasa efectiva real,413,5,3,true,3,2026-09-02,true,2026-09-02,PR #131
https://worthcalc.win/es/guides/countertop-ice-maker-cost-per-batch-used/,es,guide,071,everyday,countertop-ice-maker-cost-per-batch-used,Coste de la máquina de hielo por lote: incluye congelación y espera,Coste de la máquina de hielo por lote: incluye congelación y espera,661,5,4,false,4,2026-09-03,true,2026-09-03,無資料
https://worthcalc.win/es/guides/coworking-membership-cost-per-day/,es,guide,014,memberships,coworking-membership-cost-per-day,Coste diario de un coworking: incluye el acceso que no utilizas,Coste diario de un coworking: incluye el acceso que no utilizas,360,3,4,true,1,2026-09-02,true,2026-09-02,PR #133
https://worthcalc.win/es/guides/dehumidifier-cost-per-pint-removed/,es,guide,029,everyday,dehumidifier-cost-per-pint-removed,"Coste del deshumidificador por pinta retirada: compara energía, tiempo y humedad","Coste del deshumidificador por pinta retirada: compara energía, tiempo y humedad",240,3,4,false,2,2026-09-02,true,2026-09-02,無資料
https://worthcalc.win/es/guides/dehumidifier-electricity-cost-per-laundry-drying-session-used/,es,guide,121,everyday,dehumidifier-electricity-cost-per-laundry-drying-session-used,Coste eléctrico del deshumidificador por hora de secado: incluye las pausas,Coste eléctrico del deshumidificador por hora de secado: incluye las pausas,554,5,4,false,4,2026-09-03,true,2026-09-03,PR #155
https://worthcalc.win/es/guides/desk-fan-electricity-cost-per-cooling-hour-used/,es,guide,093,everyday,desk-fan-electricity-cost-per-cooling-hour-used,Coste eléctrico de un ventilador de mesa por hora de uso: incluye velocidad y oscilación,Coste eléctrico de un ventilador de mesa por hora de uso: incluye velocidad y oscilación,452,5,4,false,5,2026-09-03,true,2026-09-03,無資料
https://worthcalc.win/es/guides/desktop-speakers-electricity-cost-per-listening-hour-used/,es,guide,082,everyday,desktop-speakers-electricity-cost-per-listening-hour-used,Coste eléctrico de los altavoces de escritorio por hora de escucha,Coste eléctrico de los altavoces de escritorio por hora de escucha,665,5,4,false,5,2026-09-03,true,2026-09-03,無資料
https://worthcalc.win/es/guides/digital-photo-frame-electricity-cost-per-display-day-used/,es,guide,100,everyday,digital-photo-frame-electricity-cost-per-display-day-used,Coste de un marco digital por día de exposición: separa pantalla y espera de red,Coste de un marco digital por día de exposición: separa pantalla y espera de red,436,2,4,false,7,2026-09-03,true,2026-09-03,PR #151
https://worthcalc.win/es/guides/dishwasher-cost-per-cycle-used/,es,guide,022,everyday,dishwasher-cost-per-cycle-used,"Coste del lavavajillas por ciclo usado: suma energía, agua y detergente","Coste del lavavajillas por ciclo usado: suma energía, agua y detergente",432,4,5,false,2,2026-09-02,true,2026-09-02,PR #137
https://worthcalc.win/es/guides/document-camera-electricity-cost-per-presentation-hour-used/,es,guide,099,everyday,document-camera-electricity-cost-per-presentation-hour-used,Coste de una cámara de documentos por hora de presentación: incluye luz y ordenador,Coste de una cámara de documentos por hora de presentación: incluye luz y ordenador,412,5,4,false,7,2026-09-03,true,2026-09-03,PR #151
https://worthcalc.win/es/guides/e-reader-electricity-cost-per-reading-hour-used/,es,guide,090,everyday,e-reader-electricity-cost-per-reading-hour-used,Coste eléctrico de un lector electrónico por hora de lectura: cuenta la carga,Coste eléctrico de un lector electrónico por hora de lectura: cuenta la carga,468,5,4,false,5,2026-09-03,true,2026-09-03,無資料
https://worthcalc.win/es/guides/electric-air-pump-electricity-cost-per-inflation-session-used/,es,guide,106,income-savings,electric-air-pump-electricity-cost-per-inflation-session-used,Coste de una bomba eléctrica por sesión de inflado: incluye el corte de presión,Coste de una bomba eléctrica por sesión de inflado: incluye el corte de presión,416,2,4,false,7,2026-09-03,true,2026-09-03,PR #152
https://worthcalc.win/es/guides/electric-blanket-cost-per-night-used/,es,guide,046,everyday,electric-blanket-cost-per-night-used,Coste de la manta eléctrica por noche: incluye ajustes y horas reales,Coste de la manta eléctrica por noche: incluye ajustes y horas reales,298,3,4,false,2,2026-09-02,true,2026-09-02,PR #141
https://worthcalc.win/es/guides/electric-can-opener-cost-per-use-used/,es,guide,070,everyday,electric-can-opener-cost-per-use-used,Coste del abrelatas eléctrico por uso: mide el tiempo del motor,Coste del abrelatas eléctrico por uso: mide el tiempo del motor,744,5,4,false,4,2026-09-03,true,2026-09-03,無資料
https://worthcalc.win/es/guides/electric-citrus-juicer-cost-per-juice-session-used/,es,guide,072,everyday,electric-citrus-juicer-cost-per-juice-session-used,Coste del exprimidor eléctrico por sesión de zumo,Coste del exprimidor eléctrico por sesión de zumo,656,5,4,false,4,2026-09-03,true,2026-09-03,無資料
https://worthcalc.win/es/guides/electric-egg-cooker-cost-per-cooking-cycle-used/,es,guide,068,everyday,electric-egg-cooker-cost-per-cooking-cycle-used,Coste del cocedor de huevos por ciclo de cocción,Coste del cocedor de huevos por ciclo de cocción,754,5,4,false,4,2026-09-03,true,2026-09-03,無資料
https://worthcalc.win/es/guides/electric-fireplace-electricity-cost-per-heating-hour-used/,es,guide,118,everyday,electric-fireplace-electricity-cost-per-heating-hour-used,Coste eléctrico de chimenea eléctrica por hora de calefacción: separa la llama,Coste eléctrico de chimenea eléctrica por hora de calefacción: separa la llama,641,10,5,false,4,2026-09-03,true,2026-09-03,PR #154
https://worthcalc.win/es/guides/electric-food-warmer-cost-per-heating-hour-used/,es,guide,076,everyday,electric-food-warmer-cost-per-heating-hour-used,Coste del calentador de comida por hora: mide los ciclos del termostato,Coste del calentador de comida por hora: mide los ciclos del termostato,660,5,4,false,4,2026-09-03,true,2026-09-03,無資料
https://worthcalc.win/es/guides/electric-foot-massager-electricity-cost-per-massage-session-used/,es,guide,094,everyday,electric-foot-massager-electricity-cost-per-massage-session-used,Coste eléctrico de un masajeador de pies por sesión: separa espera y calor,Coste eléctrico de un masajeador de pies por sesión: separa espera y calor,462,5,4,false,5,2026-09-03,true,2026-09-03,無資料
https://worthcalc.win/es/guides/electric-griddle-cost-per-cooking-hour-used/,es,guide,062,everyday,electric-griddle-cost-per-cooking-hour-used,Coste de la plancha eléctrica por hora de cocción: separa precalentamiento y uso,Coste de la plancha eléctrica por hora de cocción: separa precalentamiento y uso,310,5,4,false,4,2026-09-02,true,2026-09-02,無資料
https://worthcalc.win/es/guides/electric-hand-mixer-electricity-cost-per-mixing-session-used/,es,guide,112,everyday,electric-hand-mixer-electricity-cost-per-mixing-session-used,Coste eléctrico de una batidora de mano por sesión: cuenta la velocidad,Coste eléctrico de una batidora de mano por sesión: cuenta la velocidad,378,6,5,false,4,2026-09-03,true,2026-09-03,PR #153
https://worthcalc.win/es/guides/electric-insect-zapper-electricity-cost-per-overnight-used/,es,guide,115,everyday,electric-insect-zapper-electricity-cost-per-overnight-used,Coste eléctrico del matainsectos por noche: incluye la espera,Coste eléctrico del matainsectos por noche: incluye la espera,647,6,5,false,4,2026-09-03,true,2026-09-03,PR #154
https://worthcalc.win/es/guides/electric-kettle-cost-per-boil-used/,es,guide,049,everyday,electric-kettle-cost-per-boil-used,Coste del hervidor eléctrico por hervor: cuenta el volumen y el apagado,Coste del hervidor eléctrico por hervor: cuenta el volumen y el apagado,318,4,5,false,2,2026-09-02,true,2026-09-02,PR #142
https://worthcalc.win/es/guides/electric-lunch-box-cost-per-heating-cycle-used/,es,guide,069,everyday,electric-lunch-box-cost-per-heating-cycle-used,Coste de la fiambrera eléctrica por ciclo de calentamiento,Coste de la fiambrera eléctrica por ciclo de calentamiento,739,5,4,false,4,2026-09-03,true,2026-09-03,無資料
https://worthcalc.win/es/guides/electric-meat-grinder-cost-per-grinding-session-used/,es,guide,073,everyday,electric-meat-grinder-cost-per-grinding-session-used,Coste de la picadora eléctrica por sesión: reparte el tiempo del motor,Coste de la picadora eléctrica por sesión: reparte el tiempo del motor,655,5,4,false,4,2026-09-03,true,2026-09-03,無資料
https://worthcalc.win/es/guides/electric-milk-frother-cost-per-frothing-session-used/,es,guide,075,everyday,electric-milk-frother-cost-per-frothing-session-used,Coste del espumador de leche por sesión: separa calor y batido,Coste del espumador de leche por sesión: separa calor y batido,655,5,4,false,4,2026-09-03,true,2026-09-03,無資料
https://worthcalc.win/es/guides/electric-pasta-maker-cost-per-batch-used/,es,guide,074,everyday,electric-pasta-maker-cost-per-batch-used,"Coste de la máquina de pasta por lote: mezcla, extrusión y secado","Coste de la máquina de pasta por lote: mezcla, extrusión y secado",671,5,4,false,4,2026-09-03,true,2026-09-03,無資料
https://worthcalc.win/es/guides/electric-pencil-sharpener-electricity-cost-per-sharpening-session-used/,es,guide,091,everyday,electric-pencil-sharpener-electricity-cost-per-sharpening-session-used,Coste eléctrico de un sacapuntas eléctrico por sesión: cuenta los ciclos,Coste eléctrico de un sacapuntas eléctrico por sesión: cuenta los ciclos,451,5,4,false,5,2026-09-03,true,2026-09-03,無資料
https://worthcalc.win/es/guides/electric-pressure-cooker-cost-per-cooking-cycle-used/,es,guide,059,everyday,electric-pressure-cooker-cost-per-cooking-cycle-used,Coste de la olla a presión eléctrica por ciclo de cocción,Coste de la olla a presión eléctrica por ciclo de cocción,316,5,4,false,4,2026-09-02,true,2026-09-02,無資料
https://worthcalc.win/es/guides/electric-shaver-electricity-cost-per-grooming-session-used/,es,guide,108,everyday,electric-shaver-electricity-cost-per-grooming-session-used,Coste eléctrico de una afeitadora por sesión de cuidado: cuenta la carga,Coste eléctrico de una afeitadora por sesión de cuidado: cuenta la carga,402,6,5,false,4,2026-09-03,true,2026-09-03,PR #153
https://worthcalc.win/es/guides/electric-space-heater-cost-per-heating-hour-used/,es,guide,034,everyday,electric-space-heater-cost-per-heating-hour-used,"Coste del calefactor eléctrico por hora: vatios, ciclo y habitación","Coste del calefactor eléctrico por hora: vatios, ciclo y habitación",232,4,4,false,2,2026-09-02,true,2026-09-02,無資料
https://worthcalc.win/es/guides/electric-standing-desk-electricity-cost-per-adjusted-day-used/,es,guide,087,everyday,electric-standing-desk-electricity-cost-per-adjusted-day-used,Coste eléctrico de un escritorio elevable por día: incluye motor y espera,Coste eléctrico de un escritorio elevable por día: incluye motor y espera,494,5,4,false,5,2026-09-03,true,2026-09-03,無資料
https://worthcalc.win/es/guides/electric-stapler-electricity-cost-per-stapling-session-used/,es,guide,092,everyday,electric-stapler-electricity-cost-per-stapling-session-used,Coste eléctrico de una grapadora eléctrica por sesión: separa los atascos,Coste eléctrico de una grapadora eléctrica por sesión: separa los atascos,465,5,4,false,5,2026-09-03,true,2026-09-03,無資料
https://worthcalc.win/es/guides/electric-toothbrush-electricity-cost-per-charging-day-used/,es,guide,107,everyday,electric-toothbrush-electricity-cost-per-charging-day-used,Coste eléctrico del cepillo eléctrico por día de carga: incluye el modo de espera,Coste eléctrico del cepillo eléctrico por día de carga: incluye el modo de espera,441,6,5,false,4,2026-09-03,true,2026-09-03,PR #153
https://worthcalc.win/es/guides/electric-wine-cooler-electricity-cost-per-storage-day-used/,es,guide,122,everyday,electric-wine-cooler-electricity-cost-per-storage-day-used,Coste eléctrico de una vinoteca por día de almacenamiento: cuenta los ciclos,Coste eléctrico de una vinoteca por día de almacenamiento: cuenta los ciclos,396,2,4,false,3,2026-09-03,true,2026-09-03,PR #155
https://worthcalc.win/es/guides/electric-yogurt-maker-cost-per-batch-used/,es,guide,067,everyday,electric-yogurt-maker-cost-per-batch-used,Coste de la yogurtera eléctrica por lote: incluye la incubación,Coste de la yogurtera eléctrica por lote: incluye la incubación,731,5,4,false,4,2026-09-03,true,2026-09-03,無資料
https://worthcalc.win/es/guides/electricity-cost-per-kwh-used/,es,guide,017,everyday,electricity-cost-per-kwh-used,Coste de la electricidad por kWh usado: incluye cargos fijos y créditos,Coste de la electricidad por kWh usado: incluye cargos fijos y créditos,424,37,5,true,2,2026-09-02,true,2026-09-02,PR #137
https://worthcalc.win/es/guides/espresso-machine-cost-per-shot-used/,es,guide,064,everyday,espresso-machine-cost-per-shot-used,"Coste de la cafetera espresso por dosis: incluye calentamiento, extracción y vapor","Coste de la cafetera espresso por dosis: incluye calentamiento, extracción y vapor",331,5,4,false,4,2026-09-02,true,2026-09-02,無資料
https://worthcalc.win/es/guides/event-ticket-cost-per-attended-hour/,es,guide,016,memberships,event-ticket-cost-per-attended-hour,"Coste de una entrada por hora asistida: suma transporte, comisiones y tiempo perdido","Coste de una entrada por hora asistida: suma transporte, comisiones y tiempo perdido",339,3,4,true,1,2026-09-02,true,2026-09-02,PR #135
https://worthcalc.win/es/guides/external-hard-drive-electricity-cost-per-backup-job-used/,es,guide,097,everyday,external-hard-drive-electricity-cost-per-backup-job-used,Coste eléctrico de un disco externo por copia de seguridad: incluye transferencia y espera,Coste eléctrico de un disco externo por copia de seguridad: incluye transferencia y espera,432,6,4,false,7,2026-09-03,true,2026-09-03,PR #151
https://worthcalc.win/es/guides/family-plan-break-even-members/,es,guide,011,memberships,family-plan-break-even-members,Punto de equilibrio de un plan familiar: ¿cuántos usuarios lo justifican?,Punto de equilibrio de un plan familiar: ¿cuántos usuarios lo justifican?,479,2,4,false,2,2026-09-02,true,2026-09-02,PR #130
https://worthcalc.win/es/guides/food-dehydrator-cost-per-drying-hour-used/,es,guide,066,everyday,food-dehydrator-cost-per-drying-hour-used,Coste del deshidratador de alimentos por hora de secado,Coste del deshidratador de alimentos por hora de secado,748,5,4,false,4,2026-09-03,true,2026-09-03,無資料
https://worthcalc.win/es/guides/food-processor-cost-per-prep-session-used/,es,guide,058,everyday,food-processor-cost-per-prep-session-used,Coste del procesador de alimentos por sesión,Coste del procesador de alimentos por sesión,465,5,4,false,4,2026-09-02,true,2026-09-02,無資料
https://worthcalc.win/es/guides/free-trial-auto-renewal-first-charge/,es,guide,011,memberships,free-trial-auto-renewal-first-charge,Coste de una prueba gratuita con renovación automática: calcula el primer cargo,Coste de una prueba gratuita con renovación automática: calcula el primer cargo,542,2,4,false,2,2026-09-02,true,2026-09-02,PR #130
https://worthcalc.win/es/guides/freezer-cost-per-day-used/,es,guide,033,everyday,freezer-cost-per-day-used,"Coste diario del congelador usado: energía de espera, capacidad y almacenamiento","Coste diario del congelador usado: energía de espera, capacidad y almacenamiento",231,3,4,false,2,2026-09-02,true,2026-09-02,無資料
https://worthcalc.win/es/guides/gaming-console-electricity-cost-per-gaming-hour-used/,es,guide,080,everyday,gaming-console-electricity-cost-per-gaming-hour-used,Coste eléctrico de la consola por hora de juego: incluye pantalla y red,Coste eléctrico de la consola por hora de juego: incluye pantalla y red,677,5,4,false,5,2026-09-03,true,2026-09-03,無資料
https://worthcalc.win/es/guides/garage-door-opener-electricity-cost-per-cycle-used/,es,guide,117,everyday,garage-door-opener-electricity-cost-per-cycle-used,Coste eléctrico del abrepuertas de garaje por ciclo: cuenta luz y espera,Coste eléctrico del abrepuertas de garaje por ciclo: cuenta luz y espera,647,9,5,false,4,2026-09-03,true,2026-09-03,PR #154
https://worthcalc.win/es/guides/garment-steamer-cost-per-steaming-hour-used/,es,guide,052,everyday,garment-steamer-cost-per-steaming-hour-used,Coste del vaporizador de ropa por hora: incluye calentamiento y vapor activo,Coste del vaporizador de ropa por hora: incluye calentamiento y vapor activo,300,3,4,false,2,2026-09-02,true,2026-09-02,PR #142
https://worthcalc.win/es/guides/glue-gun-electricity-cost-per-crafting-hour-used/,es,guide,111,everyday,glue-gun-electricity-cost-per-crafting-hour-used,Coste eléctrico de una pistola de pegamento por hora de manualidad: separa el calor,Coste eléctrico de una pistola de pegamento por hora de manualidad: separa el calor,375,6,5,false,4,2026-09-03,true,2026-09-03,PR #153
https://worthcalc.win/es/guides/gym-membership-cost-per-visit/,es,guide,014,memberships,gym-membership-cost-per-visit,Coste por visita al gimnasio: suma altas y meses sin asistencia,Coste por visita al gimnasio: suma altas y meses sin asistencia,351,3,4,true,2,2026-09-02,true,2026-09-02,PR #133
https://worthcalc.win/es/guides/hair-dryer-cost-per-drying-session-used/,es,guide,051,everyday,hair-dryer-cost-per-drying-session-used,"Coste del secador por sesión: separa calor, aire y minutos","Coste del secador por sesión: separa calor, aire y minutos",286,2,4,false,2,2026-09-02,true,2026-09-02,PR #142
https://worthcalc.win/es/guides/heat-pump-cost-per-heating-hour-used/,es,guide,035,everyday,heat-pump-cost-per-heating-hour-used,"Coste de la bomba de calor por hora de calefacción: potencia, ciclo y clima","Coste de la bomba de calor por hora de calefacción: potencia, ciclo y clima",372,2,5,false,2,2026-09-02,true,2026-09-02,無資料
https://worthcalc.win/es/guides/hobby-equipment-cost-per-use/,es,guide,014,everyday,hobby-equipment-cost-per-use,"Coste por uso del equipo de hobby: suma guardado, mantenimiento y reventa","Coste por uso del equipo de hobby: suma guardado, mantenimiento y reventa",340,3,4,true,1,2026-09-02,true,2026-09-02,PR #133
https://worthcalc.win/es/guides/home-internet-cost-per-gb-used/,es,guide,018,everyday,home-internet-cost-per-gb-used,Coste de internet doméstico por GB usado: incluye equipo y exceso,Coste de internet doméstico por GB usado: incluye equipo y exceso,418,4,5,true,2,2026-09-02,true,2026-09-02,PR #137
https://worthcalc.win/es/guides/humidifier-electricity-cost-per-humidifying-hour-used/,es,guide,104,everyday,humidifier-electricity-cost-per-humidifying-hour-used,Coste de un humidificador por hora de humidificación: mide niebla y ventilador,Coste de un humidificador por hora de humidificación: mide niebla y ventilador,424,6,4,false,7,2026-09-03,true,2026-09-03,PR #152
https://worthcalc.win/es/guides/hvac-cost-per-operating-hour-used/,es,guide,027,everyday,hvac-cost-per-operating-hour-used,Coste del HVAC por hora de funcionamiento: compara tiempo y tarifas estacionales,Coste del HVAC por hora de funcionamiento: compara tiempo y tarifas estacionales,291,8,4,false,2,2026-09-02,true,2026-09-02,PR #138
https://worthcalc.win/es/guides/induction-cooktop-cost-per-cooking-hour-used/,es,guide,037,everyday,induction-cooktop-cost-per-cooking-hour-used,"Coste de una placa de inducción por hora: separa calor, espera y limpieza","Coste de una placa de inducción por hora: separa calor, espera y limpieza",335,2,4,false,2,2026-09-02,true,2026-09-02,無資料
https://worthcalc.win/es/guides/introductory-discount-renewal-cost/,es,guide,010,memberships,introductory-discount-renewal-cost,Descuento inicial y precio de renovación: calcula el coste del primer año,Descuento inicial y precio de renovación: calcula el coste del primer año,293,4,2,true,1,2026-09-02,true,2026-09-02,PR #123
https://worthcalc.win/es/guides/label-maker-electricity-cost-per-labeling-session-used/,es,guide,083,everyday,label-maker-electricity-cost-per-labeling-session-used,Coste eléctrico de una rotuladora por sesión: incluye calentamiento y espera,Coste eléctrico de una rotuladora por sesión: incluye calentamiento y espera,498,5,4,false,5,2026-09-03,true,2026-09-03,無資料
https://worthcalc.win/es/guides/laminator-electricity-cost-per-laminating-batch-used/,es,guide,085,everyday,laminator-electricity-cost-per-laminating-batch-used,Coste eléctrico de una plastificadora por lote: incluye el calentamiento,Coste eléctrico de una plastificadora por lote: incluye el calentamiento,502,5,4,false,5,2026-09-03,true,2026-09-03,無資料
https://worthcalc.win/es/guides/language-class-cost-per-completed-session/,es,guide,016,memberships,language-class-cost-per-completed-session,Coste de una clase de idiomas por sesión completada: cuenta las lecciones terminadas,Coste de una clase de idiomas por sesión completada: cuenta las lecciones terminadas,328,3,4,true,1,2026-09-02,true,2026-09-02,PR #135
https://worthcalc.win/es/guides/laptop-docking-station-electricity-cost-per-workday-used/,es,guide,096,everyday,laptop-docking-station-electricity-cost-per-workday-used,Coste eléctrico de una base para portátil por jornada: separa la carga y las pantallas,Coste eléctrico de una base para portátil por jornada: separa la carga y las pantallas,461,6,4,false,7,2026-09-03,true,2026-09-03,PR #151
https://worthcalc.win/es/guides/laundry-cost-per-load/,es,guide,019,everyday,laundry-cost-per-load,"Coste de la colada por carga: incluye agua, energía, detergente y relavados","Coste de la colada por carga: incluye agua, energía, detergente y relavados",403,5,5,true,2,2026-09-02,true,2026-09-02,PR #137
https://worthcalc.win/es/guides/led-lighting-cost-per-hour-used/,es,guide,028,everyday,led-lighting-cost-per-hour-used,"Coste de la iluminación LED por hora usada: incluye vatios, luminarias y vida útil","Coste de la iluminación LED por hora usada: incluye vatios, luminarias y vida útil",302,4,4,false,2,2026-09-02,true,2026-09-02,PR #138
https://worthcalc.win/es/guides/meal-delivery-plan-cost-per-eaten-meal/,es,guide,016,memberships,meal-delivery-plan-cost-per-eaten-meal,Coste de un plan de comida por comida ingerida: incluye pedidos omitidos y sustitutos,Coste de un plan de comida por comida ingerida: incluye pedidos omitidos y sustitutos,350,3,4,true,2,2026-09-02,true,2026-09-02,PR #135
https://worthcalc.win/es/guides/meal-kit-cost-per-serving-after-waste/,es,guide,014,everyday,meal-kit-cost-per-serving-after-waste,Coste por ración de un kit de comida tras el desperdicio,Coste por ración de un kit de comida tras el desperdicio,364,3,4,true,2,2026-09-02,true,2026-09-02,PR #133
https://worthcalc.win/es/guides/microwave-cost-per-cooking-cycle-used/,es,guide,038,everyday,microwave-cost-per-cooking-cycle-used,"Coste del microondas por ciclo: cuenta vatios, tiempo y recalentados fallidos","Coste del microondas por ciclo: cuenta vatios, tiempo y recalentados fallidos",324,2,4,false,2,2026-09-02,true,2026-09-02,無資料
https://worthcalc.win/es/guides/minimum-spend-fee-waiver-break-even/,es,guide,011,memberships,minimum-spend-fee-waiver-break-even,Exención por gasto mínimo: calcula si el umbral realmente ahorra,Exención por gasto mínimo: calcula si el umbral realmente ahorra,472,2,4,true,2,2026-09-02,true,2026-09-02,PR #130
https://worthcalc.win/es/guides/mobile-data-cost-per-gb-used/,es,guide,016,everyday,mobile-data-cost-per-gb-used,Coste de los datos móviles por GB usado: compara mínimos con tu consumo real,Coste de los datos móviles por GB usado: compara mínimos con tu consumo real,351,5,4,true,1,2026-09-02,true,2026-09-02,PR #135
https://worthcalc.win/es/guides/monitor-electricity-cost-per-work-hour-used/,es,guide,042,everyday,monitor-electricity-cost-per-work-hour-used,"Coste del monitor por hora de trabajo: incluye brillo, reposo y USB","Coste del monitor por hora de trabajo: incluye brillo, reposo y USB",318,3,4,false,2,2026-09-02,true,2026-09-02,PR #141
https://worthcalc.win/es/guides/monthly-vs-annual-total-cost/,es,guide,010,memberships,monthly-vs-annual-total-cost,Pago mensual o anual: compara coste total y riesgo de liquidez,Pago mensual o anual: compara coste total y riesgo de liquidez,368,3,2,true,1,2026-09-02,true,2026-09-02,PR #123
https://worthcalc.win/es/guides/natural-gas-cost-per-therm-used/,es,guide,021,everyday,natural-gas-cost-per-therm-used,Coste del gas natural por termia usada: convierte la factura antes de comparar,Coste del gas natural por termia usada: convierte la factura antes de comparar,456,9,5,false,2,2026-09-02,true,2026-09-02,PR #137
https://worthcalc.win/es/guides/one-time-switching-cost-payback/,es,guide,010,memberships,one-time-switching-cost-payback,Recuperación del coste de cambiar: cuándo compensa un plan más barato,Recuperación del coste de cambiar: cuándo compensa un plan más barato,251,4,2,true,1,2026-09-02,true,2026-09-02,PR #123
https://worthcalc.win/es/guides/online-course-cost-per-completed-lesson/,es,guide,015,memberships,online-course-cost-per-completed-lesson,"Coste de un curso online por lección completada: valora el progreso, no el acceso","Coste de un curso online por lección completada: valora el progreso, no el acceso",348,3,4,true,1,2026-09-02,true,2026-09-02,PR #134
https://worthcalc.win/es/guides/outdoor-string-lights-electricity-cost-per-evening-used/,es,guide,116,everyday,outdoor-string-lights-electricity-cost-per-evening-used,Coste eléctrico de luces de guirnalda por tarde: mide el temporizador,Coste eléctrico de luces de guirnalda por tarde: mide el temporizador,637,6,5,false,4,2026-09-03,true,2026-09-03,PR #154
https://worthcalc.win/es/guides/oven-stove-cost-per-cooking-hour-used/,es,guide,026,everyday,oven-stove-cost-per-cooking-hour-used,"Coste del horno y la cocina por hora usada: compara calor, precalentado y combustible","Coste del horno y la cocina por hora usada: compara calor, precalentado y combustible",303,5,4,false,2,2026-09-02,true,2026-09-02,PR #138
https://worthcalc.win/es/guides/paper-shredder-electricity-cost-per-shredding-session-used/,es,guide,084,everyday,paper-shredder-electricity-cost-per-shredding-session-used,Coste eléctrico de una destructora por sesión: cuenta los ciclos del motor,Coste eléctrico de una destructora por sesión: cuenta los ciclos del motor,512,5,4,false,5,2026-09-03,true,2026-09-03,無資料
https://worthcalc.win/es/guides/parking-pass-cost-per-day-used/,es,guide,015,transportation,parking-pass-cost-per-day-used,Coste del abono de aparcamiento por día usado: incluye el teletrabajo,Coste del abono de aparcamiento por día usado: incluye el teletrabajo,358,3,4,true,1,2026-09-02,true,2026-09-02,PR #134
https://worthcalc.win/es/guides/pause-vs-cancel-membership-cost/,es,guide,011,memberships,pause-vs-cancel-membership-cost,Pausar o cancelar una membresía: compara el coste de conservar el acceso,Pausar o cancelar una membresía: compara el coste de conservar el acceso,502,2,4,false,2,2026-09-02,true,2026-09-02,PR #130
https://worthcalc.win/es/guides/phone-charger-cost-per-charge-used/,es,guide,045,everyday,phone-charger-cost-per-charge-used,"Coste del cargador del móvil por carga: mide la energía de pared, no el máximo","Coste del cargador del móvil por carga: mide la energía de pared, no el máximo",311,5,4,false,2,2026-09-02,true,2026-09-02,PR #141
https://worthcalc.win/es/guides/pool-pump-cost-per-operating-hour-used/,es,guide,039,everyday,pool-pump-cost-per-operating-hour-used,"Coste de la bomba de piscina por hora: separa velocidad, caudal y tareas","Coste de la bomba de piscina por hora: separa velocidad, caudal y tareas",314,2,4,false,2,2026-09-02,true,2026-09-02,無資料
https://worthcalc.win/es/guides/pool-pump-electricity-cost-per-filtration-cycle-used/,es,guide,120,everyday,pool-pump-electricity-cost-per-filtration-cycle-used,Coste eléctrico de la bomba de piscina por hora de filtración: separa el tiempo,Coste eléctrico de la bomba de piscina por hora de filtración: separa el tiempo,555,4,4,false,4,2026-09-03,true,2026-09-03,PR #155
https://worthcalc.win/es/guides/portable-ac-cost-per-cooling-hour-used/,es,guide,036,everyday,portable-ac-cost-per-cooling-hour-used,"Coste del aire acondicionado portátil por hora: mide escape, ventilador y carga","Coste del aire acondicionado portátil por hora: mide escape, ventilador y carga",354,2,4,false,2,2026-09-02,true,2026-09-02,無資料
https://worthcalc.win/es/guides/portable-air-conditioner-electricity-cost-per-cooling-session-used/,es,guide,119,everyday,portable-air-conditioner-electricity-cost-per-cooling-session-used,Coste eléctrico del aire acondicionado portátil por hora de enfriamiento: cuenta los ciclos,Coste eléctrico del aire acondicionado portátil por hora de enfriamiento: cuenta los ciclos,576,6,4,false,4,2026-09-03,true,2026-09-03,PR #155
https://worthcalc.win/es/guides/prepaid-balance-expiration-cost/,es,guide,011,memberships,prepaid-balance-expiration-cost,Coste de saldo prepago que caduca: mide lo que realmente usas,Coste de saldo prepago que caduca: mide lo que realmente usas,493,2,4,true,2,2026-09-02,true,2026-09-02,PR #130
https://worthcalc.win/es/guides/printer-electricity-cost-per-print-job-used/,es,guide,077,everyday,printer-electricity-cost-per-print-job-used,Coste eléctrico de la impresora por trabajo: incluye calentamiento y espera,Coste eléctrico de la impresora por trabajo: incluye calentamiento y espera,678,5,4,false,5,2026-09-03,true,2026-09-03,無資料
https://worthcalc.win/es/guides/projector-electricity-cost-per-presentation-hour-used/,es,guide,089,everyday,projector-electricity-cost-per-presentation-hour-used,Coste eléctrico de un proyector por hora de presentación: incluye calentamiento y enfriamiento,Coste eléctrico de un proyector por hora de presentación: incluye calentamiento y enfriamiento,463,5,4,false,5,2026-09-03,true,2026-09-03,無資料
https://worthcalc.win/es/guides/recurring-costs-annual-total/,es,guide,010,memberships,recurring-costs-annual-total,"Costes recurrentes anuales: suma pagos mensuales, trimestrales y anuales","Costes recurrentes anuales: suma pagos mensuales, trimestrales y anuales",379,40,2,true,2,2026-09-02,true,2026-09-02,PR #123
https://worthcalc.win/es/guides/refrigerator-cost-per-day-used/,es,guide,024,everyday,refrigerator-cost-per-day-used,Coste diario del frigorífico usado: convierte la energía anual en tu coste doméstico,Coste diario del frigorífico usado: convierte la energía anual en tu coste doméstico,330,5,4,false,2,2026-09-02,true,2026-09-02,PR #138
https://worthcalc.win/es/guides/rice-cooker-cost-per-cooking-cycle-used/,es,guide,054,everyday,rice-cooker-cost-per-cooking-cycle-used,Coste de la arrocera por ciclo de cocción,Coste de la arrocera por ciclo de cocción,473,5,4,false,4,2026-09-02,true,2026-09-02,無資料
https://worthcalc.win/es/guides/robot-vacuum-cost-per-cleaning-cycle-used/,es,guide,048,everyday,robot-vacuum-cost-per-cleaning-cycle-used,"Coste del robot aspirador por ciclo: incluye base, carga y vaciado","Coste del robot aspirador por ciclo: incluye base, carga y vaciado",325,4,4,false,2,2026-09-02,true,2026-09-02,PR #142
https://worthcalc.win/es/guides/room-air-conditioner-cost-per-cooling-hour-used/,es,guide,032,everyday,room-air-conditioner-cost-per-cooling-hour-used,"Coste del aire acondicionado de habitación por hora de frío: compresor, ventilador y espera","Coste del aire acondicionado de habitación por hora de frío: compresor, ventilador y espera",234,5,4,false,2,2026-09-02,true,2026-09-02,無資料
https://worthcalc.win/es/guides/router-electricity-cost-per-month-used/,es,guide,044,everyday,router-electricity-cost-per-month-used,Coste eléctrico mensual del router: separa el consumo continuo del servicio,Coste eléctrico mensual del router: separa el consumo continuo del servicio,325,5,4,false,2,2026-09-02,true,2026-09-02,PR #141
https://worthcalc.win/es/guides/sandwich-maker-cost-per-use-used/,es,guide,060,everyday,sandwich-maker-cost-per-use-used,Coste de la sandwichera por uso: cuenta precalentamiento y placas reales,Coste de la sandwichera por uso: cuenta precalentamiento y placas reales,303,5,4,false,4,2026-09-02,true,2026-09-02,無資料
https://worthcalc.win/es/guides/savings-break-even-use-period/,es,guide,010,income-savings,savings-break-even-use-period,Punto de equilibrio del ahorro: ¿cuántos meses o usos necesitas?,Punto de equilibrio del ahorro: ¿cuántos meses o usos necesitas?,283,2,2,true,1,2026-09-02,true,2026-09-02,PR #123
https://worthcalc.win/es/guides/scanner-electricity-cost-per-scanning-session-used/,es,guide,078,everyday,scanner-electricity-cost-per-scanning-session-used,Coste eléctrico del escáner por sesión: cuenta lámpara y espera,Coste eléctrico del escáner por sesión: cuenta lámpara y espera,674,5,4,false,5,2026-09-03,true,2026-09-03,無資料
https://worthcalc.win/es/guides/sewing-machine-electricity-cost-per-sewing-hour-used/,es,guide,109,everyday,sewing-machine-electricity-cost-per-sewing-hour-used,Coste eléctrico de una máquina de coser por hora: incluye el pedal,Coste eléctrico de una máquina de coser por hora: incluye el pedal,390,6,5,false,4,2026-09-03,true,2026-09-03,PR #153
https://worthcalc.win/es/guides/slow-cooker-cost-per-cooking-hour-used/,es,guide,055,everyday,slow-cooker-cost-per-cooking-hour-used,Coste de la olla de cocción lenta por hora,Coste de la olla de cocción lenta por hora,489,5,4,false,4,2026-09-02,true,2026-09-02,無資料
https://worthcalc.win/es/guides/smart-speaker-electricity-cost-per-listening-hour-used/,es,guide,088,everyday,smart-speaker-electricity-cost-per-listening-hour-used,Coste eléctrico de un altavoz inteligente por hora: separa escucha y espera,Coste eléctrico de un altavoz inteligente por hora: separa escucha y espera,486,5,4,false,5,2026-09-03,true,2026-09-03,無資料
https://worthcalc.win/es/guides/software-add-on-cost-per-active-seat/,es,guide,016,memberships,software-add-on-cost-per-active-seat,Coste de un complemento de software por puesto activo: separa acceso y adopción,Coste de un complemento de software por puesto activo: separa acceso y adopción,345,3,4,true,2,2026-09-02,true,2026-09-02,PR #135
https://worthcalc.win/es/guides/software-seat-cost-per-active-user/,es,guide,014,memberships,software-seat-cost-per-active-user,Coste por usuario activo de un software: detecta accesos sin uso,Coste por usuario activo de un software: detecta accesos sin uso,344,3,4,true,2,2026-09-02,true,2026-09-02,PR #133
https://worthcalc.win/es/guides/solar-inverter-electricity-cost-per-monitoring-day-used/,es,guide,124,everyday,solar-inverter-electricity-cost-per-monitoring-day-used,Coste eléctrico del inversor solar por día de monitorización: separa espera y conversión,Coste eléctrico del inversor solar por día de monitorización: separa espera y conversión,379,2,4,false,3,2026-09-03,true,2026-09-03,PR #155
https://worthcalc.win/es/guides/soldering-iron-electricity-cost-per-repair-hour-used/,es,guide,110,everyday,soldering-iron-electricity-cost-per-repair-hour-used,Coste eléctrico de un soldador por hora de reparación: incluye el calentamiento,Coste eléctrico de un soldador por hora de reparación: incluye el calentamiento,374,6,5,false,4,2026-09-03,true,2026-09-03,PR #153
https://worthcalc.win/es/guides/soundbar-electricity-cost-per-watched-hour-used/,es,guide,081,everyday,soundbar-electricity-cost-per-watched-hour-used,Coste eléctrico de la barra de sonido por hora vista: reproducción y espera,Coste eléctrico de la barra de sonido por hora vista: reproducción y espera,671,5,4,false,5,2026-09-03,true,2026-09-03,無資料
https://worthcalc.win/es/guides/stand-mixer-cost-per-mixing-session-used/,es,guide,063,everyday,stand-mixer-cost-per-mixing-session-used,Coste de la batidora amasadora por sesión: cuenta motor y accesorios,Coste de la batidora amasadora por sesión: cuenta motor y accesorios,293,5,4,false,4,2026-09-02,true,2026-09-02,無資料
https://worthcalc.win/es/guides/standby-power-cost-per-day-used/,es,guide,040,everyday,standby-power-cost-per-day-used,Coste diario de la energía en espera: mide la carga y el servicio que mantiene,Coste diario de la energía en espera: mide la carga y el servicio que mantiene,339,9,5,false,2,2026-09-02,true,2026-09-02,無資料
https://worthcalc.win/es/guides/streaming-cost-per-watched-hour/,es,guide,015,memberships,streaming-cost-per-watched-hour,"Coste del streaming por hora vista: incluye anuncios, extras y renovación","Coste del streaming por hora vista: incluye anuncios, extras y renovación",355,3,4,true,2,2026-09-02,true,2026-09-02,PR #134
https://worthcalc.win/es/guides/subscription-price-increase-annual-impact/,es,guide,011,memberships,subscription-price-increase-annual-impact,Subida del precio de una suscripción: calcula su impacto anual,Subida del precio de una suscripción: calcula su impacto anual,582,2,4,true,2,2026-09-02,true,2026-09-02,PR #130
https://worthcalc.win/es/guides/television-electricity-cost-per-watched-hour-used/,es,guide,043,everyday,television-electricity-cost-per-watched-hour-used,Coste eléctrico del televisor por hora vista: incluye imagen y dispositivos,Coste eléctrico del televisor por hora vista: incluye imagen y dispositivos,321,3,5,false,2,2026-09-02,true,2026-09-02,PR #141
https://worthcalc.win/es/guides/terrarium-heat-lamp-electricity-cost-per-heating-hour-used/,es,guide,114,everyday,terrarium-heat-lamp-electricity-cost-per-heating-hour-used,Coste eléctrico de la lámpara de calor del terrario por hora: cuenta el temporizador,Coste eléctrico de la lámpara de calor del terrario por hora: cuenta el temporizador,643,6,5,false,4,2026-09-03,true,2026-09-03,PR #154
https://worthcalc.win/es/guides/toaster-cost-per-use-used/,es,guide,056,everyday,toaster-cost-per-use-used,Coste de la tostadora por uso,Coste de la tostadora por uso,465,5,4,false,4,2026-09-02,true,2026-09-02,無資料
https://worthcalc.win/es/guides/tool-rental-cost-per-project/,es,guide,015,everyday,tool-rental-cost-per-project,Coste del alquiler de una herramienta por proyecto: compara días y propiedad,Coste del alquiler de una herramienta por proyecto: compara días y propiedad,349,3,4,true,1,2026-09-02,true,2026-09-02,PR #134
https://worthcalc.win/es/guides/transit-pass-cost-per-ride-used/,es,guide,015,transportation,transit-pass-cost-per-ride-used,Coste del abono de transporte por viaje usado: compara trayectos y días perdidos,Coste del abono de transporte por viaje usado: compara trayectos y días perdidos,350,3,4,true,1,2026-09-02,true,2026-09-02,PR #134
https://worthcalc.win/es/guides/true-cost-of-buy-now-pay-later/,es,guide,013,debt-credit,true-cost-of-buy-now-pay-later,"Coste real de comprar ahora y pagar después: suma tasas, fechas y riesgo","Coste real de comprar ahora y pagar después: suma tasas, fechas y riesgo",439,1,3,true,2,2026-09-02,true,2026-09-02,PR #132
https://worthcalc.win/es/guides/true-cost-of-convenience-delivery/,es,guide,013,memberships,true-cost-of-convenience-delivery,"Coste real de la entrega por comodidad: suma tasas, propina y tiempo","Coste real de la entrega por comodidad: suma tasas, propina y tiempo",475,7,3,true,1,2026-09-02,true,2026-09-02,PR #132
https://worthcalc.win/es/guides/true-cost-of-extended-warranty/,es,guide,013,everyday,true-cost-of-extended-warranty,Coste real de una garantía ampliada: compara cobertura y reserva de reparación,Coste real de una garantía ampliada: compara cobertura y reserva de reparación,424,1,3,true,1,2026-09-02,true,2026-09-02,PR #132
https://worthcalc.win/es/guides/true-cost-of-free-shipping-threshold/,es,guide,013,everyday,true-cost-of-free-shipping-threshold,Coste real del umbral de envío gratis: ¿cuándo te hace gastar más?,Coste real del umbral de envío gratis: ¿cuándo te hace gastar más?,449,2,3,true,1,2026-09-02,true,2026-09-02,PR #132
https://worthcalc.win/es/guides/true-cost-of-home-service-plan/,es,guide,013,housing,true-cost-of-home-service-plan,Coste real de un plan de servicios del hogar: valora el uso real,Coste real de un plan de servicios del hogar: valora el uso real,397,1,3,true,2,2026-09-02,true,2026-09-02,PR #132
https://worthcalc.win/es/guides/true-cost-of-rental-car/,es,guide,013,transportation,true-cost-of-rental-car,"Coste real de un coche de alquiler: suma combustible, seguro, depósitos y tiempo","Coste real de un coche de alquiler: suma combustible, seguro, depósitos y tiempo",410,1,3,true,1,2026-09-02,true,2026-09-02,PR #132
https://worthcalc.win/es/guides/true-cost-of-upgrade-feature/,es,guide,013,memberships,true-cost-of-upgrade-feature,"Coste real de mejorar una función: mide valor incremental, no la lista","Coste real de mejorar una función: mide valor incremental, no la lista",418,1,3,true,1,2026-09-02,true,2026-09-02,PR #132
https://worthcalc.win/es/guides/unused-membership-capacity-cost/,es,guide,010,memberships,unused-membership-capacity-cost,Capacidad de membresía sin usar: calcula el coste de los beneficios perdidos,Capacidad de membresía sin usar: calcula el coste de los beneficios perdidos,290,5,2,true,1,2026-09-02,true,2026-09-02,PR #123
https://worthcalc.win/es/guides/usb-charging-hub-electricity-cost-per-charging-session-used/,es,guide,098,everyday,usb-charging-hub-electricity-cost-per-charging-session-used,Coste de un hub de carga USB por sesión: mide los dispositivos juntos,Coste de un hub de carga USB por sesión: mide los dispositivos juntos,458,6,4,false,7,2026-09-03,true,2026-09-03,PR #151
https://worthcalc.win/es/guides/vacuum-cleaner-electricity-cost-per-cleaning-hour-used/,es,guide,047,everyday,vacuum-cleaner-electricity-cost-per-cleaning-hour-used,Coste eléctrico de la aspiradora por hora de limpieza: mide la sesión real,Coste eléctrico de la aspiradora por hora de limpieza: mide la sesión real,336,4,4,false,2,2026-09-02,true,2026-09-02,PR #142
https://worthcalc.win/es/guides/waffle-maker-cost-per-cooking-cycle-used/,es,guide,061,everyday,waffle-maker-cost-per-cooking-cycle-used,Coste de la gofrera por ciclo: incluye precalentamiento y placas repetidas,Coste de la gofrera por ciclo: incluye precalentamiento y placas repetidas,298,5,4,false,4,2026-09-02,true,2026-09-02,無資料
https://worthcalc.win/es/guides/water-bill-cost-per-gallon-used/,es,guide,020,everyday,water-bill-cost-per-gallon-used,Coste del agua por galón usado: incluye alcantarillado y cargos fijos,Coste del agua por galón usado: incluye alcantarillado y cargos fijos,413,4,5,true,2,2026-09-02,true,2026-09-02,PR #137
https://worthcalc.win/es/guides/water-cooler-electricity-cost-per-cooling-day-used/,es,guide,103,everyday,water-cooler-electricity-cost-per-cooling-day-used,Coste eléctrico de un dispensador de agua por día de frío: separa modos,Coste eléctrico de un dispensador de agua por día de frío: separa modos,439,6,4,false,7,2026-09-03,true,2026-09-03,PR #152
https://worthcalc.win/es/guides/water-heater-cost-per-gallon-heated/,es,guide,025,everyday,water-heater-cost-per-gallon-heated,Coste del calentador por galón calentado: separa agua caliente entregada y espera,Coste del calentador por galón calentado: separa agua caliente entregada y espera,301,4,4,false,2,2026-09-02,true,2026-09-02,PR #138
https://worthcalc.win/es/guides/webcam-electricity-cost-per-meeting-hour-used/,es,guide,095,everyday,webcam-electricity-cost-per-meeting-hour-used,Coste eléctrico de una webcam por hora de reunión: separa cámara y luz,Coste eléctrico de una webcam por hora de reunión: separa cámara y luz,488,6,5,false,7,2026-09-03,true,2026-09-03,PR #151
https://worthcalc.win/es/gym-membership-cost-per-visit/,es,index,,memberships,gym-membership-cost-per-visit,Coste por visita al gimnasio: cuántas veces debes ir para que compense,Coste por visita al gimnasio: cuántas veces debes ir para que compense,1009,1,0,true,2,,false,無資料,無資料
https://worthcalc.win/es/home-vs-public-ev-charging-cost/,es,index,,transportation,home-vs-public-ev-charging-cost,Carga en casa o pública: cuánto cuesta realmente recorrer un kilómetro en coche eléctrico,Carga en casa o pública: cuánto cuesta realmente recorrer un kilómetro en coche eléctrico,1335,2,1,true,3,,false,無資料,無資料
https://worthcalc.win/es/hourly-vs-annual-salary/,es,index,,income-savings,hourly-vs-annual-salary,12 pagas o 14 pagas: por qué tu nómina no dice lo que ganas por hora,12 pagas o 14 pagas: por qué tu nómina no dice lo que ganas por hora,1045,2,1,false,2,,false,無資料,無資料
https://worthcalc.win/es/how-compound-growth-works/,es,index,,income-savings,how-compound-growth-works,"Interés compuesto en España: letras del Tesoro, aportaciones y el IPC del INE","Interés compuesto en España: letras del Tesoro, aportaciones y el IPC del INE",1023,2,1,false,1,,false,無資料,無資料
https://worthcalc.win/es/how-much-home-can-you-afford/,es,index,,housing,how-much-home-can-you-afford,Cuánto piso puedes comprar en España: el precio no es solo el precio,Cuánto piso puedes comprar en España: el precio no es solo el precio,1146,2,1,false,3,,false,無資料,無資料
https://worthcalc.win/es/how-to-calculate-dti/,es,index,,debt-credit,how-to-calculate-dti,Ratio de endeudamiento en España: la regla del 35% explicada,Ratio de endeudamiento en España: la regla del 35% explicada,1229,2,1,true,2,,false,無資料,無資料
https://worthcalc.win/es/is-an-extended-warranty-worth-it/,es,index,,everyday,is-an-extended-warranty-worth-it,"¿Merece la pena una garantía ampliada? Precio, riesgo de avería y reparación","¿Merece la pena una garantía ampliada? Precio, riesgo de avería y reparación",846,1,0,true,3,,false,無資料,無資料
https://worthcalc.win/es/is-costco-executive-membership-worth-it/,es,index,,memberships,is-costco-executive-membership-worth-it,"¿Existe Costco Executive en España? Cuota, 2% y respuesta para 2026","¿Existe Costco Executive en España? Cuota, 2% y respuesta para 2026",623,1,1,false,2,,false,無資料,無資料
https://worthcalc.win/es/meal-prep-vs-takeout-cost/,es,index,,everyday,meal-prep-vs-takeout-cost,Cocinar por lotes o pedir comida: coste por ración con tiempo y merma,Cocinar por lotes o pedir comida: coste por ración con tiempo y merma,658,1,0,true,2,,false,無資料,無資料
https://worthcalc.win/es/monthly-vs-annual-subscription/,es,index,,memberships,monthly-vs-annual-subscription,Suscripción mensual o anual: cuándo compensa pagar por adelantado,Suscripción mensual o anual: cuándo compensa pagar por adelantado,1191,2,0,false,2,,false,無資料,無資料
https://worthcalc.win/es/new-vs-used-car-total-cost/,es,index,,transportation,new-vs-used-car-total-cost,"Coche nuevo o usado: comparar depreciación, reparaciones, financiación y reventa","Coche nuevo o usado: comparar depreciación, reparaciones, financiación y reventa",1417,3,1,true,4,,false,無資料,無資料
https://worthcalc.win/es/paid-membership-break-even/,es,index,,memberships,paid-membership-break-even,Cómo calcular cuándo compensa una membresía de pago,Cómo calcular cuándo compensa una membresía de pago,746,3,0,false,2,,false,無資料,無資料
https://worthcalc.win/es/pay-raise-vs-inflation-purchasing-power/,es,index,,income-savings,pay-raise-vs-inflation-purchasing-power,Subida salarial e inflación: ¿aumentó tu poder adquisitivo?,Subida salarial e inflación: ¿aumentó tu poder adquisitivo?,658,2,0,true,2,,false,無資料,無資料
https://worthcalc.win/es/price-per-wear-clothing-shoes/,es,index,,everyday,price-per-wear-clothing-shoes,Coste por uso de ropa y calzado: comparar por veces reales,Coste por uso de ropa y calzado: comparar por veces reales,576,1,0,true,2,,false,無資料,無資料
https://worthcalc.win/es/privacy/,es,legal,,everyday,privacy,Política de privacidad de WorthCalc,Política de privacidad de WorthCalc,524,0,0,false,3,,false,2026-07-19,PR #71
https://worthcalc.win/es/rent-vs-buy-breakeven-year/,es,index,,housing,rent-vs-buy-breakeven-year,Cuántos años debes quedarte para que comprar pueda ser mejor que alquilar,Cuántos años debes quedarte para que comprar pueda ser mejor que alquilar,1408,2,0,true,4,,false,無資料,無資料
https://worthcalc.win/es/rent-vs-buy-guide/,es,index,,housing,rent-vs-buy-guide,Alquilar o comprar: los datos que realmente cambian el resultado,Alquilar o comprar: los datos que realmente cambian el resultado,1216,3,0,false,2,,false,無資料,無資料
https://worthcalc.win/es/repair-or-replace-decision-formula/,es,index,,everyday,repair-or-replace-decision-formula,"Reparar o sustituir: una fórmula práctica para electrodomésticos, móviles y coches","Reparar o sustituir: una fórmula práctica para electrodomésticos, móviles y coches",882,1,0,true,3,,false,無資料,無資料
https://worthcalc.win/es/reusable-vs-disposable-break-even/,es,index,,everyday,reusable-vs-disposable-break-even,Reutilizable o desechable: coste por uso y punto de equilibrio real,Reutilizable o desechable: coste por uso y punto de equilibrio real,580,1,0,true,2,,false,無資料,無資料
https://worthcalc.win/es/snowball-vs-avalanche/,es,index,,debt-credit,snowball-vs-avalanche,Bola de nieve o avalancha: por qué la tarjeta revolving va siempre primero,Bola de nieve o avalancha: por qué la tarjeta revolving va siempre primero,1095,2,1,false,1,,false,無資料,無資料
https://worthcalc.win/es/subscription-creep/,es,index,,memberships,subscription-creep,Auditoría de suscripciones: calcula tu gasto anual real,Auditoría de suscripciones: calcula tu gasto anual real,934,3,1,false,2,,false,無資料,無資料
https://worthcalc.win/es/terms/,es,legal,,everyday,terms,Condiciones de uso de WorthCalc,Condiciones de uso de WorthCalc,408,0,0,false,1,,false,2026-07-19,PR #71
https://worthcalc.win/es/tools/,es,index,,everyday,tools,Todas las calculadoras,Todas las calculadoras,677,2,17,true,0,,false,2026-09-06,PR #161
https://worthcalc.win/es/tools/budget-builder/,es,tool,,income-savings,budget-builder,Planificador de presupuesto para ingresos irregulares (España),Planificador de presupuesto para ingresos irregulares (España),675,16,1,true,2,2026-07-31,false,2026-07-23,PR #93
https://worthcalc.win/es/tools/car-affordability/,es,tool,,transportation,car-affordability,Calculadora de coche asequible (España),Calculadora de coche asequible (España),741,2,1,true,2,2026-07-31,false,2026-07-23,PR #93
https://worthcalc.win/es/tools/cashback-breakeven/,es,tool,,debt-credit,cashback-breakeven,Calculadora de equilibrio de cashback y cuota de tarjeta,Calculadora de equilibrio de cashback y cuota de tarjeta,766,2,3,true,2,,false,2026-07-19,PR #77
https://worthcalc.win/es/tools/commute-cost/,es,tool,,transportation,commute-cost,Calculadora del coste completo de ir al trabajo,Calculadora del coste completo de ir al trabajo,864,2,3,true,3,,false,2026-07-19,PR #77
https://worthcalc.win/es/tools/compound-growth/,es,tool,,income-savings,compound-growth,Calculadora de interés compuesto (España),Calculadora de interés compuesto (España),683,3,1,true,1,2026-07-31,false,2026-07-23,PR #93
https://worthcalc.win/es/tools/costco-membership/,es,tool,,memberships,costco-membership,Calculadora de rentabilidad de la membresía Costco España,Calculadora de rentabilidad de la membresía Costco España,719,3,3,true,3,,false,2026-07-19,PR #77
https://worthcalc.win/es/tools/credit-card-payoff/,es,tool,,debt-credit,credit-card-payoff,Calculadora de pago de tarjeta revolving (España),Calculadora de pago de tarjeta revolving (España),725,2,1,true,1,2026-07-31,false,2026-07-23,PR #93
https://worthcalc.win/es/tools/debt-strategy/,es,tool,,debt-credit,debt-strategy,Calculadora bola de nieve vs avalancha (España),Calculadora bola de nieve vs avalancha (España),741,2,1,true,1,2026-07-31,false,2026-07-23,PR #93
https://worthcalc.win/es/tools/dti-calculator/,es,tool,,debt-credit,dti-calculator,Calculadora de ratio de endeudamiento (España),Calculadora de ratio de endeudamiento (España),790,3,1,true,2,2026-07-31,false,2026-07-23,PR #93
https://worthcalc.win/es/tools/ev-vs-gas/,es,tool,,transportation,ev-vs-gas,Calculadora de coste total: coche eléctrico o gasolina,Calculadora de coste total: coche eléctrico o gasolina,937,2,3,true,3,,false,2026-07-19,PR #77
https://worthcalc.win/es/tools/home-affordability/,es,tool,,housing,home-affordability,Calculadora de vivienda asequible (España),Calculadora de vivienda asequible (España),794,3,1,true,3,2026-07-31,false,2026-07-23,PR #93
https://worthcalc.win/es/tools/installment-true-apr/,es,tool,,debt-credit,installment-true-apr,Calculadora de TAE real para compras a plazos,Calculadora de TAE real para compras a plazos,669,4,3,true,2,,false,2026-07-19,PR #77
https://worthcalc.win/es/tools/latte-factor/,es,tool,,everyday,latte-factor,Calculadora del factor latte y gastos pequeños repetidos,Calculadora del factor latte y gastos pequeños repetidos,796,1,3,true,2,,false,2026-07-19,PR #77
https://worthcalc.win/es/tools/mortgage-payoff/,es,tool,,housing,mortgage-payoff,Calculadora de amortización anticipada de hipoteca,Calculadora de amortización anticipada de hipoteca,764,2,1,true,2,2026-07-31,false,2026-07-23,PR #93
https://worthcalc.win/es/tools/rent-vs-buy/,es,tool,,housing,rent-vs-buy,Calculadora de alquiler o compra de vivienda en España,Calculadora de alquiler o compra de vivienda en España,892,2,3,true,4,,false,2026-07-19,PR #77
https://worthcalc.win/es/tools/salary-converter/,es,tool,,income-savings,salary-converter,"Conversor de salario por hora, mensual y anual (España)","Conversor de salario por hora, mensual y anual (España)",684,2,1,true,2,2026-07-31,false,2026-07-23,PR #93
https://worthcalc.win/es/tools/subscription-audit/,es,tool,,memberships,subscription-audit,Calculadora de gastos en suscripciones y renovaciones,Calculadora de gastos en suscripciones y renovaciones,597,5,3,true,2,,false,2026-07-19,PR #77
https://worthcalc.win/es/true-cost-of-car-ownership/,es,index,,transportation,true-cost-of-car-ownership,El coste real de tener un coche en España: lo que la cuota de financiación no cuenta,El coste real de tener un coche en España: lo que la cuota de financiación no cuenta,1048,2,1,false,3,,false,無資料,無資料
https://worthcalc.win/es/true-hourly-wage-after-commuting-work-expenses/,es,index,,income-savings,true-hourly-wage-after-commuting-work-expenses,Cómo calcular tu salario real por hora tras desplazamientos y gastos,Cómo calcular tu salario real por hora tras desplazamientos y gastos,674,3,0,true,2,,false,無資料,無資料
https://worthcalc.win/es/upfront-fees-financing-cost/,es,index,,debt-credit,upfront-fees-financing-cost,Cómo afectan las comisiones iniciales al coste real de la financiación,Cómo afectan las comisiones iniciales al coste real de la financiación,1449,3,1,false,3,,false,無資料,無資料
https://worthcalc.win/es/upgrade-your-phone-or-keep-it/,es,index,,everyday,upgrade-your-phone-or-keep-it,"¿Cambiar de móvil o conservarlo? Reparación, recompra, tarifa y coste mensual","¿Cambiar de móvil o conservarlo? Reparación, recompra, tarifa y coste mensual",890,1,0,true,3,,false,無資料,無資料
https://worthcalc.win/es/work-from-home-vs-commuting-hidden-costs/,es,index,,transportation,work-from-home-vs-commuting-hidden-costs,Teletrabajo o desplazamiento: comparar los costes mensuales ocultos,Teletrabajo o desplazamiento: comparar los costes mensuales ocultos,1026,2,0,true,3,,false,無資料,無資料
https://worthcalc.win/es/zero-interest-installments-truth/,es,index,,debt-credit,zero-interest-installments-truth,Cómo calcular el coste real de una compra a plazos sin intereses,Cómo calcular el coste real de una compra a plazos sin intereses,1011,5,1,false,2,,false,無資料,無資料
https://worthcalc.win/fr/,fr,home,,everyday,fr,Calculateurs transparents pour vos décisions d’argent,"Avant de signer, calculez ce que cela coûte vraiment .",1218,0,18,true,2,,false,無資料,無資料
https://worthcalc.win/fr/about/,fr,legal,,everyday,about,"À propos de WorthCalc : méthode, indépendance et contrôles","À propos de WorthCalc : méthode, indépendance et contrôles",370,0,0,false,0,,false,2026-07-19,PR #71
https://worthcalc.win/fr/annual-fee-card-breakeven/,fr,index,,debt-credit,annual-fee-card-breakeven,Quel montant dépenser pour amortir la cotisation annuelle d’une carte ?,Quel montant dépenser pour amortir la cotisation annuelle d’une carte ?,1105,3,0,false,2,,false,無資料,無資料
https://worthcalc.win/fr/bnpl-vs-credit-card-installments/,fr,index,,debt-credit,bnpl-vs-credit-card-installments,"Paiement fractionné ou carte de crédit : comparez coût, calendrier et impayé","Paiement fractionné ou carte de crédit : comparez coût, calendrier et impayé",1530,2,1,false,3,,false,無資料,無資料
https://worthcalc.win/fr/budget-with-irregular-income/,fr,index,,income-savings,budget-with-irregular-income,Budget d'auto-entrepreneur : transformer un chiffre d'affaires irrégulier en revenu mensuel,Budget d'auto-entrepreneur : transformer un chiffre d'affaires irrégulier en revenu mensuel,1229,2,1,false,4,,false,無資料,無資料
https://worthcalc.win/fr/bulk-buying-vs-small-packages/,fr,index,,everyday,bulk-buying-vs-small-packages,"Grand ou petit format : coût utile, pertes, DLC et stockage","Grand ou petit format : coût utile, pertes, DLC et stockage",712,3,0,true,2,,false,無資料,無資料
https://worthcalc.win/fr/bulk-buying-waste-math/,fr,index,,everyday,bulk-buying-waste-math,Grand format : calculez la perte maximale avant qu’il ne coûte plus cher,Grand format : calculez la perte maximale avant qu’il ne coûte plus cher,588,2,1,true,2,,false,無資料,無資料
https://worthcalc.win/fr/car-lease-vs-buy-total-cost/,fr,index,,transportation,car-lease-vs-buy-total-cost,"Leasing ou achat automobile : comparer coût total, kilométrage et valeur résiduelle","Leasing ou achat automobile : comparer coût total, kilométrage et valeur résiduelle",1544,1,1,true,3,,false,無資料,無資料
https://worthcalc.win/fr/cashback-caps-real-reward-rate/,fr,index,,debt-credit,cashback-caps-real-reward-rate,Plafonds de cashback et catégories : calculer le taux de récompense réel,Plafonds de cashback et catégories : calculer le taux de récompense réel,1197,2,0,true,4,,false,無資料,無資料
https://worthcalc.win/fr/changelog/,fr,legal,,everyday,changelog,Journal des modifications de WorthCalc,Journal des modifications de WorthCalc,349,0,0,false,0,,false,2026-07-19,PR #71
https://worthcalc.win/fr/contact/,fr,legal,,everyday,contact,"Contacter WorthCalc : calcul, source ou proposition","Contacter WorthCalc : calcul, source ou proposition",398,0,0,false,0,,false,2026-07-19,PR #71
https://worthcalc.win/fr/cost-per-use-expensive-item/,fr,index,,everyday,cost-per-use-expensive-item,"Coût par usage d’un objet cher : prévision, réel et seuil","Coût par usage d’un objet cher : prévision, réel et seuil",641,2,0,true,3,,false,無資料,無資料
https://worthcalc.win/fr/costco-math/,fr,index,,memberships,costco-math,"Costco France est-il rentable ? Cotisation, économies et seuil mensuel","Costco France est-il rentable ? Cotisation, économies et seuil mensuel",536,1,1,true,2,,false,無資料,無資料
https://worthcalc.win/fr/credit-card-minimum-payment-trap/,fr,index,,debt-credit,credit-card-minimum-payment-trap,"Crédit renouvelable en France : taux d'usure, remboursement minimal et vitesse réelle de remboursement","Crédit renouvelable en France : taux d'usure, remboursement minimal et vitesse réelle de remboursement",1379,2,1,false,5,,false,無資料,無資料
https://worthcalc.win/fr/delivery-membership-break-even/,fr,index,,memberships,delivery-membership-break-even,À partir de combien de commandes un abonnement de livraison devient-il rentable ?,À partir de combien de commandes un abonnement de livraison devient-il rentable ?,1042,1,0,true,2,,false,無資料,無資料
https://worthcalc.win/fr/disclaimer/,fr,legal,,everyday,disclaimer,Avertissement sur les estimations WorthCalc,Avertissement sur les estimations WorthCalc,427,0,0,false,2,,false,2026-07-19,PR #71
https://worthcalc.win/fr/energy-efficient-appliance-payback/,fr,index,,everyday,energy-efficient-appliance-payback,"Amortissement d’un appareil économe : surcoût, kWh et seuil de rentabilité","Amortissement d’un appareil économe : surcoût, kWh et seuil de rentabilité",734,1,0,true,3,,false,無資料,無資料
https://worthcalc.win/fr/ev-vs-gas-total-cost/,fr,index,,transportation,ev-vs-gas-total-cost,Voiture électrique ou thermique : comparer le coût total de possession,Voiture électrique ou thermique : comparer le coût total de possession,1413,5,0,true,3,,false,無資料,無資料
https://worthcalc.win/fr/extra-mortgage-payments-guide/,fr,index,,housing,extra-mortgage-payments-guide,"Remboursement anticipé du prêt immobilier : indemnités, assurance emprunteur et loi Lemoine","Remboursement anticipé du prêt immobilier : indemnités, assurance emprunteur et loi Lemoine",1251,2,1,false,4,,false,無資料,無資料
https://worthcalc.win/fr/full-commute-cost-including-time/,fr,index,,transportation,full-commute-cost-including-time,"Comment calculer le coût complet des trajets domicile-travail, temps compris","Comment calculer le coût complet des trajets domicile-travail, temps compris",1066,2,0,true,3,,false,無資料,無資料
https://worthcalc.win/fr/guides/,fr,index,,everyday,guides,Tous les guides,Tous les guides,781,1,42,false,0,,false,2026-09-06,PR #161
https://worthcalc.win/fr/gym-membership-cost-per-visit/,fr,index,,memberships,gym-membership-cost-per-visit,Coût par séance de sport : combien de fois faut-il y aller pour rentabiliser l’abonnement ?,Coût par séance de sport : combien de fois faut-il y aller pour rentabiliser l’abonnement ?,1125,1,0,true,2,,false,無資料,無資料
https://worthcalc.win/fr/home-vs-public-ev-charging-cost/,fr,index,,transportation,home-vs-public-ev-charging-cost,Recharge à domicile ou publique : quel est le vrai coût par kilomètre d’une voiture électrique ?,Recharge à domicile ou publique : quel est le vrai coût par kilomètre d’une voiture électrique ?,1412,2,1,true,3,,false,無資料,無資料
https://worthcalc.win/fr/hourly-vs-annual-salary/,fr,index,,income-savings,hourly-vs-annual-salary,"Salaire horaire, 35 heures et salaire annuel : convertir sans se tromper de base","Salaire horaire, 35 heures et salaire annuel : convertir sans se tromper de base",1212,2,1,false,2,,false,無資料,無資料
https://worthcalc.win/fr/how-compound-growth-works/,fr,index,,income-savings,how-compound-growth-works,"Intérêts composés : ce que le Livret A, les frais et l'inflation changent vraiment","Intérêts composés : ce que le Livret A, les frais et l'inflation changent vraiment",1264,2,1,false,3,,false,無資料,無資料
https://worthcalc.win/fr/how-much-home-can-you-afford/,fr,index,,housing,how-much-home-can-you-afford,"Capacité d'achat immobilier en France : frais de notaire, apport et taxe foncière avant le prix affiché","Capacité d'achat immobilier en France : frais de notaire, apport et taxe foncière avant le prix affiché",1175,2,1,false,5,,false,無資料,無資料
https://worthcalc.win/fr/how-to-calculate-dti/,fr,index,,debt-credit,how-to-calculate-dti,Taux d'effort 35 % : ce que le HCSF impose vraiment aux banques françaises,Taux d'effort 35 % : ce que le HCSF impose vraiment aux banques françaises,1459,2,1,true,1,,false,無資料,無資料
https://worthcalc.win/fr/is-an-extended-warranty-worth-it/,fr,index,,everyday,is-an-extended-warranty-worth-it,"Une extension de garantie est-elle rentable ? Prix, risque de panne et réparation","Une extension de garantie est-elle rentable ? Prix, risque de panne et réparation",910,1,0,true,3,,false,無資料,無資料
https://worthcalc.win/fr/is-costco-executive-membership-worth-it/,fr,index,,memberships,is-costco-executive-membership-worth-it,La carte Costco Executive existe-t-elle en France ? Réponse et calcul 2026,La carte Costco Executive existe-t-elle en France ? Réponse et calcul 2026,615,1,1,false,2,,false,無資料,無資料
https://worthcalc.win/fr/meal-prep-vs-takeout-cost/,fr,index,,everyday,meal-prep-vs-takeout-cost,"Cuisiner en lot ou commander : coût par portion, temps et pertes","Cuisiner en lot ou commander : coût par portion, temps et pertes",701,1,0,true,2,,false,無資料,無資料
https://worthcalc.win/fr/monthly-vs-annual-subscription/,fr,index,,memberships,monthly-vs-annual-subscription,Abonnement mensuel ou annuel : quand le paiement annuel est-il rentable ?,Abonnement mensuel ou annuel : quand le paiement annuel est-il rentable ?,1233,2,0,false,2,,false,無資料,無資料
https://worthcalc.win/fr/new-vs-used-car-total-cost/,fr,index,,transportation,new-vs-used-car-total-cost,"Voiture neuve ou d’occasion : comparer décote, réparations, crédit et revente","Voiture neuve ou d’occasion : comparer décote, réparations, crédit et revente",1528,3,1,true,4,,false,無資料,無資料
https://worthcalc.win/fr/paid-membership-break-even/,fr,index,,memberships,paid-membership-break-even,Adhésion payante : combien d’utilisations pour la rentabiliser ?,Adhésion payante : combien d’utilisations pour la rentabiliser ?,969,3,0,false,2,,false,無資料,無資料
https://worthcalc.win/fr/pay-raise-vs-inflation-purchasing-power/,fr,index,,income-savings,pay-raise-vs-inflation-purchasing-power,Hausse de salaire et inflation : votre pouvoir d’achat a-t-il augmenté ?,Hausse de salaire et inflation : votre pouvoir d’achat a-t-il augmenté ?,708,2,0,true,2,,false,無資料,無資料
https://worthcalc.win/fr/price-per-wear-clothing-shoes/,fr,index,,everyday,price-per-wear-clothing-shoes,Coût par utilisation des vêtements et chaussures : usage réel,Coût par utilisation des vêtements et chaussures : usage réel,601,1,0,true,2,,false,無資料,無資料
https://worthcalc.win/fr/privacy/,fr,legal,,everyday,privacy,Politique de confidentialité de WorthCalc,Politique de confidentialité de WorthCalc,527,0,0,false,3,,false,2026-07-19,PR #71
https://worthcalc.win/fr/rent-vs-buy-breakeven-year/,fr,index,,housing,rent-vs-buy-breakeven-year,Combien d’années faut-il rester pour que l’achat devienne plus avantageux que la location ?,Combien d’années faut-il rester pour que l’achat devienne plus avantageux que la location ?,1453,2,0,true,3,,false,無資料,無資料
https://worthcalc.win/fr/rent-vs-buy-guide/,fr,index,,housing,rent-vs-buy-guide,Louer ou acheter : les données qui changent réellement le résultat,Louer ou acheter : les données qui changent réellement le résultat,1194,3,0,false,2,,false,無資料,無資料
https://worthcalc.win/fr/repair-or-replace-decision-formula/,fr,index,,everyday,repair-or-replace-decision-formula,"Réparer ou remplacer : la formule de décision pour électroménager, téléphone et voiture","Réparer ou remplacer : la formule de décision pour électroménager, téléphone et voiture",1029,1,0,true,3,,false,無資料,無資料
https://worthcalc.win/fr/reusable-vs-disposable-break-even/,fr,index,,everyday,reusable-vs-disposable-break-even,Réutilisable ou jetable : coût par usage et vrai seuil de rentabilité,Réutilisable ou jetable : coût par usage et vrai seuil de rentabilité,685,1,0,true,2,,false,無資料,無資料
https://worthcalc.win/fr/snowball-vs-avalanche/,fr,index,,debt-credit,snowball-vs-avalanche,"Boule de neige, avalanche, ou d'abord le crédit renouvelable : quel ordre pour plusieurs dettes","Boule de neige, avalanche, ou d'abord le crédit renouvelable : quel ordre pour plusieurs dettes",1170,2,1,false,2,,false,無資料,無資料
https://worthcalc.win/fr/subscription-creep/,fr,index,,memberships,subscription-creep,Audit des abonnements : calculez votre coût annuel réel,Audit des abonnements : calculez votre coût annuel réel,903,3,1,false,2,,false,無資料,無資料
https://worthcalc.win/fr/terms/,fr,legal,,everyday,terms,Conditions d’utilisation de WorthCalc,Conditions d’utilisation de WorthCalc,414,0,0,false,1,,false,2026-07-19,PR #71
https://worthcalc.win/fr/tools/,fr,index,,everyday,tools,Tous les calculateurs,Tous les calculateurs,698,2,17,true,0,,false,2026-09-06,PR #161
https://worthcalc.win/fr/tools/budget-builder/,fr,tool,,income-savings,budget-builder,Constructeur de budget pour auto-entrepreneur,Constructeur de budget pour auto-entrepreneur,866,2,1,true,3,2026-07-31,false,2026-07-23,PR #93
https://worthcalc.win/fr/tools/car-affordability/,fr,tool,,transportation,car-affordability,"Calculateur de budget automobile (malus, carte grise, contrôle technique inclus)","Calculateur de budget automobile (malus, carte grise, contrôle technique inclus)",876,2,1,true,4,2026-07-31,false,2026-07-23,PR #93
https://worthcalc.win/fr/tools/cashback-breakeven/,fr,tool,,debt-credit,cashback-breakeven,Calculateur de seuil cashback et cotisation de carte,Calculateur de seuil cashback et cotisation de carte,742,2,3,true,2,,false,2026-07-19,PR #77
https://worthcalc.win/fr/tools/commute-cost/,fr,tool,,transportation,commute-cost,Calculateur du coût complet domicile-travail,Calculateur du coût complet domicile-travail,874,2,3,true,3,,false,2026-07-19,PR #77
https://worthcalc.win/fr/tools/compound-growth/,fr,tool,,income-savings,compound-growth,Calculateur d'intérêts composés (Livret A et objectif d'épargne),Calculateur d'intérêts composés (Livret A et objectif d'épargne),855,3,1,true,3,2026-07-31,false,2026-07-23,PR #93
https://worthcalc.win/fr/tools/costco-membership/,fr,tool,,memberships,costco-membership,Calculateur de rentabilité de l’adhésion Costco France,Calculateur de rentabilité de l’adhésion Costco France,759,3,3,true,3,,false,2026-07-19,PR #77
https://worthcalc.win/fr/tools/credit-card-payoff/,fr,tool,,debt-credit,credit-card-payoff,Calculateur de remboursement de crédit renouvelable,Calculateur de remboursement de crédit renouvelable,900,2,1,true,3,2026-07-31,false,2026-07-23,PR #93
https://worthcalc.win/fr/tools/debt-strategy/,fr,tool,,debt-credit,debt-strategy,Calculateur d'ordre de remboursement de dettes (boule de neige / avalanche),Calculateur d'ordre de remboursement de dettes (boule de neige / avalanche),862,2,1,true,2,2026-07-31,false,2026-07-23,PR #93
https://worthcalc.win/fr/tools/dti-calculator/,fr,tool,,debt-credit,dti-calculator,Calculateur de taux d'effort (règle HCSF 35 %),Calculateur de taux d'effort (règle HCSF 35 %),849,3,1,true,2,2026-07-31,false,2026-07-23,PR #93
https://worthcalc.win/fr/tools/ev-vs-gas/,fr,tool,,transportation,ev-vs-gas,Calculateur de coût total : voiture électrique ou essence,Calculateur de coût total : voiture électrique ou essence,935,2,3,true,3,,false,2026-07-19,PR #77
https://worthcalc.win/fr/tools/home-affordability/,fr,tool,,housing,home-affordability,Calculateur de capacité d'achat immobilier (frais de notaire et apport inclus),Calculateur de capacité d'achat immobilier (frais de notaire et apport inclus),884,3,1,true,4,2026-07-31,false,2026-07-23,PR #93
https://worthcalc.win/fr/tools/installment-true-apr/,fr,tool,,debt-credit,installment-true-apr,Calculateur de taux réel pour paiement en plusieurs fois,Calculateur de taux réel pour paiement en plusieurs fois,651,4,3,true,2,,false,2026-07-19,PR #77
https://worthcalc.win/fr/tools/latte-factor/,fr,tool,,everyday,latte-factor,Calculateur du facteur latte et des petites dépenses répétées,Calculateur du facteur latte et des petites dépenses répétées,765,1,3,true,2,,false,2026-07-19,PR #77
https://worthcalc.win/fr/tools/mortgage-payoff/,fr,tool,,housing,mortgage-payoff,Calculateur de remboursement anticipé du prêt immobilier,Calculateur de remboursement anticipé du prêt immobilier,890,2,1,true,3,2026-07-31,false,2026-07-23,PR #93
https://worthcalc.win/fr/tools/rent-vs-buy/,fr,tool,,housing,rent-vs-buy,Calculateur louer ou acheter un logement en France,Calculateur louer ou acheter un logement en France,874,2,3,true,3,,false,2026-07-19,PR #77
https://worthcalc.win/fr/tools/salary-converter/,fr,tool,,income-savings,salary-converter,Convertisseur salaire horaire / annuel (base 35 heures),Convertisseur salaire horaire / annuel (base 35 heures),813,2,1,true,2,2026-07-31,false,2026-07-23,PR #93
https://worthcalc.win/fr/tools/subscription-audit/,fr,tool,,memberships,subscription-audit,Calculateur de dépenses d’abonnements et de renouvellements,Calculateur de dépenses d’abonnements et de renouvellements,583,5,3,true,2,,false,2026-07-19,PR #77
https://worthcalc.win/fr/true-cost-of-car-ownership/,fr,index,,transportation,true-cost-of-car-ownership,"Coût réel d'une voiture en France : malus CO2, carte grise, contrôle technique et assurance","Coût réel d'une voiture en France : malus CO2, carte grise, contrôle technique et assurance",1187,2,1,false,4,,false,無資料,無資料
https://worthcalc.win/fr/true-hourly-wage-after-commuting-work-expenses/,fr,index,,income-savings,true-hourly-wage-after-commuting-work-expenses,Comment calculer son vrai salaire horaire après trajets et frais,Comment calculer son vrai salaire horaire après trajets et frais,675,3,0,true,2,,false,無資料,無資料
https://worthcalc.win/fr/upfront-fees-financing-cost/,fr,index,,debt-credit,upfront-fees-financing-cost,Comment les frais initiaux augmentent le coût réel d’un financement,Comment les frais initiaux augmentent le coût réel d’un financement,1490,3,1,false,3,,false,無資料,無資料
https://worthcalc.win/fr/upgrade-your-phone-or-keep-it/,fr,index,,everyday,upgrade-your-phone-or-keep-it,"Changer de téléphone ou le garder ? Réparation, reprise, forfait et coût mensuel","Changer de téléphone ou le garder ? Réparation, reprise, forfait et coût mensuel",945,1,0,true,3,,false,無資料,無資料
https://worthcalc.win/fr/work-from-home-vs-commuting-hidden-costs/,fr,index,,transportation,work-from-home-vs-commuting-hidden-costs,Télétravail ou trajets quotidiens : comparer les coûts mensuels cachés,Télétravail ou trajets quotidiens : comparer les coûts mensuels cachés,1064,2,0,true,3,,false,無資料,無資料
https://worthcalc.win/fr/zero-interest-installments-truth/,fr,index,,debt-credit,zero-interest-installments-truth,Comment calculer le coût réel d’un paiement en plusieurs fois sans intérêts,Comment calculer le coût réel d’un paiement en plusieurs fois sans intérêts,935,5,1,false,2,,false,無資料,無資料
https://worthcalc.win/hi/guides/3d-printer-electricity-cost-per-print-used/,hi,guide,079,everyday,3d-printer-electricity-cost-per-print-used,3D printer electricity cost per print used: allocate heat-up and runtime,3D printer electricity cost per print used: allocate heat-up and runtime,677,4,4,false,5,2026-09-03,true,2026-09-03,無資料
https://worthcalc.win/hi/guides/3d-scanner-electricity-cost-per-scanning-session-used/,hi,guide,086,everyday,3d-scanner-electricity-cost-per-scanning-session-used,3D scanner electricity cost per scanning session used: separate computer load,3D scanner electricity cost per scanning session used: separate computer load,538,4,4,false,5,2026-09-03,true,2026-09-03,無資料
https://worthcalc.win/hi/guides/air-fryer-cost-per-cooking-cycle-used/,hi,guide,053,everyday,air-fryer-cost-per-cooking-cycle-used,Air fryer cost per cooking cycle used,Air fryer cost per cooking cycle used,439,4,4,false,4,2026-09-02,true,2026-09-02,無資料
https://worthcalc.win/hi/guides/air-purifier-cost-per-clean-air-hour-used/,hi,guide,031,everyday,air-purifier-cost-per-clean-air-hour-used,"Air purifier cost per clean-air hour used: watts, CADR और filters compare करें","Air purifier cost per clean-air hour used: watts, CADR और filters compare करें",253,2,4,false,2,2026-09-02,true,2026-09-02,無資料
https://worthcalc.win/hi/guides/annual-cost-savings-calculator/,hi,guide,010,income-savings,annual-cost-savings-calculator,वार्षिक बचत कैलकुलेटर: शुल्क और वास्तविक उपयोग के बाद असली बचत,वार्षिक बचत कैलकुलेटर: शुल्क और वास्तविक उपयोग के बाद असली बचत,1057,37,13,false,2,2026-09-02,true,2026-09-02,PR #123
https://worthcalc.win/hi/guides/aquarium-air-pump-electricity-cost-per-filtration-day-used/,hi,guide,105,everyday,aquarium-air-pump-electricity-cost-per-filtration-day-used,Aquarium air pump electricity cost per filtration day: back pressure शामिल करें,Aquarium air pump electricity cost per filtration day: back pressure शामिल करें,480,4,4,false,7,2026-09-03,true,2026-09-03,PR #152
https://worthcalc.win/hi/guides/aquarium-heater-electricity-cost-per-tank-day-used/,hi,guide,113,everyday,aquarium-heater-electricity-cost-per-tank-day-used,Aquarium heater electricity cost per tank day: thermostat cycles अलग करें,Aquarium heater electricity cost per tank day: thermostat cycles अलग करें,684,5,5,false,4,2026-09-03,true,2026-09-03,PR #154
https://worthcalc.win/hi/guides/attic-fan-electricity-cost-per-ventilation-hour-used/,hi,guide,123,everyday,attic-fan-electricity-cost-per-ventilation-hour-used,Attic fan electricity cost per ventilation hour used: duty cycle मापें,Attic fan electricity cost per ventilation hour used: duty cycle मापें,398,1,4,false,3,2026-09-03,true,2026-09-03,PR #155
https://worthcalc.win/hi/guides/bathroom-ventilation-fan-electricity-cost-per-shower-used/,hi,guide,102,everyday,bathroom-ventilation-fan-electricity-cost-per-shower-used,Bathroom ventilation fan electricity cost per shower: run-on timer शामिल करें,Bathroom ventilation fan electricity cost per shower: run-on timer शामिल करें,483,6,4,false,7,2026-09-03,true,2026-09-03,PR #152
https://worthcalc.win/hi/guides/billing-date-cash-flow-overlap/,hi,guide,011,income-savings,billing-date-cash-flow-overlap,Billing dates overlap: एक ही week में बड़े charges के लिए cash-flow plan,Billing dates overlap: एक ही week में बड़े charges के लिए cash-flow plan,570,2,1,false,2,2026-09-02,true,2026-09-02,PR #130
https://worthcalc.win/hi/guides/blender-cost-per-blending-session-used/,hi,guide,057,everyday,blender-cost-per-blending-session-used,Blender cost per blending session used,Blender cost per blending session used,437,4,4,false,4,2026-09-02,true,2026-09-02,無資料
https://worthcalc.win/hi/guides/bread-maker-cost-per-loaf-used/,hi,guide,065,everyday,bread-maker-cost-per-loaf-used,Bread maker cost per loaf used: kneading और baking energy गिनें,Bread maker cost per loaf used: kneading और baking energy गिनें,739,4,4,false,4,2026-09-03,true,2026-09-03,無資料
https://worthcalc.win/hi/guides/ceiling-fan-cost-per-operating-hour-used/,hi,guide,030,everyday,ceiling-fan-cost-per-operating-hour-used,Ceiling fan cost per operating hour used: airflow और lighting अलग करें,Ceiling fan cost per operating hour used: airflow और lighting अलग करें,253,2,4,false,2,2026-09-02,true,2026-09-02,無資料
https://worthcalc.win/hi/guides/ceiling-fan-electricity-cost-per-cooling-hour-used/,hi,guide,101,everyday,ceiling-fan-electricity-cost-per-cooling-hour-used,Ceiling fan electricity cost per cooling hour: light और standby अलग करें,Ceiling fan electricity cost per cooling hour: light और standby अलग करें,511,5,5,false,7,2026-09-03,true,2026-09-03,PR #152
https://worthcalc.win/hi/guides/childcare-cost-per-hour-used/,hi,guide,015,income-savings,childcare-cost-per-hour-used,Childcare cost per hour used: अपने वास्तविक schedule की कीमत निकालें,Childcare cost per hour used: अपने वास्तविक schedule की कीमत निकालें,431,2,4,true,1,2026-09-02,true,2026-09-02,PR #134
https://worthcalc.win/hi/guides/clothes-dryer-cost-per-load-used/,hi,guide,023,everyday,clothes-dryer-cost-per-load-used,"Clothes dryer cost per load used: heat, time और load size compare करें","Clothes dryer cost per load used: heat, time और load size compare करें",476,1,5,false,2,2026-09-02,true,2026-09-02,PR #138
https://worthcalc.win/hi/guides/cloud-storage-cost-per-retained-gb/,hi,guide,016,everyday,cloud-storage-cost-per-retained-gb,Cloud storage cost per retained GB: duplicate और unused capacity भी गिनें,Cloud storage cost per retained GB: duplicate और unused capacity भी गिनें,434,3,5,true,2,2026-09-02,true,2026-09-02,PR #135
https://worthcalc.win/hi/guides/coffee-maker-cost-per-brew-used/,hi,guide,050,everyday,coffee-maker-cost-per-brew-used,"Coffee maker cost per brew used: brewing, warming और consumed cups अलग करें","Coffee maker cost per brew used: brewing, warming और consumed cups अलग करें",325,3,4,false,2,2026-09-02,true,2026-09-02,PR #142
https://worthcalc.win/hi/guides/computer-electricity-cost-per-day-used/,hi,guide,041,everyday,computer-electricity-cost-per-day-used,"Computer electricity cost per day used: work, sleep और charging अलग करें","Computer electricity cost per day used: work, sleep और charging अलग करें",344,3,4,false,2,2026-09-02,true,2026-09-02,PR #141
https://worthcalc.win/hi/guides/cost-per-use-kitchen-appliance/,hi,guide,014,everyday,cost-per-use-kitchen-appliance,"Kitchen appliance cost per use: energy, cleaning और replacement जोड़ें","Kitchen appliance cost per use: energy, cleaning और replacement जोड़ें",425,7,4,true,2,2026-09-02,true,2026-09-02,PR #133
https://worthcalc.win/hi/guides/cost-per-wear-clothing/,hi,guide,014,everyday,cost-per-wear-clothing,Per wear calculator: कपड़ों की वास्तविक उपयोग लागत निकालें,Per wear calculator: कपड़ों की वास्तविक उपयोग लागत निकालें,440,2,4,true,1,2026-09-02,true,2026-09-02,PR #133
https://worthcalc.win/hi/guides/costco-executive-break-even-eligible-spend/,hi,guide,012,memberships,costco-executive-break-even-eligible-spend,Costco Executive break-even: upgrade fee वसूलने के लिए eligible spending कितना हो?,Costco Executive break-even: upgrade fee वसूलने के लिए eligible spending कितना हो?,737,5,3,false,3,2026-09-02,true,2026-09-02,PR #131
https://worthcalc.win/hi/guides/costco-gas-detour-break-even/,hi,guide,012,memberships,costco-gas-detour-break-even,Costco gas detour break-even: कम fuel price extra drive को कब cover करती है?,Costco gas detour break-even: कम fuel price extra drive को कब cover करती है?,477,1,2,false,2,2026-09-02,true,2026-09-02,PR #131
https://worthcalc.win/hi/guides/costco-household-card-break-even-use/,hi,guide,012,memberships,costco-household-card-break-even-use,Costco household card break-even: shared use का वास्तविक value कैसे मापें,Costco household card break-even: shared use का वास्तविक value कैसे मापें,490,1,4,false,3,2026-09-02,true,2026-09-02,PR #131
https://worthcalc.win/hi/guides/costco-membership-fee-break-even-savings/,hi,guide,012,memberships,costco-membership-fee-break-even-savings,Costco membership fee break-even: fee वसूलने के लिए कितनी shopping चाहिए?,Costco membership fee break-even: fee वसूलने के लिए कितनी shopping चाहिए?,571,4,3,false,1,2026-09-02,true,2026-09-02,PR #131
https://worthcalc.win/hi/guides/costco-renewal-refund-reward-timing/,hi,guide,012,memberships,costco-renewal-refund-reward-timing,"Costco renewal, refund और reward timing: membership का net cost कैसे निकालें","Costco renewal, refund और reward timing: membership का net cost कैसे निकालें",469,2,4,false,3,2026-09-02,true,2026-09-02,PR #131
https://worthcalc.win/hi/guides/costco-reward-cap-usage-break-even/,hi,guide,012,memberships,costco-reward-cap-usage-break-even,Costco reward cap: किस spending level के बाद अतिरिक्त खरीद reward नहीं बढ़ाती?,Costco reward cap: किस spending level के बाद अतिरिक्त खरीद reward नहीं बढ़ाती?,475,1,4,false,3,2026-09-02,true,2026-09-02,PR #131
https://worthcalc.win/hi/guides/costco-reward-exclusion-effective-rate/,hi,guide,012,memberships,costco-reward-exclusion-effective-rate,Costco reward exclusions: आपकी effective reward rate कितनी है?,Costco reward exclusions: आपकी effective reward rate कितनी है?,433,4,3,true,3,2026-09-02,true,2026-09-02,PR #131
https://worthcalc.win/hi/guides/countertop-ice-maker-cost-per-batch-used/,hi,guide,071,everyday,countertop-ice-maker-cost-per-batch-used,Countertop ice maker cost per batch used: include freeze and hold time,Countertop ice maker cost per batch used: include freeze and hold time,678,4,4,false,4,2026-09-03,true,2026-09-03,無資料
https://worthcalc.win/hi/guides/coworking-membership-cost-per-day/,hi,guide,014,memberships,coworking-membership-cost-per-day,Coworking membership cost per day: unused access भी गिनें,Coworking membership cost per day: unused access भी गिनें,415,2,4,true,1,2026-09-02,true,2026-09-02,PR #133
https://worthcalc.win/hi/guides/dehumidifier-cost-per-pint-removed/,hi,guide,029,everyday,dehumidifier-cost-per-pint-removed,"Dehumidifier cost per pint removed: energy, runtime और moisture compare करें","Dehumidifier cost per pint removed: energy, runtime और moisture compare करें",259,2,4,false,2,2026-09-02,true,2026-09-02,無資料
https://worthcalc.win/hi/guides/dehumidifier-electricity-cost-per-laundry-drying-session-used/,hi,guide,121,everyday,dehumidifier-electricity-cost-per-laundry-drying-session-used,Dehumidifier electricity cost per drying hour: include compressor pauses,Dehumidifier electricity cost per drying hour: include compressor pauses,605,4,4,false,4,2026-09-03,true,2026-09-03,PR #155
https://worthcalc.win/hi/guides/desk-fan-electricity-cost-per-cooling-hour-used/,hi,guide,093,everyday,desk-fan-electricity-cost-per-cooling-hour-used,Desk fan electricity cost per cooling hour used: include speed and oscillation,Desk fan electricity cost per cooling hour used: include speed and oscillation,469,4,4,false,5,2026-09-03,true,2026-09-03,無資料
https://worthcalc.win/hi/guides/desktop-speakers-electricity-cost-per-listening-hour-used/,hi,guide,082,everyday,desktop-speakers-electricity-cost-per-listening-hour-used,Desktop speakers electricity cost per listening hour used: measure amplifier and idle draw,Desktop speakers electricity cost per listening hour used: measure amplifier and idle draw,679,4,4,false,5,2026-09-03,true,2026-09-03,無資料
https://worthcalc.win/hi/guides/digital-photo-frame-electricity-cost-per-display-day-used/,hi,guide,100,everyday,digital-photo-frame-electricity-cost-per-display-day-used,Digital photo frame electricity cost per display day: screen और network standby अलग करें,Digital photo frame electricity cost per display day: screen और network standby अलग करें,452,1,4,false,7,2026-09-03,true,2026-09-03,PR #151
https://worthcalc.win/hi/guides/dishwasher-cost-per-cycle-used/,hi,guide,022,everyday,dishwasher-cost-per-cycle-used,"Dishwasher cost per cycle used: energy, water और detergent जोड़ें","Dishwasher cost per cycle used: energy, water और detergent जोड़ें",477,3,5,false,2,2026-09-02,true,2026-09-02,PR #137
https://worthcalc.win/hi/guides/document-camera-electricity-cost-per-presentation-hour-used/,hi,guide,099,everyday,document-camera-electricity-cost-per-presentation-hour-used,Document camera electricity cost per presentation hour: lamp और computer boundary रखें,Document camera electricity cost per presentation hour: lamp और computer boundary रखें,438,4,4,false,7,2026-09-03,true,2026-09-03,PR #151
https://worthcalc.win/hi/guides/e-reader-electricity-cost-per-reading-hour-used/,hi,guide,090,everyday,e-reader-electricity-cost-per-reading-hour-used,E-reader electricity cost per reading hour used: count charging energy,E-reader electricity cost per reading hour used: count charging energy,480,4,4,false,5,2026-09-03,true,2026-09-03,無資料
https://worthcalc.win/hi/guides/electric-air-pump-electricity-cost-per-inflation-session-used/,hi,guide,106,income-savings,electric-air-pump-electricity-cost-per-inflation-session-used,Electric air pump electricity cost per inflation session: pressure cutoff और retries गिनें,Electric air pump electricity cost per inflation session: pressure cutoff और retries गिनें,489,1,4,false,7,2026-09-03,true,2026-09-03,PR #152
https://worthcalc.win/hi/guides/electric-blanket-cost-per-night-used/,hi,guide,046,everyday,electric-blanket-cost-per-night-used,Electric blanket cost per night used: heat settings और actual bedtime गिनें,Electric blanket cost per night used: heat settings और actual bedtime गिनें,353,2,4,false,2,2026-09-02,true,2026-09-02,PR #141
https://worthcalc.win/hi/guides/electric-can-opener-cost-per-use-used/,hi,guide,070,everyday,electric-can-opener-cost-per-use-used,"Electric can opener cost per use used: measure motor time, not rated watts","Electric can opener cost per use used: measure motor time, not rated watts",746,4,4,false,4,2026-09-03,true,2026-09-03,無資料
https://worthcalc.win/hi/guides/electric-citrus-juicer-cost-per-juice-session-used/,hi,guide,072,everyday,electric-citrus-juicer-cost-per-juice-session-used,Electric citrus juicer cost per juice session used: measure pressing time,Electric citrus juicer cost per juice session used: measure pressing time,660,4,4,false,4,2026-09-03,true,2026-09-03,無資料
https://worthcalc.win/hi/guides/electric-egg-cooker-cost-per-cooking-cycle-used/,hi,guide,068,everyday,electric-egg-cooker-cost-per-cooking-cycle-used,Electric egg cooker cost per cooking cycle used: count warm-up and water,Electric egg cooker cost per cooking cycle used: count warm-up and water,756,4,4,false,4,2026-09-03,true,2026-09-03,無資料
https://worthcalc.win/hi/guides/electric-fireplace-electricity-cost-per-heating-hour-used/,hi,guide,118,everyday,electric-fireplace-electricity-cost-per-heating-hour-used,Electric fireplace electricity cost per heating hour: flame mode अलग करें,Electric fireplace electricity cost per heating hour: flame mode अलग करें,656,9,5,false,4,2026-09-03,true,2026-09-03,PR #154
https://worthcalc.win/hi/guides/electric-food-warmer-cost-per-heating-hour-used/,hi,guide,076,everyday,electric-food-warmer-cost-per-heating-hour-used,Electric food warmer cost per heating hour used: measure thermostat cycling,Electric food warmer cost per heating hour used: measure thermostat cycling,677,4,4,false,4,2026-09-03,true,2026-09-03,無資料
https://worthcalc.win/hi/guides/electric-foot-massager-electricity-cost-per-massage-session-used/,hi,guide,094,everyday,electric-foot-massager-electricity-cost-per-massage-session-used,Electric foot massager cost per massage session used: separate standby and heat,Electric foot massager cost per massage session used: separate standby and heat,475,4,4,false,5,2026-09-03,true,2026-09-03,無資料
https://worthcalc.win/hi/guides/electric-griddle-cost-per-cooking-hour-used/,hi,guide,062,everyday,electric-griddle-cost-per-cooking-hour-used,Electric griddle cost per cooking hour used: heat-up और active cooking अलग करें,Electric griddle cost per cooking hour used: heat-up और active cooking अलग करें,321,4,4,false,4,2026-09-02,true,2026-09-02,無資料
https://worthcalc.win/hi/guides/electric-hand-mixer-electricity-cost-per-mixing-session-used/,hi,guide,112,everyday,electric-hand-mixer-electricity-cost-per-mixing-session-used,Electric hand mixer electricity cost per mixing session: speed को गिनें,Electric hand mixer electricity cost per mixing session: speed को गिनें,431,5,5,false,4,2026-09-03,true,2026-09-03,PR #153
https://worthcalc.win/hi/guides/electric-insect-zapper-electricity-cost-per-overnight-used/,hi,guide,115,everyday,electric-insect-zapper-electricity-cost-per-overnight-used,Electric insect zapper electricity cost per overnight: standby अलग से मापें,Electric insect zapper electricity cost per overnight: standby अलग से मापें,666,5,5,false,4,2026-09-03,true,2026-09-03,PR #154
https://worthcalc.win/hi/guides/electric-kettle-cost-per-boil-used/,hi,guide,049,everyday,electric-kettle-cost-per-boil-used,Electric kettle cost per boil used: water volume और shutoff गिनें,Electric kettle cost per boil used: water volume और shutoff गिनें,352,3,5,false,2,2026-09-02,true,2026-09-02,PR #142
https://worthcalc.win/hi/guides/electric-lunch-box-cost-per-heating-cycle-used/,hi,guide,069,everyday,electric-lunch-box-cost-per-heating-cycle-used,Electric lunch box cost per heating cycle used: separate heat-up and waiting,Electric lunch box cost per heating cycle used: separate heat-up and waiting,737,4,4,false,4,2026-09-03,true,2026-09-03,無資料
https://worthcalc.win/hi/guides/electric-meat-grinder-cost-per-grinding-session-used/,hi,guide,073,everyday,electric-meat-grinder-cost-per-grinding-session-used,Electric meat grinder cost per grinding session used: allocate motor runtime,Electric meat grinder cost per grinding session used: allocate motor runtime,677,4,4,false,4,2026-09-03,true,2026-09-03,無資料
https://worthcalc.win/hi/guides/electric-milk-frother-cost-per-frothing-session-used/,hi,guide,075,everyday,electric-milk-frother-cost-per-frothing-session-used,Electric milk frother cost per frothing session used: separate heat and whisking,Electric milk frother cost per frothing session used: separate heat and whisking,669,4,4,false,4,2026-09-03,true,2026-09-03,無資料
https://worthcalc.win/hi/guides/electric-pasta-maker-cost-per-batch-used/,hi,guide,074,everyday,electric-pasta-maker-cost-per-batch-used,Electric pasta maker cost per batch used: count mixing and extrusion,Electric pasta maker cost per batch used: count mixing and extrusion,686,4,4,false,4,2026-09-03,true,2026-09-03,無資料
https://worthcalc.win/hi/guides/electric-pencil-sharpener-electricity-cost-per-sharpening-session-used/,hi,guide,091,everyday,electric-pencil-sharpener-electricity-cost-per-sharpening-session-used,Electric pencil sharpener cost per sharpening session used: count repeated cycles,Electric pencil sharpener cost per sharpening session used: count repeated cycles,474,4,4,false,5,2026-09-03,true,2026-09-03,無資料
https://worthcalc.win/hi/guides/electric-pressure-cooker-cost-per-cooking-cycle-used/,hi,guide,059,everyday,electric-pressure-cooker-cost-per-cooking-cycle-used,Electric pressure cooker cost per cooking cycle used,Electric pressure cooker cost per cooking cycle used,338,4,4,false,4,2026-09-02,true,2026-09-02,無資料
https://worthcalc.win/hi/guides/electric-shaver-electricity-cost-per-grooming-session-used/,hi,guide,108,everyday,electric-shaver-electricity-cost-per-grooming-session-used,Electric shaver electricity cost per grooming session: charging को गिनें,Electric shaver electricity cost per grooming session: charging को गिनें,435,5,5,false,4,2026-09-03,true,2026-09-03,PR #153
https://worthcalc.win/hi/guides/electric-space-heater-cost-per-heating-hour-used/,hi,guide,034,everyday,electric-space-heater-cost-per-heating-hour-used,"Electric space heater cost per heating hour used: wattage, duty cycle और room compare करें","Electric space heater cost per heating hour used: wattage, duty cycle और room compare करें",264,3,4,false,2,2026-09-02,true,2026-09-02,無資料
https://worthcalc.win/hi/guides/electric-standing-desk-electricity-cost-per-adjusted-day-used/,hi,guide,087,everyday,electric-standing-desk-electricity-cost-per-adjusted-day-used,Electric standing desk cost per adjusted day used: include motor and standby,Electric standing desk cost per adjusted day used: include motor and standby,521,4,4,false,5,2026-09-03,true,2026-09-03,無資料
https://worthcalc.win/hi/guides/electric-stapler-electricity-cost-per-stapling-session-used/,hi,guide,092,everyday,electric-stapler-electricity-cost-per-stapling-session-used,Electric stapler electricity cost per stapling session used: separate jam events,Electric stapler electricity cost per stapling session used: separate jam events,482,4,4,false,5,2026-09-03,true,2026-09-03,無資料
https://worthcalc.win/hi/guides/electric-toothbrush-electricity-cost-per-charging-day-used/,hi,guide,107,everyday,electric-toothbrush-electricity-cost-per-charging-day-used,Electric toothbrush electricity cost per charging day: dock standby शामिल करें,Electric toothbrush electricity cost per charging day: dock standby शामिल करें,470,5,5,false,4,2026-09-03,true,2026-09-03,PR #153
https://worthcalc.win/hi/guides/electric-wine-cooler-electricity-cost-per-storage-day-used/,hi,guide,122,everyday,electric-wine-cooler-electricity-cost-per-storage-day-used,Wine cooler electricity cost per storage day used: compressor cycling गिनें,Wine cooler electricity cost per storage day used: compressor cycling गिनें,421,1,4,false,3,2026-09-03,true,2026-09-03,PR #155
https://worthcalc.win/hi/guides/electric-yogurt-maker-cost-per-batch-used/,hi,guide,067,everyday,electric-yogurt-maker-cost-per-batch-used,Electric yogurt maker cost per batch used: include incubation hours,Electric yogurt maker cost per batch used: include incubation hours,732,4,4,false,4,2026-09-03,true,2026-09-03,無資料
https://worthcalc.win/hi/guides/electricity-cost-per-kwh-used/,hi,guide,017,everyday,electricity-cost-per-kwh-used,Electricity cost per kWh used: fixed charges और credits भी जोड़ें,Electricity cost per kWh used: fixed charges और credits भी जोड़ें,490,37,5,true,2,2026-09-02,true,2026-09-02,PR #137
https://worthcalc.win/hi/guides/espresso-machine-cost-per-shot-used/,hi,guide,064,everyday,espresso-machine-cost-per-shot-used,"Espresso machine cost per shot used: warm-up, brew और steam गिनें","Espresso machine cost per shot used: warm-up, brew और steam गिनें",359,4,4,false,4,2026-09-02,true,2026-09-02,無資料
https://worthcalc.win/hi/guides/event-ticket-cost-per-attended-hour/,hi,guide,016,memberships,event-ticket-cost-per-attended-hour,"Event ticket cost per attended hour: travel, fees और missed time जोड़ें","Event ticket cost per attended hour: travel, fees और missed time जोड़ें",388,2,4,true,1,2026-09-02,true,2026-09-02,PR #135
https://worthcalc.win/hi/guides/external-hard-drive-electricity-cost-per-backup-job-used/,hi,guide,097,everyday,external-hard-drive-electricity-cost-per-backup-job-used,External hard drive electricity cost per backup job: transfer और idle समय गिनें,External hard drive electricity cost per backup job: transfer और idle समय गिनें,485,5,4,false,7,2026-09-03,true,2026-09-03,PR #151
https://worthcalc.win/hi/guides/family-plan-break-even-members/,hi,guide,011,memberships,family-plan-break-even-members,Family plan break-even: कितने active members पर upgrade सही है?,Family plan break-even: कितने active members पर upgrade सही है?,620,1,1,false,2,2026-09-02,true,2026-09-02,PR #130
https://worthcalc.win/hi/guides/food-dehydrator-cost-per-drying-hour-used/,hi,guide,066,everyday,food-dehydrator-cost-per-drying-hour-used,Food dehydrator cost per drying hour used: measure heater and fan runtime,Food dehydrator cost per drying hour used: measure heater and fan runtime,750,4,4,false,4,2026-09-03,true,2026-09-03,無資料
https://worthcalc.win/hi/guides/food-processor-cost-per-prep-session-used/,hi,guide,058,everyday,food-processor-cost-per-prep-session-used,Food processor cost per prep session used,Food processor cost per prep session used,444,4,4,false,4,2026-09-02,true,2026-09-02,無資料
https://worthcalc.win/hi/guides/free-trial-auto-renewal-first-charge/,hi,guide,011,memberships,free-trial-auto-renewal-first-charge,फ्री ट्रायल की ऑटो-रिन्यू लागत: पहला संभावित चार्ज पहले गिनें,फ्री ट्रायल की ऑटो-रिन्यू लागत: पहला संभावित चार्ज पहले गिनें,719,1,1,false,2,2026-09-02,true,2026-09-02,PR #130
https://worthcalc.win/hi/guides/freezer-cost-per-day-used/,hi,guide,033,everyday,freezer-cost-per-day-used,"Freezer cost per day used: standby energy, capacity और food storage compare करें","Freezer cost per day used: standby energy, capacity और food storage compare करें",251,2,4,false,2,2026-09-02,true,2026-09-02,無資料
https://worthcalc.win/hi/guides/gaming-console-electricity-cost-per-gaming-hour-used/,hi,guide,080,everyday,gaming-console-electricity-cost-per-gaming-hour-used,Gaming console electricity cost per gaming hour used: include display boundary,Gaming console electricity cost per gaming hour used: include display boundary,675,4,4,false,5,2026-09-03,true,2026-09-03,無資料
https://worthcalc.win/hi/guides/garage-door-opener-electricity-cost-per-cycle-used/,hi,guide,117,everyday,garage-door-opener-electricity-cost-per-cycle-used,Garage door opener electricity cost per cycle: light और standby अलग करें,Garage door opener electricity cost per cycle: light और standby अलग करें,668,8,5,false,4,2026-09-03,true,2026-09-03,PR #154
https://worthcalc.win/hi/guides/garment-steamer-cost-per-steaming-hour-used/,hi,guide,052,everyday,garment-steamer-cost-per-steaming-hour-used,Garment steamer cost per steaming hour used: heat-up और steam duty time गिनें,Garment steamer cost per steaming hour used: heat-up और steam duty time गिनें,328,2,4,false,2,2026-09-02,true,2026-09-02,PR #142
https://worthcalc.win/hi/guides/glue-gun-electricity-cost-per-crafting-hour-used/,hi,guide,111,everyday,glue-gun-electricity-cost-per-crafting-hour-used,Glue gun electricity cost per crafting hour: heat और idle अलग करें,Glue gun electricity cost per crafting hour: heat और idle अलग करें,449,5,5,false,4,2026-09-03,true,2026-09-03,PR #153
https://worthcalc.win/hi/guides/gym-membership-cost-per-visit/,hi,guide,014,memberships,gym-membership-cost-per-visit,Gym membership cost per visit: joining fee और missed months जोड़ें,Gym membership cost per visit: joining fee और missed months जोड़ें,414,2,4,true,2,2026-09-02,true,2026-09-02,PR #133
https://worthcalc.win/hi/guides/hair-dryer-cost-per-drying-session-used/,hi,guide,051,everyday,hair-dryer-cost-per-drying-session-used,"Hair dryer cost per drying session used: heat, airflow और minutes अलग करें","Hair dryer cost per drying session used: heat, airflow और minutes अलग करें",307,1,4,false,2,2026-09-02,true,2026-09-02,PR #142
https://worthcalc.win/hi/guides/heat-pump-cost-per-heating-hour-used/,hi,guide,035,everyday,heat-pump-cost-per-heating-hour-used,"Heat pump cost per heating hour used: capacity, runtime और weather अलग करें","Heat pump cost per heating hour used: capacity, runtime और weather अलग करें",406,2,5,false,2,2026-09-02,true,2026-09-02,無資料
https://worthcalc.win/hi/guides/hobby-equipment-cost-per-use/,hi,guide,014,everyday,hobby-equipment-cost-per-use,"Hobby equipment cost per use: storage, maintenance और resale risk जोड़ें","Hobby equipment cost per use: storage, maintenance और resale risk जोड़ें",409,2,4,true,1,2026-09-02,true,2026-09-02,PR #133
https://worthcalc.win/hi/guides/home-internet-cost-per-gb-used/,hi,guide,018,everyday,home-internet-cost-per-gb-used,Home internet cost per GB used: equipment और overage terms जोड़ें,Home internet cost per GB used: equipment और overage terms जोड़ें,453,3,5,true,2,2026-09-02,true,2026-09-02,PR #137
https://worthcalc.win/hi/guides/humidifier-electricity-cost-per-humidifying-hour-used/,hi,guide,104,everyday,humidifier-electricity-cost-per-humidifying-hour-used,Humidifier electricity cost per humidifying hour: mist और fan modes मापें,Humidifier electricity cost per humidifying hour: mist और fan modes मापें,494,5,4,false,7,2026-09-03,true,2026-09-03,PR #152
https://worthcalc.win/hi/guides/hvac-cost-per-operating-hour-used/,hi,guide,027,everyday,hvac-cost-per-operating-hour-used,HVAC cost per operating hour used: runtime और seasonal rates comparable बनाएं,HVAC cost per operating hour used: runtime और seasonal rates comparable बनाएं,335,7,5,false,2,2026-09-02,true,2026-09-02,PR #138
https://worthcalc.win/hi/guides/induction-cooktop-cost-per-cooking-hour-used/,hi,guide,037,everyday,induction-cooktop-cost-per-cooking-hour-used,"Induction cooktop cost per cooking hour used: heat, idle और cleanup अलग करें","Induction cooktop cost per cooking hour used: heat, idle और cleanup अलग करें",356,1,4,false,2,2026-09-02,true,2026-09-02,無資料
https://worthcalc.win/hi/guides/introductory-discount-renewal-cost/,hi,guide,010,memberships,introductory-discount-renewal-cost,पहले साल की छूट और नवीनीकरण लागत: वास्तविक कुल खर्च निकालें,पहले साल की छूट और नवीनीकरण लागत: वास्तविक कुल खर्च निकालें,503,1,1,true,1,2026-09-02,true,2026-09-02,PR #123
https://worthcalc.win/hi/guides/label-maker-electricity-cost-per-labeling-session-used/,hi,guide,083,everyday,label-maker-electricity-cost-per-labeling-session-used,Label maker electricity cost per labeling session used: include warm-up and standby,Label maker electricity cost per labeling session used: include warm-up and standby,545,4,4,false,5,2026-09-03,true,2026-09-03,無資料
https://worthcalc.win/hi/guides/laminator-electricity-cost-per-laminating-batch-used/,hi,guide,085,everyday,laminator-electricity-cost-per-laminating-batch-used,Laminator electricity cost per laminating batch used: include warm-up,Laminator electricity cost per laminating batch used: include warm-up,532,4,4,false,5,2026-09-03,true,2026-09-03,無資料
https://worthcalc.win/hi/guides/language-class-cost-per-completed-session/,hi,guide,016,memberships,language-class-cost-per-completed-session,Language class cost per completed session: पूरी की गई lessons गिनें,Language class cost per completed session: पूरी की गई lessons गिनें,382,2,4,true,1,2026-09-02,true,2026-09-02,PR #135
https://worthcalc.win/hi/guides/laptop-docking-station-electricity-cost-per-workday-used/,hi,guide,096,everyday,laptop-docking-station-electricity-cost-per-workday-used,Laptop docking station electricity cost per workday: display और charging अलग रखें,Laptop docking station electricity cost per workday: display और charging अलग रखें,479,5,4,false,7,2026-09-03,true,2026-09-03,PR #151
https://worthcalc.win/hi/guides/laundry-cost-per-load/,hi,guide,019,everyday,laundry-cost-per-load,"Laundry cost per load: पानी, energy, detergent और rewashes जोड़ें","Laundry cost per load: पानी, energy, detergent और rewashes जोड़ें",449,4,5,true,2,2026-09-02,true,2026-09-02,PR #137
https://worthcalc.win/hi/guides/led-lighting-cost-per-hour-used/,hi,guide,028,everyday,led-lighting-cost-per-hour-used,"LED lighting cost per hour used: watts, fixtures और replacement life शामिल करें","LED lighting cost per hour used: watts, fixtures और replacement life शामिल करें",343,3,4,false,2,2026-09-02,true,2026-09-02,PR #138
https://worthcalc.win/hi/guides/meal-delivery-plan-cost-per-eaten-meal/,hi,guide,016,memberships,meal-delivery-plan-cost-per-eaten-meal,Meal delivery plan cost per eaten meal: skipped और replacement orders जोड़ें,Meal delivery plan cost per eaten meal: skipped और replacement orders जोड़ें,390,2,4,true,2,2026-09-02,true,2026-09-02,PR #135
https://worthcalc.win/hi/guides/meal-kit-cost-per-serving-after-waste/,hi,guide,014,everyday,meal-kit-cost-per-serving-after-waste,Meal kit cost per serving after waste: uneaten ingredients गिनें,Meal kit cost per serving after waste: uneaten ingredients गिनें,421,2,4,true,2,2026-09-02,true,2026-09-02,PR #133
https://worthcalc.win/hi/guides/microwave-cost-per-cooking-cycle-used/,hi,guide,038,everyday,microwave-cost-per-cooking-cycle-used,"Microwave cost per cooking cycle used: wattage, time और failed reheats गिनें","Microwave cost per cooking cycle used: wattage, time और failed reheats गिनें",340,1,4,false,2,2026-09-02,true,2026-09-02,無資料
https://worthcalc.win/hi/guides/minimum-spend-fee-waiver-break-even/,hi,guide,011,memberships,minimum-spend-fee-waiver-break-even,Minimum spend fee waiver: threshold से पहले असली saving जाँचें,Minimum spend fee waiver: threshold से पहले असली saving जाँचें,628,1,1,true,2,2026-09-02,true,2026-09-02,PR #130
https://worthcalc.win/hi/guides/mobile-data-cost-per-gb-used/,hi,guide,016,everyday,mobile-data-cost-per-gb-used,Mobile data cost per GB used: plan minimums को actual usage से compare करें,Mobile data cost per GB used: plan minimums को actual usage से compare करें,390,4,4,true,1,2026-09-02,true,2026-09-02,PR #135
https://worthcalc.win/hi/guides/monitor-electricity-cost-per-work-hour-used/,hi,guide,042,everyday,monitor-electricity-cost-per-work-hour-used,"Monitor electricity cost per work hour used: brightness, sleep और USB power गिनें","Monitor electricity cost per work hour used: brightness, sleep और USB power गिनें",347,2,4,false,2,2026-09-02,true,2026-09-02,PR #141
https://worthcalc.win/hi/guides/monthly-vs-annual-total-cost/,hi,guide,010,memberships,monthly-vs-annual-total-cost,मासिक या वार्षिक भुगतान: कुल लागत और नकदी जोखिम की तुलना,मासिक या वार्षिक भुगतान: कुल लागत और नकदी जोखिम की तुलना,575,1,1,true,1,2026-09-02,true,2026-09-02,PR #123
https://worthcalc.win/hi/guides/natural-gas-cost-per-therm-used/,hi,guide,021,everyday,natural-gas-cost-per-therm-used,Natural gas cost per therm used: तुलना से पहले bill convert करें,Natural gas cost per therm used: तुलना से पहले bill convert करें,507,8,5,false,2,2026-09-02,true,2026-09-02,PR #137
https://worthcalc.win/hi/guides/one-time-switching-cost-payback/,hi,guide,010,memberships,one-time-switching-cost-payback,एकमुश्त बदलाव लागत की वापसी: सस्ता प्लान कब लाभ देगा?,एकमुश्त बदलाव लागत की वापसी: सस्ता प्लान कब लाभ देगा?,433,1,1,true,1,2026-09-02,true,2026-09-02,PR #123
https://worthcalc.win/hi/guides/online-course-cost-per-completed-lesson/,hi,guide,015,memberships,online-course-cost-per-completed-lesson,"Online course cost per completed lesson: access नहीं, progress price करें","Online course cost per completed lesson: access नहीं, progress price करें",387,2,4,true,1,2026-09-02,true,2026-09-02,PR #134
https://worthcalc.win/hi/guides/outdoor-string-lights-electricity-cost-per-evening-used/,hi,guide,116,everyday,outdoor-string-lights-electricity-cost-per-evening-used,Outdoor string lights electricity cost per evening: timer और transformer मापें,Outdoor string lights electricity cost per evening: timer और transformer मापें,663,5,5,false,4,2026-09-03,true,2026-09-03,PR #154
https://worthcalc.win/hi/guides/oven-stove-cost-per-cooking-hour-used/,hi,guide,026,everyday,oven-stove-cost-per-cooking-hour-used,"Oven और stove cost per cooking hour used: heat, preheating और fuel compare करें","Oven और stove cost per cooking hour used: heat, preheating और fuel compare करें",354,4,4,false,2,2026-09-02,true,2026-09-02,PR #138
https://worthcalc.win/hi/guides/paper-shredder-electricity-cost-per-shredding-session-used/,hi,guide,084,everyday,paper-shredder-electricity-cost-per-shredding-session-used,Paper shredder electricity cost per shredding session used: count motor cycles,Paper shredder electricity cost per shredding session used: count motor cycles,547,4,4,false,5,2026-09-03,true,2026-09-03,無資料
https://worthcalc.win/hi/guides/parking-pass-cost-per-day-used/,hi,guide,015,transportation,parking-pass-cost-per-day-used,Parking pass cost per day used: remote-work days भी गिनें,Parking pass cost per day used: remote-work days भी गिनें,408,2,4,true,1,2026-09-02,true,2026-09-02,PR #134
https://worthcalc.win/hi/guides/pause-vs-cancel-membership-cost/,hi,guide,011,memberships,pause-vs-cancel-membership-cost,Membership pause या cancel: access बनाए रखने की लागत की तुलना,Membership pause या cancel: access बनाए रखने की लागत की तुलना,673,1,1,false,2,2026-09-02,true,2026-09-02,PR #130
https://worthcalc.win/hi/guides/phone-charger-cost-per-charge-used/,hi,guide,045,everyday,phone-charger-cost-per-charge-used,"Phone charger cost per charge used: wall energy मापें, adapter maximum नहीं","Phone charger cost per charge used: wall energy मापें, adapter maximum नहीं",324,4,4,false,2,2026-09-02,true,2026-09-02,PR #141
https://worthcalc.win/hi/guides/pool-pump-cost-per-operating-hour-used/,hi,guide,039,everyday,pool-pump-cost-per-operating-hour-used,"Pool pump cost per operating hour used: speed, flow और pool tasks अलग करें","Pool pump cost per operating hour used: speed, flow और pool tasks अलग करें",353,1,4,false,2,2026-09-02,true,2026-09-02,無資料
https://worthcalc.win/hi/guides/pool-pump-electricity-cost-per-filtration-cycle-used/,hi,guide,120,everyday,pool-pump-electricity-cost-per-filtration-cycle-used,Pool pump electricity cost per filtration hour: separate run time,Pool pump electricity cost per filtration hour: separate run time,613,3,4,false,4,2026-09-03,true,2026-09-03,PR #155
https://worthcalc.win/hi/guides/portable-ac-cost-per-cooling-hour-used/,hi,guide,036,everyday,portable-ac-cost-per-cooling-hour-used,"Portable AC cost per cooling hour used: exhaust, fan और room load मापें","Portable AC cost per cooling hour used: exhaust, fan और room load मापें",378,1,4,false,2,2026-09-02,true,2026-09-02,無資料
https://worthcalc.win/hi/guides/portable-air-conditioner-electricity-cost-per-cooling-session-used/,hi,guide,119,everyday,portable-air-conditioner-electricity-cost-per-cooling-session-used,Portable air conditioner electricity cost per cooling hour: count compressor cycles,Portable air conditioner electricity cost per cooling hour: count compressor cycles,599,5,4,false,4,2026-09-03,true,2026-09-03,PR #155
https://worthcalc.win/hi/guides/prepaid-balance-expiration-cost/,hi,guide,011,memberships,prepaid-balance-expiration-cost,Prepaid balance expiry cost: unused credits की असली लागत गिनें,Prepaid balance expiry cost: unused credits की असली लागत गिनें,647,1,2,true,2,2026-09-02,true,2026-09-02,PR #130
https://worthcalc.win/hi/guides/printer-electricity-cost-per-print-job-used/,hi,guide,077,everyday,printer-electricity-cost-per-print-job-used,Printer electricity cost per print job used: include warm-up and idle time,Printer electricity cost per print job used: include warm-up and idle time,675,4,4,false,5,2026-09-03,true,2026-09-03,無資料
https://worthcalc.win/hi/guides/projector-electricity-cost-per-presentation-hour-used/,hi,guide,089,everyday,projector-electricity-cost-per-presentation-hour-used,Projector electricity cost per presentation hour used: include warm-up and cooling,Projector electricity cost per presentation hour used: include warm-up and cooling,485,4,4,false,5,2026-09-03,true,2026-09-03,無資料
https://worthcalc.win/hi/guides/recurring-costs-annual-total/,hi,guide,010,memberships,recurring-costs-annual-total,"नियमित खर्च का वार्षिक कुल: मासिक, त्रैमासिक और वार्षिक बिल जोड़ें","नियमित खर्च का वार्षिक कुल: मासिक, त्रैमासिक और वार्षिक बिल जोड़ें",641,35,1,true,2,2026-09-02,true,2026-09-02,PR #123
https://worthcalc.win/hi/guides/refrigerator-cost-per-day-used/,hi,guide,024,everyday,refrigerator-cost-per-day-used,Refrigerator cost per day used: annual energy को household cost में बदलें,Refrigerator cost per day used: annual energy को household cost में बदलें,355,4,4,false,2,2026-09-02,true,2026-09-02,PR #138
https://worthcalc.win/hi/guides/rice-cooker-cost-per-cooking-cycle-used/,hi,guide,054,everyday,rice-cooker-cost-per-cooking-cycle-used,Rice cooker cost per cooking cycle used,Rice cooker cost per cooking cycle used,448,4,4,false,4,2026-09-02,true,2026-09-02,無資料
https://worthcalc.win/hi/guides/robot-vacuum-cost-per-cleaning-cycle-used/,hi,guide,048,everyday,robot-vacuum-cost-per-cleaning-cycle-used,"Robot vacuum cost per cleaning cycle used: dock, charging और emptying गिनें","Robot vacuum cost per cleaning cycle used: dock, charging और emptying गिनें",341,3,4,false,2,2026-09-02,true,2026-09-02,PR #142
https://worthcalc.win/hi/guides/room-air-conditioner-cost-per-cooling-hour-used/,hi,guide,032,everyday,room-air-conditioner-cost-per-cooling-hour-used,"Room air conditioner cost per cooling hour used: compressor, fan और idle include करें","Room air conditioner cost per cooling hour used: compressor, fan और idle include करें",261,4,4,false,2,2026-09-02,true,2026-09-02,無資料
https://worthcalc.win/hi/guides/router-electricity-cost-per-month-used/,hi,guide,044,everyday,router-electricity-cost-per-month-used,Router electricity cost per month used: always-on power और internet service अलग करें,Router electricity cost per month used: always-on power और internet service अलग करें,347,4,4,false,2,2026-09-02,true,2026-09-02,PR #141
https://worthcalc.win/hi/guides/sandwich-maker-cost-per-use-used/,hi,guide,060,everyday,sandwich-maker-cost-per-use-used,Sandwich maker cost per use used: preheat और actual plates गिनें,Sandwich maker cost per use used: preheat और actual plates गिनें,328,4,4,false,4,2026-09-02,true,2026-09-02,無資料
https://worthcalc.win/hi/guides/savings-break-even-use-period/,hi,guide,010,income-savings,savings-break-even-use-period,बचत का ब्रेक-ईवन: बदलाव कब तक अपनी लागत वसूल करता है?,बचत का ब्रेक-ईवन: बदलाव कब तक अपनी लागत वसूल करता है?,491,1,1,true,1,2026-09-02,true,2026-09-02,PR #123
https://worthcalc.win/hi/guides/scanner-electricity-cost-per-scanning-session-used/,hi,guide,078,everyday,scanner-electricity-cost-per-scanning-session-used,Scanner electricity cost per scanning session used: count lamp and standby energy,Scanner electricity cost per scanning session used: count lamp and standby energy,681,4,4,false,5,2026-09-03,true,2026-09-03,無資料
https://worthcalc.win/hi/guides/sewing-machine-electricity-cost-per-sewing-hour-used/,hi,guide,109,everyday,sewing-machine-electricity-cost-per-sewing-hour-used,Sewing machine electricity cost per sewing hour: foot-pedal time शामिल करें,Sewing machine electricity cost per sewing hour: foot-pedal time शामिल करें,452,5,5,false,4,2026-09-03,true,2026-09-03,PR #153
https://worthcalc.win/hi/guides/slow-cooker-cost-per-cooking-hour-used/,hi,guide,055,everyday,slow-cooker-cost-per-cooking-hour-used,Slow cooker cost per cooking hour used,Slow cooker cost per cooking hour used,454,4,4,false,4,2026-09-02,true,2026-09-02,無資料
https://worthcalc.win/hi/guides/smart-speaker-electricity-cost-per-listening-hour-used/,hi,guide,088,everyday,smart-speaker-electricity-cost-per-listening-hour-used,Smart speaker electricity cost per listening hour used: separate active and standby,Smart speaker electricity cost per listening hour used: separate active and standby,514,4,4,false,5,2026-09-03,true,2026-09-03,無資料
https://worthcalc.win/hi/guides/software-add-on-cost-per-active-seat/,hi,guide,016,memberships,software-add-on-cost-per-active-seat,Software add-on cost per active seat: feature access और adoption अलग करें,Software add-on cost per active seat: feature access और adoption अलग करें,391,2,4,true,2,2026-09-02,true,2026-09-02,PR #135
https://worthcalc.win/hi/guides/software-seat-cost-per-active-user/,hi,guide,014,memberships,software-seat-cost-per-active-user,Software seat cost per active user: unused access की लागत देखें,Software seat cost per active user: unused access की लागत देखें,412,2,4,true,2,2026-09-02,true,2026-09-02,PR #133
https://worthcalc.win/hi/guides/solar-inverter-electricity-cost-per-monitoring-day-used/,hi,guide,124,everyday,solar-inverter-electricity-cost-per-monitoring-day-used,Solar inverter electricity cost per monitoring day used: standby और conversion अलग करें,Solar inverter electricity cost per monitoring day used: standby और conversion अलग करें,422,1,4,false,3,2026-09-03,true,2026-09-03,PR #155
https://worthcalc.win/hi/guides/soldering-iron-electricity-cost-per-repair-hour-used/,hi,guide,110,everyday,soldering-iron-electricity-cost-per-repair-hour-used,Soldering iron electricity cost per repair hour: warm-up को शामिल करें,Soldering iron electricity cost per repair hour: warm-up को शामिल करें,448,5,5,false,4,2026-09-03,true,2026-09-03,PR #153
https://worthcalc.win/hi/guides/soundbar-electricity-cost-per-watched-hour-used/,hi,guide,081,everyday,soundbar-electricity-cost-per-watched-hour-used,Soundbar electricity cost per watched hour used: separate playback and standby,Soundbar electricity cost per watched hour used: separate playback and standby,670,4,4,false,5,2026-09-03,true,2026-09-03,無資料
https://worthcalc.win/hi/guides/stand-mixer-cost-per-mixing-session-used/,hi,guide,063,everyday,stand-mixer-cost-per-mixing-session-used,Stand mixer cost per mixing session used: motor time और attachments गिनें,Stand mixer cost per mixing session used: motor time और attachments गिनें,320,4,4,false,4,2026-09-02,true,2026-09-02,無資料
https://worthcalc.win/hi/guides/standby-power-cost-per-day-used/,hi,guide,040,everyday,standby-power-cost-per-day-used,Standby power cost per day used: plug load और supported service मापें,Standby power cost per day used: plug load और supported service मापें,385,8,5,false,2,2026-09-02,true,2026-09-02,無資料
https://worthcalc.win/hi/guides/streaming-cost-per-watched-hour/,hi,guide,015,memberships,streaming-cost-per-watched-hour,"Streaming cost per watched hour: ads, add-ons और auto-renewal जोड़ें","Streaming cost per watched hour: ads, add-ons और auto-renewal जोड़ें",390,2,4,true,2,2026-09-02,true,2026-09-02,PR #134
https://worthcalc.win/hi/guides/subscription-price-increase-annual-impact/,hi,guide,011,memberships,subscription-price-increase-annual-impact,सब्सक्रिप्शन की कीमत बढ़े तो सालाना असर कैसे गिनें,सब्सक्रिप्शन की कीमत बढ़े तो सालाना असर कैसे गिनें,873,1,1,true,2,2026-09-02,true,2026-09-02,PR #130
https://worthcalc.win/hi/guides/television-electricity-cost-per-watched-hour-used/,hi,guide,043,everyday,television-electricity-cost-per-watched-hour-used,Television electricity cost per watched hour used: picture mode और streaming gear गिनें,Television electricity cost per watched hour used: picture mode और streaming gear गिनें,355,2,5,false,2,2026-09-02,true,2026-09-02,PR #141
https://worthcalc.win/hi/guides/terrarium-heat-lamp-electricity-cost-per-heating-hour-used/,hi,guide,114,everyday,terrarium-heat-lamp-electricity-cost-per-heating-hour-used,Terrarium heat lamp electricity cost per heating hour: timer window शामिल करें,Terrarium heat lamp electricity cost per heating hour: timer window शामिल करें,658,5,5,false,4,2026-09-03,true,2026-09-03,PR #154
https://worthcalc.win/hi/guides/toaster-cost-per-use-used/,hi,guide,056,everyday,toaster-cost-per-use-used,Toaster cost per use used,Toaster cost per use used,426,4,4,false,4,2026-09-02,true,2026-09-02,無資料
https://worthcalc.win/hi/guides/tool-rental-cost-per-project/,hi,guide,015,everyday,tool-rental-cost-per-project,Tool rental cost per project: rental days को ownership से compare करें,Tool rental cost per project: rental days को ownership से compare करें,387,2,4,true,1,2026-09-02,true,2026-09-02,PR #134
https://worthcalc.win/hi/guides/transit-pass-cost-per-ride-used/,hi,guide,015,transportation,transit-pass-cost-per-ride-used,Transit pass cost per ride used: transfers और missed days जोड़ें,Transit pass cost per ride used: transfers और missed days जोड़ें,408,2,4,true,1,2026-09-02,true,2026-09-02,PR #134
https://worthcalc.win/hi/guides/true-cost-of-buy-now-pay-later/,hi,guide,013,debt-credit,true-cost-of-buy-now-pay-later,"Buy Now, Pay Later की वास्तविक लागत: fees, timing और payment risk गिनें","Buy Now, Pay Later की वास्तविक लागत: fees, timing और payment risk गिनें",485,1,3,true,2,2026-09-02,true,2026-09-02,PR #132
https://worthcalc.win/hi/guides/true-cost-of-convenience-delivery/,hi,guide,013,memberships,true-cost-of-convenience-delivery,"Convenience delivery की वास्तविक लागत: fees, tip और time जोड़ें","Convenience delivery की वास्तविक लागत: fees, tip और time जोड़ें",544,7,3,true,1,2026-09-02,true,2026-09-02,PR #132
https://worthcalc.win/hi/guides/true-cost-of-extended-warranty/,hi,guide,013,everyday,true-cost-of-extended-warranty,Extended warranty की वास्तविक लागत: coverage को repair reserve से compare करें,Extended warranty की वास्तविक लागत: coverage को repair reserve से compare करें,463,1,3,true,1,2026-09-02,true,2026-09-02,PR #132
https://worthcalc.win/hi/guides/true-cost-of-free-shipping-threshold/,hi,guide,013,everyday,true-cost-of-free-shipping-threshold,Free-shipping threshold की वास्तविक लागत: minimum कब extra spending कराता है?,Free-shipping threshold की वास्तविक लागत: minimum कब extra spending कराता है?,484,2,3,true,1,2026-09-02,true,2026-09-02,PR #132
https://worthcalc.win/hi/guides/true-cost-of-home-service-plan/,hi,guide,013,housing,true-cost-of-home-service-plan,Home service plan की वास्तविक लागत: जितना use हो उतनी coverage price करें,Home service plan की वास्तविक लागत: जितना use हो उतनी coverage price करें,439,1,3,true,2,2026-09-02,true,2026-09-02,PR #132
https://worthcalc.win/hi/guides/true-cost-of-rental-car/,hi,guide,013,transportation,true-cost-of-rental-car,"Rental car की वास्तविक लागत: fuel, insurance, deposit और time जोड़ें","Rental car की वास्तविक लागत: fuel, insurance, deposit और time जोड़ें",454,1,3,true,1,2026-09-02,true,2026-09-02,PR #132
https://worthcalc.win/hi/guides/true-cost-of-upgrade-feature/,hi,guide,013,memberships,true-cost-of-upgrade-feature,"Paid feature upgrade की वास्तविक लागत: feature list नहीं, incremental value मापें","Paid feature upgrade की वास्तविक लागत: feature list नहीं, incremental value मापें",453,1,3,true,1,2026-09-02,true,2026-09-02,PR #132
https://worthcalc.win/hi/guides/unused-membership-capacity-cost/,hi,guide,010,memberships,unused-membership-capacity-cost,अप्रयुक्त सदस्यता क्षमता: जिन लाभों का उपयोग नहीं हुआ उनकी लागत,अप्रयुक्त सदस्यता क्षमता: जिन लाभों का उपयोग नहीं हुआ उनकी लागत,478,2,1,true,1,2026-09-02,true,2026-09-02,PR #123
https://worthcalc.win/hi/guides/usb-charging-hub-electricity-cost-per-charging-session-used/,hi,guide,098,everyday,usb-charging-hub-electricity-cost-per-charging-session-used,USB charging hub electricity cost per charging session: devices को साथ मापें,USB charging hub electricity cost per charging session: devices को साथ मापें,471,5,4,false,7,2026-09-03,true,2026-09-03,PR #151
https://worthcalc.win/hi/guides/vacuum-cleaner-electricity-cost-per-cleaning-hour-used/,hi,guide,047,everyday,vacuum-cleaner-electricity-cost-per-cleaning-hour-used,Vacuum cleaner electricity cost per cleaning hour used: real session मापें,Vacuum cleaner electricity cost per cleaning hour used: real session मापें,358,3,4,false,2,2026-09-02,true,2026-09-02,PR #142
https://worthcalc.win/hi/guides/waffle-maker-cost-per-cooking-cycle-used/,hi,guide,061,everyday,waffle-maker-cost-per-cooking-cycle-used,Waffle maker cost per cooking cycle used: preheat और repeated plates गिनें,Waffle maker cost per cooking cycle used: preheat और repeated plates गिनें,312,4,4,false,4,2026-09-02,true,2026-09-02,無資料
https://worthcalc.win/hi/guides/water-bill-cost-per-gallon-used/,hi,guide,020,everyday,water-bill-cost-per-gallon-used,Water bill cost per gallon used: sewer और fixed charges जोड़ें,Water bill cost per gallon used: sewer और fixed charges जोड़ें,443,3,5,true,2,2026-09-02,true,2026-09-02,PR #137
https://worthcalc.win/hi/guides/water-cooler-electricity-cost-per-cooling-day-used/,hi,guide,103,everyday,water-cooler-electricity-cost-per-cooling-day-used,Water cooler electricity cost per cooling day: hot और cold modes अलग रखें,Water cooler electricity cost per cooling day: hot और cold modes अलग रखें,498,5,4,false,7,2026-09-03,true,2026-09-03,PR #152
https://worthcalc.win/hi/guides/water-heater-cost-per-gallon-heated/,hi,guide,025,everyday,water-heater-cost-per-gallon-heated,Water heater cost per gallon heated: delivered hot water और standby cost अलग करें,Water heater cost per gallon heated: delivered hot water और standby cost अलग करें,329,3,4,false,2,2026-09-02,true,2026-09-02,PR #138
https://worthcalc.win/hi/guides/webcam-electricity-cost-per-meeting-hour-used/,hi,guide,095,everyday,webcam-electricity-cost-per-meeting-hour-used,Webcam electricity cost per meeting hour: camera और LED modes अलग करें,Webcam electricity cost per meeting hour: camera और LED modes अलग करें,521,5,5,false,7,2026-09-03,true,2026-09-03,PR #151
https://worthcalc.win/zh/,zh,home,,everyday,home,算得出來的金錢決策：公式透明的計算機,算得出來的 金錢決策 ：公式透明、假設可調,2077,0,24,true,4,,false,2026-07-03,無資料
https://worthcalc.win/zh/about/,zh,legal,,everyday,about,關於 WorthCalc,關於 WorthCalc,1014,2,4,false,0,,false,2026-07-03,無資料
https://worthcalc.win/zh/annual-fee-card-breakeven/,zh,index,,debt-credit,annual-fee-card-breakeven,信用卡年費要刷多少才回本？用增量回饋算真正門檻,信用卡年費要刷多少才回本？用增量回饋算真正門檻,2148,5,2,false,2,,false,2026-07-17,PR #14
https://worthcalc.win/zh/annual-vs-monthly-billing/,zh,index,,memberships,annual-vs-monthly-billing,年繳還是月繳？訂閱折扣的損益兩平算法,年繳還是月繳？訂閱折扣的損益兩平算法,1158,3,3,false,0,,false,2026-07-20,PR #91
https://worthcalc.win/zh/apr-vs-apy/,zh,index,,debt-credit,apr-vs-apy,APR vs APY vs 利率：借款與存款怎麼比較｜WorthCalc,APR、APY、利率差在哪？借錢看 APR，存錢看 APY 的完整原因,1981,5,4,true,4,,false,無資料,無資料
https://worthcalc.win/zh/average-commuting-cost/,zh,index,,transportation,average-commuting-cost,平均通勤成本與車馬費行情：不用虛構平均數，也能算出可比較的基準,平均通勤成本與車馬費行情：不用虛構平均數，也能算出可比較的基準,1656,2,2,false,3,,false,2026-08-07,PR #112
https://worthcalc.win/zh/bnpl-vs-credit-card-installments/,zh,index,,debt-credit,bnpl-vs-credit-card-installments,先買後付 vs 信用卡分期：用總成本與扣款時間比較,先買後付 vs 信用卡分期：用總成本與扣款時間比較,2284,2,2,false,3,,false,無資料,無資料
https://worthcalc.win/zh/budget-with-irregular-income/,zh,index,,income-savings,budget-with-irregular-income,接案、業績抽成收入不固定，月預算該怎麼抓？,接案、業績抽成收入不固定，月預算該怎麼抓？,1974,3,1,false,2,,false,無資料,無資料
https://worthcalc.win/zh/bulk-buying-vs-small-packages/,zh,index,,everyday,bulk-buying-vs-small-packages,大包裝真的比較省嗎？耗損、效期、會員與保存成本計算器,大包裝真的比較省嗎？耗損、效期、會員與保存成本計算器,1236,2,0,true,2,,false,無資料,無資料
https://worthcalc.win/zh/bulk-buying-waste-math/,zh,index,,everyday,bulk-buying-waste-math,大包裝真的便宜嗎？把「丟掉的那部分」算進去的有效單價,大包裝真的便宜嗎？把「丟掉的那部分」算進去的有效單價,1573,3,3,true,2,,false,2026-07-19,PR #83
https://worthcalc.win/zh/car-lease-vs-buy-total-cost/,zh,index,,transportation,car-lease-vs-buy-total-cost,租賃還是買車？總成本、里程限制與轉售風險怎麼算,租賃還是買車？總成本、里程限制與轉售風險怎麼算,2409,2,1,true,3,,false,無資料,無資料
https://worthcalc.win/zh/cashback-caps-real-reward-rate/,zh,index,,debt-credit,cashback-caps-real-reward-rate,信用卡回饋上限怎麼算？找出真正回饋率,信用卡回饋上限怎麼算？找出真正回饋率,1958,2,1,true,4,,false,無資料,無資料
https://worthcalc.win/zh/changelog/,zh,legal,,everyday,changelog,更新紀錄,更新紀錄,754,0,0,false,0,,false,2026-07-03,無資料
https://worthcalc.win/zh/contact/,zh,legal,,everyday,contact,聯絡 WorthCalc,聯絡 WorthCalc,811,1,2,false,0,,false,2026-07-03,無資料
https://worthcalc.win/zh/cost-per-use-expensive-item/,zh,index,,everyday,cost-per-use-expensive-item,高價物品每次使用成本：預期、實際與損益次數計算器,高價物品每次使用成本：預期、實際與損益次數計算器,1207,2,0,true,2,,false,無資料,無資料
https://worthcalc.win/zh/costco-math/,zh,index,,memberships,costco-math,好市多會員的數學：年費怎麼算才回本,好市多會員的數學：年費怎麼算才回本,1658,7,3,false,2,,false,2026-07-03,無資料
https://worthcalc.win/zh/credit-card-minimum-payment-trap/,zh,index,,debt-credit,credit-card-minimum-payment-trap,信用卡只繳最低應繳，利息怎麼算？循環利率15%上限是什麼,信用卡只繳最低應繳，利息怎麼算？循環利率15%上限是什麼,2118,3,1,false,2,,false,無資料,無資料
https://worthcalc.win/zh/delivery-membership-break-even/,zh,index,,memberships,delivery-membership-break-even,外送會員一年要用幾次才回本,外送會員一年要用幾次才回本,1790,2,0,true,2,,false,無資料,無資料
https://worthcalc.win/zh/disclaimer/,zh,legal,,everyday,disclaimer,免責聲明,免責聲明,975,2,0,false,0,,false,2026-07-03,無資料
https://worthcalc.win/zh/emergency-fund-how-much/,zh,index,,income-savings,emergency-fund-how-much,緊急預備金要存多少？3 個月 vs 6 個月完整計算｜WorthCalc,緊急預備金要存多少？3 個月、6 個月不是唯一答案,2507,8,8,false,3,,true,無資料,無資料
https://worthcalc.win/zh/emergency-fund-irregular-income/,zh,index,,income-savings,emergency-fund-irregular-income,收入不固定緊急預備金怎麼存？接案／自營完整方法｜WorthCalc,收入不固定，緊急預備金怎麼存？接案、自營與獎金制的現金流做法,1896,5,6,false,3,,false,無資料,無資料
https://worthcalc.win/zh/emergency-fund-vs-debt-payoff/,zh,index,,debt-credit,emergency-fund-vs-debt-payoff,先存緊急預備金還是先還債？完整判斷框架｜WorthCalc,先存緊急預備金，還是先還債？用利率、現金流與再借款風險做判斷,2470,4,6,true,2,,true,無資料,無資料
https://worthcalc.win/zh/emergency-fund-vs-sinking-fund/,zh,index,,income-savings,emergency-fund-vs-sinking-fund,緊急預備金 vs Sinking Fund：預期支出怎麼分？｜WorthCalc,緊急預備金 vs 目標基金：哪些支出其實不算「緊急」？,2262,5,4,false,2,,true,無資料,無資料
https://worthcalc.win/zh/energy-efficient-appliance-payback/,zh,index,,everyday,energy-efficient-appliance-payback,節能家電多久回本？用價差、耗電、使用頻率與電價試算,節能家電多久回本？用價差、耗電、使用頻率與電價試算,1314,2,0,true,3,,false,無資料,無資料
https://worthcalc.win/zh/ev-vs-gas-total-cost/,zh,index,,transportation,ev-vs-gas-total-cost,電動車和油車怎麼比較五年總持有成本,電動車和油車怎麼比較五年總持有成本,2382,6,0,true,3,,false,無資料,無資料
https://worthcalc.win/zh/extended-warranty-math/,zh,index,,everyday,extended-warranty-math,延長保固值得買嗎？期望值算法與三個真的該買的例外,延長保固值得買嗎？期望值算法與三個真的該買的例外,1362,2,1,false,0,,false,2026-07-21,PR #92
https://worthcalc.win/zh/extra-mortgage-payments-guide/,zh,index,,housing,extra-mortgage-payments-guide,房貸多繳划不划算？寬限期、提前清償違約金一次搞懂,房貸多繳划不划算？寬限期、提前清償違約金一次搞懂,2179,3,2,false,3,,false,無資料,無資料
https://worthcalc.win/zh/free-shipping-threshold/,zh,index,,everyday,free-shipping-threshold,湊免運划算嗎？門檻心理學與一條永不虧的湊單規則,湊免運划算嗎？門檻心理學與一條永不虧的湊單規則,1346,3,3,false,0,,false,2026-07-24,PR #96
https://worthcalc.win/zh/freelancer-pricing-decision-engine/,zh,index,,everyday,freelancer-pricing-decision-engine,Freelancer Pricing Decision Engine,Freelancer Pricing Decision Engine,508,0,0,true,2,,false,無資料,無資料
https://worthcalc.win/zh/full-commute-cost-including-time/,zh,index,,transportation,full-commute-cost-including-time,通勤不只油錢：如何把時間也算進每月通勤成本,通勤不只油錢：如何把時間也算進每月通勤成本,1892,2,0,true,3,,false,無資料,無資料
https://worthcalc.win/zh/guides/,zh,index,,everyday,guides,全部指南,全部指南,7217,8,303,true,0,,false,2026-09-06,PR #161
https://worthcalc.win/zh/guides/3d-printer-electricity-cost-per-print-used/,zh,guide,079,everyday,3d-printer-electricity-cost-per-print-used,3D 印表機每件列印成本：分攤預熱與列印運轉,3D 印表機每件列印成本：分攤預熱與列印運轉,1034,5,4,false,5,2026-09-03,true,2026-09-03,無資料
https://worthcalc.win/zh/guides/3d-scanner-electricity-cost-per-scanning-session-used/,zh,guide,086,everyday,3d-scanner-electricity-cost-per-scanning-session-used,3D 掃描器每次掃描電費：把電腦負載分開量測,3D 掃描器每次掃描電費：把電腦負載分開量測,890,5,4,false,5,2026-09-03,true,2026-09-03,無資料
https://worthcalc.win/zh/guides/ai-tool-realized-time-savings-break-even/,zh,guide,009,memberships,ai-tool-realized-time-savings-break-even,AI 工具訂閱真的回本嗎？不要用「宣稱節省時間」，只算你實際追回的時間與可用產出,AI 工具訂閱真的回本嗎？不要用「宣稱節省時間」，只算你實際追回的時間與可用產出,2653,2,0,true,0,2026-09-01,true,2026-09-02,PR #121
https://worthcalc.win/zh/guides/air-fryer-cost-per-cooking-cycle-used/,zh,guide,053,everyday,air-fryer-cost-per-cooking-cycle-used,氣炸鍋每次烹調成本,氣炸鍋每次烹調成本,649,5,4,false,4,2026-09-02,true,2026-09-02,無資料
https://worthcalc.win/zh/guides/air-purifier-cost-per-clean-air-hour-used/,zh,guide,031,everyday,air-purifier-cost-per-clean-air-hour-used,空氣清淨機每使用一小時成本：比較瓦數、CADR 與濾網,空氣清淨機每使用一小時成本：比較瓦數、CADR 與濾網,439,3,4,false,2,2026-09-02,true,2026-09-02,無資料
https://worthcalc.win/zh/guides/amortization-schedule-explained/,zh,guide,002,debt-credit,amortization-schedule-explained,貸款攤還表怎麼看？為什麼前期利息多、後期本金多,貸款攤還表怎麼看？為什麼前期利息多、後期本金多,2582,5,7,true,2,2026-08-30,true,2026-09-02,PR #120
https://worthcalc.win/zh/guides/annual-bill-cluster-cash-low-point/,zh,guide,007,everyday,annual-bill-cluster-cash-low-point,年繳帳單都擠在同一季怎麼辦？用年度現金最低點安排保險、稅費與會員續約,年繳帳單都擠在同一季怎麼辦？用年度現金最低點安排保險、稅費與會員續約,2953,4,3,true,2,2026-09-01,true,2026-09-02,PR #121
https://worthcalc.win/zh/guides/annual-cost-savings-calculator/,zh,guide,010,income-savings,annual-cost-savings-calculator,年度省下多少錢怎麼算？把手續費、耗損與實際使用算進來,年度省下多少錢怎麼算？把手續費、耗損與實際使用算進來,986,20,8,true,2,2026-09-02,true,2026-09-02,PR #123
https://worthcalc.win/zh/guides/annual-expenses-monthly-equivalent/,zh,guide,002,everyday,annual-expenses-monthly-equivalent,年度支出怎麼換算成每月預算？別再被年繳保費、稅金與維修偷襲,年度支出怎麼換算成每月預算？別再被年繳保費、稅金與維修偷襲,2582,10,9,true,1,2026-08-30,true,2026-09-02,PR #120
https://worthcalc.win/zh/guides/annual-plan-cancellation-risk-break-even/,zh,guide,009,memberships,annual-plan-cancellation-risk-break-even,訂閱年繳 vs 月繳，不只看折扣：把「中途不用了」的取消風險算進回本,訂閱年繳 vs 月繳，不只看折扣：把「中途不用了」的取消風險算進回本,2575,2,0,true,0,2026-09-01,true,2026-09-02,PR #121
https://worthcalc.win/zh/guides/aquarium-air-pump-electricity-cost-per-filtration-day-used/,zh,guide,105,everyday,aquarium-air-pump-electricity-cost-per-filtration-day-used,水族箱打氣泵每過濾日電費：計入水深與背壓,水族箱打氣泵每過濾日電費：計入水深與背壓,733,5,4,false,7,2026-09-03,true,2026-09-03,PR #152
https://worthcalc.win/zh/guides/aquarium-heater-electricity-cost-per-tank-day-used/,zh,guide,113,everyday,aquarium-heater-electricity-cost-per-tank-day-used,魚缸加熱器每日電費：把恆溫循環分開計算,魚缸加熱器每日電費：把恆溫循環分開計算,995,6,5,false,4,2026-09-03,true,2026-09-03,PR #154
https://worthcalc.win/zh/guides/attic-fan-electricity-cost-per-ventilation-hour-used/,zh,guide,123,everyday,attic-fan-electricity-cost-per-ventilation-hour-used,閣樓風扇每通風小時電費：量測溫控啟停比例,閣樓風扇每通風小時電費：量測溫控啟停比例,761,2,4,false,3,2026-09-03,true,2026-09-03,PR #155
https://worthcalc.win/zh/guides/auto-loan-negative-equity-rollover-cost/,zh,guide,007,transportation,auto-loan-negative-equity-rollover-cost,舊車還沒繳完就換車？負資產滾進新車貸的真正成本完整算法,舊車還沒繳完就換車？負資產滾進新車貸的真正成本完整算法,2954,5,3,true,3,2026-09-01,true,2026-09-02,PR #121
https://worthcalc.win/zh/guides/balance-transfer-fee-break-even/,zh,guide,004,debt-credit,balance-transfer-fee-break-even,信用卡餘額轉移划算嗎？0% 優惠也要把轉移費、期限與到期 APR 算進去,信用卡餘額轉移划算嗎？0% 優惠也要把轉移費、期限與到期 APR 算進去,2543,3,1,true,3,2026-08-31,true,2026-09-02,PR #120
https://worthcalc.win/zh/guides/base-salary-vs-bonus-fixed-cost-capacity/,zh,guide,009,income-savings,base-salary-vs-bonus-fixed-cost-capacity,高底薪 vs 高獎金怎麼選？不要只比年薪，先測「固定支出承受力」與獎金落空風險,高底薪 vs 高獎金怎麼選？不要只比年薪，先測「固定支出承受力」與獎金落空風險,2772,2,0,true,0,2026-09-01,true,2026-09-02,PR #121
https://worthcalc.win/zh/guides/bathroom-ventilation-fan-electricity-cost-per-shower-used/,zh,guide,102,everyday,bathroom-ventilation-fan-electricity-cost-per-shower-used,浴室換氣扇每次淋浴電費：計入延遲運轉計時器,浴室換氣扇每次淋浴電費：計入延遲運轉計時器,711,7,4,false,7,2026-09-03,true,2026-09-03,PR #152
https://worthcalc.win/zh/guides/billing-date-cash-flow-overlap/,zh,guide,011,income-savings,billing-date-cash-flow-overlap,帳單日撞在同一週怎麼辦？分清現金流壓力與年度總成本,帳單日撞在同一週怎麼辦？分清現金流壓力與年度總成本,872,3,6,false,2,2026-09-02,true,2026-09-02,PR #130
https://worthcalc.win/zh/guides/blender-cost-per-blending-session-used/,zh,guide,057,everyday,blender-cost-per-blending-session-used,果汁／調理機每次攪拌成本,果汁／調理機每次攪拌成本,695,5,4,false,4,2026-09-02,true,2026-09-02,無資料
https://worthcalc.win/zh/guides/bread-maker-cost-per-loaf-used/,zh,guide,065,everyday,bread-maker-cost-per-loaf-used,麵包機每條麵包成本：分攤揉麵與烘烤耗電,麵包機每條麵包成本：分攤揉麵與烘烤耗電,1052,5,4,false,4,2026-09-03,true,2026-09-03,無資料
https://worthcalc.win/zh/guides/car-down-payment-vs-liquidity/,zh,guide,005,transportation,car-down-payment-vs-liquidity,車貸頭期款放多少？不要只降月付，先算買車後還剩多少現金,車貸頭期款放多少？不要只降月付，先算買車後還剩多少現金,2570,8,3,true,3,2026-08-31,true,2026-09-02,PR #120
https://worthcalc.win/zh/guides/car-loan-60-72-84-early-exit/,zh,guide,006,transportation,car-loan-60-72-84-early-exit,車貸 60／72／84 期怎麼比？不要只看月付，先看第 2、3 年剩餘本金,車貸 60／72／84 期怎麼比？不要只看月付，先看第 2、3 年剩餘本金,2796,6,5,false,3,2026-09-02,true,2026-09-02,PR #121
https://worthcalc.win/zh/guides/car-major-repair-hold-period-break-even/,zh,guide,008,transportation,car-major-repair-hold-period-break-even,車子大修後還要開多久才回本？把維修費、換車成本與持有期放進同一張表,車子大修後還要開多久才回本？把維修費、換車成本與持有期放進同一張表,2796,3,1,true,2,2026-09-01,true,2026-09-02,PR #121
https://worthcalc.win/zh/guides/cash-discount-vs-financing/,zh,guide,002,debt-credit,cash-discount-vs-financing,現金價比較便宜，分期等於多貴？把「放棄現金折扣」換算成融資成本,現金價比較便宜，分期等於多貴？把「放棄現金折扣」換算成融資成本,2386,4,5,true,1,2026-08-30,true,2026-09-02,PR #120
https://worthcalc.win/zh/guides/cash-flow-buffer-vs-emergency-fund/,zh,guide,002,income-savings,cash-flow-buffer-vs-emergency-fund,現金流緩衝 vs 緊急預備金：兩筆錢其實在解決不同問題,現金流緩衝 vs 緊急預備金：兩筆錢其實在解決不同問題,2571,7,7,true,1,2026-08-30,true,2026-09-02,PR #120
https://worthcalc.win/zh/guides/cash-runway-before-quitting-job/,zh,guide,008,income-savings,cash-runway-before-quitting-job,離職前要準備多少現金？不要只用「幾個月預備金」，改做離職現金跑道,離職前要準備多少現金？不要只用「幾個月預備金」，改做離職現金跑道,2478,2,3,true,0,2026-09-01,true,2026-09-02,PR #121
https://worthcalc.win/zh/guides/cash-vs-car-loan-liquidity-adjusted/,zh,guide,006,transportation,cash-vs-car-loan-liquidity-adjusted,現金買車 vs 車貸怎麼比？把確定利息與買車後流動性放同一模型,現金買車 vs 車貸怎麼比？把確定利息與買車後流動性放同一模型,2564,3,3,false,3,2026-09-02,true,2026-09-02,PR #121
https://worthcalc.win/zh/guides/ceiling-fan-cost-per-operating-hour-used/,zh,guide,030,everyday,ceiling-fan-cost-per-operating-hour-used,吊扇每運轉一小時成本：分開送風與燈具用電,吊扇每運轉一小時成本：分開送風與燈具用電,409,3,4,false,2,2026-09-02,true,2026-09-02,無資料
https://worthcalc.win/zh/guides/ceiling-fan-electricity-cost-per-cooling-hour-used/,zh,guide,101,everyday,ceiling-fan-electricity-cost-per-cooling-hour-used,吊扇每冷卻小時電費：分開燈具與待機,吊扇每冷卻小時電費：分開燈具與待機,760,6,5,false,7,2026-09-03,true,2026-09-03,PR #152
https://worthcalc.win/zh/guides/childcare-cost-per-hour-used/,zh,guide,015,income-savings,childcare-cost-per-hour-used,托育每小時實際使用成本怎麼算？先看真正需要的時段,托育每小時實際使用成本怎麼算？先看真正需要的時段,729,1,0,true,1,2026-09-02,true,2026-09-02,PR #134
https://worthcalc.win/zh/guides/childcare-deposit-enrollment-cashflow/,zh,guide,007,income-savings,childcare-deposit-enrollment-cashflow,托育不是只看月費：訂金、註冊、首月預繳與回職場薪資空窗怎麼準備？,托育不是只看月費：訂金、註冊、首月預繳與回職場薪資空窗怎麼準備？,2994,3,3,true,2,2026-09-01,true,2026-09-02,PR #121
https://worthcalc.win/zh/guides/childcare-return-to-work-break-even/,zh,guide,006,income-savings,childcare-return-to-work-break-even,托育費多少才值得回職場？用稅後收入、通勤與福利做 Break-Even,托育費多少才值得回職場？用稅後收入、通勤與福利做 Break-Even,2638,5,5,true,3,2026-09-02,true,2026-09-02,PR #121
https://worthcalc.win/zh/guides/clothes-dryer-cost-per-load-used/,zh,guide,023,everyday,clothes-dryer-cost-per-load-used,每使用一桶衣物的乾衣機成本：比較熱力、時間與裝載量,每使用一桶衣物的乾衣機成本：比較熱力、時間與裝載量,770,2,5,false,2,2026-09-02,true,2026-09-02,PR #138
https://worthcalc.win/zh/guides/cloud-storage-cost-per-retained-gb/,zh,guide,016,everyday,cloud-storage-cost-per-retained-gb,雲端儲存每個保留 GB 成本：把重複檔案與用不到的容量剔除,雲端儲存每個保留 GB 成本：把重複檔案與用不到的容量剔除,722,1,0,true,2,2026-09-02,true,2026-09-02,PR #135
https://worthcalc.win/zh/guides/coffee-maker-cost-per-brew-used/,zh,guide,050,everyday,coffee-maker-cost-per-brew-used,咖啡機每次沖煮成本：分開沖煮、保溫與真正喝掉的杯數,咖啡機每次沖煮成本：分開沖煮、保溫與真正喝掉的杯數,531,4,4,false,2,2026-09-02,true,2026-09-02,PR #142
https://worthcalc.win/zh/guides/commission-income-tax-reserve-cashflow/,zh,guide,007,income-savings,commission-income-tax-reserve-cashflow,佣金、獎金、接案收入怎麼留稅款？把「入帳很多」和「真正可花」分開,佣金、獎金、接案收入怎麼留稅款？把「入帳很多」和「真正可花」分開,3090,4,3,true,2,2026-09-01,true,2026-09-02,PR #121
https://worthcalc.win/zh/guides/computer-electricity-cost-per-day-used/,zh,guide,041,everyday,computer-electricity-cost-per-day-used,電腦每天使用電費：分開工作、閒置、睡眠與充電,電腦每天使用電費：分開工作、閒置、睡眠與充電,557,4,4,false,2,2026-09-02,true,2026-09-02,PR #141
https://worthcalc.win/zh/guides/cost-of-delaying-savings-goal/,zh,guide,004,income-savings,cost-of-delaying-savings-goal,晚一年開始存錢，真的差很多嗎？用同一個目標反推「延後成本」,晚一年開始存錢，真的差很多嗎？用同一個目標反推「延後成本」,2408,3,0,true,3,2026-08-31,true,2026-09-02,PR #120
https://worthcalc.win/zh/guides/cost-per-use-kitchen-appliance/,zh,guide,014,everyday,cost-per-use-kitchen-appliance,廚房家電每次使用成本：把能源、清潔與汰換一起算,廚房家電每次使用成本：把能源、清潔與汰換一起算,741,6,0,true,2,2026-09-02,true,2026-09-02,PR #133
https://worthcalc.win/zh/guides/cost-per-wear-clothing/,zh,guide,014,everyday,cost-per-wear-clothing,衣服每次穿著成本怎麼算？用實際穿著次數比較價值,衣服每次穿著成本怎麼算？用實際穿著次數比較價值,767,1,0,true,1,2026-09-02,true,2026-09-02,PR #133
https://worthcalc.win/zh/guides/costco-executive-break-even-eligible-spend/,zh,guide,012,memberships,costco-executive-break-even-eligible-spend,Costco 尊榮會員回本要買多少？用合格消費算升級損益兩平,Costco 尊榮會員回本要買多少？用合格消費算升級損益兩平,1057,6,2,false,3,2026-09-02,true,2026-09-02,PR #131
https://worthcalc.win/zh/guides/costco-gas-detour-break-even/,zh,guide,012,memberships,costco-gas-detour-break-even,Costco 加油繞路划算嗎？把油價差、里程與會員成本算清楚,Costco 加油繞路划算嗎？把油價差、里程與會員成本算清楚,852,2,2,false,2,2026-09-02,true,2026-09-02,PR #131
https://worthcalc.win/zh/guides/costco-household-card-break-even-use/,zh,guide,012,memberships,costco-household-card-break-even-use,Costco 家庭卡值得嗎？用實際使用量算共用會員的價值,Costco 家庭卡值得嗎？用實際使用量算共用會員的價值,901,2,4,false,3,2026-09-02,true,2026-09-02,PR #131
https://worthcalc.win/zh/guides/costco-membership-fee-break-even-savings/,zh,guide,012,memberships,costco-membership-fee-break-even-savings,Costco 會員費要買多少才回本？把實際價差與交通成本一起算,Costco 會員費要買多少才回本？把實際價差與交通成本一起算,946,5,3,false,1,2026-09-02,true,2026-09-02,PR #131
https://worthcalc.win/zh/guides/costco-renewal-refund-reward-timing/,zh,guide,012,memberships,costco-renewal-refund-reward-timing,Costco 續約、退費與回饋何時發生？計算會員變更的淨成本,Costco 續約、退費與回饋何時發生？計算會員變更的淨成本,842,3,4,false,3,2026-09-02,true,2026-09-02,PR #131
https://worthcalc.win/zh/guides/costco-reward-cap-usage-break-even/,zh,guide,012,memberships,costco-reward-cap-usage-break-even,Costco 回饋上限怎麼算？找出超過哪個消費額後不再增加,Costco 回饋上限怎麼算？找出超過哪個消費額後不再增加,797,2,4,false,3,2026-09-02,true,2026-09-02,PR #131
https://worthcalc.win/zh/guides/costco-reward-exclusion-effective-rate/,zh,guide,012,memberships,costco-reward-exclusion-effective-rate,Costco 回饋排除項目怎麼算？找出你的實際回饋率,Costco 回饋排除項目怎麼算？找出你的實際回饋率,835,5,3,true,3,2026-09-02,true,2026-09-02,PR #131
https://worthcalc.win/zh/guides/countertop-ice-maker-cost-per-batch-used/,zh,guide,071,everyday,countertop-ice-maker-cost-per-batch-used,桌上型製冰機每批成本：計入製冰與保冰時間,桌上型製冰機每批成本：計入製冰與保冰時間,958,5,4,false,4,2026-09-03,true,2026-09-03,無資料
https://worthcalc.win/zh/guides/coworking-membership-cost-per-day/,zh,guide,014,memberships,coworking-membership-cost-per-day,共享辦公室每到一天成本：把沒使用的權限也算進去,共享辦公室每到一天成本：把沒使用的權限也算進去,723,1,0,true,1,2026-09-02,true,2026-09-02,PR #133
https://worthcalc.win/zh/guides/debt-consolidation-break-even/,zh,guide,004,debt-credit,debt-consolidation-break-even,債務整合划算嗎？不要只看月付變低，用期限重置與總成本算 Break-Even,債務整合划算嗎？不要只看月付變低，用期限重置與總成本算 Break-Even,2579,3,0,true,2,2026-08-31,true,2026-09-02,PR #120
https://worthcalc.win/zh/guides/debt-free-fixed-cost-creep/,zh,guide,007,debt-credit,debt-free-fixed-cost-creep,債務還清後為什麼還是沒錢？小心月付消失後被新的固定支出吃掉,債務還清後為什麼還是沒錢？小心月付消失後被新的固定支出吃掉,2831,3,3,true,0,2026-09-01,true,2026-09-02,PR #121
https://worthcalc.win/zh/guides/debt-paydown-interest-vs-cashflow/,zh,guide,003,debt-credit,debt-paydown-interest-vs-cashflow,還債先看利率，還是先釋放月付？數學成本與現金流壓力要分開算,還債先看利率，還是先釋放月付？數學成本與現金流壓力要分開算,2956,4,4,true,1,2026-08-30,true,2026-09-02,PR #120
https://worthcalc.win/zh/guides/debt-to-assets-ratio-personal/,zh,guide,002,debt-credit,debt-to-assets-ratio-personal,個人負債資產比怎麼算？它和 DTI、DBR 完全不是同一件事,個人負債資產比怎麼算？它和 DTI、DBR 完全不是同一件事,2415,3,5,true,1,2026-08-30,true,2026-09-02,PR #120
https://worthcalc.win/zh/guides/dehumidifier-cost-per-pint-removed/,zh,guide,029,everyday,dehumidifier-cost-per-pint-removed,除濕機每移除一品脫成本：比較耗電、運轉時間與除濕量,除濕機每移除一品脫成本：比較耗電、運轉時間與除濕量,445,3,4,false,2,2026-09-02,true,2026-09-02,無資料
https://worthcalc.win/zh/guides/dehumidifier-electricity-cost-per-laundry-drying-session-used/,zh,guide,121,everyday,dehumidifier-electricity-cost-per-laundry-drying-session-used,除濕機每除濕小時電費：把壓縮機停歇與排水算進去,除濕機每除濕小時電費：把壓縮機停歇與排水算進去,922,5,4,false,4,2026-09-03,true,2026-09-03,PR #155
https://worthcalc.win/zh/guides/desk-fan-electricity-cost-per-cooling-hour-used/,zh,guide,093,everyday,desk-fan-electricity-cost-per-cooling-hour-used,桌扇每降溫小時電費：計入風速與擺頭,桌扇每降溫小時電費：計入風速與擺頭,779,5,4,false,5,2026-09-03,true,2026-09-03,無資料
https://worthcalc.win/zh/guides/desktop-speakers-electricity-cost-per-listening-hour-used/,zh,guide,082,everyday,desktop-speakers-electricity-cost-per-listening-hour-used,桌上型喇叭每聆聽小時電費：量測擴大機與閒置耗電,桌上型喇叭每聆聽小時電費：量測擴大機與閒置耗電,1032,5,4,false,5,2026-09-03,true,2026-09-03,無資料
https://worthcalc.win/zh/guides/digital-photo-frame-electricity-cost-per-display-day-used/,zh,guide,100,everyday,digital-photo-frame-electricity-cost-per-display-day-used,數位相框每展示日電費：分開螢幕與網路待機,數位相框每展示日電費：分開螢幕與網路待機,701,2,4,false,7,2026-09-03,true,2026-09-03,PR #151
https://worthcalc.win/zh/guides/dishwasher-cost-per-cycle-used/,zh,guide,022,everyday,dishwasher-cost-per-cycle-used,每次使用洗碗機的成本：把能源、用水與洗劑算進去,每次使用洗碗機的成本：把能源、用水與洗劑算進去,802,4,5,false,2,2026-09-02,true,2026-09-02,PR #137
https://worthcalc.win/zh/guides/document-camera-electricity-cost-per-presentation-hour-used/,zh,guide,099,everyday,document-camera-electricity-cost-per-presentation-hour-used,實物投影機每次簡報小時電費：計入燈源與電腦邊界,實物投影機每次簡報小時電費：計入燈源與電腦邊界,735,5,4,false,7,2026-09-03,true,2026-09-03,PR #151
https://worthcalc.win/zh/guides/down-payment-vs-post-purchase-liquidity/,zh,guide,004,income-savings,down-payment-vs-post-purchase-liquidity,頭期款放越多越好嗎？買房前真正要算的是「交屋後還剩多少流動現金」,頭期款放越多越好嗎？買房前真正要算的是「交屋後還剩多少流動現金」,2381,3,0,true,3,2026-08-31,true,2026-09-02,PR #120
https://worthcalc.win/zh/guides/e-reader-electricity-cost-per-reading-hour-used/,zh,guide,090,everyday,e-reader-electricity-cost-per-reading-hour-used,電子書閱讀器每閱讀小時電費：把充電能源分攤進來,電子書閱讀器每閱讀小時電費：把充電能源分攤進來,796,5,4,false,5,2026-09-03,true,2026-09-03,無資料
https://worthcalc.win/zh/guides/effective-interest-rate-explained/,zh,guide,002,debt-credit,effective-interest-rate-explained,有效利率是什麼？名目利率、有效年利率與總費用年百分率別混在一起,有效利率是什麼？名目利率、有效年利率與總費用年百分率別混在一起,2578,4,8,true,2,2026-08-30,true,2026-09-02,PR #120
https://worthcalc.win/zh/guides/electric-air-pump-electricity-cost-per-inflation-session-used/,zh,guide,106,income-savings,electric-air-pump-electricity-cost-per-inflation-session-used,電動充氣泵每次充氣工作電費：計入壓力停止與重試,電動充氣泵每次充氣工作電費：計入壓力停止與重試,751,2,4,false,7,2026-09-03,true,2026-09-03,PR #152
https://worthcalc.win/zh/guides/electric-blanket-cost-per-night-used/,zh,guide,046,everyday,electric-blanket-cost-per-night-used,電熱毯每晚使用成本：計入加熱設定與實際睡眠時間,電熱毯每晚使用成本：計入加熱設定與實際睡眠時間,527,3,4,false,2,2026-09-02,true,2026-09-02,PR #141
https://worthcalc.win/zh/guides/electric-can-opener-cost-per-use-used/,zh,guide,070,everyday,electric-can-opener-cost-per-use-used,電動開罐器每次使用成本：量測馬達時間而非額定瓦數,電動開罐器每次使用成本：量測馬達時間而非額定瓦數,1098,5,4,false,4,2026-09-03,true,2026-09-03,無資料
https://worthcalc.win/zh/guides/electric-citrus-juicer-cost-per-juice-session-used/,zh,guide,072,everyday,electric-citrus-juicer-cost-per-juice-session-used,電動榨汁機每次榨汁成本：量測按壓與馬達時間,電動榨汁機每次榨汁成本：量測按壓與馬達時間,942,5,4,false,4,2026-09-03,true,2026-09-03,無資料
https://worthcalc.win/zh/guides/electric-egg-cooker-cost-per-cooking-cycle-used/,zh,guide,068,everyday,electric-egg-cooker-cost-per-cooking-cycle-used,電煮蛋器每次烹調循環成本：計入加熱與用水量,電煮蛋器每次烹調循環成本：計入加熱與用水量,1076,5,4,false,4,2026-09-03,true,2026-09-03,無資料
https://worthcalc.win/zh/guides/electric-fireplace-electricity-cost-per-heating-hour-used/,zh,guide,118,everyday,electric-fireplace-electricity-cost-per-heating-hour-used,電壁爐每加熱小時電費：把火焰燈效與暖風分開,電壁爐每加熱小時電費：把火焰燈效與暖風分開,991,10,5,false,4,2026-09-03,true,2026-09-03,PR #154
https://worthcalc.win/zh/guides/electric-food-warmer-cost-per-heating-hour-used/,zh,guide,076,everyday,electric-food-warmer-cost-per-heating-hour-used,電熱保溫盤每小時成本：量測恆溫器循環,電熱保溫盤每小時成本：量測恆溫器循環,962,5,4,false,4,2026-09-03,true,2026-09-03,無資料
https://worthcalc.win/zh/guides/electric-foot-massager-electricity-cost-per-massage-session-used/,zh,guide,094,everyday,electric-foot-massager-electricity-cost-per-massage-session-used,電動足部按摩器每次按摩工作電費：分開待機與加熱,電動足部按摩器每次按摩工作電費：分開待機與加熱,788,5,4,false,5,2026-09-03,true,2026-09-03,無資料
https://worthcalc.win/zh/guides/electric-griddle-cost-per-cooking-hour-used/,zh,guide,062,everyday,electric-griddle-cost-per-cooking-hour-used,電煎盤每烹調小時成本：分開預熱與實際烹調,電煎盤每烹調小時成本：分開預熱與實際烹調,529,5,4,false,4,2026-09-02,true,2026-09-02,無資料
https://worthcalc.win/zh/guides/electric-hand-mixer-electricity-cost-per-mixing-session-used/,zh,guide,112,everyday,electric-hand-mixer-electricity-cost-per-mixing-session-used,手持電動打蛋器每次攪拌工作電費：按檔位與批次分攤,手持電動打蛋器每次攪拌工作電費：按檔位與批次分攤,859,6,5,false,4,2026-09-03,true,2026-09-03,PR #153
https://worthcalc.win/zh/guides/electric-insect-zapper-electricity-cost-per-overnight-used/,zh,guide,115,everyday,electric-insect-zapper-electricity-cost-per-overnight-used,電蚊拍／捕蚊燈每夜電費：把待機與啟動窗口分開,電蚊拍／捕蚊燈每夜電費：把待機與啟動窗口分開,1002,6,5,false,4,2026-09-03,true,2026-09-03,PR #154
https://worthcalc.win/zh/guides/electric-kettle-cost-per-boil-used/,zh,guide,049,everyday,electric-kettle-cost-per-boil-used,電熱水壺每次煮沸成本：計入水量與自動關機,電熱水壺每次煮沸成本：計入水量與自動關機,539,4,5,false,2,2026-09-02,true,2026-09-02,PR #142
https://worthcalc.win/zh/guides/electric-lunch-box-cost-per-heating-cycle-used/,zh,guide,069,everyday,electric-lunch-box-cost-per-heating-cycle-used,電熱便當盒每次加熱成本：分開預熱、保溫與等待,電熱便當盒每次加熱成本：分開預熱、保溫與等待,1082,5,4,false,4,2026-09-03,true,2026-09-03,無資料
https://worthcalc.win/zh/guides/electric-meat-grinder-cost-per-grinding-session-used/,zh,guide,073,everyday,electric-meat-grinder-cost-per-grinding-session-used,電動絞肉機每次絞肉成本：分攤馬達運轉時間,電動絞肉機每次絞肉成本：分攤馬達運轉時間,972,5,4,false,4,2026-09-03,true,2026-09-03,無資料
https://worthcalc.win/zh/guides/electric-milk-frother-cost-per-frothing-session-used/,zh,guide,075,everyday,electric-milk-frother-cost-per-frothing-session-used,電動奶泡機每次成本：分開加熱與打發耗電,電動奶泡機每次成本：分開加熱與打發耗電,960,5,4,false,4,2026-09-03,true,2026-09-03,無資料
https://worthcalc.win/zh/guides/electric-pasta-maker-cost-per-batch-used/,zh,guide,074,everyday,electric-pasta-maker-cost-per-batch-used,電動製麵機每批成本：計入攪拌、擠出與乾燥,電動製麵機每批成本：計入攪拌、擠出與乾燥,995,5,4,false,4,2026-09-03,true,2026-09-03,無資料
https://worthcalc.win/zh/guides/electric-pencil-sharpener-electricity-cost-per-sharpening-session-used/,zh,guide,091,everyday,electric-pencil-sharpener-electricity-cost-per-sharpening-session-used,電動削鉛筆機每次削筆工作電費：計入重複循環,電動削鉛筆機每次削筆工作電費：計入重複循環,765,5,4,false,5,2026-09-03,true,2026-09-03,無資料
https://worthcalc.win/zh/guides/electric-pressure-cooker-cost-per-cooking-cycle-used/,zh,guide,059,everyday,electric-pressure-cooker-cost-per-cooking-cycle-used,電壓力鍋每次烹調循環成本,電壓力鍋每次烹調循環成本,526,5,4,false,4,2026-09-02,true,2026-09-02,無資料
https://worthcalc.win/zh/guides/electric-shaver-electricity-cost-per-grooming-session-used/,zh,guide,108,everyday,electric-shaver-electricity-cost-per-grooming-session-used,電動刮鬍刀每次修容電費：把清潔與充電分攤,電動刮鬍刀每次修容電費：把清潔與充電分攤,857,6,5,false,4,2026-09-03,true,2026-09-03,PR #153
https://worthcalc.win/zh/guides/electric-space-heater-cost-per-heating-hour-used/,zh,guide,034,everyday,electric-space-heater-cost-per-heating-hour-used,電暖器每使用一小時成本：比較瓦數、啟停週期與房間條件,電暖器每使用一小時成本：比較瓦數、啟停週期與房間條件,455,4,4,false,2,2026-09-02,true,2026-09-02,無資料
https://worthcalc.win/zh/guides/electric-standing-desk-electricity-cost-per-adjusted-day-used/,zh,guide,087,everyday,electric-standing-desk-electricity-cost-per-adjusted-day-used,電動升降桌每次調整日電費：計入馬達與待機,電動升降桌每次調整日電費：計入馬達與待機,879,5,4,false,5,2026-09-03,true,2026-09-03,無資料
https://worthcalc.win/zh/guides/electric-stapler-electricity-cost-per-stapling-session-used/,zh,guide,092,everyday,electric-stapler-electricity-cost-per-stapling-session-used,電動釘書機每次裝訂工作電費：把卡釘事件分開,電動釘書機每次裝訂工作電費：把卡釘事件分開,799,5,4,false,5,2026-09-03,true,2026-09-03,無資料
https://worthcalc.win/zh/guides/electric-toothbrush-electricity-cost-per-charging-day-used/,zh,guide,107,everyday,electric-toothbrush-electricity-cost-per-charging-day-used,電動牙刷每充電日電費：把充電座待機算進來,電動牙刷每充電日電費：把充電座待機算進來,878,6,5,false,4,2026-09-03,true,2026-09-03,PR #153
https://worthcalc.win/zh/guides/electric-wine-cooler-electricity-cost-per-storage-day-used/,zh,guide,122,everyday,electric-wine-cooler-electricity-cost-per-storage-day-used,酒櫃每天保存電費：把壓縮機循環算進 24 小時,酒櫃每天保存電費：把壓縮機循環算進 24 小時,756,2,4,false,3,2026-09-03,true,2026-09-03,PR #155
https://worthcalc.win/zh/guides/electric-yogurt-maker-cost-per-batch-used/,zh,guide,067,everyday,electric-yogurt-maker-cost-per-batch-used,電動優格機每批成本：把發酵保溫時間算進來,電動優格機每批成本：把發酵保溫時間算進來,1061,5,4,false,4,2026-09-03,true,2026-09-03,無資料
https://worthcalc.win/zh/guides/electricity-cost-per-kwh-used/,zh,guide,017,everyday,electricity-cost-per-kwh-used,每使用 1 kWh 的電費成本：固定費與折抵不能漏算,每使用 1 kWh 的電費成本：固定費與折抵不能漏算,826,36,0,true,2,2026-09-02,true,2026-09-02,PR #137
https://worthcalc.win/zh/guides/emergency-fund-rebuild-after-move/,zh,guide,007,income-savings,emergency-fund-rebuild-after-move,搬家把緊急預備金花掉了怎麼補？先重建最低安全墊，再恢復完整目標,搬家把緊急預備金花掉了怎麼補？先重建最低安全墊，再恢復完整目標,2964,4,3,true,2,2026-09-01,true,2026-09-02,PR #121
https://worthcalc.win/zh/guides/emergency-fund-rebuild-after-use/,zh,guide,004,income-savings,emergency-fund-rebuild-after-use,緊急預備金用掉後怎麼補回？先重算缺口，再決定補回速度,緊急預備金用掉後怎麼補回？先重算缺口，再決定補回速度,2593,4,1,true,2,2026-08-31,true,2026-09-02,PR #120
https://worthcalc.win/zh/guides/employer-benefits-replacement-cost-vs-cash/,zh,guide,009,income-savings,employer-benefits-replacement-cost-vs-cash,公司福利 vs 現金薪資怎麼比？不要用「福利標價」，只算你離職後真的要自己補的 Replacement Cost,公司福利 vs 現金薪資怎麼比？不要用「福利標價」，只算你離職後真的要自己補的 Replacement Cost,2624,2,0,true,0,2026-09-01,true,2026-09-02,PR #121
https://worthcalc.win/zh/guides/espresso-machine-cost-per-shot-used/,zh,guide,064,everyday,espresso-machine-cost-per-shot-used,義式咖啡機每杯咖啡成本：計入預熱、萃取、蒸氣與待機,義式咖啡機每杯咖啡成本：計入預熱、萃取、蒸氣與待機,566,5,4,false,4,2026-09-02,true,2026-09-02,無資料
https://worthcalc.win/zh/guides/event-ticket-cost-per-attended-hour/,zh,guide,016,memberships,event-ticket-cost-per-attended-hour,活動門票每小時參與成本：交通、手續費與提早離場都要算,活動門票每小時參與成本：交通、手續費與提早離場都要算,681,1,0,true,1,2026-09-02,true,2026-09-02,PR #135
https://worthcalc.win/zh/guides/external-hard-drive-electricity-cost-per-backup-job-used/,zh,guide,097,everyday,external-hard-drive-electricity-cost-per-backup-job-used,外接硬碟每次備份工作電費：計入傳輸與閒置時間,外接硬碟每次備份工作電費：計入傳輸與閒置時間,752,6,4,false,7,2026-09-03,true,2026-09-03,PR #151
https://worthcalc.win/zh/guides/extra-payment-personal-loan/,zh,guide,002,debt-credit,extra-payment-personal-loan,信貸提前還款划算嗎？先算省下利息，再扣違約金與流動性成本,信貸提前還款划算嗎？先算省下利息，再扣違約金與流動性成本,2447,3,6,true,1,2026-08-30,true,2026-09-02,PR #120
https://worthcalc.win/zh/guides/extra-principal-before-car-trade-vs-cash/,zh,guide,008,transportation,extra-principal-before-car-trade-vs-cash,準備一年後換車，現在該多繳車貸本金還是留現金？負資產與流動性一起算,準備一年後換車，現在該多繳車貸本金還是留現金？負資產與流動性一起算,2507,2,3,true,1,2026-09-01,true,2026-09-02,PR #121
https://worthcalc.win/zh/guides/extra-room-home-office-incremental-rent-break-even/,zh,guide,009,housing,extra-room-home-office-incremental-rent-break-even,為居家工作多租一房值不值得？用「增量房租」比較 coworking、通勤與可計費收入,為居家工作多租一房值不值得？用「增量房租」比較 coworking、通勤與可計費收入,2623,3,0,true,0,2026-09-01,true,2026-09-02,PR #121
https://worthcalc.win/zh/guides/family-plan-break-even-members/,zh,guide,011,memberships,family-plan-break-even-members,家庭方案幾個人用才划算？算出多人會員的損益兩平人數,家庭方案幾個人用才划算？算出多人會員的損益兩平人數,908,2,4,false,2,2026-09-02,true,2026-09-02,PR #130
https://worthcalc.win/zh/guides/financial-runway-months/,zh,guide,003,income-savings,financial-runway-months,財務跑道可以撐幾個月？自由工作者、創業者別只看緊急預備金,財務跑道可以撐幾個月？自由工作者、創業者別只看緊急預備金,2942,11,3,true,2,2026-08-30,true,2026-09-02,PR #120
https://worthcalc.win/zh/guides/fixed-cost-ratio-personal-budget/,zh,guide,004,income-savings,fixed-cost-ratio-personal-budget,固定成本占收入多少才有彈性？把房租、債務與訂閱變成自己的 Fixed-Cost Ratio,固定成本占收入多少才有彈性？把房租、債務與訂閱變成自己的 Fixed-Cost Ratio,2443,6,2,true,1,2026-08-31,true,2026-09-02,PR #120
https://worthcalc.win/zh/guides/fixed-vs-variable-rate-scenario/,zh,guide,003,debt-credit,fixed-vs-variable-rate-scenario,固定利率 vs 浮動利率怎麼比？不要猜未來利率，先做 3 條利率路徑壓力測試,固定利率 vs 浮動利率怎麼比？不要猜未來利率，先做 3 條利率路徑壓力測試,2841,2,1,true,3,2026-08-30,true,2026-09-02,PR #120
https://worthcalc.win/zh/guides/food-dehydrator-cost-per-drying-hour-used/,zh,guide,066,everyday,food-dehydrator-cost-per-drying-hour-used,食物乾燥機每小時成本：量測加熱與風扇運轉時間,食物乾燥機每小時成本：量測加熱與風扇運轉時間,1095,5,4,false,4,2026-09-03,true,2026-09-03,無資料
https://worthcalc.win/zh/guides/food-processor-cost-per-prep-session-used/,zh,guide,058,everyday,food-processor-cost-per-prep-session-used,食物調理機每次備料成本,食物調理機每次備料成本,704,5,4,false,4,2026-09-02,true,2026-09-02,無資料
https://worthcalc.win/zh/guides/free-trial-auto-renewal-first-charge/,zh,guide,011,memberships,free-trial-auto-renewal-first-charge,免費試用自動續費會扣多少？先算第一筆可能的實際成本,免費試用自動續費會扣多少？先算第一筆可能的實際成本,943,2,4,false,2,2026-09-02,true,2026-09-02,PR #130
https://worthcalc.win/zh/guides/freelance-minimum-billable-rate/,zh,guide,008,income-savings,freelance-minimum-billable-rate,接案最低報價怎麼算？不要用月薪除 160，小時費率要先補回不可計費時間與營運成本,接案最低報價怎麼算？不要用月薪除 160，小時費率要先補回不可計費時間與營運成本,2554,2,1,true,2,2026-09-01,true,2026-09-02,PR #121
https://worthcalc.win/zh/guides/freezer-cost-per-day-used/,zh,guide,033,everyday,freezer-cost-per-day-used,冷凍櫃每日使用成本：比較待機耗電、容量與食物儲存,冷凍櫃每日使用成本：比較待機耗電、容量與食物儲存,448,3,4,false,2,2026-09-02,true,2026-09-02,無資料
https://worthcalc.win/zh/guides/gaming-console-electricity-cost-per-gaming-hour-used/,zh,guide,080,everyday,gaming-console-electricity-cost-per-gaming-hour-used,遊戲主機每小時電費：釐清螢幕與網路邊界,遊戲主機每小時電費：釐清螢幕與網路邊界,1041,5,4,false,5,2026-09-03,true,2026-09-03,無資料
https://worthcalc.win/zh/guides/garage-door-opener-electricity-cost-per-cycle-used/,zh,guide,117,everyday,garage-door-opener-electricity-cost-per-cycle-used,車庫門開門機每次循環電費：把燈具與待機拆開,車庫門開門機每次循環電費：把燈具與待機拆開,1013,9,5,false,4,2026-09-03,true,2026-09-03,PR #154
https://worthcalc.win/zh/guides/garment-steamer-cost-per-steaming-hour-used/,zh,guide,052,everyday,garment-steamer-cost-per-steaming-hour-used,掛燙機每蒸氣小時成本：計入預熱與實際出蒸氣時間,掛燙機每蒸氣小時成本：計入預熱與實際出蒸氣時間,510,3,4,false,2,2026-09-02,true,2026-09-02,PR #142
https://worthcalc.win/zh/guides/glue-gun-electricity-cost-per-crafting-hour-used/,zh,guide,111,everyday,glue-gun-electricity-cost-per-crafting-hour-used,熱熔膠槍每手作小時電費：分開加熱與插電閒置,熱熔膠槍每手作小時電費：分開加熱與插電閒置,859,6,5,false,4,2026-09-03,true,2026-09-03,PR #153
https://worthcalc.win/zh/guides/gym-membership-cost-per-visit/,zh,guide,014,memberships,gym-membership-cost-per-visit,健身房每次到訪成本：加入入會費、停車與沒去的月份,健身房每次到訪成本：加入入會費、停車與沒去的月份,722,1,0,true,2,2026-09-02,true,2026-09-02,PR #133
https://worthcalc.win/zh/guides/hair-dryer-cost-per-drying-session-used/,zh,guide,051,everyday,hair-dryer-cost-per-drying-session-used,吹風機每次吹乾成本：分開熱風、風量與實際分鐘,吹風機每次吹乾成本：分開熱風、風量與實際分鐘,503,2,4,false,2,2026-09-02,true,2026-09-02,PR #142
https://worthcalc.win/zh/guides/heat-pump-cost-per-heating-hour-used/,zh,guide,035,everyday,heat-pump-cost-per-heating-hour-used,熱泵每暖房一小時成本：分開容量、運轉時間與天氣,熱泵每暖房一小時成本：分開容量、運轉時間與天氣,648,2,5,false,2,2026-09-02,true,2026-09-02,無資料
https://worthcalc.win/zh/guides/high-vs-low-deductible-break-even/,zh,guide,006,everyday,high-vs-low-deductible-break-even,高自負額 vs 低自負額怎麼比？先算保費差，再做事故情境壓力測試,高自負額 vs 低自負額怎麼比？先算保費差，再做事故情境壓力測試,2430,3,3,true,2,2026-09-02,true,2026-09-02,PR #121
https://worthcalc.win/zh/guides/higher-salary-long-commute-vs-lower-salary-nearby/,zh,guide,007,transportation,higher-salary-long-commute-vs-lower-salary-nearby,高薪遠通勤 vs 低薪近工作怎麼選？把交通、時間與額外生活成本換成同一模型,高薪遠通勤 vs 低薪近工作怎麼選？把交通、時間與額外生活成本換成同一模型,2848,3,1,true,0,2026-09-01,true,2026-09-02,PR #121
https://worthcalc.win/zh/guides/hobby-equipment-cost-per-use/,zh,guide,014,everyday,hobby-equipment-cost-per-use,興趣設備每次使用成本：把收納、維護與轉售風險算進去,興趣設備每次使用成本：把收納、維護與轉售風險算進去,719,1,0,true,1,2026-09-02,true,2026-09-02,PR #133
https://worthcalc.win/zh/guides/home-internet-cost-per-gb-used/,zh,guide,018,everyday,home-internet-cost-per-gb-used,家用網路每使用 GB 成本：設備費與超量條款也要納入,家用網路每使用 GB 成本：設備費與超量條款也要納入,775,3,0,true,2,2026-09-02,true,2026-09-02,PR #137
https://worthcalc.win/zh/guides/how-much-cash-to-keep/,zh,guide,002,everyday,how-much-cash-to-keep,手上應該留多少現金？把「現金」拆成 4 種用途再決定,手上應該留多少現金？把「現金」拆成 4 種用途再決定,2619,5,10,true,2,2026-08-30,true,2026-09-02,PR #120
https://worthcalc.win/zh/guides/humidifier-electricity-cost-per-humidifying-hour-used/,zh,guide,104,everyday,humidifier-electricity-cost-per-humidifying-hour-used,加濕器每加濕小時電費：量測霧化與風扇模式,加濕器每加濕小時電費：量測霧化與風扇模式,731,6,4,false,7,2026-09-03,true,2026-09-03,PR #152
https://worthcalc.win/zh/guides/hvac-cost-per-operating-hour-used/,zh,guide,027,everyday,hvac-cost-per-operating-hour-used,冷暖氣每運轉一小時成本：讓運轉時間與季節費率可比較,冷暖氣每運轉一小時成本：讓運轉時間與季節費率可比較,523,8,4,false,2,2026-09-02,true,2026-09-02,PR #138
https://worthcalc.win/zh/guides/induction-cooktop-cost-per-cooking-hour-used/,zh,guide,037,everyday,induction-cooktop-cost-per-cooking-hour-used,IH 電磁爐每烹調一小時成本：分開加熱、待機與清潔,IH 電磁爐每烹調一小時成本：分開加熱、待機與清潔,563,2,4,false,2,2026-09-02,true,2026-09-02,無資料
https://worthcalc.win/zh/guides/inflation-adjusted-savings-goal/,zh,guide,003,income-savings,inflation-adjusted-savings-goal,未來目標要存多少？先做通膨調整，再算每月要存多少,未來目標要存多少？先做通膨調整，再算每月要存多少,2695,2,1,true,3,2026-08-30,true,2026-09-02,PR #120
https://worthcalc.win/zh/guides/insurance-annual-vs-monthly-payment/,zh,guide,006,everyday,insurance-annual-vs-monthly-payment,保險年繳 vs 月繳怎麼比？把分期加價與現金占用一起算,保險年繳 vs 月繳怎麼比？把分期加價與現金占用一起算,2426,3,3,false,1,2026-09-02,true,2026-09-02,PR #121
https://worthcalc.win/zh/guides/insurance-deductible-cash-reserve/,zh,guide,005,income-savings,insurance-deductible-cash-reserve,保險自負額要留多少現金？不要只看單張保單，先做同時事故壓力測試,保險自負額要留多少現金？不要只看單張保單，先做同時事故壓力測試,2381,5,2,true,2,2026-08-31,true,2026-09-02,PR #120
https://worthcalc.win/zh/guides/interest-only-period-total-cost/,zh,guide,004,debt-credit,interest-only-period-total-cost,房貸寬限期／只繳利息真的比較輕鬆嗎？用重訂後月付與總利息看完整成本,房貸寬限期／只繳利息真的比較輕鬆嗎？用重訂後月付與總利息看完整成本,2496,3,1,true,2,2026-08-31,true,2026-09-02,PR #120
https://worthcalc.win/zh/guides/introductory-discount-renewal-cost/,zh,guide,010,memberships,introductory-discount-renewal-cost,首年優惠與續約價格怎麼算？先拆開第一年和之後的成本,首年優惠與續約價格怎麼算？先拆開第一年和之後的成本,725,4,2,true,1,2026-09-02,true,2026-09-02,PR #123
https://worthcalc.win/zh/guides/job-change-pay-gap-cashflow/,zh,guide,007,everyday,job-change-pay-gap-cashflow,換工作會有薪資空窗嗎？從最後一份舊薪到第一份新薪算真正需要多少橋接現金,換工作會有薪資空窗嗎？從最後一份舊薪到第一份新薪算真正需要多少橋接現金,2897,6,4,true,0,2026-09-01,true,2026-09-02,PR #121
https://worthcalc.win/zh/guides/joint-account-minimum-cash-floor/,zh,guide,008,everyday,joint-account-minimum-cash-floor,共同家庭帳戶最低餘額怎麼抓？不要用平均月支出，改看兩人薪資日與扣款日,共同家庭帳戶最低餘額怎麼抓？不要用平均月支出，改看兩人薪資日與扣款日,2501,2,3,true,0,2026-09-01,true,2026-09-02,PR #121
https://worthcalc.win/zh/guides/label-maker-electricity-cost-per-labeling-session-used/,zh,guide,083,everyday,label-maker-electricity-cost-per-labeling-session-used,標籤機每次工作電費：計入預熱與待機,標籤機每次工作電費：計入預熱與待機,864,5,4,false,5,2026-09-03,true,2026-09-03,無資料
https://worthcalc.win/zh/guides/laminator-electricity-cost-per-laminating-batch-used/,zh,guide,085,everyday,laminator-electricity-cost-per-laminating-batch-used,護貝機每批護貝電費：把預熱與滾輪運轉分開,護貝機每批護貝電費：把預熱與滾輪運轉分開,875,5,4,false,5,2026-09-03,true,2026-09-03,無資料
https://worthcalc.win/zh/guides/language-class-cost-per-completed-session/,zh,guide,016,memberships,language-class-cost-per-completed-session,語言課程每完成一堂成本：只算真正完成的課堂,語言課程每完成一堂成本：只算真正完成的課堂,656,1,0,true,1,2026-09-02,true,2026-09-02,PR #135
https://worthcalc.win/zh/guides/laptop-docking-station-electricity-cost-per-workday-used/,zh,guide,096,everyday,laptop-docking-station-electricity-cost-per-workday-used,筆電擴充底座每工作日電費：分開螢幕與充電負載,筆電擴充底座每工作日電費：分開螢幕與充電負載,766,6,4,false,7,2026-09-03,true,2026-09-03,PR #151
https://worthcalc.win/zh/guides/laundry-cost-per-load/,zh,guide,019,everyday,laundry-cost-per-load,每洗一桶衣物的成本：水電、洗劑與重洗都要算,每洗一桶衣物的成本：水電、洗劑與重洗都要算,774,4,5,true,2,2026-09-02,true,2026-09-02,PR #137
https://worthcalc.win/zh/guides/led-lighting-cost-per-hour-used/,zh,guide,028,everyday,led-lighting-cost-per-hour-used,LED 照明每使用一小時成本：納入瓦數、燈具數量與更換壽命,LED 照明每使用一小時成本：納入瓦數、燈具數量與更換壽命,512,4,4,false,2,2026-09-02,true,2026-09-02,PR #138
https://worthcalc.win/zh/guides/lifestyle-inflation-raise-capture/,zh,guide,005,income-savings,lifestyle-inflation-raise-capture,加薪後生活膨脹多少會吃掉加薪？用「加薪留存率」看真正變有錢多少,加薪後生活膨脹多少會吃掉加薪？用「加薪留存率」看真正變有錢多少,2608,4,1,true,3,2026-08-31,true,2026-09-02,PR #120
https://worthcalc.win/zh/guides/loan-refinance-break-even/,zh,guide,003,debt-credit,loan-refinance-break-even,轉貸多久回本？別只看新利率，用剩餘期間與全部費用算 Break-Even,轉貸多久回本？別只看新利率，用剩餘期間與全部費用算 Break-Even,2929,3,2,true,2,2026-08-30,true,2026-09-02,PR #120
https://worthcalc.win/zh/guides/meal-delivery-plan-cost-per-eaten-meal/,zh,guide,016,memberships,meal-delivery-plan-cost-per-eaten-meal,餐食配送方案每吃到一餐成本：跳過與替代購買也要算,餐食配送方案每吃到一餐成本：跳過與替代購買也要算,697,2,0,true,2,2026-09-02,true,2026-09-02,PR #135
https://worthcalc.win/zh/guides/meal-kit-cost-per-serving-after-waste/,zh,guide,014,everyday,meal-kit-cost-per-serving-after-waste,吃到嘴裡才算：餐盒每份成本要扣除吃不完的食材,吃到嘴裡才算：餐盒每份成本要扣除吃不完的食材,732,1,0,true,2,2026-09-02,true,2026-09-02,PR #133
https://worthcalc.win/zh/guides/microwave-cost-per-cooking-cycle-used/,zh,guide,038,everyday,microwave-cost-per-cooking-cycle-used,微波爐每次烹調循環成本：計入瓦數、時間與重複加熱,微波爐每次烹調循環成本：計入瓦數、時間與重複加熱,570,2,4,false,2,2026-09-02,true,2026-09-02,無資料
https://worthcalc.win/zh/guides/minimum-cash-balance-checking/,zh,guide,003,everyday,minimum-cash-balance-checking,帳戶最低現金餘額怎麼抓？別把緊急預備金全部塞在活存帳戶,帳戶最低現金餘額怎麼抓？別把緊急預備金全部塞在活存帳戶,2895,4,1,true,1,2026-08-30,true,2026-09-02,PR #120
https://worthcalc.win/zh/guides/minimum-spend-fee-waiver-break-even/,zh,guide,011,memberships,minimum-spend-fee-waiver-break-even,滿額免手續費真的省嗎？用必要消費算損益兩平門檻,滿額免手續費真的省嗎？用必要消費算損益兩平門檻,898,2,4,true,2,2026-09-02,true,2026-09-02,PR #130
https://worthcalc.win/zh/guides/mobile-data-cost-per-gb-used/,zh,guide,016,everyday,mobile-data-cost-per-gb-used,手機流量每使用 GB 成本：不要拿方案上限代替實際用量,手機流量每使用 GB 成本：不要拿方案上限代替實際用量,682,1,0,true,1,2026-09-02,true,2026-09-02,PR #135
https://worthcalc.win/zh/guides/monitor-electricity-cost-per-work-hour-used/,zh,guide,042,everyday,monitor-electricity-cost-per-work-hour-used,螢幕每工作一小時用電成本：計入亮度、睡眠與 USB 供電,螢幕每工作一小時用電成本：計入亮度、睡眠與 USB 供電,557,3,4,false,2,2026-09-02,true,2026-09-02,PR #141
https://worthcalc.win/zh/guides/monthly-extra-vs-annual-lump-sum/,zh,guide,005,everyday,monthly-extra-vs-annual-lump-sum,每月多繳 vs 年底一次大額還款，哪個省利息？同樣一年 6 萬也會有時間差,每月多繳 vs 年底一次大額還款，哪個省利息？同樣一年 6 萬也會有時間差,2428,3,1,true,2,2026-08-31,true,2026-09-02,PR #120
https://worthcalc.win/zh/guides/monthly-payment-affordability-vs-total-cost/,zh,guide,003,everyday,monthly-payment-affordability-vs-total-cost,月付得起不等於總成本合理：為什麼延長期數會製造「負擔得起」的錯覺？,月付得起不等於總成本合理：為什麼延長期數會製造「負擔得起」的錯覺？,2667,5,2,true,1,2026-08-30,true,2026-09-02,PR #120
https://worthcalc.win/zh/guides/monthly-vs-annual-total-cost/,zh,guide,010,memberships,monthly-vs-annual-total-cost,月繳還是年繳比較划算？同時看總成本與現金流風險,月繳還是年繳比較划算？同時看總成本與現金流風險,786,3,3,true,1,2026-09-02,true,2026-09-02,PR #123
https://worthcalc.win/zh/guides/mortgage-fee-rate-break-even/,zh,guide,005,housing,mortgage-fee-rate-break-even,房貸開辦費比較低利率怎麼選？用持有期算真正的 Break-Even,房貸開辦費比較低利率怎麼選？用持有期算真正的 Break-Even,2731,4,0,true,3,2026-08-31,true,2026-09-02,PR #120
https://worthcalc.win/zh/guides/mortgage-recast-vs-refinance-vs-prepay/,zh,guide,004,housing,mortgage-recast-vs-refinance-vs-prepay,房貸 Recast、轉貸、提前還本金怎麼選？先確認你要降月付、降利率還是縮短期限,房貸 Recast、轉貸、提前還本金怎麼選？先確認你要降月付、降利率還是縮短期限,2479,4,0,true,3,2026-08-31,true,2026-09-02,PR #120
https://worthcalc.win/zh/guides/natural-gas-cost-per-therm-used/,zh,guide,021,everyday,natural-gas-cost-per-therm-used,每使用一 therm 的天然氣成本：比較前先換算帳單,每使用一 therm 的天然氣成本：比較前先換算帳單,763,9,5,false,2,2026-09-02,true,2026-09-02,PR #137
https://worthcalc.win/zh/guides/net-worth-tracking-frequency/,zh,guide,002,income-savings,net-worth-tracking-frequency,淨資產多久算一次？每月、每季、每年各自適合什麼情況,淨資產多久算一次？每月、每季、每年各自適合什麼情況,2307,3,5,true,0,2026-08-30,true,2026-09-02,PR #120
https://worthcalc.win/zh/guides/one-time-switching-cost-payback/,zh,guide,010,memberships,one-time-switching-cost-payback,一次性轉換費多久回本？便宜方案何時才開始省錢,一次性轉換費多久回本？便宜方案何時才開始省錢,784,4,2,true,1,2026-09-02,true,2026-09-02,PR #123
https://worthcalc.win/zh/guides/online-course-cost-per-completed-lesson/,zh,guide,015,memberships,online-course-cost-per-completed-lesson,線上課程每完成一課成本：算學完的內容，不算登入權限,線上課程每完成一課成本：算學完的內容，不算登入權限,679,1,0,true,1,2026-09-02,true,2026-09-02,PR #134
https://worthcalc.win/zh/guides/outdoor-string-lights-electricity-cost-per-evening-used/,zh,guide,116,everyday,outdoor-string-lights-electricity-cost-per-evening-used,戶外串燈每晚電費：把定時器與變壓器納入邊界,戶外串燈每晚電費：把定時器與變壓器納入邊界,994,6,5,false,4,2026-09-03,true,2026-09-03,PR #154
https://worthcalc.win/zh/guides/oven-stove-cost-per-cooking-hour-used/,zh,guide,026,everyday,oven-stove-cost-per-cooking-hour-used,烤箱與爐具每使用一小時成本：比較加熱、預熱與燃料,烤箱與爐具每使用一小時成本：比較加熱、預熱與燃料,516,5,4,false,2,2026-09-02,true,2026-09-02,PR #138
https://worthcalc.win/zh/guides/overtime-marginal-take-home-cost/,zh,guide,008,everyday,overtime-marginal-take-home-cost,加班到底多賺多少？把加班費、托育、通勤、餐費與額外時間算成真正邊際收益,加班到底多賺多少？把加班費、托育、通勤、餐費與額外時間算成真正邊際收益,2433,2,2,true,1,2026-09-01,true,2026-09-02,PR #121
https://worthcalc.win/zh/guides/paper-shredder-electricity-cost-per-shredding-session-used/,zh,guide,084,everyday,paper-shredder-electricity-cost-per-shredding-session-used,碎紙機每次碎紙工作電費：計入馬達循環,碎紙機每次碎紙工作電費：計入馬達循環,882,5,4,false,5,2026-09-03,true,2026-09-03,無資料
https://worthcalc.win/zh/guides/parking-pass-cost-per-day-used/,zh,guide,015,transportation,parking-pass-cost-per-day-used,停車月票每次使用成本：把遠距、請假與共乘日算進去,停車月票每次使用成本：把遠距、請假與共乘日算進去,709,1,0,true,1,2026-09-02,true,2026-09-02,PR #134
https://worthcalc.win/zh/guides/pause-vs-cancel-membership-cost/,zh,guide,011,memberships,pause-vs-cancel-membership-cost,會員暫停還是取消比較省？比較保留資格與重新加入的成本,會員暫停還是取消比較省？比較保留資格與重新加入的成本,950,2,4,false,2,2026-09-02,true,2026-09-02,PR #130
https://worthcalc.win/zh/guides/paycheck-budgeting-limitations/,zh,guide,003,everyday,paycheck-budgeting-limitations,50/30/20 預算什麼時候會失真？比例預算不是每個人都能直接套,50/30/20 預算什麼時候會失真？比例預算不是每個人都能直接套,2788,5,1,true,2,2026-08-30,true,2026-09-02,PR #120
https://worthcalc.win/zh/guides/personal-liquidity-ratio/,zh,guide,003,income-savings,personal-liquidity-ratio,個人流動性比率怎麼算？比淨資產更快看出「現金能撐多久」,個人流動性比率怎麼算？比淨資產更快看出「現金能撐多久」,2732,4,2,true,2,2026-08-30,true,2026-09-02,PR #120
https://worthcalc.win/zh/guides/phone-charger-cost-per-charge-used/,zh,guide,045,everyday,phone-charger-cost-per-charge-used,手機充電器每次充電成本：量測牆上用電，不要套變壓器上限,手機充電器每次充電成本：量測牆上用電，不要套變壓器上限,524,5,4,false,2,2026-09-02,true,2026-09-02,PR #141
https://worthcalc.win/zh/guides/pool-pump-cost-per-operating-hour-used/,zh,guide,039,everyday,pool-pump-cost-per-operating-hour-used,泳池水泵每運轉一小時成本：分開轉速、流量與工作任務,泳池水泵每運轉一小時成本：分開轉速、流量與工作任務,519,2,4,false,2,2026-09-02,true,2026-09-02,無資料
https://worthcalc.win/zh/guides/pool-pump-electricity-cost-per-filtration-cycle-used/,zh,guide,120,everyday,pool-pump-electricity-cost-per-filtration-cycle-used,泳池循環泵每過濾小時電費：分開運轉時間與啟動段,泳池循環泵每過濾小時電費：分開運轉時間與啟動段,906,4,4,false,4,2026-09-03,true,2026-09-03,PR #155
https://worthcalc.win/zh/guides/portable-ac-cost-per-cooling-hour-used/,zh,guide,036,everyday,portable-ac-cost-per-cooling-hour-used,移動式冷氣每使用一小時成本：量測排風、風扇與房間負載,移動式冷氣每使用一小時成本：量測排風、風扇與房間負載,605,2,4,false,2,2026-09-02,true,2026-09-02,無資料
https://worthcalc.win/zh/guides/portable-air-conditioner-electricity-cost-per-cooling-session-used/,zh,guide,119,everyday,portable-air-conditioner-electricity-cost-per-cooling-session-used,可攜式冷氣每冷卻小時電費：把壓縮機循環算進去,可攜式冷氣每冷卻小時電費：把壓縮機循環算進去,916,6,4,false,4,2026-09-03,true,2026-09-03,PR #155
https://worthcalc.win/zh/guides/post-debt-payoff-cashflow-plan/,zh,guide,006,debt-credit,post-debt-payoff-cashflow-plan,債務還清後每月多出的錢怎麼處理？先重建現金流，再增加固定支出,債務還清後每月多出的錢怎麼處理？先重建現金流，再增加固定支出,2480,4,4,true,1,2026-09-02,true,2026-09-02,PR #121
https://worthcalc.win/zh/guides/prepaid-balance-expiration-cost/,zh,guide,011,memberships,prepaid-balance-expiration-cost,預付額度到期怎麼算？找出用不完點數的實際成本,預付額度到期怎麼算？找出用不完點數的實際成本,939,2,4,true,2,2026-09-02,true,2026-09-02,PR #130
https://worthcalc.win/zh/guides/prepay-rent-discount-vs-liquidity/,zh,guide,008,housing,prepay-rent-discount-vs-liquidity,租金一次預繳有折扣值得嗎？把確定折扣、現金占用與提前退租條款一起算,租金一次預繳有折扣值得嗎？把確定折扣、現金占用與提前退租條款一起算,2360,3,3,true,2,2026-09-01,true,2026-09-02,PR #121
https://worthcalc.win/zh/guides/principal-equal-vs-payment-equal-amortization/,zh,guide,005,debt-credit,principal-equal-vs-payment-equal-amortization,本金平均攤還 vs 本息平均攤還差在哪？月付曲線、總利息與前期壓力完整比較,本金平均攤還 vs 本息平均攤還差在哪？月付曲線、總利息與前期壓力完整比較,2468,3,0,true,3,2026-08-31,true,2026-09-02,PR #120
https://worthcalc.win/zh/guides/printer-electricity-cost-per-print-job-used/,zh,guide,077,everyday,printer-electricity-cost-per-print-job-used,印表機每次列印工作電費：計入預熱與待機,印表機每次列印工作電費：計入預熱與待機,1017,5,4,false,5,2026-09-03,true,2026-09-03,無資料
https://worthcalc.win/zh/guides/professional-membership-replacement-value-break-even/,zh,guide,009,memberships,professional-membership-replacement-value-break-even,專業會員費值不值得？不要算「感覺有用」，只算你真的會替代掉的成本,專業會員費值不值得？不要算「感覺有用」，只算你真的會替代掉的成本,2585,2,0,true,0,2026-09-01,true,2026-09-02,PR #121
https://worthcalc.win/zh/guides/projector-electricity-cost-per-presentation-hour-used/,zh,guide,089,everyday,projector-electricity-cost-per-presentation-hour-used,投影機每簡報小時電費：計入預熱與冷卻,投影機每簡報小時電費：計入預熱與冷卻,796,5,4,false,5,2026-09-03,true,2026-09-03,無資料
https://worthcalc.win/zh/guides/promo-apr-payoff-deadline/,zh,guide,004,debt-credit,promo-apr-payoff-deadline,0% 優惠期到期前每月要還多少？不要把最低付款當成清償計畫,0% 優惠期到期前每月要還多少？不要把最低付款當成清償計畫,2379,4,0,true,3,2026-08-31,true,2026-09-02,PR #120
https://worthcalc.win/zh/guides/real-vs-nominal-return/,zh,guide,003,income-savings,real-vs-nominal-return,實質報酬率 vs 名目報酬率：投資賺 5%，購買力不一定增加 5%,實質報酬率 vs 名目報酬率：投資賺 5%，購買力不一定增加 5%,2467,2,0,true,2,2026-08-30,true,2026-09-02,PR #120
https://worthcalc.win/zh/guides/recurring-costs-annual-total/,zh,guide,010,memberships,recurring-costs-annual-total,固定支出年度總額怎麼算？整合月繳、季繳與年繳費用,固定支出年度總額怎麼算？整合月繳、季繳與年繳費用,807,18,2,true,2,2026-09-02,true,2026-09-02,PR #123
https://worthcalc.win/zh/guides/refrigerator-cost-per-day-used/,zh,guide,024,everyday,refrigerator-cost-per-day-used,冰箱每日使用成本怎麼算：把年度耗電換成家庭實際成本,冰箱每日使用成本怎麼算：把年度耗電換成家庭實際成本,555,5,4,false,2,2026-09-02,true,2026-09-02,PR #138
https://worthcalc.win/zh/guides/relocation-for-higher-salary-break-even/,zh,guide,008,income-savings,relocation-for-higher-salary-break-even,為了更高薪搬家值得嗎？把加薪、房租、通勤與搬家現金算成回本月數,為了更高薪搬家值得嗎？把加薪、房租、通勤與搬家現金算成回本月數,2438,3,2,true,0,2026-09-01,true,2026-09-02,PR #121
https://worthcalc.win/zh/guides/remote-work-pay-cut-cash-break-even/,zh,guide,009,income-savings,remote-work-pay-cut-cash-break-even,遠距工作降薪多少才值得？用「現金節省」而不是抽象便利感算 Break-Even,遠距工作降薪多少才值得？用「現金節省」而不是抽象便利感算 Break-Even,2760,2,0,true,0,2026-09-01,true,2026-09-02,PR #121
https://worthcalc.win/zh/guides/rent-increase-vs-moving-break-even/,zh,guide,005,housing,rent-increase-vs-moving-break-even,租金漲多少才值得搬家？把搬家費、押金與通勤一起算 Break-Even,租金漲多少才值得搬家？把搬家費、押金與通勤一起算 Break-Even,2479,5,1,true,2,2026-08-31,true,2026-09-02,PR #120
https://worthcalc.win/zh/guides/rental-deposit-liquidity-cost/,zh,guide,006,income-savings,rental-deposit-liquidity-cost,租屋押金要準備多少現金？把資金占用、搬家重疊與退還時間放進現金流,租屋押金要準備多少現金？把資金占用、搬家重疊與退還時間放進現金流,2395,5,4,true,2,2026-09-02,true,2026-09-02,PR #121
https://worthcalc.win/zh/guides/return-to-work-fulltime-vs-parttime/,zh,guide,007,everyday,return-to-work-fulltime-vs-parttime,全職 vs 兼職回職場怎麼選？把稅後薪資、托育、通勤、福利與時間放同一張表,全職 vs 兼職回職場怎麼選？把稅後薪資、托育、通勤、福利與時間放同一張表,2947,5,3,true,2,2026-09-01,true,2026-09-02,PR #121
https://worthcalc.win/zh/guides/rice-cooker-cost-per-cooking-cycle-used/,zh,guide,054,everyday,rice-cooker-cost-per-cooking-cycle-used,電子鍋每次煮飯成本,電子鍋每次煮飯成本,694,5,4,false,4,2026-09-02,true,2026-09-02,無資料
https://worthcalc.win/zh/guides/robot-vacuum-cost-per-cleaning-cycle-used/,zh,guide,048,everyday,robot-vacuum-cost-per-cleaning-cycle-used,掃地機器人每次清潔循環成本：計入回充、底座與集塵,掃地機器人每次清潔循環成本：計入回充、底座與集塵,539,4,4,false,2,2026-09-02,true,2026-09-02,PR #142
https://worthcalc.win/zh/guides/room-air-conditioner-cost-per-cooling-hour-used/,zh,guide,032,everyday,room-air-conditioner-cost-per-cooling-hour-used,房間冷氣每使用一小時冷房成本：納入壓縮機、風扇與待機,房間冷氣每使用一小時冷房成本：納入壓縮機、風扇與待機,437,5,4,false,2,2026-09-02,true,2026-09-02,無資料
https://worthcalc.win/zh/guides/router-electricity-cost-per-month-used/,zh,guide,044,everyday,router-electricity-cost-per-month-used,路由器每月用電成本：分開全天供電與網路服務費,路由器每月用電成本：分開全天供電與網路服務費,545,5,4,false,2,2026-09-02,true,2026-09-02,PR #141
https://worthcalc.win/zh/guides/sandwich-maker-cost-per-use-used/,zh,guide,060,everyday,sandwich-maker-cost-per-use-used,三明治機每次使用成本：計入預熱與實際烘烤片數,三明治機每次使用成本：計入預熱與實際烘烤片數,534,5,4,false,4,2026-09-02,true,2026-09-02,無資料
https://worthcalc.win/zh/guides/save-first-vs-installment-purchase/,zh,guide,006,debt-credit,save-first-vs-installment-purchase,先存再買 vs 現在分期怎麼比？用等待時間與確定融資成本做決策,先存再買 vs 現在分期怎麼比？用等待時間與確定融資成本做決策,2444,3,3,true,2,2026-09-02,true,2026-09-02,PR #121
https://worthcalc.win/zh/guides/savings-break-even-use-period/,zh,guide,010,income-savings,savings-break-even-use-period,省錢損益兩平要多久？算出幾個月或幾次使用才值得換,省錢損益兩平要多久？算出幾個月或幾次使用才值得換,755,2,2,true,1,2026-09-02,true,2026-09-02,PR #123
https://worthcalc.win/zh/guides/scanner-electricity-cost-per-scanning-session-used/,zh,guide,078,everyday,scanner-electricity-cost-per-scanning-session-used,掃描器每次工作電費：計入燈管與待機能源,掃描器每次工作電費：計入燈管與待機能源,1020,5,4,false,5,2026-09-03,true,2026-09-03,無資料
https://worthcalc.win/zh/guides/sewing-machine-electricity-cost-per-sewing-hour-used/,zh,guide,109,everyday,sewing-machine-electricity-cost-per-sewing-hour-used,縫紉機每縫紉小時電費：把腳踏與工作燈分開,縫紉機每縫紉小時電費：把腳踏與工作燈分開,855,6,5,false,4,2026-09-03,true,2026-09-03,PR #153
https://worthcalc.win/zh/guides/shared-expenses-income-split/,zh,guide,005,income-savings,shared-expenses-income-split,共同生活費怎麼按收入比例分？先定義共同支出，再算可驗證的分攤公式,共同生活費怎麼按收入比例分？先定義共同支出，再算可驗證的分攤公式,2519,5,0,true,2,2026-08-31,true,2026-09-02,PR #120
https://worthcalc.win/zh/guides/side-hustle-equipment-billable-utilization-break-even/,zh,guide,009,everyday,side-hustle-equipment-billable-utilization-break-even,副業設備多久回本？不要用營收除設備費，要用「可計費利用率」算真正 Payback,副業設備多久回本？不要用營收除設備費，要用「可計費利用率」算真正 Payback,2632,2,0,true,0,2026-09-01,true,2026-09-02,PR #121
https://worthcalc.win/zh/guides/signing-bonus-vs-higher-base-clawback-break-even/,zh,guide,009,income-savings,signing-bonus-vs-higher-base-clawback-break-even,簽約獎金 vs 更高底薪怎麼比？把留任期與 Clawback 返還條款放進 Break-Even,簽約獎金 vs 更高底薪怎麼比？把留任期與 Clawback 返還條款放進 Break-Even,2607,2,0,true,0,2026-09-01,true,2026-09-02,PR #121
https://worthcalc.win/zh/guides/single-income-household-stress-test/,zh,guide,006,income-savings,single-income-household-stress-test,單薪家庭收入中斷怎麼測？從必要支出算現金跑道與削減順序,單薪家庭收入中斷怎麼測？從必要支出算現金跑道與削減順序,2555,3,6,true,1,2026-09-02,true,2026-09-02,PR #121
https://worthcalc.win/zh/guides/sinking-fund-by-deadline/,zh,guide,004,income-savings,sinking-fund-by-deadline,目標基金每月要存多少？用期限反推 Sinking Fund，而不是臨到期才刷卡,目標基金每月要存多少？用期限反推 Sinking Fund，而不是臨到期才刷卡,2582,5,1,true,3,2026-08-31,true,2026-09-02,PR #120
https://worthcalc.win/zh/guides/slow-cooker-cost-per-cooking-hour-used/,zh,guide,055,everyday,slow-cooker-cost-per-cooking-hour-used,慢燉鍋每烹調小時成本,慢燉鍋每烹調小時成本,675,5,4,false,4,2026-09-02,true,2026-09-02,無資料
https://worthcalc.win/zh/guides/smart-speaker-electricity-cost-per-listening-hour-used/,zh,guide,088,everyday,smart-speaker-electricity-cost-per-listening-hour-used,智慧喇叭每聆聽小時電費：分開播放與待機,智慧喇叭每聆聽小時電費：分開播放與待機,863,5,4,false,5,2026-09-03,true,2026-09-03,無資料
https://worthcalc.win/zh/guides/software-add-on-cost-per-active-seat/,zh,guide,016,memberships,software-add-on-cost-per-active-seat,軟體加購功能每個活躍席次成本：分清取得權限與真正採用,軟體加購功能每個活躍席次成本：分清取得權限與真正採用,693,1,0,true,2,2026-09-02,true,2026-09-02,PR #135
https://worthcalc.win/zh/guides/software-seat-cost-per-active-user/,zh,guide,014,memberships,software-seat-cost-per-active-user,軟體每位活躍使用者成本：找出沒用到的席次,軟體每位活躍使用者成本：找出沒用到的席次,730,1,0,true,2,2026-09-02,true,2026-09-02,PR #133
https://worthcalc.win/zh/guides/solar-inverter-electricity-cost-per-monitoring-day-used/,zh,guide,124,everyday,solar-inverter-electricity-cost-per-monitoring-day-used,太陽能逆變器每天監控電費：分開待機、轉換與通訊耗電,太陽能逆變器每天監控電費：分開待機、轉換與通訊耗電,793,2,4,false,3,2026-09-03,true,2026-09-03,PR #155
https://worthcalc.win/zh/guides/soldering-iron-electricity-cost-per-repair-hour-used/,zh,guide,110,everyday,soldering-iron-electricity-cost-per-repair-hour-used,電烙鐵每維修小時電費：把預熱與休眠分開,電烙鐵每維修小時電費：把預熱與休眠分開,860,6,5,false,4,2026-09-03,true,2026-09-03,PR #153
https://worthcalc.win/zh/guides/soundbar-electricity-cost-per-watched-hour-used/,zh,guide,081,everyday,soundbar-electricity-cost-per-watched-hour-used,Soundbar 每觀看小時電費：分開播放與待機,Soundbar 每觀看小時電費：分開播放與待機,1014,5,4,false,5,2026-09-03,true,2026-09-03,無資料
https://worthcalc.win/zh/guides/stand-mixer-cost-per-mixing-session-used/,zh,guide,063,everyday,stand-mixer-cost-per-mixing-session-used,桌上型攪拌機每次攪拌成本：計入馬達時間與配件,桌上型攪拌機每次攪拌成本：計入馬達時間與配件,529,5,4,false,4,2026-09-02,true,2026-09-02,無資料
https://worthcalc.win/zh/guides/standby-power-cost-per-day-used/,zh,guide,040,everyday,standby-power-cost-per-day-used,待機電力每天成本：量測插座負載與它維持的服務,待機電力每天成本：量測插座負載與它維持的服務,609,9,5,false,2,2026-09-02,true,2026-09-02,無資料
https://worthcalc.win/zh/guides/step-rate-loan-total-cost/,zh,guide,005,debt-credit,step-rate-loan-total-cost,前低後高的優惠貸款怎麼比？不要只看第一段利率，先畫完整付款路徑,前低後高的優惠貸款怎麼比？不要只看第一段利率，先畫完整付款路徑,2356,3,0,true,3,2026-08-31,true,2026-09-02,PR #120
https://worthcalc.win/zh/guides/streaming-cost-per-watched-hour/,zh,guide,015,memberships,streaming-cost-per-watched-hour,串流訂閱每小時觀看成本：廣告、加購與自動續訂都要算,串流訂閱每小時觀看成本：廣告、加購與自動續訂都要算,685,2,0,true,2,2026-09-02,true,2026-09-02,PR #134
https://worthcalc.win/zh/guides/subscription-opportunity-cost/,zh,guide,002,memberships,subscription-opportunity-cost,"訂閱的機會成本怎麼算？每月499元，10年不只是59,880元","訂閱的機會成本怎麼算？每月499元，10年不只是59,880元",2433,3,4,true,1,2026-08-30,true,2026-09-02,PR #120
https://worthcalc.win/zh/guides/subscription-price-increase-annual-impact/,zh,guide,011,memberships,subscription-price-increase-annual-impact,訂閱漲價一年多付多少？把生效日期與實際使用期算進預算,訂閱漲價一年多付多少？把生效日期與實際使用期算進預算,1024,2,4,true,2,2026-09-02,true,2026-09-02,PR #130
https://worthcalc.win/zh/guides/television-electricity-cost-per-watched-hour-used/,zh,guide,043,everyday,television-electricity-cost-per-watched-hour-used,電視每觀看一小時用電成本：計入畫面模式與串流設備,電視每觀看一小時用電成本：計入畫面模式與串流設備,559,3,5,false,2,2026-09-02,true,2026-09-02,PR #141
https://worthcalc.win/zh/guides/terrarium-heat-lamp-electricity-cost-per-heating-hour-used/,zh,guide,114,everyday,terrarium-heat-lamp-electricity-cost-per-heating-hour-used,爬蟲箱加熱燈每加熱小時電費：把定時器時間算清楚,爬蟲箱加熱燈每加熱小時電費：把定時器時間算清楚,997,6,5,false,4,2026-09-03,true,2026-09-03,PR #154
https://worthcalc.win/zh/guides/toaster-cost-per-use-used/,zh,guide,056,everyday,toaster-cost-per-use-used,烤麵包機每次使用成本,烤麵包機每次使用成本,653,5,4,false,4,2026-09-02,true,2026-09-02,無資料
https://worthcalc.win/zh/guides/tool-rental-cost-per-project/,zh,guide,015,everyday,tool-rental-cost-per-project,工具租借每個專案成本：把租借天數和購買比較,工具租借每個專案成本：把租借天數和購買比較,682,1,0,true,1,2026-09-02,true,2026-09-02,PR #134
https://worthcalc.win/zh/guides/trade-in-vs-private-sale-net-proceeds/,zh,guide,007,transportation,trade-in-vs-private-sale-net-proceeds,舊車 Trade-in vs 自己賣怎麼選？不要比報價，先比真正淨收入與時間成本,舊車 Trade-in vs 自己賣怎麼選？不要比報價，先比真正淨收入與時間成本,2970,3,3,true,3,2026-09-01,true,2026-09-02,PR #121
https://worthcalc.win/zh/guides/training-certification-break-even/,zh,guide,008,income-savings,training-certification-break-even,自費證照／課程多久回本？不要用「可能加薪」當保證，先算可驗證的回本門檻,自費證照／課程多久回本？不要用「可能加薪」當保證，先算可驗證的回本門檻,2465,3,2,true,0,2026-09-01,true,2026-09-02,PR #121
https://worthcalc.win/zh/guides/transit-pass-cost-per-ride-used/,zh,guide,015,transportation,transit-pass-cost-per-ride-used,交通月票每次搭乘成本：把轉乘、跨區與沒通勤的日子算進去,交通月票每次搭乘成本：把轉乘、跨區與沒通勤的日子算進去,684,1,0,true,1,2026-09-02,true,2026-09-02,PR #134
https://worthcalc.win/zh/guides/transit-pass-vs-pay-as-you-go-usage-break-even/,zh,guide,009,transportation,transit-pass-vs-pay-as-you-go-usage-break-even,通勤月票 vs 單次付費怎麼選？用「實際通勤天數」而不是每天都上班的假設算回本,通勤月票 vs 單次付費怎麼選？用「實際通勤天數」而不是每天都上班的假設算回本,2517,2,0,true,0,2026-09-01,true,2026-09-02,PR #121
https://worthcalc.win/zh/guides/true-cost-of-buy-now-pay-later/,zh,guide,013,debt-credit,true-cost-of-buy-now-pay-later,先買後付的真實成本：把費用、扣款時間與付款風險算進去,先買後付的真實成本：把費用、扣款時間與付款風險算進去,800,1,3,true,2,2026-09-02,true,2026-09-02,PR #132
https://worthcalc.win/zh/guides/true-cost-of-convenience-delivery/,zh,guide,013,memberships,true-cost-of-convenience-delivery,便利配送的真實成本怎麼算？把服務費、小費與時間放進去,便利配送的真實成本怎麼算？把服務費、小費與時間放進去,887,8,3,true,1,2026-09-02,true,2026-09-02,PR #132
https://worthcalc.win/zh/guides/true-cost-of-extended-warranty/,zh,guide,013,everyday,true-cost-of-extended-warranty,延長保固的真實成本：和維修預備金比較保障範圍,延長保固的真實成本：和維修預備金比較保障範圍,806,1,3,true,1,2026-09-02,true,2026-09-02,PR #132
https://worthcalc.win/zh/guides/true-cost-of-free-shipping-threshold/,zh,guide,013,everyday,true-cost-of-free-shipping-threshold,免運門檻的真實成本：湊單後是否反而多花錢？,免運門檻的真實成本：湊單後是否反而多花錢？,801,2,3,true,1,2026-09-02,true,2026-09-02,PR #132
https://worthcalc.win/zh/guides/true-cost-of-home-service-plan/,zh,guide,013,housing,true-cost-of-home-service-plan,居家服務方案的真實成本：只為真正會用到的保障付費,居家服務方案的真實成本：只為真正會用到的保障付費,806,2,3,true,2,2026-09-02,true,2026-09-02,PR #132
https://worthcalc.win/zh/guides/true-cost-of-rental-car/,zh,guide,013,transportation,true-cost-of-rental-car,租車的真實成本怎麼算？加入油錢、保險、押金與時間,租車的真實成本怎麼算？加入油錢、保險、押金與時間,790,1,3,true,1,2026-09-02,true,2026-09-02,PR #132
https://worthcalc.win/zh/guides/true-cost-of-upgrade-feature/,zh,guide,013,memberships,true-cost-of-upgrade-feature,付費功能升級的真實成本：算增量價值，不要只看功能清單,付費功能升級的真實成本：算增量價值，不要只看功能清單,792,1,3,true,1,2026-09-02,true,2026-09-02,PR #132
https://worthcalc.win/zh/guides/unused-membership-capacity-cost/,zh,guide,010,memberships,unused-membership-capacity-cost,會員額度用不完怎麼算？找出未使用福利的實際成本,會員額度用不完怎麼算？找出未使用福利的實際成本,736,5,2,true,1,2026-09-02,true,2026-09-02,PR #123
https://worthcalc.win/zh/guides/usb-charging-hub-electricity-cost-per-charging-session-used/,zh,guide,098,everyday,usb-charging-hub-electricity-cost-per-charging-session-used,USB 充電集線器每次充電工作電費：一起量測多台設備,USB 充電集線器每次充電工作電費：一起量測多台設備,764,6,4,false,7,2026-09-03,true,2026-09-03,PR #151
https://worthcalc.win/zh/guides/vacuum-cleaner-electricity-cost-per-cleaning-hour-used/,zh,guide,047,everyday,vacuum-cleaner-electricity-cost-per-cleaning-hour-used,吸塵器每清潔一小時用電成本：量測真正工作時段,吸塵器每清潔一小時用電成本：量測真正工作時段,574,4,4,false,2,2026-09-02,true,2026-09-02,PR #142
https://worthcalc.win/zh/guides/variable-bonus-income-fixed-obligations/,zh,guide,006,income-savings,variable-bonus-income-fixed-obligations,獎金制收入怎麼抓固定支出？不要用最好月份養固定成本,獎金制收入怎麼抓固定支出？不要用最好月份養固定成本,2518,4,4,true,1,2026-09-02,true,2026-09-02,PR #121
https://worthcalc.win/zh/guides/waffle-maker-cost-per-cooking-cycle-used/,zh,guide,061,everyday,waffle-maker-cost-per-cooking-cycle-used,鬆餅機每次烹調循環成本：計入預熱與重複烘烤,鬆餅機每次烹調循環成本：計入預熱與重複烘烤,521,5,4,false,4,2026-09-02,true,2026-09-02,無資料
https://worthcalc.win/zh/guides/water-bill-cost-per-gallon-used/,zh,guide,020,everyday,water-bill-cost-per-gallon-used,每使用一加侖的水費成本：污水費與固定費不能漏,每使用一加侖的水費成本：污水費與固定費不能漏,735,4,5,true,2,2026-09-02,true,2026-09-02,PR #137
https://worthcalc.win/zh/guides/water-cooler-electricity-cost-per-cooling-day-used/,zh,guide,103,everyday,water-cooler-electricity-cost-per-cooling-day-used,飲水機每冷卻日電費：分開冷水與熱水模式,飲水機每冷卻日電費：分開冷水與熱水模式,744,6,4,false,7,2026-09-03,true,2026-09-03,PR #152
https://worthcalc.win/zh/guides/water-heater-cost-per-gallon-heated/,zh,guide,025,everyday,water-heater-cost-per-gallon-heated,熱水器每加熱一加侖成本：分開熱水供應與待機成本,熱水器每加熱一加侖成本：分開熱水供應與待機成本,527,4,4,false,2,2026-09-02,true,2026-09-02,PR #138
https://worthcalc.win/zh/guides/webcam-electricity-cost-per-meeting-hour-used/,zh,guide,095,everyday,webcam-electricity-cost-per-meeting-hour-used,網路攝影機每次會議小時電費：分開鏡頭與補光模式,網路攝影機每次會議小時電費：分開鏡頭與補光模式,813,6,5,false,7,2026-09-03,true,2026-09-03,PR #151
https://worthcalc.win/zh/guides/windfall-debt-vs-cash-allocation/,zh,guide,005,debt-credit,windfall-debt-vs-cash-allocation,年終獎金先還債還是留現金？用利率、缺口與再借款風險分配大筆收入,年終獎金先還債還是留現金？用利率、缺口與再借款風險分配大筆收入,2415,3,0,true,3,2026-08-31,true,2026-09-02,PR #120
https://worthcalc.win/zh/guides/work-equipment-reimbursement-break-even/,zh,guide,008,everyday,work-equipment-reimbursement-break-even,工作設備要自己買嗎？公司補助、報銷等待期、殘值與自付成本完整算法,工作設備要自己買嗎？公司補助、報銷等待期、殘值與自付成本完整算法,2395,2,2,true,0,2026-09-01,true,2026-09-02,PR #121
https://worthcalc.win/zh/gym-membership-cost-per-visit/,zh,index,,memberships,gym-membership-cost-per-visit,健身房會員每次成本怎麼算？一個月要去幾次才划算,健身房會員每次成本怎麼算？一個月要去幾次才划算,1650,2,0,true,2,,false,無資料,無資料
https://worthcalc.win/zh/home-vs-public-ev-charging-cost/,zh,index,,transportation,home-vs-public-ev-charging-cost,家用充電和公共快充差多少？電動車每公里成本怎麼算,家用充電和公共快充差多少？電動車每公里成本怎麼算,2365,2,1,true,3,,false,無資料,無資料
https://worthcalc.win/zh/hourly-vs-annual-salary/,zh,index,,income-savings,hourly-vs-annual-salary,時薪換算年薪怎麼算才公平？加班費倍率與基本工資要先搞懂,時薪換算年薪怎麼算才公平？加班費倍率與基本工資要先搞懂,1880,3,1,false,2,,false,無資料,無資料
https://worthcalc.win/zh/how-compound-growth-works/,zh,index,,income-savings,how-compound-growth-works,複利怎麼算？定存利率追不上通膨時，錢放哪裡才有感,複利怎麼算？定存利率追不上通膨時，錢放哪裡才有感,2031,4,1,false,2,,false,無資料,無資料
https://worthcalc.win/zh/how-much-home-can-you-afford/,zh,index,,housing,how-much-home-can-you-afford,購屋能力怎麼算？房貸成數、房屋稅與地價稅都要算進去,購屋能力怎麼算？房貸成數、房屋稅與地價稅都要算進去,2284,3,1,false,3,,false,無資料,無資料
https://worthcalc.win/zh/how-to-calculate-dti/,zh,index,,debt-credit,how-to-calculate-dti,負債比怎麼算？DBR22倍跟房貸月付比是兩件事,負債比怎麼算？DBR22倍跟房貸月付比是兩件事,2347,3,1,true,3,,false,無資料,無資料
https://worthcalc.win/zh/how-to-calculate-net-worth/,zh,index,,income-savings,how-to-calculate-net-worth,淨資產怎麼算？資產負債完整清單與計算範例｜WorthCalc,淨資產怎麼算？資產、負債與「看起來有錢」的差別,2333,6,4,false,2,,true,無資料,無資料
https://worthcalc.win/zh/how-to-calculate-savings-rate/,zh,index,,income-savings,how-to-calculate-savings-rate,儲蓄率怎麼算？稅前／稅後與房貸本金完整說明｜WorthCalc,儲蓄率怎麼算？用稅前收入還是稅後收入，還本金算不算？,2046,10,4,true,3,,true,無資料,無資料
https://worthcalc.win/zh/installment-apr-table/,zh,index,,debt-credit,installment-apr-table,分期手續費換算年利率對照表：3% 手續費不是 3% 利率,分期手續費換算年利率對照表：3% 手續費不是 3% 利率,1337,2,4,false,0,,false,2026-07-28,PR #100
https://worthcalc.win/zh/is-an-extended-warranty-worth-it/,zh,index,,everyday,is-an-extended-warranty-worth-it,延長保固值得買嗎？比較價格、故障機率與維修費,延長保固值得買嗎？比較價格、故障機率與維修費,1564,2,0,true,3,,false,無資料,無資料
https://worthcalc.win/zh/is-costco-executive-membership-worth-it/,zh,index,,memberships,is-costco-executive-membership-worth-it,好市多黑鑽卡值得升級嗎？2026 回本門檻與 2% 排除項目,好市多黑鑽卡值得升級嗎？2026 回本門檻與 2% 排除項目,1127,2,1,true,2,,false,無資料,無資料
https://worthcalc.win/zh/job-offer-true-value-decision-engine/,zh,index,,everyday,job-offer-true-value-decision-engine,Job Offer True Value Decision Engine,Job Offer True Value Decision Engine,481,0,0,true,2,,false,無資料,無資料
https://worthcalc.win/zh/liquid-net-worth-explained/,zh,index,,income-savings,liquid-net-worth-explained,流動淨資產是什麼？和淨資產差在哪｜WorthCalc,流動淨資產是什麼？為什麼總淨資產很高，仍可能缺現金,2007,6,5,false,1,,true,無資料,無資料
https://worthcalc.win/zh/loan-term-vs-total-interest/,zh,index,,debt-credit,loan-term-vs-total-interest,貸款期數 vs 月付與總利息：36／60／84 期怎麼看｜WorthCalc,貸款期數越長越輕鬆？月付變低，總利息為什麼可能更高,1984,7,6,true,3,,true,無資料,無資料
https://worthcalc.win/zh/meal-prep-vs-takeout-cost/,zh,index,,everyday,meal-prep-vs-takeout-cost,自煮備餐還是外食？食材、時間、耗損與外送費計算器,自煮備餐還是外食？食材、時間、耗損與外送費計算器,1221,1,0,true,2,,false,無資料,無資料
https://worthcalc.win/zh/monthly-vs-annual-subscription/,zh,index,,memberships,monthly-vs-annual-subscription,訂閱月繳還是年繳？用使用月數與取消風險算出答案,訂閱月繳還是年繳？用使用月數與取消風險算出答案,1831,2,1,false,2,,false,無資料,無資料
https://worthcalc.win/zh/new-vs-used-car-total-cost/,zh,index,,transportation,new-vs-used-car-total-cost,新車還是中古車？折舊、維修、貸款與轉售怎麼比較,新車還是中古車？折舊、維修、貸款與轉售怎麼比較,2486,3,1,true,4,,false,無資料,無資料
https://worthcalc.win/zh/opportunity-cost-everyday/,zh,index,,everyday,opportunity-cost-everyday,什麼是機會成本？五個日常例子講清楚這個最重要的隱形帳,什麼是機會成本？五個日常例子講清楚這個最重要的隱形帳,1248,6,3,false,0,,false,2026-07-25,PR #98
https://worthcalc.win/zh/paid-membership-break-even/,zh,index,,memberships,paid-membership-break-even,付費會員要用幾次才回本？會員回本計算方法,付費會員要用幾次才回本？會員回本計算方法,1314,2,1,false,2,,false,無資料,無資料
https://worthcalc.win/zh/pay-raise-vs-inflation-purchasing-power/,zh,index,,income-savings,pay-raise-vs-inflation-purchasing-power,加薪有追上通膨嗎？計算實質購買力變化,加薪有追上通膨嗎？計算實質購買力變化,1110,3,0,true,2,,false,無資料,無資料
https://worthcalc.win/zh/price-in-work-hours/,zh,index,,everyday,price-in-work-hours,這個東西值幾小時的你？工時定價法與真實時薪的算法,這個東西值幾小時的你？工時定價法與真實時薪的算法,1242,3,0,false,0,,false,2026-07-23,PR #95
https://worthcalc.win/zh/price-per-wear-clothing-shoes/,zh,index,,everyday,price-per-wear-clothing-shoes,每次穿著成本怎麼算？用真實次數比較衣服和鞋子,每次穿著成本怎麼算？用真實次數比較衣服和鞋子,1045,2,0,true,2,,false,無資料,無資料
https://worthcalc.win/zh/privacy/,zh,legal,,everyday,privacy,隱私權政策,隱私權政策,1207,1,0,false,3,,false,2026-07-03,無資料
https://worthcalc.win/zh/rent-vs-buy-breakeven-year/,zh,index,,housing,rent-vs-buy-breakeven-year,買房住幾年才可能比租屋划算？損益年分計算,買房住幾年才可能比租屋划算？損益年分計算,2449,2,1,true,3,,false,無資料,無資料
https://worthcalc.win/zh/rent-vs-buy-guide/,zh,index,,housing,rent-vs-buy-guide,租屋還是買房？真正會改變答案的關鍵數字,租屋還是買房？真正會改變答案的關鍵數字,2390,4,2,false,2,,false,2026-07-03,無資料
https://worthcalc.win/zh/repair-or-replace-decision-formula/,zh,index,,everyday,repair-or-replace-decision-formula,維修還是換新？家電、手機與車輛的實用判斷公式,維修還是換新？家電、手機與車輛的實用判斷公式,1592,2,0,true,3,,false,無資料,無資料
https://worthcalc.win/zh/return-to-office-cost/,zh,index,,transportation,return-to-office-cost,回辦公室上班成本計算器：每週從 N 天改成 M 天，一年現金差多少？,回辦公室上班成本計算器：每週從 N 天改成 M 天，一年現金差多少？,1420,2,2,true,0,,false,2026-08-07,PR #112
https://worthcalc.win/zh/reusable-vs-disposable-break-even/,zh,index,,everyday,reusable-vs-disposable-break-even,重複使用或一次性用品：真正回本次數與每次成本,重複使用或一次性用品：真正回本次數與每次成本,1094,1,0,true,2,,false,無資料,無資料
https://worthcalc.win/zh/rule-of-72-explained/,zh,index,,income-savings,rule-of-72-explained,72 法則：一條心算就能懂複利的捷徑（和它失準的時候）,72 法則：一條心算就能懂複利的捷徑（和它失準的時候）,1321,2,2,false,0,,false,2026-07-28,PR #100
https://worthcalc.win/zh/simple-vs-compound-interest/,zh,index,,income-savings,simple-vs-compound-interest,簡單利息 vs 複利完整解釋：公式與借款範例｜WorthCalc,簡單利息 vs 複利差在哪？存款、投資與債務為什麼不能只看年利率,1889,4,4,true,3,,true,無資料,無資料
https://worthcalc.win/zh/snowball-vs-avalanche/,zh,index,,debt-credit,snowball-vs-avalanche,卡債、信貸一起還：雪球法還是雪崩法比較快清完？,卡債、信貸一起還：雪球法還是雪崩法比較快清完？,1925,3,1,false,2,,false,無資料,無資料
https://worthcalc.win/zh/subscription-creep/,zh,index,,memberships,subscription-creep,訂閱通膨：你一年到底花了多少錢？,訂閱通膨：你一年到底花了多少錢？,1967,7,3,false,2,,false,2026-07-03,無資料
https://worthcalc.win/zh/sunk-cost-fallacy-everyday/,zh,index,,everyday,sunk-cost-fallacy-everyday,什麼是沉沒成本謬誤？「都花錢了」如何讓人越虧越多,什麼是沉沒成本謬誤？「都花錢了」如何讓人越虧越多,1456,3,2,false,0,,false,2026-07-28,PR #100
https://worthcalc.win/zh/terms/,zh,legal,,everyday,terms,使用條款,使用條款,582,0,1,false,0,,false,2026-07-03,無資料
https://worthcalc.win/zh/tools/,zh,index,,everyday,tools,全部計算機,全部計算機,1312,9,24,true,0,,false,2026-09-06,PR #161
https://worthcalc.win/zh/tools/budget-builder/,zh,tool,,income-savings,budget-builder,不固定收入月預算建立器,不固定收入月預算建立器,1925,38,25,true,2,2026-07-31,false,2026-07-23,PR #93
https://worthcalc.win/zh/tools/car-affordability/,zh,tool,,transportation,car-affordability,汽車負擔能力與完整月成本計算機,汽車負擔能力與完整月成本計算機,1554,9,8,true,2,2026-07-31,false,2026-07-23,PR #93
https://worthcalc.win/zh/tools/cashback-breakeven/,zh,tool,,debt-credit,cashback-breakeven,信用卡回饋打平計算機,信用卡回饋打平計算機,854,11,4,true,0,,false,2026-07-03,無資料
https://worthcalc.win/zh/tools/commute-cost/,zh,tool,,transportation,commute-cost,通勤成本計算機：每公里、每月與全年車馬費,通勤成本計算機：每公里、每月與全年車馬費,2901,12,7,true,2,,false,2026-07-03,無資料
https://worthcalc.win/zh/tools/compound-growth/,zh,tool,,income-savings,compound-growth,複利成長與儲蓄目標計算機,複利成長與儲蓄目標計算機,1466,7,5,true,2,2026-07-31,false,2026-07-23,PR #93
https://worthcalc.win/zh/tools/cost-per-mile/,zh,tool,,transportation,cost-per-mile,每公里成本計算機：汽車／機車養車總成本,每公里成本計算機：汽車／機車養車總成本,2513,4,3,true,0,,false,2026-08-07,PR #111
https://worthcalc.win/zh/tools/costco-membership/,zh,tool,,memberships,costco-membership,Costco 會員回本計算機：金星與尊榮哪個划算？,Costco 會員回本計算機：金星與尊榮哪個划算？,1405,10,6,true,2,,false,2026-07-03,無資料
https://worthcalc.win/zh/tools/credit-card-payoff/,zh,tool,,debt-credit,credit-card-payoff,信用卡循環利息與清償時間計算機,信用卡循環利息與清償時間計算機,1400,5,2,true,2,2026-07-31,false,2026-07-23,PR #93
https://worthcalc.win/zh/tools/debt-strategy/,zh,tool,,debt-credit,debt-strategy,債務雪球法 vs 雪崩法比較工具,債務雪球法 vs 雪崩法比較工具,1346,4,1,true,2,2026-07-31,false,2026-07-23,PR #93
https://worthcalc.win/zh/tools/dti-calculator/,zh,tool,,debt-credit,dti-calculator,負債比 DBR 與房貸收支比計算機,負債比 DBR 與房貸收支比計算機,1469,6,2,true,2,2026-07-31,false,2026-07-23,PR #93
https://worthcalc.win/zh/tools/ev-vs-gas/,zh,tool,,transportation,ev-vs-gas,電動機車 vs 油車總持有成本計算機,電動機車 vs 油車總持有成本計算機,948,6,4,true,0,,false,2026-07-03,無資料
https://worthcalc.win/zh/tools/home-affordability/,zh,tool,,housing,home-affordability,房屋負擔能力與完整持有成本計算機,房屋負擔能力與完整持有成本計算機,1488,4,1,true,2,2026-07-31,false,2026-07-23,PR #93
https://worthcalc.win/zh/tools/installment-true-apr/,zh,tool,,debt-credit,installment-true-apr,分期付款真實 APR 計算機,分期付款真實 APR 計算機,1329,15,6,true,0,,false,2026-07-03,無資料
https://worthcalc.win/zh/tools/latte-factor/,zh,tool,,everyday,latte-factor,拿鐵因子日常習慣成本計算機,拿鐵因子日常習慣成本計算機,834,9,5,true,0,,false,2026-07-03,無資料
https://worthcalc.win/zh/tools/mortgage-payoff/,zh,tool,,housing,mortgage-payoff,房貸多繳與提前清償試算工具,房貸多繳與提前清償試算工具,1538,5,6,true,2,2026-07-31,false,2026-07-23,PR #93
https://worthcalc.win/zh/tools/rent-vs-buy/,zh,tool,,housing,rent-vs-buy,租屋 vs 買房計算機,租屋 vs 買房計算機,891,8,4,true,0,,false,2026-07-03,無資料
https://worthcalc.win/zh/tools/salary-converter/,zh,tool,,income-savings,salary-converter,時薪、月薪與年薪換算工具,時薪、月薪與年薪換算工具,1309,3,1,true,2,2026-07-31,false,2026-07-23,PR #93
https://worthcalc.win/zh/tools/subscription-audit/,zh,tool,,memberships,subscription-audit,訂閱支出健檢計算機,訂閱支出健檢計算機,869,11,6,true,0,,false,2026-07-03,無資料
https://worthcalc.win/zh/topics/debt-credit/,zh,topic-hub,,debt-credit,debt-credit,債務與信用,債務與信用,702,3,19,true,0,,false,2026-09-06,PR #161
https://worthcalc.win/zh/topics/everyday/,zh,topic-hub,,everyday,everyday,日常回本門檻,日常回本門檻,495,3,15,false,0,,false,2026-09-06,PR #161
https://worthcalc.win/zh/topics/housing/,zh,topic-hub,,housing,housing,住房與負擔能力,住房與負擔能力,594,3,15,false,0,,false,2026-09-06,PR #161
https://worthcalc.win/zh/topics/income-savings/,zh,topic-hub,,income-savings,income-savings,收入、儲蓄與成長,收入、儲蓄與成長,619,3,17,false,0,,false,2026-09-06,PR #161
https://worthcalc.win/zh/topics/memberships/,zh,topic-hub,,memberships,memberships,訂閱與會員,訂閱與會員,503,3,16,false,0,,false,2026-09-06,PR #161
https://worthcalc.win/zh/topics/transportation/,zh,topic-hub,,everyday,transportation,交通與持有成本,交通與持有成本,641,3,18,false,0,,false,2026-09-06,PR #161
https://worthcalc.win/zh/true-cost-of-car-ownership/,zh,index,,transportation,true-cost-of-car-ownership,養車一個月多少錢？牌照稅、燃料費、強制險都算進去才是真成本,養車一個月多少錢？牌照稅、燃料費、強制險都算進去才是真成本,1897,4,1,false,2,,false,無資料,無資料
https://worthcalc.win/zh/true-hourly-wage-after-commuting-work-expenses/,zh,index,,income-savings,true-hourly-wage-after-commuting-work-expenses,扣掉通勤和工作支出後，你的真實時薪是多少,扣掉通勤和工作支出後，你的真實時薪是多少,1187,3,0,true,2,,false,無資料,無資料
https://worthcalc.win/zh/upfront-fees-financing-cost/,zh,index,,debt-credit,upfront-fees-financing-cost,開辦費與手續費如何拉高分期真實成本,開辦費與手續費如何拉高分期真實成本,2467,2,2,false,3,,false,無資料,無資料
https://worthcalc.win/zh/upgrade-your-phone-or-keep-it/,zh,index,,everyday,upgrade-your-phone-or-keep-it,手機該換還是繼續用？比較維修、舊換新、資費與每月成本,手機該換還是繼續用？比較維修、舊換新、資費與每月成本,1666,2,0,true,3,,false,無資料,無資料
https://worthcalc.win/zh/work-from-home-vs-commuting-hidden-costs/,zh,index,,transportation,work-from-home-vs-commuting-hidden-costs,在家工作還是通勤？比較每月隱藏成本,在家工作還是通勤？比較每月隱藏成本,1940,2,0,true,4,,false,無資料,無資料
https://worthcalc.win/zh/zero-interest-installments-truth/,zh,index,,debt-credit,zero-interest-installments-truth,0 利率分期真的零利率嗎？分期手續費年利率怎麼算,0 利率分期真的零利率嗎？分期手續費年利率怎麼算,2288,9,3,false,2,,false,2026-07-03,無資料
