url,action,target,reason,gsc_impressions_3m,locale,route_type
https://worthcalc.win/,keep,,規則3：首頁／法務／索引／topic-hub 結構頁；coverageState=已提交並建立索引；90d_impressions=116,116,en,home
https://worthcalc.win/ar/guides/3d-printer-electricity-cost-per-print-used/,deindex,,規則4：locale=ar 全部軟下架；coverageState=Google 無法辨識的網址；90d_impressions=無資料,無資料,ar,guide
https://worthcalc.win/ar/guides/3d-scanner-electricity-cost-per-scanning-session-used/,deindex,,規則4：locale=ar 全部軟下架；coverageState=Google 無法辨識的網址；90d_impressions=無資料,無資料,ar,guide
https://worthcalc.win/ar/guides/air-fryer-cost-per-cooking-cycle-used/,deindex,,規則4：locale=ar 全部軟下架；coverageState=Google 無法辨識的網址；90d_impressions=無資料,無資料,ar,guide
https://worthcalc.win/ar/guides/air-purifier-cost-per-clean-air-hour-used/,deindex,,規則4：locale=ar 全部軟下架；coverageState=Google 無法辨識的網址；90d_impressions=無資料,無資料,ar,guide
https://worthcalc.win/ar/guides/annual-cost-savings-calculator/,deindex,,規則4：locale=ar 全部軟下架；coverageState=Google 無法辨識的網址；90d_impressions=無資料,無資料,ar,guide
https://worthcalc.win/ar/guides/aquarium-air-pump-electricity-cost-per-filtration-day-used/,deindex,,規則4：locale=ar 全部軟下架；coverageState=Google 無法辨識的網址；90d_impressions=無資料,無資料,ar,guide
https://worthcalc.win/ar/guides/aquarium-heater-electricity-cost-per-tank-day-used/,deindex,,規則4：locale=ar 全部軟下架；coverageState=Google 無法辨識的網址；90d_impressions=無資料,無資料,ar,guide
https://worthcalc.win/ar/guides/attic-fan-electricity-cost-per-ventilation-hour-used/,deindex,,規則4：locale=ar 全部軟下架；coverageState=Google 無法辨識的網址；90d_impressions=無資料,無資料,ar,guide
https://worthcalc.win/ar/guides/bathroom-ventilation-fan-electricity-cost-per-shower-used/,deindex,,規則4：locale=ar 全部軟下架；coverageState=Google 無法辨識的網址；90d_impressions=無資料,無資料,ar,guide
https://worthcalc.win/ar/guides/billing-date-cash-flow-overlap/,deindex,,規則4：locale=ar 全部軟下架；coverageState=Google 無法辨識的網址；90d_impressions=無資料,無資料,ar,guide
https://worthcalc.win/ar/guides/blender-cost-per-blending-session-used/,deindex,,規則4：locale=ar 全部軟下架；coverageState=Google 無法辨識的網址；90d_impressions=無資料,無資料,ar,guide
https://worthcalc.win/ar/guides/bread-maker-cost-per-loaf-used/,deindex,,規則4：locale=ar 全部軟下架；coverageState=Google 無法辨識的網址；90d_impressions=無資料,無資料,ar,guide
https://worthcalc.win/ar/guides/ceiling-fan-cost-per-operating-hour-used/,deindex,,規則4：locale=ar 全部軟下架；coverageState=Google 無法辨識的網址；90d_impressions=無資料,無資料,ar,guide
https://worthcalc.win/ar/guides/ceiling-fan-electricity-cost-per-cooling-hour-used/,deindex,,規則4：locale=ar 全部軟下架；coverageState=Google 無法辨識的網址；90d_impressions=無資料,無資料,ar,guide
https://worthcalc.win/ar/guides/childcare-cost-per-hour-used/,deindex,,規則4：locale=ar 全部軟下架；coverageState=Google 無法辨識的網址；90d_impressions=無資料,無資料,ar,guide
https://worthcalc.win/ar/guides/clothes-dryer-cost-per-load-used/,deindex,,規則4：locale=ar 全部軟下架；coverageState=Google 無法辨識的網址；90d_impressions=無資料,無資料,ar,guide
https://worthcalc.win/ar/guides/cloud-storage-cost-per-retained-gb/,deindex,,規則4：locale=ar 全部軟下架；coverageState=Google 無法辨識的網址；90d_impressions=無資料,無資料,ar,guide
https://worthcalc.win/ar/guides/coffee-maker-cost-per-brew-used/,deindex,,規則4：locale=ar 全部軟下架；coverageState=Google 無法辨識的網址；90d_impressions=無資料,無資料,ar,guide
https://worthcalc.win/ar/guides/computer-electricity-cost-per-day-used/,deindex,,規則4：locale=ar 全部軟下架；coverageState=Google 無法辨識的網址；90d_impressions=無資料,無資料,ar,guide
https://worthcalc.win/ar/guides/cost-per-use-kitchen-appliance/,deindex,,規則4：locale=ar 全部軟下架；coverageState=Google 無法辨識的網址；90d_impressions=無資料,無資料,ar,guide
https://worthcalc.win/ar/guides/cost-per-wear-clothing/,deindex,,規則4：locale=ar 全部軟下架；coverageState=Google 無法辨識的網址；90d_impressions=無資料,無資料,ar,guide
https://worthcalc.win/ar/guides/costco-executive-break-even-eligible-spend/,deindex,,規則4：locale=ar 全部軟下架；coverageState=Google 無法辨識的網址；90d_impressions=無資料,無資料,ar,guide
https://worthcalc.win/ar/guides/costco-gas-detour-break-even/,deindex,,規則4：locale=ar 全部軟下架；coverageState=Google 無法辨識的網址；90d_impressions=無資料,無資料,ar,guide
https://worthcalc.win/ar/guides/costco-household-card-break-even-use/,deindex,,規則4：locale=ar 全部軟下架；coverageState=Google 無法辨識的網址；90d_impressions=無資料,無資料,ar,guide
https://worthcalc.win/ar/guides/costco-membership-fee-break-even-savings/,deindex,,規則4：locale=ar 全部軟下架；coverageState=Google 無法辨識的網址；90d_impressions=無資料,無資料,ar,guide
https://worthcalc.win/ar/guides/costco-renewal-refund-reward-timing/,deindex,,規則4：locale=ar 全部軟下架；coverageState=Google 無法辨識的網址；90d_impressions=無資料,無資料,ar,guide
https://worthcalc.win/ar/guides/costco-reward-cap-usage-break-even/,deindex,,規則4：locale=ar 全部軟下架；coverageState=Google 無法辨識的網址；90d_impressions=無資料,無資料,ar,guide
https://worthcalc.win/ar/guides/costco-reward-exclusion-effective-rate/,deindex,,規則4：locale=ar 全部軟下架；coverageState=Google 無法辨識的網址；90d_impressions=無資料,無資料,ar,guide
https://worthcalc.win/ar/guides/countertop-ice-maker-cost-per-batch-used/,deindex,,規則4：locale=ar 全部軟下架；coverageState=Google 無法辨識的網址；90d_impressions=無資料,無資料,ar,guide
https://worthcalc.win/ar/guides/coworking-membership-cost-per-day/,deindex,,規則4：locale=ar 全部軟下架；coverageState=Google 無法辨識的網址；90d_impressions=無資料,無資料,ar,guide
https://worthcalc.win/ar/guides/dehumidifier-cost-per-pint-removed/,deindex,,規則4：locale=ar 全部軟下架；coverageState=Google 無法辨識的網址；90d_impressions=無資料,無資料,ar,guide
https://worthcalc.win/ar/guides/dehumidifier-electricity-cost-per-laundry-drying-session-used/,deindex,,規則4：locale=ar 全部軟下架；coverageState=Google 無法辨識的網址；90d_impressions=無資料,無資料,ar,guide
https://worthcalc.win/ar/guides/desk-fan-electricity-cost-per-cooling-hour-used/,deindex,,規則4：locale=ar 全部軟下架；coverageState=Google 無法辨識的網址；90d_impressions=無資料,無資料,ar,guide
https://worthcalc.win/ar/guides/desktop-speakers-electricity-cost-per-listening-hour-used/,deindex,,規則4：locale=ar 全部軟下架；coverageState=Google 無法辨識的網址；90d_impressions=無資料,無資料,ar,guide
https://worthcalc.win/ar/guides/digital-photo-frame-electricity-cost-per-display-day-used/,deindex,,規則4：locale=ar 全部軟下架；coverageState=Google 無法辨識的網址；90d_impressions=無資料,無資料,ar,guide
https://worthcalc.win/ar/guides/dishwasher-cost-per-cycle-used/,deindex,,規則4：locale=ar 全部軟下架；coverageState=Google 無法辨識的網址；90d_impressions=無資料,無資料,ar,guide
https://worthcalc.win/ar/guides/document-camera-electricity-cost-per-presentation-hour-used/,deindex,,規則4：locale=ar 全部軟下架；coverageState=Google 無法辨識的網址；90d_impressions=無資料,無資料,ar,guide
https://worthcalc.win/ar/guides/e-reader-electricity-cost-per-reading-hour-used/,deindex,,規則4：locale=ar 全部軟下架；coverageState=Google 無法辨識的網址；90d_impressions=無資料,無資料,ar,guide
https://worthcalc.win/ar/guides/electric-air-pump-electricity-cost-per-inflation-session-used/,deindex,,規則4：locale=ar 全部軟下架；coverageState=Google 無法辨識的網址；90d_impressions=無資料,無資料,ar,guide
https://worthcalc.win/ar/guides/electric-blanket-cost-per-night-used/,deindex,,規則4：locale=ar 全部軟下架；coverageState=Google 無法辨識的網址；90d_impressions=無資料,無資料,ar,guide
https://worthcalc.win/ar/guides/electric-can-opener-cost-per-use-used/,deindex,,規則4：locale=ar 全部軟下架；coverageState=Google 無法辨識的網址；90d_impressions=無資料,無資料,ar,guide
https://worthcalc.win/ar/guides/electric-citrus-juicer-cost-per-juice-session-used/,deindex,,規則4：locale=ar 全部軟下架；coverageState=Google 無法辨識的網址；90d_impressions=無資料,無資料,ar,guide
https://worthcalc.win/ar/guides/electric-egg-cooker-cost-per-cooking-cycle-used/,deindex,,規則4：locale=ar 全部軟下架；coverageState=Google 無法辨識的網址；90d_impressions=無資料,無資料,ar,guide
https://worthcalc.win/ar/guides/electric-fireplace-electricity-cost-per-heating-hour-used/,deindex,,規則4：locale=ar 全部軟下架；coverageState=Google 無法辨識的網址；90d_impressions=無資料,無資料,ar,guide
https://worthcalc.win/ar/guides/electric-food-warmer-cost-per-heating-hour-used/,deindex,,規則4：locale=ar 全部軟下架；coverageState=Google 無法辨識的網址；90d_impressions=無資料,無資料,ar,guide
https://worthcalc.win/ar/guides/electric-foot-massager-electricity-cost-per-massage-session-used/,deindex,,規則4：locale=ar 全部軟下架；coverageState=Google 無法辨識的網址；90d_impressions=無資料,無資料,ar,guide
https://worthcalc.win/ar/guides/electric-griddle-cost-per-cooking-hour-used/,deindex,,規則4：locale=ar 全部軟下架；coverageState=Google 無法辨識的網址；90d_impressions=無資料,無資料,ar,guide
https://worthcalc.win/ar/guides/electric-hand-mixer-electricity-cost-per-mixing-session-used/,deindex,,規則4：locale=ar 全部軟下架；coverageState=Google 無法辨識的網址；90d_impressions=無資料,無資料,ar,guide
https://worthcalc.win/ar/guides/electric-insect-zapper-electricity-cost-per-overnight-used/,deindex,,規則4：locale=ar 全部軟下架；coverageState=Google 無法辨識的網址；90d_impressions=無資料,無資料,ar,guide
https://worthcalc.win/ar/guides/electric-kettle-cost-per-boil-used/,deindex,,規則4：locale=ar 全部軟下架；coverageState=Google 無法辨識的網址；90d_impressions=無資料,無資料,ar,guide
https://worthcalc.win/ar/guides/electric-lunch-box-cost-per-heating-cycle-used/,deindex,,規則4：locale=ar 全部軟下架；coverageState=Google 無法辨識的網址；90d_impressions=無資料,無資料,ar,guide
https://worthcalc.win/ar/guides/electric-meat-grinder-cost-per-grinding-session-used/,deindex,,規則4：locale=ar 全部軟下架；coverageState=Google 無法辨識的網址；90d_impressions=無資料,無資料,ar,guide
https://worthcalc.win/ar/guides/electric-milk-frother-cost-per-frothing-session-used/,deindex,,規則4：locale=ar 全部軟下架；coverageState=Google 無法辨識的網址；90d_impressions=無資料,無資料,ar,guide
https://worthcalc.win/ar/guides/electric-pasta-maker-cost-per-batch-used/,deindex,,規則4：locale=ar 全部軟下架；coverageState=Google 無法辨識的網址；90d_impressions=無資料,無資料,ar,guide
https://worthcalc.win/ar/guides/electric-pencil-sharpener-electricity-cost-per-sharpening-session-used/,deindex,,規則4：locale=ar 全部軟下架；coverageState=Google 無法辨識的網址；90d_impressions=無資料,無資料,ar,guide
https://worthcalc.win/ar/guides/electric-pressure-cooker-cost-per-cooking-cycle-used/,deindex,,規則4：locale=ar 全部軟下架；coverageState=Google 無法辨識的網址；90d_impressions=無資料,無資料,ar,guide
https://worthcalc.win/ar/guides/electric-shaver-electricity-cost-per-grooming-session-used/,deindex,,規則4：locale=ar 全部軟下架；coverageState=Google 無法辨識的網址；90d_impressions=無資料,無資料,ar,guide
https://worthcalc.win/ar/guides/electric-space-heater-cost-per-heating-hour-used/,deindex,,規則4：locale=ar 全部軟下架；coverageState=Google 無法辨識的網址；90d_impressions=無資料,無資料,ar,guide
https://worthcalc.win/ar/guides/electric-standing-desk-electricity-cost-per-adjusted-day-used/,deindex,,規則4：locale=ar 全部軟下架；coverageState=Google 無法辨識的網址；90d_impressions=無資料,無資料,ar,guide
https://worthcalc.win/ar/guides/electric-stapler-electricity-cost-per-stapling-session-used/,deindex,,規則4：locale=ar 全部軟下架；coverageState=Google 無法辨識的網址；90d_impressions=無資料,無資料,ar,guide
https://worthcalc.win/ar/guides/electric-toothbrush-electricity-cost-per-charging-day-used/,deindex,,規則4：locale=ar 全部軟下架；coverageState=Google 無法辨識的網址；90d_impressions=無資料,無資料,ar,guide
https://worthcalc.win/ar/guides/electric-wine-cooler-electricity-cost-per-storage-day-used/,deindex,,規則4：locale=ar 全部軟下架；coverageState=Google 無法辨識的網址；90d_impressions=無資料,無資料,ar,guide
https://worthcalc.win/ar/guides/electric-yogurt-maker-cost-per-batch-used/,deindex,,規則4：locale=ar 全部軟下架；coverageState=Google 無法辨識的網址；90d_impressions=無資料,無資料,ar,guide
https://worthcalc.win/ar/guides/electricity-cost-per-kwh-used/,deindex,,規則4：locale=ar 全部軟下架；coverageState=Google 無法辨識的網址；90d_impressions=無資料,無資料,ar,guide
https://worthcalc.win/ar/guides/espresso-machine-cost-per-shot-used/,deindex,,規則4：locale=ar 全部軟下架；coverageState=Google 無法辨識的網址；90d_impressions=無資料,無資料,ar,guide
https://worthcalc.win/ar/guides/event-ticket-cost-per-attended-hour/,deindex,,規則4：locale=ar 全部軟下架；coverageState=Google 無法辨識的網址；90d_impressions=無資料,無資料,ar,guide
https://worthcalc.win/ar/guides/external-hard-drive-electricity-cost-per-backup-job-used/,deindex,,規則4：locale=ar 全部軟下架；coverageState=Google 無法辨識的網址；90d_impressions=無資料,無資料,ar,guide
https://worthcalc.win/ar/guides/family-plan-break-even-members/,deindex,,規則4：locale=ar 全部軟下架；coverageState=Google 無法辨識的網址；90d_impressions=無資料,無資料,ar,guide
https://worthcalc.win/ar/guides/food-dehydrator-cost-per-drying-hour-used/,deindex,,規則4：locale=ar 全部軟下架；coverageState=Google 無法辨識的網址；90d_impressions=無資料,無資料,ar,guide
https://worthcalc.win/ar/guides/food-processor-cost-per-prep-session-used/,deindex,,規則4：locale=ar 全部軟下架；coverageState=Google 無法辨識的網址；90d_impressions=無資料,無資料,ar,guide
https://worthcalc.win/ar/guides/free-trial-auto-renewal-first-charge/,deindex,,規則4：locale=ar 全部軟下架；coverageState=Google 無法辨識的網址；90d_impressions=無資料,無資料,ar,guide
https://worthcalc.win/ar/guides/freezer-cost-per-day-used/,deindex,,規則4：locale=ar 全部軟下架；coverageState=Google 無法辨識的網址；90d_impressions=無資料,無資料,ar,guide
https://worthcalc.win/ar/guides/gaming-console-electricity-cost-per-gaming-hour-used/,deindex,,規則4：locale=ar 全部軟下架；coverageState=Google 無法辨識的網址；90d_impressions=無資料,無資料,ar,guide
https://worthcalc.win/ar/guides/garage-door-opener-electricity-cost-per-cycle-used/,deindex,,規則4：locale=ar 全部軟下架；coverageState=Google 無法辨識的網址；90d_impressions=無資料,無資料,ar,guide
https://worthcalc.win/ar/guides/garment-steamer-cost-per-steaming-hour-used/,deindex,,規則4：locale=ar 全部軟下架；coverageState=Google 無法辨識的網址；90d_impressions=無資料,無資料,ar,guide
https://worthcalc.win/ar/guides/glue-gun-electricity-cost-per-crafting-hour-used/,deindex,,規則4：locale=ar 全部軟下架；coverageState=Google 無法辨識的網址；90d_impressions=無資料,無資料,ar,guide
https://worthcalc.win/ar/guides/gym-membership-cost-per-visit/,deindex,,規則4：locale=ar 全部軟下架；coverageState=Google 無法辨識的網址；90d_impressions=無資料,無資料,ar,guide
https://worthcalc.win/ar/guides/hair-dryer-cost-per-drying-session-used/,deindex,,規則4：locale=ar 全部軟下架；coverageState=Google 無法辨識的網址；90d_impressions=無資料,無資料,ar,guide
https://worthcalc.win/ar/guides/heat-pump-cost-per-heating-hour-used/,deindex,,規則4：locale=ar 全部軟下架；coverageState=Google 無法辨識的網址；90d_impressions=無資料,無資料,ar,guide
https://worthcalc.win/ar/guides/hobby-equipment-cost-per-use/,deindex,,規則4：locale=ar 全部軟下架；coverageState=Google 無法辨識的網址；90d_impressions=無資料,無資料,ar,guide
https://worthcalc.win/ar/guides/home-internet-cost-per-gb-used/,deindex,,規則4：locale=ar 全部軟下架；coverageState=Google 無法辨識的網址；90d_impressions=無資料,無資料,ar,guide
https://worthcalc.win/ar/guides/humidifier-electricity-cost-per-humidifying-hour-used/,deindex,,規則4：locale=ar 全部軟下架；coverageState=Google 無法辨識的網址；90d_impressions=無資料,無資料,ar,guide
https://worthcalc.win/ar/guides/hvac-cost-per-operating-hour-used/,deindex,,規則4：locale=ar 全部軟下架；coverageState=Google 無法辨識的網址；90d_impressions=無資料,無資料,ar,guide
https://worthcalc.win/ar/guides/induction-cooktop-cost-per-cooking-hour-used/,deindex,,規則4：locale=ar 全部軟下架；coverageState=Google 無法辨識的網址；90d_impressions=無資料,無資料,ar,guide
https://worthcalc.win/ar/guides/introductory-discount-renewal-cost/,deindex,,規則4：locale=ar 全部軟下架；coverageState=Google 無法辨識的網址；90d_impressions=無資料,無資料,ar,guide
https://worthcalc.win/ar/guides/label-maker-electricity-cost-per-labeling-session-used/,deindex,,規則4：locale=ar 全部軟下架；coverageState=Google 無法辨識的網址；90d_impressions=無資料,無資料,ar,guide
https://worthcalc.win/ar/guides/laminator-electricity-cost-per-laminating-batch-used/,deindex,,規則4：locale=ar 全部軟下架；coverageState=Google 無法辨識的網址；90d_impressions=無資料,無資料,ar,guide
https://worthcalc.win/ar/guides/language-class-cost-per-completed-session/,deindex,,規則4：locale=ar 全部軟下架；coverageState=Google 無法辨識的網址；90d_impressions=無資料,無資料,ar,guide
https://worthcalc.win/ar/guides/laptop-docking-station-electricity-cost-per-workday-used/,deindex,,規則4：locale=ar 全部軟下架；coverageState=Google 無法辨識的網址；90d_impressions=無資料,無資料,ar,guide
https://worthcalc.win/ar/guides/laundry-cost-per-load/,deindex,,規則4：locale=ar 全部軟下架；coverageState=Google 無法辨識的網址；90d_impressions=無資料,無資料,ar,guide
https://worthcalc.win/ar/guides/led-lighting-cost-per-hour-used/,deindex,,規則4：locale=ar 全部軟下架；coverageState=Google 無法辨識的網址；90d_impressions=無資料,無資料,ar,guide
https://worthcalc.win/ar/guides/meal-delivery-plan-cost-per-eaten-meal/,deindex,,規則4：locale=ar 全部軟下架；coverageState=Google 無法辨識的網址；90d_impressions=無資料,無資料,ar,guide
https://worthcalc.win/ar/guides/meal-kit-cost-per-serving-after-waste/,deindex,,規則4：locale=ar 全部軟下架；coverageState=Google 無法辨識的網址；90d_impressions=無資料,無資料,ar,guide
https://worthcalc.win/ar/guides/microwave-cost-per-cooking-cycle-used/,deindex,,規則4：locale=ar 全部軟下架；coverageState=Google 無法辨識的網址；90d_impressions=無資料,無資料,ar,guide
https://worthcalc.win/ar/guides/minimum-spend-fee-waiver-break-even/,deindex,,規則4：locale=ar 全部軟下架；coverageState=Google 無法辨識的網址；90d_impressions=無資料,無資料,ar,guide
https://worthcalc.win/ar/guides/mobile-data-cost-per-gb-used/,deindex,,規則4：locale=ar 全部軟下架；coverageState=Google 無法辨識的網址；90d_impressions=無資料,無資料,ar,guide
https://worthcalc.win/ar/guides/monitor-electricity-cost-per-work-hour-used/,deindex,,規則4：locale=ar 全部軟下架；coverageState=Google 無法辨識的網址；90d_impressions=無資料,無資料,ar,guide
https://worthcalc.win/ar/guides/monthly-vs-annual-total-cost/,deindex,,規則4：locale=ar 全部軟下架；coverageState=Google 無法辨識的網址；90d_impressions=無資料,無資料,ar,guide
https://worthcalc.win/ar/guides/natural-gas-cost-per-therm-used/,deindex,,規則4：locale=ar 全部軟下架；coverageState=Google 無法辨識的網址；90d_impressions=無資料,無資料,ar,guide
https://worthcalc.win/ar/guides/one-time-switching-cost-payback/,deindex,,規則4：locale=ar 全部軟下架；coverageState=Google 無法辨識的網址；90d_impressions=無資料,無資料,ar,guide
https://worthcalc.win/ar/guides/online-course-cost-per-completed-lesson/,deindex,,規則4：locale=ar 全部軟下架；coverageState=Google 無法辨識的網址；90d_impressions=無資料,無資料,ar,guide
https://worthcalc.win/ar/guides/outdoor-string-lights-electricity-cost-per-evening-used/,deindex,,規則4：locale=ar 全部軟下架；coverageState=Google 無法辨識的網址；90d_impressions=無資料,無資料,ar,guide
https://worthcalc.win/ar/guides/oven-stove-cost-per-cooking-hour-used/,deindex,,規則4：locale=ar 全部軟下架；coverageState=Google 無法辨識的網址；90d_impressions=無資料,無資料,ar,guide
https://worthcalc.win/ar/guides/paper-shredder-electricity-cost-per-shredding-session-used/,deindex,,規則4：locale=ar 全部軟下架；coverageState=Google 無法辨識的網址；90d_impressions=無資料,無資料,ar,guide
https://worthcalc.win/ar/guides/parking-pass-cost-per-day-used/,deindex,,規則4：locale=ar 全部軟下架；coverageState=Google 無法辨識的網址；90d_impressions=無資料,無資料,ar,guide
https://worthcalc.win/ar/guides/pause-vs-cancel-membership-cost/,deindex,,規則4：locale=ar 全部軟下架；coverageState=Google 無法辨識的網址；90d_impressions=無資料,無資料,ar,guide
https://worthcalc.win/ar/guides/phone-charger-cost-per-charge-used/,deindex,,規則4：locale=ar 全部軟下架；coverageState=Google 無法辨識的網址；90d_impressions=無資料,無資料,ar,guide
https://worthcalc.win/ar/guides/pool-pump-cost-per-operating-hour-used/,deindex,,規則4：locale=ar 全部軟下架；coverageState=Google 無法辨識的網址；90d_impressions=無資料,無資料,ar,guide
https://worthcalc.win/ar/guides/pool-pump-electricity-cost-per-filtration-cycle-used/,deindex,,規則4：locale=ar 全部軟下架；coverageState=Google 無法辨識的網址；90d_impressions=無資料,無資料,ar,guide
https://worthcalc.win/ar/guides/portable-ac-cost-per-cooling-hour-used/,deindex,,規則4：locale=ar 全部軟下架；coverageState=Google 無法辨識的網址；90d_impressions=無資料,無資料,ar,guide
https://worthcalc.win/ar/guides/portable-air-conditioner-electricity-cost-per-cooling-session-used/,deindex,,規則4：locale=ar 全部軟下架；coverageState=Google 無法辨識的網址；90d_impressions=無資料,無資料,ar,guide
https://worthcalc.win/ar/guides/prepaid-balance-expiration-cost/,deindex,,規則4：locale=ar 全部軟下架；coverageState=Google 無法辨識的網址；90d_impressions=無資料,無資料,ar,guide
https://worthcalc.win/ar/guides/printer-electricity-cost-per-print-job-used/,deindex,,規則4：locale=ar 全部軟下架；coverageState=Google 無法辨識的網址；90d_impressions=無資料,無資料,ar,guide
https://worthcalc.win/ar/guides/projector-electricity-cost-per-presentation-hour-used/,deindex,,規則4：locale=ar 全部軟下架；coverageState=Google 無法辨識的網址；90d_impressions=無資料,無資料,ar,guide
https://worthcalc.win/ar/guides/recurring-costs-annual-total/,deindex,,規則4：locale=ar 全部軟下架；coverageState=Google 無法辨識的網址；90d_impressions=無資料,無資料,ar,guide
https://worthcalc.win/ar/guides/refrigerator-cost-per-day-used/,deindex,,規則4：locale=ar 全部軟下架；coverageState=Google 無法辨識的網址；90d_impressions=無資料,無資料,ar,guide
https://worthcalc.win/ar/guides/rice-cooker-cost-per-cooking-cycle-used/,deindex,,規則4：locale=ar 全部軟下架；coverageState=Google 無法辨識的網址；90d_impressions=無資料,無資料,ar,guide
https://worthcalc.win/ar/guides/robot-vacuum-cost-per-cleaning-cycle-used/,deindex,,規則4：locale=ar 全部軟下架；coverageState=Google 無法辨識的網址；90d_impressions=無資料,無資料,ar,guide
https://worthcalc.win/ar/guides/room-air-conditioner-cost-per-cooling-hour-used/,deindex,,規則4：locale=ar 全部軟下架；coverageState=Google 無法辨識的網址；90d_impressions=無資料,無資料,ar,guide
https://worthcalc.win/ar/guides/router-electricity-cost-per-month-used/,deindex,,規則4：locale=ar 全部軟下架；coverageState=Google 無法辨識的網址；90d_impressions=無資料,無資料,ar,guide
https://worthcalc.win/ar/guides/sandwich-maker-cost-per-use-used/,deindex,,規則4：locale=ar 全部軟下架；coverageState=Google 無法辨識的網址；90d_impressions=無資料,無資料,ar,guide
https://worthcalc.win/ar/guides/savings-break-even-use-period/,deindex,,規則4：locale=ar 全部軟下架；coverageState=Google 無法辨識的網址；90d_impressions=無資料,無資料,ar,guide
https://worthcalc.win/ar/guides/scanner-electricity-cost-per-scanning-session-used/,deindex,,規則4：locale=ar 全部軟下架；coverageState=Google 無法辨識的網址；90d_impressions=無資料,無資料,ar,guide
https://worthcalc.win/ar/guides/sewing-machine-electricity-cost-per-sewing-hour-used/,deindex,,規則4：locale=ar 全部軟下架；coverageState=Google 無法辨識的網址；90d_impressions=無資料,無資料,ar,guide
https://worthcalc.win/ar/guides/slow-cooker-cost-per-cooking-hour-used/,deindex,,規則4：locale=ar 全部軟下架；coverageState=Google 無法辨識的網址；90d_impressions=無資料,無資料,ar,guide
https://worthcalc.win/ar/guides/smart-speaker-electricity-cost-per-listening-hour-used/,deindex,,規則4：locale=ar 全部軟下架；coverageState=Google 無法辨識的網址；90d_impressions=無資料,無資料,ar,guide
https://worthcalc.win/ar/guides/software-add-on-cost-per-active-seat/,deindex,,規則4：locale=ar 全部軟下架；coverageState=Google 無法辨識的網址；90d_impressions=無資料,無資料,ar,guide
https://worthcalc.win/ar/guides/software-seat-cost-per-active-user/,deindex,,規則4：locale=ar 全部軟下架；coverageState=Google 無法辨識的網址；90d_impressions=無資料,無資料,ar,guide
https://worthcalc.win/ar/guides/solar-inverter-electricity-cost-per-monitoring-day-used/,deindex,,規則4：locale=ar 全部軟下架；coverageState=Google 無法辨識的網址；90d_impressions=無資料,無資料,ar,guide
https://worthcalc.win/ar/guides/soldering-iron-electricity-cost-per-repair-hour-used/,deindex,,規則4：locale=ar 全部軟下架；coverageState=Google 無法辨識的網址；90d_impressions=無資料,無資料,ar,guide
https://worthcalc.win/ar/guides/soundbar-electricity-cost-per-watched-hour-used/,deindex,,規則4：locale=ar 全部軟下架；coverageState=Google 無法辨識的網址；90d_impressions=無資料,無資料,ar,guide
https://worthcalc.win/ar/guides/stand-mixer-cost-per-mixing-session-used/,deindex,,規則4：locale=ar 全部軟下架；coverageState=Google 無法辨識的網址；90d_impressions=無資料,無資料,ar,guide
https://worthcalc.win/ar/guides/standby-power-cost-per-day-used/,deindex,,規則4：locale=ar 全部軟下架；coverageState=Google 無法辨識的網址；90d_impressions=無資料,無資料,ar,guide
https://worthcalc.win/ar/guides/streaming-cost-per-watched-hour/,deindex,,規則4：locale=ar 全部軟下架；coverageState=Google 無法辨識的網址；90d_impressions=無資料,無資料,ar,guide
https://worthcalc.win/ar/guides/subscription-price-increase-annual-impact/,deindex,,規則4：locale=ar 全部軟下架；coverageState=Google 無法辨識的網址；90d_impressions=無資料,無資料,ar,guide
https://worthcalc.win/ar/guides/television-electricity-cost-per-watched-hour-used/,deindex,,規則4：locale=ar 全部軟下架；coverageState=Google 無法辨識的網址；90d_impressions=無資料,無資料,ar,guide
https://worthcalc.win/ar/guides/terrarium-heat-lamp-electricity-cost-per-heating-hour-used/,deindex,,規則4：locale=ar 全部軟下架；coverageState=Google 無法辨識的網址；90d_impressions=無資料,無資料,ar,guide
https://worthcalc.win/ar/guides/toaster-cost-per-use-used/,deindex,,規則4：locale=ar 全部軟下架；coverageState=Google 無法辨識的網址；90d_impressions=無資料,無資料,ar,guide
https://worthcalc.win/ar/guides/tool-rental-cost-per-project/,deindex,,規則4：locale=ar 全部軟下架；coverageState=Google 無法辨識的網址；90d_impressions=無資料,無資料,ar,guide
https://worthcalc.win/ar/guides/transit-pass-cost-per-ride-used/,deindex,,規則4：locale=ar 全部軟下架；coverageState=Google 無法辨識的網址；90d_impressions=無資料,無資料,ar,guide
https://worthcalc.win/ar/guides/true-cost-of-buy-now-pay-later/,deindex,,規則4：locale=ar 全部軟下架；coverageState=Google 無法辨識的網址；90d_impressions=無資料,無資料,ar,guide
https://worthcalc.win/ar/guides/true-cost-of-convenience-delivery/,deindex,,規則4：locale=ar 全部軟下架；coverageState=Google 無法辨識的網址；90d_impressions=無資料,無資料,ar,guide
https://worthcalc.win/ar/guides/true-cost-of-extended-warranty/,deindex,,規則4：locale=ar 全部軟下架；coverageState=Google 無法辨識的網址；90d_impressions=無資料,無資料,ar,guide
https://worthcalc.win/ar/guides/true-cost-of-free-shipping-threshold/,deindex,,規則4：locale=ar 全部軟下架；coverageState=Google 無法辨識的網址；90d_impressions=無資料,無資料,ar,guide
https://worthcalc.win/ar/guides/true-cost-of-home-service-plan/,deindex,,規則4：locale=ar 全部軟下架；coverageState=Google 無法辨識的網址；90d_impressions=無資料,無資料,ar,guide
https://worthcalc.win/ar/guides/true-cost-of-rental-car/,deindex,,規則4：locale=ar 全部軟下架；coverageState=Google 無法辨識的網址；90d_impressions=無資料,無資料,ar,guide
https://worthcalc.win/ar/guides/true-cost-of-upgrade-feature/,deindex,,規則4：locale=ar 全部軟下架；coverageState=Google 無法辨識的網址；90d_impressions=無資料,無資料,ar,guide
https://worthcalc.win/ar/guides/unused-membership-capacity-cost/,deindex,,規則4：locale=ar 全部軟下架；coverageState=Google 無法辨識的網址；90d_impressions=無資料,無資料,ar,guide
https://worthcalc.win/ar/guides/usb-charging-hub-electricity-cost-per-charging-session-used/,deindex,,規則4：locale=ar 全部軟下架；coverageState=Google 無法辨識的網址；90d_impressions=無資料,無資料,ar,guide
https://worthcalc.win/ar/guides/vacuum-cleaner-electricity-cost-per-cleaning-hour-used/,deindex,,規則4：locale=ar 全部軟下架；coverageState=Google 無法辨識的網址；90d_impressions=無資料,無資料,ar,guide
https://worthcalc.win/ar/guides/waffle-maker-cost-per-cooking-cycle-used/,deindex,,規則4：locale=ar 全部軟下架；coverageState=Google 無法辨識的網址；90d_impressions=無資料,無資料,ar,guide
https://worthcalc.win/ar/guides/water-bill-cost-per-gallon-used/,deindex,,規則4：locale=ar 全部軟下架；coverageState=Google 無法辨識的網址；90d_impressions=無資料,無資料,ar,guide
https://worthcalc.win/ar/guides/water-cooler-electricity-cost-per-cooling-day-used/,deindex,,規則4：locale=ar 全部軟下架；coverageState=Google 無法辨識的網址；90d_impressions=無資料,無資料,ar,guide
https://worthcalc.win/ar/guides/water-heater-cost-per-gallon-heated/,deindex,,規則4：locale=ar 全部軟下架；coverageState=Google 無法辨識的網址；90d_impressions=無資料,無資料,ar,guide
https://worthcalc.win/ar/guides/webcam-electricity-cost-per-meeting-hour-used/,deindex,,規則4：locale=ar 全部軟下架；coverageState=Google 無法辨識的網址；90d_impressions=無資料,無資料,ar,guide
https://worthcalc.win/de/,keep,,規則3：首頁／法務／索引／topic-hub 結構頁；coverageState=已提交並建立索引；90d_impressions=2,2,de,home
https://worthcalc.win/de/annual-fee-card-breakeven/,keep,,規則5：coverageState=已提交並建立索引；90d_impressions=1,1,de,index
https://worthcalc.win/de/cashback-caps-real-reward-rate/,keep,,規則5：coverageState=已提交並建立索引；90d_impressions=1,1,de,index
https://worthcalc.win/de/ev-vs-gas-total-cost/,keep,,規則5：coverageState=已提交並建立索引；90d_impressions=1,1,de,index
https://worthcalc.win/de/full-commute-cost-including-time/,keep,,規則5：coverageState=已提交並建立索引；90d_impressions=1,1,de,index
https://worthcalc.win/de/guides/,keep,,規則3：首頁／法務／索引／topic-hub 結構頁；coverageState=Google 無法辨識的網址；90d_impressions=無資料,無資料,de,index
https://worthcalc.win/de/is-costco-executive-membership-worth-it/,keep,,規則5：coverageState=已提交並建立索引；90d_impressions=2,2,de,index
https://worthcalc.win/de/monthly-vs-annual-subscription/,keep,,規則5：coverageState=已提交並建立索引；90d_impressions=1,1,de,index
https://worthcalc.win/de/new-vs-used-car-total-cost/,keep,,規則5：coverageState=已提交並建立索引；90d_impressions=1,1,de,index
https://worthcalc.win/de/terms/,keep,,規則3：首頁／法務／索引／topic-hub 結構頁；coverageState=已提交並建立索引；90d_impressions=1,1,de,legal
https://worthcalc.win/de/tools/,keep,,規則2：/tools/ 計算機頁；coverageState=Google 無法辨識的網址；90d_impressions=無資料,無資料,de,index
https://worthcalc.win/de/tools/commute-cost/,keep,,規則2：/tools/ 計算機頁；coverageState=已提交並建立索引；90d_impressions=1,1,de,tool
https://worthcalc.win/de/tools/ev-vs-gas/,keep,,規則2：/tools/ 計算機頁；coverageState=已提交並建立索引；90d_impressions=1,1,de,tool
https://worthcalc.win/de/tools/installment-true-apr/,keep,,規則2：/tools/ 計算機頁；coverageState=已提交並建立索引；90d_impressions=1,1,de,tool
https://worthcalc.win/de/tools/rent-vs-buy/,keep,,規則2：/tools/ 計算機頁；coverageState=已提交並建立索引；90d_impressions=1,1,de,tool
https://worthcalc.win/de/true-cost-of-car-ownership/,keep,,規則5：coverageState=已提交並建立索引；90d_impressions=2,2,de,index
https://worthcalc.win/de/zero-interest-installments-truth/,keep,,規則5：coverageState=已提交並建立索引；90d_impressions=3,3,de,index
https://worthcalc.win/en/about/,keep,,規則3：首頁／法務／索引／topic-hub 結構頁；coverageState=已提交並建立索引；90d_impressions=15,15,en,legal
https://worthcalc.win/en/annual-fee-card-breakeven/,keep,,規則5：coverageState=已提交並建立索引；90d_impressions=11,11,en,index
https://worthcalc.win/en/annual-vs-monthly-billing/,keep,,CEO改判：命中目標叢集；字數=786；來源數=0,無資料,en,index
https://worthcalc.win/en/apr-vs-apy/,keep,,CEO改判：≥2來源且≥800字；字數=1420；來源數=4,無資料,en,index
https://worthcalc.win/en/average-commuting-cost/,keep,,CEO改判：命中目標叢集；≥2來源且≥800字；字數=1017；來源數=3,無資料,en,index
https://worthcalc.win/en/bnpl-vs-credit-card-installments/,keep,,規則5：coverageState=已提交並建立索引；90d_impressions=3,3,en,index
https://worthcalc.win/en/budget-with-irregular-income/,keep-priority,,規則5：coverageState=已提交並建立索引；90d_impressions=無資料（0 曝光 keep-priority）,無資料,en,index
https://worthcalc.win/en/bulk-buying-vs-small-packages/,keep-priority,,規則5：coverageState=已提交並建立索引；90d_impressions=無資料（0 曝光 keep-priority）,無資料,en,index
https://worthcalc.win/en/bulk-buying-waste-math/,keep,,CEO改判：≥2來源且≥800字；字數=981；來源數=2,無資料,en,index
https://worthcalc.win/en/car-lease-vs-buy-total-cost/,keep,,CEO改判：命中目標叢集；≥2來源且≥800字；字數=1513；來源數=3,無資料,en,index
https://worthcalc.win/en/cashback-caps-real-reward-rate/,keep-priority,,規則5：coverageState=已提交並建立索引；90d_impressions=無資料（0 曝光 keep-priority）,無資料,en,index
https://worthcalc.win/en/changelog/,keep,,規則3：首頁／法務／索引／topic-hub 結構頁；coverageState=已提交並建立索引；90d_impressions=13,13,en,legal
https://worthcalc.win/en/contact/,keep,,規則3：首頁／法務／索引／topic-hub 結構頁；coverageState=已提交並建立索引；90d_impressions=19,19,en,legal
https://worthcalc.win/en/cost-per-use-expensive-item/,deindex,,規則7：未被辨識且 90d_impressions=無資料；soft noindex 並移出 sitemap,無資料,en,index
https://worthcalc.win/en/costco-math/,keep,,規則5：coverageState=已提交並建立索引；90d_impressions=5,5,en,index
https://worthcalc.win/en/credit-card-minimum-payment-trap/,keep,,規則5：coverageState=已提交並建立索引；90d_impressions=1,1,en,index
https://worthcalc.win/en/delivery-membership-break-even/,keep,,CEO改判：命中目標叢集；≥2來源且≥800字；字數=1083；來源數=2,無資料,en,index
https://worthcalc.win/en/disclaimer/,keep,,規則3：首頁／法務／索引／topic-hub 結構頁；coverageState=已提交並建立索引；90d_impressions=4,4,en,legal
https://worthcalc.win/en/emergency-fund-irregular-income/,keep,,CEO改判：≥2來源且≥800字；字數=1519；來源數=4,無資料,en,index
https://worthcalc.win/en/energy-efficient-appliance-payback/,keep,,CEO改判：命中目標叢集；≥2來源且≥800字；字數=809；來源數=3,無資料,en,index
https://worthcalc.win/en/ev-vs-gas-total-cost/,keep,,規則5：coverageState=已提交並建立索引；90d_impressions=10,10,en,index
https://worthcalc.win/en/extended-warranty-math/,keep,,CEO改判：命中目標叢集；字數=823；來源數=0,無資料,en,index
https://worthcalc.win/en/extra-mortgage-payments-guide/,keep,,規則5：coverageState=已提交並建立索引；90d_impressions=6,6,en,index
https://worthcalc.win/en/free-shipping-threshold/,deindex,,規則7：未被辨識且 90d_impressions=無資料；soft noindex 並移出 sitemap,無資料,en,index
https://worthcalc.win/en/freelancer-pricing-decision-engine/,deindex,,規則7：未被辨識且 90d_impressions=無資料；soft noindex 並移出 sitemap,無資料,en,index
https://worthcalc.win/en/full-commute-cost-including-time/,keep,,規則5：coverageState=已提交並建立索引；90d_impressions=3,3,en,index
https://worthcalc.win/en/guides/,keep,,規則3：首頁／法務／索引／topic-hub 結構頁；coverageState=Google 無法辨識的網址；90d_impressions=無資料,無資料,en,index
https://worthcalc.win/en/guides/3d-printer-electricity-cost-per-print-used/,deindex,,規則7：未被辨識且 90d_impressions=無資料；soft noindex 並移出 sitemap,無資料,en,guide
https://worthcalc.win/en/guides/3d-scanner-electricity-cost-per-scanning-session-used/,deindex,,規則7：未被辨識且 90d_impressions=無資料；soft noindex 並移出 sitemap,無資料,en,guide
https://worthcalc.win/en/guides/ai-tool-realized-time-savings-break-even/,deindex,,規則7：未被辨識且 90d_impressions=無資料；soft noindex 並移出 sitemap,無資料,en,guide
https://worthcalc.win/en/guides/air-fryer-cost-per-cooking-cycle-used/,deindex,,規則7：未被辨識且 90d_impressions=無資料；soft noindex 並移出 sitemap,無資料,en,guide
https://worthcalc.win/en/guides/air-purifier-cost-per-clean-air-hour-used/,deindex,,規則7：未被辨識且 90d_impressions=無資料；soft noindex 並移出 sitemap,無資料,en,guide
https://worthcalc.win/en/guides/amortization-schedule-explained/,deindex,,規則7：未被辨識且 90d_impressions=無資料；soft noindex 並移出 sitemap,無資料,en,guide
https://worthcalc.win/en/guides/annual-bills-cash-flow-low-point/,deindex,,規則7：未被辨識且 90d_impressions=無資料；soft noindex 並移出 sitemap,無資料,en,guide
https://worthcalc.win/en/guides/annual-bills-monthly-equivalent/,deindex,,規則7：未被辨識且 90d_impressions=無資料；soft noindex 並移出 sitemap,無資料,en,guide
https://worthcalc.win/en/guides/annual-cost-savings-calculator/,deindex,,規則7：未被辨識且 90d_impressions=無資料；soft noindex 並移出 sitemap,無資料,en,guide
https://worthcalc.win/en/guides/annual-plan-cancellation-risk-break-even/,deindex,,規則7：未被辨識且 90d_impressions=無資料；soft noindex 並移出 sitemap,無資料,en,guide
https://worthcalc.win/en/guides/annual-vs-monthly-insurance-payment/,deindex,,規則7：未被辨識且 90d_impressions=無資料；soft noindex 並移出 sitemap,無資料,en,guide
https://worthcalc.win/en/guides/aquarium-air-pump-electricity-cost-per-filtration-day-used/,deindex,,規則7：未被辨識且 90d_impressions=無資料；soft noindex 並移出 sitemap,無資料,en,guide
https://worthcalc.win/en/guides/aquarium-heater-electricity-cost-per-tank-day-used/,deindex,,規則7：未被辨識且 90d_impressions=無資料；soft noindex 並移出 sitemap,無資料,en,guide
https://worthcalc.win/en/guides/attic-fan-electricity-cost-per-ventilation-hour-used/,deindex,,規則7：未被辨識且 90d_impressions=無資料；soft noindex 並移出 sitemap,無資料,en,guide
https://worthcalc.win/en/guides/auto-loan-negative-equity-rollover-cost/,deindex,,規則7：未被辨識且 90d_impressions=無資料；soft noindex 並移出 sitemap,無資料,en,guide
https://worthcalc.win/en/guides/balance-transfer-break-even/,deindex,,規則7：未被辨識且 90d_impressions=無資料；soft noindex 並移出 sitemap,無資料,en,guide
https://worthcalc.win/en/guides/bathroom-ventilation-fan-electricity-cost-per-shower-used/,deindex,,規則7：未被辨識且 90d_impressions=無資料；soft noindex 並移出 sitemap,無資料,en,guide
https://worthcalc.win/en/guides/benefits-replacement-cost-vs-salary/,deindex,,規則7：未被辨識且 90d_impressions=無資料；soft noindex 並移出 sitemap,無資料,en,guide
https://worthcalc.win/en/guides/billing-date-cash-flow-overlap/,deindex,,規則7：未被辨識且 90d_impressions=無資料；soft noindex 並移出 sitemap,無資料,en,guide
https://worthcalc.win/en/guides/blender-cost-per-blending-session-used/,deindex,,規則7：未被辨識且 90d_impressions=無資料；soft noindex 並移出 sitemap,無資料,en,guide
https://worthcalc.win/en/guides/bonus-volatility-fixed-cost-capacity/,deindex,,規則7：未被辨識且 90d_impressions=無資料；soft noindex 並移出 sitemap,無資料,en,guide
https://worthcalc.win/en/guides/bread-maker-cost-per-loaf-used/,deindex,,規則7：未被辨識且 90d_impressions=無資料；soft noindex 並移出 sitemap,無資料,en,guide
https://worthcalc.win/en/guides/car-down-payment-vs-liquidity/,deindex,,規則7：未被辨識且 90d_impressions=無資料；soft noindex 並移出 sitemap,無資料,en,guide
https://worthcalc.win/en/guides/car-loan-60-vs-72-vs-84-early-exit/,deindex,,規則7：未被辨識且 90d_impressions=無資料；soft noindex 並移出 sitemap,無資料,en,guide
https://worthcalc.win/en/guides/cash-discount-vs-financing/,deindex,,規則7：未被辨識且 90d_impressions=無資料；soft noindex 並移出 sitemap,無資料,en,guide
https://worthcalc.win/en/guides/cash-flow-buffer-vs-emergency-fund/,deindex,,規則7：未被辨識且 90d_impressions=無資料；soft noindex 並移出 sitemap,無資料,en,guide
https://worthcalc.win/en/guides/cash-runway-before-quitting-job/,deindex,,規則7：未被辨識且 90d_impressions=無資料；soft noindex 並移出 sitemap,無資料,en,guide
https://worthcalc.win/en/guides/cash-vs-financing-car-liquidity/,deindex,,規則7：未被辨識且 90d_impressions=無資料；soft noindex 並移出 sitemap,無資料,en,guide
https://worthcalc.win/en/guides/ceiling-fan-cost-per-operating-hour-used/,deindex,,規則7：未被辨識且 90d_impressions=無資料；soft noindex 並移出 sitemap,無資料,en,guide
https://worthcalc.win/en/guides/ceiling-fan-electricity-cost-per-cooling-hour-used/,deindex,,規則7：未被辨識且 90d_impressions=無資料；soft noindex 並移出 sitemap,無資料,en,guide
https://worthcalc.win/en/guides/childcare-cost-per-hour-used/,deindex,,規則7：未被辨識且 90d_impressions=無資料；soft noindex 並移出 sitemap,無資料,en,guide
https://worthcalc.win/en/guides/childcare-return-to-work-break-even/,deindex,,規則7：未被辨識且 90d_impressions=無資料；soft noindex 並移出 sitemap,無資料,en,guide
https://worthcalc.win/en/guides/clothes-dryer-cost-per-load-used/,deindex,,規則7：未被辨識且 90d_impressions=無資料；soft noindex 並移出 sitemap,無資料,en,guide
https://worthcalc.win/en/guides/cloud-storage-cost-per-retained-gb/,deindex,,規則7：未被辨識且 90d_impressions=無資料；soft noindex 並移出 sitemap,無資料,en,guide
https://worthcalc.win/en/guides/coffee-maker-cost-per-brew-used/,deindex,,規則7：未被辨識且 90d_impressions=無資料；soft noindex 並移出 sitemap,無資料,en,guide
https://worthcalc.win/en/guides/computer-electricity-cost-per-day-used/,deindex,,規則7：未被辨識且 90d_impressions=無資料；soft noindex 並移出 sitemap,無資料,en,guide
https://worthcalc.win/en/guides/cost-of-delaying-savings-goal/,deindex,,規則7：未被辨識且 90d_impressions=無資料；soft noindex 並移出 sitemap,無資料,en,guide
https://worthcalc.win/en/guides/cost-per-use-kitchen-appliance/,deindex,,規則7：未被辨識且 90d_impressions=無資料；soft noindex 並移出 sitemap,無資料,en,guide
https://worthcalc.win/en/guides/cost-per-wear-clothing/,deindex,,規則7：未被辨識且 90d_impressions=無資料；soft noindex 並移出 sitemap,無資料,en,guide
https://worthcalc.win/en/guides/costco-executive-break-even-eligible-spend/,deindex,,規則7：未被辨識且 90d_impressions=無資料；soft noindex 並移出 sitemap,無資料,en,guide
https://worthcalc.win/en/guides/costco-gas-detour-break-even/,deindex,,規則7：未被辨識且 90d_impressions=無資料；soft noindex 並移出 sitemap,無資料,en,guide
https://worthcalc.win/en/guides/costco-household-card-break-even-use/,deindex,,規則7：未被辨識且 90d_impressions=無資料；soft noindex 並移出 sitemap,無資料,en,guide
https://worthcalc.win/en/guides/costco-membership-fee-break-even-savings/,deindex,,規則7：未被辨識且 90d_impressions=無資料；soft noindex 並移出 sitemap,無資料,en,guide
https://worthcalc.win/en/guides/costco-renewal-refund-reward-timing/,deindex,,規則7：未被辨識且 90d_impressions=無資料；soft noindex 並移出 sitemap,無資料,en,guide
https://worthcalc.win/en/guides/costco-reward-cap-usage-break-even/,deindex,,規則7：未被辨識且 90d_impressions=無資料；soft noindex 並移出 sitemap,無資料,en,guide
https://worthcalc.win/en/guides/costco-reward-exclusion-effective-rate/,deindex,,規則7：未被辨識且 90d_impressions=無資料；soft noindex 並移出 sitemap,無資料,en,guide
https://worthcalc.win/en/guides/countertop-ice-maker-cost-per-batch-used/,deindex,,規則7：未被辨識且 90d_impressions=無資料；soft noindex 並移出 sitemap,無資料,en,guide
https://worthcalc.win/en/guides/coworking-membership-cost-per-day/,deindex,,規則7：未被辨識且 90d_impressions=無資料；soft noindex 並移出 sitemap,無資料,en,guide
https://worthcalc.win/en/guides/debt-consolidation-break-even/,deindex,,規則7：未被辨識且 90d_impressions=無資料；soft noindex 並移出 sitemap,無資料,en,guide
https://worthcalc.win/en/guides/debt-to-assets-ratio-personal/,deindex,,規則7：未被辨識且 90d_impressions=無資料；soft noindex 並移出 sitemap,無資料,en,guide
https://worthcalc.win/en/guides/dehumidifier-cost-per-pint-removed/,deindex,,規則7：未被辨識且 90d_impressions=無資料；soft noindex 並移出 sitemap,無資料,en,guide
https://worthcalc.win/en/guides/dehumidifier-electricity-cost-per-laundry-drying-session-used/,deindex,,規則7：未被辨識且 90d_impressions=無資料；soft noindex 並移出 sitemap,無資料,en,guide
https://worthcalc.win/en/guides/desk-fan-electricity-cost-per-cooling-hour-used/,deindex,,規則7：未被辨識且 90d_impressions=無資料；soft noindex 並移出 sitemap,無資料,en,guide
https://worthcalc.win/en/guides/desktop-speakers-electricity-cost-per-listening-hour-used/,deindex,,規則7：未被辨識且 90d_impressions=無資料；soft noindex 並移出 sitemap,無資料,en,guide
https://worthcalc.win/en/guides/digital-photo-frame-electricity-cost-per-display-day-used/,deindex,,規則7：未被辨識且 90d_impressions=無資料；soft noindex 並移出 sitemap,無資料,en,guide
https://worthcalc.win/en/guides/dishwasher-cost-per-cycle-used/,deindex,,規則7：未被辨識且 90d_impressions=無資料；soft noindex 並移出 sitemap,無資料,en,guide
https://worthcalc.win/en/guides/document-camera-electricity-cost-per-presentation-hour-used/,deindex,,規則7：未被辨識且 90d_impressions=無資料；soft noindex 並移出 sitemap,無資料,en,guide
https://worthcalc.win/en/guides/e-reader-electricity-cost-per-reading-hour-used/,deindex,,規則7：未被辨識且 90d_impressions=無資料；soft noindex 並移出 sitemap,無資料,en,guide
https://worthcalc.win/en/guides/electric-air-pump-electricity-cost-per-inflation-session-used/,deindex,,規則7：未被辨識且 90d_impressions=無資料；soft noindex 並移出 sitemap,無資料,en,guide
https://worthcalc.win/en/guides/electric-blanket-cost-per-night-used/,deindex,,規則7：未被辨識且 90d_impressions=無資料；soft noindex 並移出 sitemap,無資料,en,guide
https://worthcalc.win/en/guides/electric-can-opener-cost-per-use-used/,deindex,,規則7：未被辨識且 90d_impressions=無資料；soft noindex 並移出 sitemap,無資料,en,guide
https://worthcalc.win/en/guides/electric-citrus-juicer-cost-per-juice-session-used/,deindex,,規則7：未被辨識且 90d_impressions=無資料；soft noindex 並移出 sitemap,無資料,en,guide
https://worthcalc.win/en/guides/electric-egg-cooker-cost-per-cooking-cycle-used/,deindex,,規則7：未被辨識且 90d_impressions=無資料；soft noindex 並移出 sitemap,無資料,en,guide
https://worthcalc.win/en/guides/electric-fireplace-electricity-cost-per-heating-hour-used/,deindex,,規則7：未被辨識且 90d_impressions=無資料；soft noindex 並移出 sitemap,無資料,en,guide
https://worthcalc.win/en/guides/electric-food-warmer-cost-per-heating-hour-used/,deindex,,規則7：未被辨識且 90d_impressions=無資料；soft noindex 並移出 sitemap,無資料,en,guide
https://worthcalc.win/en/guides/electric-foot-massager-electricity-cost-per-massage-session-used/,deindex,,規則7：未被辨識且 90d_impressions=無資料；soft noindex 並移出 sitemap,無資料,en,guide
https://worthcalc.win/en/guides/electric-griddle-cost-per-cooking-hour-used/,deindex,,規則7：未被辨識且 90d_impressions=無資料；soft noindex 並移出 sitemap,無資料,en,guide
https://worthcalc.win/en/guides/electric-hand-mixer-electricity-cost-per-mixing-session-used/,deindex,,規則7：未被辨識且 90d_impressions=無資料；soft noindex 並移出 sitemap,無資料,en,guide
https://worthcalc.win/en/guides/electric-insect-zapper-electricity-cost-per-overnight-used/,deindex,,規則7：未被辨識且 90d_impressions=無資料；soft noindex 並移出 sitemap,無資料,en,guide
https://worthcalc.win/en/guides/electric-kettle-cost-per-boil-used/,deindex,,規則7：未被辨識且 90d_impressions=無資料；soft noindex 並移出 sitemap,無資料,en,guide
https://worthcalc.win/en/guides/electric-lunch-box-cost-per-heating-cycle-used/,deindex,,規則7：未被辨識且 90d_impressions=無資料；soft noindex 並移出 sitemap,無資料,en,guide
https://worthcalc.win/en/guides/electric-meat-grinder-cost-per-grinding-session-used/,deindex,,規則7：未被辨識且 90d_impressions=無資料；soft noindex 並移出 sitemap,無資料,en,guide
https://worthcalc.win/en/guides/electric-milk-frother-cost-per-frothing-session-used/,deindex,,規則7：未被辨識且 90d_impressions=無資料；soft noindex 並移出 sitemap,無資料,en,guide
https://worthcalc.win/en/guides/electric-pasta-maker-cost-per-batch-used/,deindex,,規則7：未被辨識且 90d_impressions=無資料；soft noindex 並移出 sitemap,無資料,en,guide
https://worthcalc.win/en/guides/electric-pencil-sharpener-electricity-cost-per-sharpening-session-used/,deindex,,規則7：未被辨識且 90d_impressions=無資料；soft noindex 並移出 sitemap,無資料,en,guide
https://worthcalc.win/en/guides/electric-pressure-cooker-cost-per-cooking-cycle-used/,deindex,,規則7：未被辨識且 90d_impressions=無資料；soft noindex 並移出 sitemap,無資料,en,guide
https://worthcalc.win/en/guides/electric-shaver-electricity-cost-per-grooming-session-used/,deindex,,規則7：未被辨識且 90d_impressions=無資料；soft noindex 並移出 sitemap,無資料,en,guide
https://worthcalc.win/en/guides/electric-space-heater-cost-per-heating-hour-used/,deindex,,規則7：未被辨識且 90d_impressions=無資料；soft noindex 並移出 sitemap,無資料,en,guide
https://worthcalc.win/en/guides/electric-standing-desk-electricity-cost-per-adjusted-day-used/,deindex,,規則7：未被辨識且 90d_impressions=無資料；soft noindex 並移出 sitemap,無資料,en,guide
https://worthcalc.win/en/guides/electric-stapler-electricity-cost-per-stapling-session-used/,deindex,,規則7：未被辨識且 90d_impressions=無資料；soft noindex 並移出 sitemap,無資料,en,guide
https://worthcalc.win/en/guides/electric-toothbrush-electricity-cost-per-charging-day-used/,deindex,,規則7：未被辨識且 90d_impressions=無資料；soft noindex 並移出 sitemap,無資料,en,guide
https://worthcalc.win/en/guides/electric-wine-cooler-electricity-cost-per-storage-day-used/,deindex,,規則7：未被辨識且 90d_impressions=無資料；soft noindex 並移出 sitemap,無資料,en,guide
https://worthcalc.win/en/guides/electric-yogurt-maker-cost-per-batch-used/,deindex,,規則7：未被辨識且 90d_impressions=無資料；soft noindex 並移出 sitemap,無資料,en,guide
https://worthcalc.win/en/guides/electricity-cost-per-kwh-used/,deindex,,規則7：未被辨識且 90d_impressions=無資料；soft noindex 並移出 sitemap,無資料,en,guide
https://worthcalc.win/en/guides/espresso-machine-cost-per-shot-used/,deindex,,規則7：未被辨識且 90d_impressions=無資料；soft noindex 並移出 sitemap,無資料,en,guide
https://worthcalc.win/en/guides/event-ticket-cost-per-attended-hour/,deindex,,規則7：未被辨識且 90d_impressions=無資料；soft noindex 並移出 sitemap,無資料,en,guide
https://worthcalc.win/en/guides/external-hard-drive-electricity-cost-per-backup-job-used/,deindex,,規則7：未被辨識且 90d_impressions=無資料；soft noindex 並移出 sitemap,無資料,en,guide
https://worthcalc.win/en/guides/family-plan-break-even-members/,deindex,,規則7：未被辨識且 90d_impressions=無資料；soft noindex 並移出 sitemap,無資料,en,guide
https://worthcalc.win/en/guides/financial-runway-months/,deindex,,規則7：未被辨識且 90d_impressions=無資料；soft noindex 並移出 sitemap,無資料,en,guide
https://worthcalc.win/en/guides/fixed-vs-variable-rate/,deindex,,規則7：未被辨識且 90d_impressions=無資料；soft noindex 並移出 sitemap,無資料,en,guide
https://worthcalc.win/en/guides/food-dehydrator-cost-per-drying-hour-used/,deindex,,規則7：未被辨識且 90d_impressions=無資料；soft noindex 並移出 sitemap,無資料,en,guide
https://worthcalc.win/en/guides/food-processor-cost-per-prep-session-used/,deindex,,規則7：未被辨識且 90d_impressions=無資料；soft noindex 並移出 sitemap,無資料,en,guide
https://worthcalc.win/en/guides/free-trial-auto-renewal-first-charge/,deindex,,規則7：未被辨識且 90d_impressions=無資料；soft noindex 並移出 sitemap,無資料,en,guide
https://worthcalc.win/en/guides/freelance-minimum-billable-rate/,deindex,,規則7：未被辨識且 90d_impressions=無資料；soft noindex 並移出 sitemap,無資料,en,guide
https://worthcalc.win/en/guides/freezer-cost-per-day-used/,deindex,,規則7：未被辨識且 90d_impressions=無資料；soft noindex 並移出 sitemap,無資料,en,guide
https://worthcalc.win/en/guides/fulltime-vs-parttime-childcare-break-even/,deindex,,規則7：未被辨識且 90d_impressions=無資料；soft noindex 並移出 sitemap,無資料,en,guide
https://worthcalc.win/en/guides/gaming-console-electricity-cost-per-gaming-hour-used/,deindex,,規則7：未被辨識且 90d_impressions=無資料；soft noindex 並移出 sitemap,無資料,en,guide
https://worthcalc.win/en/guides/garage-door-opener-electricity-cost-per-cycle-used/,deindex,,規則7：未被辨識且 90d_impressions=無資料；soft noindex 並移出 sitemap,無資料,en,guide
https://worthcalc.win/en/guides/garment-steamer-cost-per-steaming-hour-used/,deindex,,規則7：未被辨識且 90d_impressions=無資料；soft noindex 並移出 sitemap,無資料,en,guide
https://worthcalc.win/en/guides/glue-gun-electricity-cost-per-crafting-hour-used/,deindex,,規則7：未被辨識且 90d_impressions=無資料；soft noindex 並移出 sitemap,無資料,en,guide
https://worthcalc.win/en/guides/gym-membership-cost-per-visit/,deindex,,規則7：未被辨識且 90d_impressions=無資料；soft noindex 並移出 sitemap,無資料,en,guide
https://worthcalc.win/en/guides/hair-dryer-cost-per-drying-session-used/,deindex,,規則7：未被辨識且 90d_impressions=無資料；soft noindex 並移出 sitemap,無資料,en,guide
https://worthcalc.win/en/guides/heat-pump-cost-per-heating-hour-used/,deindex,,規則7：未被辨識且 90d_impressions=無資料；soft noindex 並移出 sitemap,無資料,en,guide
https://worthcalc.win/en/guides/high-vs-low-insurance-deductible-break-even/,deindex,,規則7：未被辨識且 90d_impressions=無資料；soft noindex 並移出 sitemap,無資料,en,guide
https://worthcalc.win/en/guides/hobby-equipment-cost-per-use/,deindex,,規則7：未被辨識且 90d_impressions=無資料；soft noindex 並移出 sitemap,無資料,en,guide
https://worthcalc.win/en/guides/home-internet-cost-per-gb-used/,deindex,,規則7：未被辨識且 90d_impressions=無資料；soft noindex 並移出 sitemap,無資料,en,guide
https://worthcalc.win/en/guides/humidifier-electricity-cost-per-humidifying-hour-used/,deindex,,規則7：未被辨識且 90d_impressions=無資料；soft noindex 並移出 sitemap,無資料,en,guide
https://worthcalc.win/en/guides/hvac-cost-per-operating-hour-used/,deindex,,規則7：未被辨識且 90d_impressions=無資料；soft noindex 並移出 sitemap,無資料,en,guide
https://worthcalc.win/en/guides/induction-cooktop-cost-per-cooking-hour-used/,deindex,,規則7：未被辨識且 90d_impressions=無資料；soft noindex 並移出 sitemap,無資料,en,guide
https://worthcalc.win/en/guides/insurance-deductible-cash-reserve/,deindex,,規則7：未被辨識且 90d_impressions=無資料；soft noindex 並移出 sitemap,無資料,en,guide
https://worthcalc.win/en/guides/introductory-discount-renewal-cost/,deindex,,規則7：未被辨識且 90d_impressions=無資料；soft noindex 並移出 sitemap,無資料,en,guide
https://worthcalc.win/en/guides/label-maker-electricity-cost-per-labeling-session-used/,deindex,,規則7：未被辨識且 90d_impressions=無資料；soft noindex 並移出 sitemap,無資料,en,guide
https://worthcalc.win/en/guides/laminator-electricity-cost-per-laminating-batch-used/,deindex,,規則7：未被辨識且 90d_impressions=無資料；soft noindex 並移出 sitemap,無資料,en,guide
https://worthcalc.win/en/guides/language-class-cost-per-completed-session/,deindex,,規則7：未被辨識且 90d_impressions=無資料；soft noindex 並移出 sitemap,無資料,en,guide
https://worthcalc.win/en/guides/laptop-docking-station-electricity-cost-per-workday-used/,deindex,,規則7：未被辨識且 90d_impressions=無資料；soft noindex 並移出 sitemap,無資料,en,guide
https://worthcalc.win/en/guides/laundry-cost-per-load/,deindex,,規則7：未被辨識且 90d_impressions=無資料；soft noindex 並移出 sitemap,無資料,en,guide
https://worthcalc.win/en/guides/led-lighting-cost-per-hour-used/,deindex,,規則7：未被辨識且 90d_impressions=無資料；soft noindex 並移出 sitemap,無資料,en,guide
https://worthcalc.win/en/guides/loan-refinance-break-even/,deindex,,規則7：未被辨識且 90d_impressions=無資料；soft noindex 並移出 sitemap,無資料,en,guide
https://worthcalc.win/en/guides/meal-delivery-plan-cost-per-eaten-meal/,deindex,,規則7：未被辨識且 90d_impressions=無資料；soft noindex 並移出 sitemap,無資料,en,guide
https://worthcalc.win/en/guides/meal-kit-cost-per-serving-after-waste/,deindex,,規則7：未被辨識且 90d_impressions=無資料；soft noindex 並移出 sitemap,無資料,en,guide
https://worthcalc.win/en/guides/microwave-cost-per-cooking-cycle-used/,deindex,,規則7：未被辨識且 90d_impressions=無資料；soft noindex 並移出 sitemap,無資料,en,guide
https://worthcalc.win/en/guides/minimum-spend-fee-waiver-break-even/,deindex,,規則7：未被辨識且 90d_impressions=無資料；soft noindex 並移出 sitemap,無資料,en,guide
https://worthcalc.win/en/guides/mobile-data-cost-per-gb-used/,deindex,,規則7：未被辨識且 90d_impressions=無資料；soft noindex 並移出 sitemap,無資料,en,guide
https://worthcalc.win/en/guides/monitor-electricity-cost-per-work-hour-used/,deindex,,規則7：未被辨識且 90d_impressions=無資料；soft noindex 並移出 sitemap,無資料,en,guide
https://worthcalc.win/en/guides/monthly-vs-annual-total-cost/,deindex,,規則7：未被辨識且 90d_impressions=無資料；soft noindex 並移出 sitemap,無資料,en,guide
https://worthcalc.win/en/guides/mortgage-points-break-even/,deindex,,規則7：未被辨識且 90d_impressions=無資料；soft noindex 並移出 sitemap,無資料,en,guide
https://worthcalc.win/en/guides/mortgage-recast-vs-refinance-vs-extra-principal/,deindex,,規則7：未被辨識且 90d_impressions=無資料；soft noindex 並移出 sitemap,無資料,en,guide
https://worthcalc.win/en/guides/natural-gas-cost-per-therm-used/,deindex,,規則7：未被辨識且 90d_impressions=無資料；soft noindex 並移出 sitemap,無資料,en,guide
https://worthcalc.win/en/guides/one-time-switching-cost-payback/,deindex,,規則7：未被辨識且 90d_impressions=無資料；soft noindex 並移出 sitemap,無資料,en,guide
https://worthcalc.win/en/guides/online-course-cost-per-completed-lesson/,deindex,,規則7：未被辨識且 90d_impressions=無資料；soft noindex 並移出 sitemap,無資料,en,guide
https://worthcalc.win/en/guides/outdoor-string-lights-electricity-cost-per-evening-used/,deindex,,規則7：未被辨識且 90d_impressions=無資料；soft noindex 並移出 sitemap,無資料,en,guide
https://worthcalc.win/en/guides/oven-stove-cost-per-cooking-hour-used/,deindex,,規則7：未被辨識且 90d_impressions=無資料；soft noindex 並移出 sitemap,無資料,en,guide
https://worthcalc.win/en/guides/paper-shredder-electricity-cost-per-shredding-session-used/,deindex,,規則7：未被辨識且 90d_impressions=無資料；soft noindex 並移出 sitemap,無資料,en,guide
https://worthcalc.win/en/guides/parking-pass-cost-per-day-used/,deindex,,規則7：未被辨識且 90d_impressions=無資料；soft noindex 並移出 sitemap,無資料,en,guide
https://worthcalc.win/en/guides/pause-vs-cancel-membership-cost/,deindex,,規則7：未被辨識且 90d_impressions=無資料；soft noindex 並移出 sitemap,無資料,en,guide
https://worthcalc.win/en/guides/personal-liquidity-ratio/,deindex,,規則7：未被辨識且 90d_impressions=無資料；soft noindex 並移出 sitemap,無資料,en,guide
https://worthcalc.win/en/guides/phone-charger-cost-per-charge-used/,deindex,,規則7：未被辨識且 90d_impressions=無資料；soft noindex 並移出 sitemap,無資料,en,guide
https://worthcalc.win/en/guides/pool-pump-cost-per-operating-hour-used/,deindex,,規則7：未被辨識且 90d_impressions=無資料；soft noindex 並移出 sitemap,無資料,en,guide
https://worthcalc.win/en/guides/pool-pump-electricity-cost-per-filtration-cycle-used/,deindex,,規則7：未被辨識且 90d_impressions=無資料；soft noindex 並移出 sitemap,無資料,en,guide
https://worthcalc.win/en/guides/portable-ac-cost-per-cooling-hour-used/,deindex,,規則7：未被辨識且 90d_impressions=無資料；soft noindex 並移出 sitemap,無資料,en,guide
https://worthcalc.win/en/guides/portable-air-conditioner-electricity-cost-per-cooling-session-used/,deindex,,規則7：未被辨識且 90d_impressions=無資料；soft noindex 並移出 sitemap,無資料,en,guide
https://worthcalc.win/en/guides/post-debt-payoff-lifestyle-creep/,deindex,,規則7：未被辨識且 90d_impressions=無資料；soft noindex 並移出 sitemap,無資料,en,guide
https://worthcalc.win/en/guides/prepaid-balance-expiration-cost/,deindex,,規則7：未被辨識且 90d_impressions=無資料；soft noindex 並移出 sitemap,無資料,en,guide
https://worthcalc.win/en/guides/prepay-rent-discount-vs-liquidity/,deindex,,規則7：未被辨識且 90d_impressions=無資料；soft noindex 並移出 sitemap,無資料,en,guide
https://worthcalc.win/en/guides/printer-electricity-cost-per-print-job-used/,deindex,,規則7：未被辨識且 90d_impressions=無資料；soft noindex 並移出 sitemap,無資料,en,guide
https://worthcalc.win/en/guides/projector-electricity-cost-per-presentation-hour-used/,deindex,,規則7：未被辨識且 90d_impressions=無資料；soft noindex 並移出 sitemap,無資料,en,guide
https://worthcalc.win/en/guides/real-vs-nominal-return/,deindex,,規則7：未被辨識且 90d_impressions=無資料；soft noindex 並移出 sitemap,無資料,en,guide
https://worthcalc.win/en/guides/recurring-costs-annual-total/,deindex,,規則7：未被辨識且 90d_impressions=無資料；soft noindex 並移出 sitemap,無資料,en,guide
https://worthcalc.win/en/guides/refrigerator-cost-per-day-used/,deindex,,規則7：未被辨識且 90d_impressions=無資料；soft noindex 並移出 sitemap,無資料,en,guide
https://worthcalc.win/en/guides/relocation-higher-salary-break-even/,deindex,,規則7：未被辨識且 90d_impressions=無資料；soft noindex 並移出 sitemap,無資料,en,guide
https://worthcalc.win/en/guides/remote-work-pay-cut-cash-break-even/,deindex,,規則7：未被辨識且 90d_impressions=無資料；soft noindex 並移出 sitemap,無資料,en,guide
https://worthcalc.win/en/guides/rent-increase-vs-moving-break-even/,deindex,,規則7：未被辨識且 90d_impressions=無資料；soft noindex 並移出 sitemap,無資料,en,guide
https://worthcalc.win/en/guides/rice-cooker-cost-per-cooking-cycle-used/,deindex,,規則7：未被辨識且 90d_impressions=無資料；soft noindex 並移出 sitemap,無資料,en,guide
https://worthcalc.win/en/guides/robot-vacuum-cost-per-cleaning-cycle-used/,deindex,,規則7：未被辨識且 90d_impressions=無資料；soft noindex 並移出 sitemap,無資料,en,guide
https://worthcalc.win/en/guides/room-air-conditioner-cost-per-cooling-hour-used/,deindex,,規則7：未被辨識且 90d_impressions=無資料；soft noindex 並移出 sitemap,無資料,en,guide
https://worthcalc.win/en/guides/router-electricity-cost-per-month-used/,deindex,,規則7：未被辨識且 90d_impressions=無資料；soft noindex 並移出 sitemap,無資料,en,guide
https://worthcalc.win/en/guides/sandwich-maker-cost-per-use-used/,deindex,,規則7：未被辨識且 90d_impressions=無資料；soft noindex 並移出 sitemap,無資料,en,guide
https://worthcalc.win/en/guides/savings-break-even-use-period/,deindex,,規則7：未被辨識且 90d_impressions=無資料；soft noindex 並移出 sitemap,無資料,en,guide
https://worthcalc.win/en/guides/scanner-electricity-cost-per-scanning-session-used/,deindex,,規則7：未被辨識且 90d_impressions=無資料；soft noindex 並移出 sitemap,無資料,en,guide
https://worthcalc.win/en/guides/sewing-machine-electricity-cost-per-sewing-hour-used/,deindex,,規則7：未被辨識且 90d_impressions=無資料；soft noindex 並移出 sitemap,無資料,en,guide
https://worthcalc.win/en/guides/sinking-fund-by-deadline/,deindex,,規則7：未被辨識且 90d_impressions=無資料；soft noindex 並移出 sitemap,無資料,en,guide
https://worthcalc.win/en/guides/slow-cooker-cost-per-cooking-hour-used/,deindex,,規則7：未被辨識且 90d_impressions=無資料；soft noindex 並移出 sitemap,無資料,en,guide
https://worthcalc.win/en/guides/smart-speaker-electricity-cost-per-listening-hour-used/,deindex,,規則7：未被辨識且 90d_impressions=無資料；soft noindex 並移出 sitemap,無資料,en,guide
https://worthcalc.win/en/guides/software-add-on-cost-per-active-seat/,deindex,,規則7：未被辨識且 90d_impressions=無資料；soft noindex 並移出 sitemap,無資料,en,guide
https://worthcalc.win/en/guides/software-seat-cost-per-active-user/,deindex,,規則7：未被辨識且 90d_impressions=無資料；soft noindex 並移出 sitemap,無資料,en,guide
https://worthcalc.win/en/guides/solar-inverter-electricity-cost-per-monitoring-day-used/,deindex,,規則7：未被辨識且 90d_impressions=無資料；soft noindex 並移出 sitemap,無資料,en,guide
https://worthcalc.win/en/guides/soldering-iron-electricity-cost-per-repair-hour-used/,deindex,,規則7：未被辨識且 90d_impressions=無資料；soft noindex 並移出 sitemap,無資料,en,guide
https://worthcalc.win/en/guides/soundbar-electricity-cost-per-watched-hour-used/,deindex,,規則7：未被辨識且 90d_impressions=無資料；soft noindex 並移出 sitemap,無資料,en,guide
https://worthcalc.win/en/guides/stand-mixer-cost-per-mixing-session-used/,deindex,,規則7：未被辨識且 90d_impressions=無資料；soft noindex 並移出 sitemap,無資料,en,guide
https://worthcalc.win/en/guides/standby-power-cost-per-day-used/,deindex,,規則7：未被辨識且 90d_impressions=無資料；soft noindex 並移出 sitemap,無資料,en,guide
https://worthcalc.win/en/guides/streaming-cost-per-watched-hour/,deindex,,規則7：未被辨識且 90d_impressions=無資料；soft noindex 並移出 sitemap,無資料,en,guide
https://worthcalc.win/en/guides/subscription-price-increase-annual-impact/,deindex,,規則7：未被辨識且 90d_impressions=無資料；soft noindex 並移出 sitemap,無資料,en,guide
https://worthcalc.win/en/guides/television-electricity-cost-per-watched-hour-used/,deindex,,規則7：未被辨識且 90d_impressions=無資料；soft noindex 並移出 sitemap,無資料,en,guide
https://worthcalc.win/en/guides/terrarium-heat-lamp-electricity-cost-per-heating-hour-used/,deindex,,規則7：未被辨識且 90d_impressions=無資料；soft noindex 並移出 sitemap,無資料,en,guide
https://worthcalc.win/en/guides/toaster-cost-per-use-used/,deindex,,規則7：未被辨識且 90d_impressions=無資料；soft noindex 並移出 sitemap,無資料,en,guide
https://worthcalc.win/en/guides/tool-rental-cost-per-project/,deindex,,規則7：未被辨識且 90d_impressions=無資料；soft noindex 並移出 sitemap,無資料,en,guide
https://worthcalc.win/en/guides/trade-in-vs-private-sale-net-proceeds/,deindex,,規則7：未被辨識且 90d_impressions=無資料；soft noindex 並移出 sitemap,無資料,en,guide
https://worthcalc.win/en/guides/training-certification-break-even/,deindex,,規則7：未被辨識且 90d_impressions=無資料；soft noindex 並移出 sitemap,無資料,en,guide
https://worthcalc.win/en/guides/transit-pass-cost-per-ride-used/,deindex,,規則7：未被辨識且 90d_impressions=無資料；soft noindex 並移出 sitemap,無資料,en,guide
https://worthcalc.win/en/guides/true-cost-of-buy-now-pay-later/,deindex,,規則7：未被辨識且 90d_impressions=無資料；soft noindex 並移出 sitemap,無資料,en,guide
https://worthcalc.win/en/guides/true-cost-of-convenience-delivery/,deindex,,規則7：未被辨識且 90d_impressions=無資料；soft noindex 並移出 sitemap,無資料,en,guide
https://worthcalc.win/en/guides/true-cost-of-extended-warranty/,deindex,,規則7：未被辨識且 90d_impressions=無資料；soft noindex 並移出 sitemap,無資料,en,guide
https://worthcalc.win/en/guides/true-cost-of-free-shipping-threshold/,deindex,,規則7：未被辨識且 90d_impressions=無資料；soft noindex 並移出 sitemap,無資料,en,guide
https://worthcalc.win/en/guides/true-cost-of-home-service-plan/,deindex,,規則7：未被辨識且 90d_impressions=無資料；soft noindex 並移出 sitemap,無資料,en,guide
https://worthcalc.win/en/guides/true-cost-of-rental-car/,deindex,,規則7：未被辨識且 90d_impressions=無資料；soft noindex 並移出 sitemap,無資料,en,guide
https://worthcalc.win/en/guides/true-cost-of-upgrade-feature/,deindex,,規則7：未被辨識且 90d_impressions=無資料；soft noindex 並移出 sitemap,無資料,en,guide
https://worthcalc.win/en/guides/unused-membership-capacity-cost/,deindex,,規則7：未被辨識且 90d_impressions=無資料；soft noindex 並移出 sitemap,無資料,en,guide
https://worthcalc.win/en/guides/usb-charging-hub-electricity-cost-per-charging-session-used/,deindex,,規則7：未被辨識且 90d_impressions=無資料；soft noindex 並移出 sitemap,無資料,en,guide
https://worthcalc.win/en/guides/vacuum-cleaner-electricity-cost-per-cleaning-hour-used/,deindex,,規則7：未被辨識且 90d_impressions=無資料；soft noindex 並移出 sitemap,無資料,en,guide
https://worthcalc.win/en/guides/waffle-maker-cost-per-cooking-cycle-used/,deindex,,規則7：未被辨識且 90d_impressions=無資料；soft noindex 並移出 sitemap,無資料,en,guide
https://worthcalc.win/en/guides/water-bill-cost-per-gallon-used/,deindex,,規則7：未被辨識且 90d_impressions=無資料；soft noindex 並移出 sitemap,無資料,en,guide
https://worthcalc.win/en/guides/water-cooler-electricity-cost-per-cooling-day-used/,deindex,,規則7：未被辨識且 90d_impressions=無資料；soft noindex 並移出 sitemap,無資料,en,guide
https://worthcalc.win/en/guides/water-heater-cost-per-gallon-heated/,deindex,,規則7：未被辨識且 90d_impressions=無資料；soft noindex 並移出 sitemap,無資料,en,guide
https://worthcalc.win/en/guides/webcam-electricity-cost-per-meeting-hour-used/,deindex,,規則7：未被辨識且 90d_impressions=無資料；soft noindex 並移出 sitemap,無資料,en,guide
https://worthcalc.win/en/guides/windfall-debt-vs-cash-allocation/,deindex,,規則7：未被辨識且 90d_impressions=無資料；soft noindex 並移出 sitemap,無資料,en,guide
https://worthcalc.win/en/gym-membership-cost-per-visit/,keep,,CEO改判：命中目標叢集；≥2來源且≥800字；字數=1011；來源數=2,無資料,en,index
https://worthcalc.win/en/home-vs-public-ev-charging-cost/,keep,,規則5：coverageState=已提交並建立索引；90d_impressions=1,1,en,index
https://worthcalc.win/en/hourly-vs-annual-salary/,keep-priority,,規則5：coverageState=已提交並建立索引；90d_impressions=無資料（0 曝光 keep-priority）,無資料,en,index
https://worthcalc.win/en/how-compound-growth-works/,keep-priority,,規則5：coverageState=已提交並建立索引；90d_impressions=無資料（0 曝光 keep-priority）,無資料,en,index
https://worthcalc.win/en/how-much-home-can-you-afford/,deindex,,規則7：未被辨識且 90d_impressions=無資料；soft noindex 並移出 sitemap,無資料,en,index
https://worthcalc.win/en/how-to-calculate-dti/,keep-priority,,規則5：coverageState=已提交並建立索引；90d_impressions=無資料（0 曝光 keep-priority）,無資料,en,index
https://worthcalc.win/en/installment-apr-table/,deindex,,規則7：未被辨識且 90d_impressions=無資料；soft noindex 並移出 sitemap,無資料,en,index
https://worthcalc.win/en/is-an-extended-warranty-worth-it/,keep,,CEO改判：命中目標叢集；≥2來源且≥800字；字數=931；來源數=3,無資料,en,index
https://worthcalc.win/en/is-costco-executive-membership-worth-it/,keep,,規則5：coverageState=已提交並建立索引；90d_impressions=18,18,en,index
https://worthcalc.win/en/job-offer-true-value-decision-engine/,deindex,,規則7：未被辨識且 90d_impressions=無資料；soft noindex 並移出 sitemap,無資料,en,index
https://worthcalc.win/en/loan-term-monthly-payment-vs-total-interest/,keep,,CEO改判：≥2來源且≥800字；字數=1551；來源數=3,無資料,en,index
https://worthcalc.win/en/meal-prep-vs-takeout-cost/,deindex,,規則7：未被辨識且 90d_impressions=無資料；soft noindex 並移出 sitemap,無資料,en,index
https://worthcalc.win/en/monthly-vs-annual-subscription/,keep,,規則5：coverageState=已提交並建立索引；90d_impressions=7,7,en,index
https://worthcalc.win/en/net-worth-vs-liquid-net-worth/,keep,,CEO改判：≥2來源且≥800字；字數=1508；來源數=2,無資料,en,index
https://worthcalc.win/en/new-vs-used-car-total-cost/,keep-priority,,規則5：coverageState=已提交並建立索引；90d_impressions=無資料（0 曝光 keep-priority）,無資料,en,index
https://worthcalc.win/en/opportunity-cost-everyday/,deindex,,規則7：未被辨識且 90d_impressions=無資料；soft noindex 並移出 sitemap,無資料,en,index
https://worthcalc.win/en/paid-membership-break-even/,keep-priority,,規則5：coverageState=已提交並建立索引；90d_impressions=無資料（0 曝光 keep-priority）,無資料,en,index
https://worthcalc.win/en/pay-raise-vs-inflation-purchasing-power/,keep,,規則5：coverageState=已提交並建立索引；90d_impressions=6,6,en,index
https://worthcalc.win/en/price-in-work-hours/,deindex,,規則7：未被辨識且 90d_impressions=無資料；soft noindex 並移出 sitemap,無資料,en,index
https://worthcalc.win/en/price-per-wear-clothing-shoes/,deindex,,規則7：未被辨識且 90d_impressions=無資料；soft noindex 並移出 sitemap,無資料,en,index
https://worthcalc.win/en/privacy/,keep,,規則3：首頁／法務／索引／topic-hub 結構頁；coverageState=已提交並建立索引；90d_impressions=9,9,en,legal
https://worthcalc.win/en/rent-vs-buy-breakeven-year/,keep-priority,,規則5：coverageState=已提交並建立索引；90d_impressions=無資料（0 曝光 keep-priority）,無資料,en,index
https://worthcalc.win/en/rent-vs-buy-guide/,keep,,規則5：coverageState=已提交並建立索引；90d_impressions=7,7,en,index
https://worthcalc.win/en/repair-or-replace-decision-formula/,keep,,CEO改判：≥2來源且≥800字；字數=990；來源數=3,無資料,en,index
https://worthcalc.win/en/return-to-office-cost/,deindex,,規則7：未被辨識且 90d_impressions=無資料；soft noindex 並移出 sitemap,無資料,en,index
https://worthcalc.win/en/reusable-vs-disposable-break-even/,deindex,,規則7：未被辨識且 90d_impressions=無資料；soft noindex 並移出 sitemap,無資料,en,index
https://worthcalc.win/en/rule-of-72-explained/,deindex,,規則7：未被辨識且 90d_impressions=無資料；soft noindex 並移出 sitemap,無資料,en,index
https://worthcalc.win/en/savings-rate-gross-vs-net/,keep,,CEO改判：≥2來源且≥800字；字數=1405；來源數=3,無資料,en,index
https://worthcalc.win/en/snowball-vs-avalanche/,keep-priority,,規則5：coverageState=已提交並建立索引；90d_impressions=無資料（0 曝光 keep-priority）,無資料,en,index
https://worthcalc.win/en/subscription-creep/,keep,,規則5：coverageState=已提交並建立索引；90d_impressions=4,4,en,index
https://worthcalc.win/en/sunk-cost-fallacy-everyday/,deindex,,規則7：未被辨識且 90d_impressions=無資料；soft noindex 並移出 sitemap,無資料,en,index
https://worthcalc.win/en/terms/,keep,,規則3：首頁／法務／索引／topic-hub 結構頁；coverageState=已提交並建立索引；90d_impressions=7,7,en,legal
https://worthcalc.win/en/tools/,keep,,規則2：/tools/ 計算機頁；coverageState=Google 無法辨識的網址；90d_impressions=無資料,無資料,en,index
https://worthcalc.win/en/tools/budget-builder/,keep,,規則2：/tools/ 計算機頁；coverageState=已提交並建立索引；90d_impressions=8,8,en,tool
https://worthcalc.win/en/tools/car-affordability/,keep,,規則2：/tools/ 計算機頁；coverageState=已提交並建立索引；90d_impressions=5,5,en,tool
https://worthcalc.win/en/tools/cashback-breakeven/,keep,,規則2：/tools/ 計算機頁；coverageState=已檢索 - 目前尚未建立索引；90d_impressions=無資料,無資料,en,tool
https://worthcalc.win/en/tools/commute-cost/,keep,,規則2：/tools/ 計算機頁；coverageState=已提交並建立索引；90d_impressions=175,175,en,tool
https://worthcalc.win/en/tools/compound-growth/,keep,,規則2：/tools/ 計算機頁；coverageState=已提交並建立索引；90d_impressions=6,6,en,tool
https://worthcalc.win/en/tools/cost-per-mile/,keep,,規則2：/tools/ 計算機頁；coverageState=Google 無法辨識的網址；90d_impressions=無資料,無資料,en,tool
https://worthcalc.win/en/tools/costco-membership/,keep,,規則2：/tools/ 計算機頁；coverageState=已提交並建立索引；90d_impressions=12,12,en,tool
https://worthcalc.win/en/tools/credit-card-payoff/,keep,,規則2：/tools/ 計算機頁；coverageState=已提交並建立索引；90d_impressions=4,4,en,tool
https://worthcalc.win/en/tools/debt-strategy/,keep,,規則2：/tools/ 計算機頁；coverageState=已提交並建立索引；90d_impressions=10,10,en,tool
https://worthcalc.win/en/tools/dti-calculator/,keep,,規則2：/tools/ 計算機頁；coverageState=已提交並建立索引；90d_impressions=3,3,en,tool
https://worthcalc.win/en/tools/ev-vs-gas/,keep,,規則2：/tools/ 計算機頁；coverageState=已提交並建立索引；90d_impressions=31,31,en,tool
https://worthcalc.win/en/tools/home-affordability/,keep-priority,,規則2：/tools/ 計算機頁；coverageState=已提交並建立索引；90d_impressions=無資料,無資料,en,tool
https://worthcalc.win/en/tools/installment-true-apr/,keep,,規則2：/tools/ 計算機頁；coverageState=已提交並建立索引；90d_impressions=21,21,en,tool
https://worthcalc.win/en/tools/latte-factor/,keep,,規則2：/tools/ 計算機頁；coverageState=已提交並建立索引；90d_impressions=36,36,en,tool
https://worthcalc.win/en/tools/mortgage-payoff/,keep-priority,,規則2：/tools/ 計算機頁；coverageState=已提交並建立索引；90d_impressions=無資料,無資料,en,tool
https://worthcalc.win/en/tools/rent-vs-buy/,keep,,規則2：/tools/ 計算機頁；coverageState=已提交並建立索引；90d_impressions=10,10,en,tool
https://worthcalc.win/en/tools/salary-converter/,keep,,規則2：/tools/ 計算機頁；coverageState=已提交並建立索引；90d_impressions=1,1,en,tool
https://worthcalc.win/en/tools/subscription-audit/,keep,,規則2：/tools/ 計算機頁；coverageState=已提交並建立索引；90d_impressions=19,19,en,tool
https://worthcalc.win/en/topics/debt-credit/,keep,,規則3：首頁／法務／索引／topic-hub 結構頁；coverageState=Google 無法辨識的網址；90d_impressions=無資料,無資料,en,topic-hub
https://worthcalc.win/en/topics/everyday/,keep,,規則3：首頁／法務／索引／topic-hub 結構頁；coverageState=Google 無法辨識的網址；90d_impressions=無資料,無資料,en,topic-hub
https://worthcalc.win/en/topics/housing/,keep,,規則3：首頁／法務／索引／topic-hub 結構頁；coverageState=Google 無法辨識的網址；90d_impressions=無資料,無資料,en,topic-hub
https://worthcalc.win/en/topics/income-savings/,keep,,規則3：首頁／法務／索引／topic-hub 結構頁；coverageState=Google 無法辨識的網址；90d_impressions=無資料,無資料,en,topic-hub
https://worthcalc.win/en/topics/memberships/,keep,,規則3：首頁／法務／索引／topic-hub 結構頁；coverageState=Google 無法辨識的網址；90d_impressions=無資料,無資料,en,topic-hub
https://worthcalc.win/en/topics/transportation/,keep,,規則3：首頁／法務／索引／topic-hub 結構頁；coverageState=Google 無法辨識的網址；90d_impressions=無資料,無資料,en,topic-hub
https://worthcalc.win/en/true-cost-of-car-ownership/,keep,,規則5：coverageState=已提交並建立索引；90d_impressions=2,2,en,index
https://worthcalc.win/en/true-hourly-wage-after-commuting-work-expenses/,keep,,規則5：coverageState=已提交並建立索引；90d_impressions=2,2,en,index
https://worthcalc.win/en/upfront-fees-financing-cost/,keep,,規則5：coverageState=已提交並建立索引；90d_impressions=12,12,en,index
https://worthcalc.win/en/upgrade-your-phone-or-keep-it/,keep,,CEO改判：≥2來源且≥800字；字數=1034；來源數=2,無資料,en,index
https://worthcalc.win/en/work-from-home-vs-commuting-hidden-costs/,keep-priority,,規則5：coverageState=已提交並建立索引；90d_impressions=無資料（0 曝光 keep-priority）,無資料,en,index
https://worthcalc.win/en/zero-interest-installments-truth/,keep,,規則5：coverageState=已提交並建立索引；90d_impressions=5,5,en,index
https://worthcalc.win/es/,keep,,規則3：首頁／法務／索引／topic-hub 結構頁；coverageState=已提交並建立索引；90d_impressions=4,4,es,home
https://worthcalc.win/es/about/,keep-priority,,規則3：首頁／法務／索引／topic-hub 結構頁；coverageState=已提交並建立索引；90d_impressions=無資料,無資料,es,legal
https://worthcalc.win/es/annual-fee-card-breakeven/,keep-priority,,規則5：coverageState=已提交並建立索引；90d_impressions=無資料（0 曝光 keep-priority）,無資料,es,index
https://worthcalc.win/es/bnpl-vs-credit-card-installments/,keep-priority,,規則5：coverageState=已提交並建立索引；90d_impressions=無資料（0 曝光 keep-priority）,無資料,es,index
https://worthcalc.win/es/budget-with-irregular-income/,keep-priority,,規則5：coverageState=已提交並建立索引；90d_impressions=無資料（0 曝光 keep-priority）,無資料,es,index
https://worthcalc.win/es/bulk-buying-vs-small-packages/,keep-priority,,規則5：coverageState=已提交並建立索引；90d_impressions=無資料（0 曝光 keep-priority）,無資料,es,index
https://worthcalc.win/es/bulk-buying-waste-math/,deindex,,規則7：未被辨識且 90d_impressions=無資料；soft noindex 並移出 sitemap,無資料,es,index
https://worthcalc.win/es/car-lease-vs-buy-total-cost/,keep,,CEO改判：命中目標叢集；≥2來源且≥800字；字數=1425；來源數=3,無資料,es,index
https://worthcalc.win/es/cashback-caps-real-reward-rate/,keep,,規則5：coverageState=已提交並建立索引；90d_impressions=1,1,es,index
https://worthcalc.win/es/changelog/,keep,,規則3：首頁／法務／索引／topic-hub 結構頁；coverageState=已提交並建立索引；90d_impressions=1,1,es,legal
https://worthcalc.win/es/contact/,keep-priority,,規則3：首頁／法務／索引／topic-hub 結構頁；coverageState=已提交並建立索引；90d_impressions=無資料,無資料,es,legal
https://worthcalc.win/es/cost-per-use-expensive-item/,deindex,,規則7：未被辨識且 90d_impressions=無資料；soft noindex 並移出 sitemap,無資料,es,index
https://worthcalc.win/es/costco-math/,keep,,CEO改判：命中目標叢集；字數=584；來源數=2,無資料,es,index
https://worthcalc.win/es/credit-card-minimum-payment-trap/,keep-priority,,規則5：coverageState=已提交並建立索引；90d_impressions=無資料（0 曝光 keep-priority）,無資料,es,index
https://worthcalc.win/es/delivery-membership-break-even/,keep,,CEO改判：命中目標叢集；≥2來源且≥800字；字數=1045；來源數=2,無資料,es,index
https://worthcalc.win/es/disclaimer/,keep-priority,,規則3：首頁／法務／索引／topic-hub 結構頁；coverageState=已提交並建立索引；90d_impressions=無資料,無資料,es,legal
https://worthcalc.win/es/energy-efficient-appliance-payback/,keep,,CEO改判：命中目標叢集；字數=722；來源數=2,無資料,es,index
https://worthcalc.win/es/ev-vs-gas-total-cost/,keep,,規則5：coverageState=已提交並建立索引；90d_impressions=2,2,es,index
https://worthcalc.win/es/extra-mortgage-payments-guide/,keep-priority,,規則5：coverageState=已提交並建立索引；90d_impressions=無資料（0 曝光 keep-priority）,無資料,es,index
https://worthcalc.win/es/full-commute-cost-including-time/,keep-priority,,規則5：coverageState=已提交並建立索引；90d_impressions=無資料（0 曝光 keep-priority）,無資料,es,index
https://worthcalc.win/es/guides/,keep,,規則3：首頁／法務／索引／topic-hub 結構頁；coverageState=Google 無法辨識的網址；90d_impressions=無資料,無資料,es,index
https://worthcalc.win/es/guides/3d-printer-electricity-cost-per-print-used/,deindex,,規則7：未被辨識且 90d_impressions=無資料；soft noindex 並移出 sitemap,無資料,es,guide
https://worthcalc.win/es/guides/3d-scanner-electricity-cost-per-scanning-session-used/,deindex,,規則7：未被辨識且 90d_impressions=無資料；soft noindex 並移出 sitemap,無資料,es,guide
https://worthcalc.win/es/guides/air-fryer-cost-per-cooking-cycle-used/,deindex,,規則7：未被辨識且 90d_impressions=無資料；soft noindex 並移出 sitemap,無資料,es,guide
https://worthcalc.win/es/guides/air-purifier-cost-per-clean-air-hour-used/,deindex,,規則7：未被辨識且 90d_impressions=無資料；soft noindex 並移出 sitemap,無資料,es,guide
https://worthcalc.win/es/guides/annual-cost-savings-calculator/,deindex,,規則7：未被辨識且 90d_impressions=無資料；soft noindex 並移出 sitemap,無資料,es,guide
https://worthcalc.win/es/guides/aquarium-air-pump-electricity-cost-per-filtration-day-used/,deindex,,規則7：未被辨識且 90d_impressions=無資料；soft noindex 並移出 sitemap,無資料,es,guide
https://worthcalc.win/es/guides/aquarium-heater-electricity-cost-per-tank-day-used/,deindex,,規則7：未被辨識且 90d_impressions=無資料；soft noindex 並移出 sitemap,無資料,es,guide
https://worthcalc.win/es/guides/attic-fan-electricity-cost-per-ventilation-hour-used/,deindex,,規則7：未被辨識且 90d_impressions=無資料；soft noindex 並移出 sitemap,無資料,es,guide
https://worthcalc.win/es/guides/bathroom-ventilation-fan-electricity-cost-per-shower-used/,deindex,,規則7：未被辨識且 90d_impressions=無資料；soft noindex 並移出 sitemap,無資料,es,guide
https://worthcalc.win/es/guides/billing-date-cash-flow-overlap/,deindex,,規則7：未被辨識且 90d_impressions=無資料；soft noindex 並移出 sitemap,無資料,es,guide
https://worthcalc.win/es/guides/blender-cost-per-blending-session-used/,deindex,,規則7：未被辨識且 90d_impressions=無資料；soft noindex 並移出 sitemap,無資料,es,guide
https://worthcalc.win/es/guides/bread-maker-cost-per-loaf-used/,deindex,,規則7：未被辨識且 90d_impressions=無資料；soft noindex 並移出 sitemap,無資料,es,guide
https://worthcalc.win/es/guides/ceiling-fan-cost-per-operating-hour-used/,deindex,,規則7：未被辨識且 90d_impressions=無資料；soft noindex 並移出 sitemap,無資料,es,guide
https://worthcalc.win/es/guides/ceiling-fan-electricity-cost-per-cooling-hour-used/,deindex,,規則7：未被辨識且 90d_impressions=無資料；soft noindex 並移出 sitemap,無資料,es,guide
https://worthcalc.win/es/guides/childcare-cost-per-hour-used/,deindex,,規則7：未被辨識且 90d_impressions=無資料；soft noindex 並移出 sitemap,無資料,es,guide
https://worthcalc.win/es/guides/clothes-dryer-cost-per-load-used/,deindex,,規則7：未被辨識且 90d_impressions=無資料；soft noindex 並移出 sitemap,無資料,es,guide
https://worthcalc.win/es/guides/cloud-storage-cost-per-retained-gb/,deindex,,規則7：未被辨識且 90d_impressions=無資料；soft noindex 並移出 sitemap,無資料,es,guide
https://worthcalc.win/es/guides/coffee-maker-cost-per-brew-used/,deindex,,規則7：未被辨識且 90d_impressions=無資料；soft noindex 並移出 sitemap,無資料,es,guide
https://worthcalc.win/es/guides/computer-electricity-cost-per-day-used/,deindex,,規則7：未被辨識且 90d_impressions=無資料；soft noindex 並移出 sitemap,無資料,es,guide
https://worthcalc.win/es/guides/cost-per-use-kitchen-appliance/,deindex,,規則7：未被辨識且 90d_impressions=無資料；soft noindex 並移出 sitemap,無資料,es,guide
https://worthcalc.win/es/guides/cost-per-wear-clothing/,deindex,,規則7：未被辨識且 90d_impressions=無資料；soft noindex 並移出 sitemap,無資料,es,guide
https://worthcalc.win/es/guides/costco-executive-break-even-eligible-spend/,deindex,,規則7：未被辨識且 90d_impressions=無資料；soft noindex 並移出 sitemap,無資料,es,guide
https://worthcalc.win/es/guides/costco-gas-detour-break-even/,deindex,,規則7：未被辨識且 90d_impressions=無資料；soft noindex 並移出 sitemap,無資料,es,guide
https://worthcalc.win/es/guides/costco-household-card-break-even-use/,deindex,,規則7：未被辨識且 90d_impressions=無資料；soft noindex 並移出 sitemap,無資料,es,guide
https://worthcalc.win/es/guides/costco-membership-fee-break-even-savings/,deindex,,規則7：未被辨識且 90d_impressions=無資料；soft noindex 並移出 sitemap,無資料,es,guide
https://worthcalc.win/es/guides/costco-renewal-refund-reward-timing/,deindex,,規則7：未被辨識且 90d_impressions=無資料；soft noindex 並移出 sitemap,無資料,es,guide
https://worthcalc.win/es/guides/costco-reward-cap-usage-break-even/,deindex,,規則7：未被辨識且 90d_impressions=無資料；soft noindex 並移出 sitemap,無資料,es,guide
https://worthcalc.win/es/guides/costco-reward-exclusion-effective-rate/,deindex,,規則7：未被辨識且 90d_impressions=無資料；soft noindex 並移出 sitemap,無資料,es,guide
https://worthcalc.win/es/guides/countertop-ice-maker-cost-per-batch-used/,deindex,,規則7：未被辨識且 90d_impressions=無資料；soft noindex 並移出 sitemap,無資料,es,guide
https://worthcalc.win/es/guides/coworking-membership-cost-per-day/,deindex,,規則7：未被辨識且 90d_impressions=無資料；soft noindex 並移出 sitemap,無資料,es,guide
https://worthcalc.win/es/guides/dehumidifier-cost-per-pint-removed/,deindex,,規則7：未被辨識且 90d_impressions=無資料；soft noindex 並移出 sitemap,無資料,es,guide
https://worthcalc.win/es/guides/dehumidifier-electricity-cost-per-laundry-drying-session-used/,deindex,,規則7：未被辨識且 90d_impressions=無資料；soft noindex 並移出 sitemap,無資料,es,guide
https://worthcalc.win/es/guides/desk-fan-electricity-cost-per-cooling-hour-used/,deindex,,規則7：未被辨識且 90d_impressions=無資料；soft noindex 並移出 sitemap,無資料,es,guide
https://worthcalc.win/es/guides/desktop-speakers-electricity-cost-per-listening-hour-used/,deindex,,規則7：未被辨識且 90d_impressions=無資料；soft noindex 並移出 sitemap,無資料,es,guide
https://worthcalc.win/es/guides/digital-photo-frame-electricity-cost-per-display-day-used/,deindex,,規則7：未被辨識且 90d_impressions=無資料；soft noindex 並移出 sitemap,無資料,es,guide
https://worthcalc.win/es/guides/dishwasher-cost-per-cycle-used/,deindex,,規則7：未被辨識且 90d_impressions=無資料；soft noindex 並移出 sitemap,無資料,es,guide
https://worthcalc.win/es/guides/document-camera-electricity-cost-per-presentation-hour-used/,deindex,,規則7：未被辨識且 90d_impressions=無資料；soft noindex 並移出 sitemap,無資料,es,guide
https://worthcalc.win/es/guides/e-reader-electricity-cost-per-reading-hour-used/,deindex,,規則7：未被辨識且 90d_impressions=無資料；soft noindex 並移出 sitemap,無資料,es,guide
https://worthcalc.win/es/guides/electric-air-pump-electricity-cost-per-inflation-session-used/,deindex,,規則7：未被辨識且 90d_impressions=無資料；soft noindex 並移出 sitemap,無資料,es,guide
https://worthcalc.win/es/guides/electric-blanket-cost-per-night-used/,deindex,,規則7：未被辨識且 90d_impressions=無資料；soft noindex 並移出 sitemap,無資料,es,guide
https://worthcalc.win/es/guides/electric-can-opener-cost-per-use-used/,deindex,,規則7：未被辨識且 90d_impressions=無資料；soft noindex 並移出 sitemap,無資料,es,guide
https://worthcalc.win/es/guides/electric-citrus-juicer-cost-per-juice-session-used/,deindex,,規則7：未被辨識且 90d_impressions=無資料；soft noindex 並移出 sitemap,無資料,es,guide
https://worthcalc.win/es/guides/electric-egg-cooker-cost-per-cooking-cycle-used/,deindex,,規則7：未被辨識且 90d_impressions=無資料；soft noindex 並移出 sitemap,無資料,es,guide
https://worthcalc.win/es/guides/electric-fireplace-electricity-cost-per-heating-hour-used/,deindex,,規則7：未被辨識且 90d_impressions=無資料；soft noindex 並移出 sitemap,無資料,es,guide
https://worthcalc.win/es/guides/electric-food-warmer-cost-per-heating-hour-used/,deindex,,規則7：未被辨識且 90d_impressions=無資料；soft noindex 並移出 sitemap,無資料,es,guide
https://worthcalc.win/es/guides/electric-foot-massager-electricity-cost-per-massage-session-used/,deindex,,規則7：未被辨識且 90d_impressions=無資料；soft noindex 並移出 sitemap,無資料,es,guide
https://worthcalc.win/es/guides/electric-griddle-cost-per-cooking-hour-used/,deindex,,規則7：未被辨識且 90d_impressions=無資料；soft noindex 並移出 sitemap,無資料,es,guide
https://worthcalc.win/es/guides/electric-hand-mixer-electricity-cost-per-mixing-session-used/,deindex,,規則7：未被辨識且 90d_impressions=無資料；soft noindex 並移出 sitemap,無資料,es,guide
https://worthcalc.win/es/guides/electric-insect-zapper-electricity-cost-per-overnight-used/,deindex,,規則7：未被辨識且 90d_impressions=無資料；soft noindex 並移出 sitemap,無資料,es,guide
https://worthcalc.win/es/guides/electric-kettle-cost-per-boil-used/,deindex,,規則7：未被辨識且 90d_impressions=無資料；soft noindex 並移出 sitemap,無資料,es,guide
https://worthcalc.win/es/guides/electric-lunch-box-cost-per-heating-cycle-used/,deindex,,規則7：未被辨識且 90d_impressions=無資料；soft noindex 並移出 sitemap,無資料,es,guide
https://worthcalc.win/es/guides/electric-meat-grinder-cost-per-grinding-session-used/,deindex,,規則7：未被辨識且 90d_impressions=無資料；soft noindex 並移出 sitemap,無資料,es,guide
https://worthcalc.win/es/guides/electric-milk-frother-cost-per-frothing-session-used/,deindex,,規則7：未被辨識且 90d_impressions=無資料；soft noindex 並移出 sitemap,無資料,es,guide
https://worthcalc.win/es/guides/electric-pasta-maker-cost-per-batch-used/,deindex,,規則7：未被辨識且 90d_impressions=無資料；soft noindex 並移出 sitemap,無資料,es,guide
https://worthcalc.win/es/guides/electric-pencil-sharpener-electricity-cost-per-sharpening-session-used/,deindex,,規則7：未被辨識且 90d_impressions=無資料；soft noindex 並移出 sitemap,無資料,es,guide
https://worthcalc.win/es/guides/electric-pressure-cooker-cost-per-cooking-cycle-used/,deindex,,規則7：未被辨識且 90d_impressions=無資料；soft noindex 並移出 sitemap,無資料,es,guide
https://worthcalc.win/es/guides/electric-shaver-electricity-cost-per-grooming-session-used/,deindex,,規則7：未被辨識且 90d_impressions=無資料；soft noindex 並移出 sitemap,無資料,es,guide
https://worthcalc.win/es/guides/electric-space-heater-cost-per-heating-hour-used/,deindex,,規則7：未被辨識且 90d_impressions=無資料；soft noindex 並移出 sitemap,無資料,es,guide
https://worthcalc.win/es/guides/electric-standing-desk-electricity-cost-per-adjusted-day-used/,deindex,,規則7：未被辨識且 90d_impressions=無資料；soft noindex 並移出 sitemap,無資料,es,guide
https://worthcalc.win/es/guides/electric-stapler-electricity-cost-per-stapling-session-used/,deindex,,規則7：未被辨識且 90d_impressions=無資料；soft noindex 並移出 sitemap,無資料,es,guide
https://worthcalc.win/es/guides/electric-toothbrush-electricity-cost-per-charging-day-used/,deindex,,規則7：未被辨識且 90d_impressions=無資料；soft noindex 並移出 sitemap,無資料,es,guide
https://worthcalc.win/es/guides/electric-wine-cooler-electricity-cost-per-storage-day-used/,deindex,,規則7：未被辨識且 90d_impressions=無資料；soft noindex 並移出 sitemap,無資料,es,guide
https://worthcalc.win/es/guides/electric-yogurt-maker-cost-per-batch-used/,deindex,,規則7：未被辨識且 90d_impressions=無資料；soft noindex 並移出 sitemap,無資料,es,guide
https://worthcalc.win/es/guides/electricity-cost-per-kwh-used/,deindex,,規則7：未被辨識且 90d_impressions=無資料；soft noindex 並移出 sitemap,無資料,es,guide
https://worthcalc.win/es/guides/espresso-machine-cost-per-shot-used/,deindex,,規則7：未被辨識且 90d_impressions=無資料；soft noindex 並移出 sitemap,無資料,es,guide
https://worthcalc.win/es/guides/event-ticket-cost-per-attended-hour/,deindex,,規則7：未被辨識且 90d_impressions=無資料；soft noindex 並移出 sitemap,無資料,es,guide
https://worthcalc.win/es/guides/external-hard-drive-electricity-cost-per-backup-job-used/,deindex,,規則7：未被辨識且 90d_impressions=無資料；soft noindex 並移出 sitemap,無資料,es,guide
https://worthcalc.win/es/guides/family-plan-break-even-members/,deindex,,規則7：未被辨識且 90d_impressions=無資料；soft noindex 並移出 sitemap,無資料,es,guide
https://worthcalc.win/es/guides/food-dehydrator-cost-per-drying-hour-used/,deindex,,規則7：未被辨識且 90d_impressions=無資料；soft noindex 並移出 sitemap,無資料,es,guide
https://worthcalc.win/es/guides/food-processor-cost-per-prep-session-used/,deindex,,規則7：未被辨識且 90d_impressions=無資料；soft noindex 並移出 sitemap,無資料,es,guide
https://worthcalc.win/es/guides/free-trial-auto-renewal-first-charge/,deindex,,規則7：未被辨識且 90d_impressions=無資料；soft noindex 並移出 sitemap,無資料,es,guide
https://worthcalc.win/es/guides/freezer-cost-per-day-used/,deindex,,規則7：未被辨識且 90d_impressions=無資料；soft noindex 並移出 sitemap,無資料,es,guide
https://worthcalc.win/es/guides/gaming-console-electricity-cost-per-gaming-hour-used/,deindex,,規則7：未被辨識且 90d_impressions=無資料；soft noindex 並移出 sitemap,無資料,es,guide
https://worthcalc.win/es/guides/garage-door-opener-electricity-cost-per-cycle-used/,deindex,,規則7：未被辨識且 90d_impressions=無資料；soft noindex 並移出 sitemap,無資料,es,guide
https://worthcalc.win/es/guides/garment-steamer-cost-per-steaming-hour-used/,deindex,,規則7：未被辨識且 90d_impressions=無資料；soft noindex 並移出 sitemap,無資料,es,guide
https://worthcalc.win/es/guides/glue-gun-electricity-cost-per-crafting-hour-used/,deindex,,規則7：未被辨識且 90d_impressions=無資料；soft noindex 並移出 sitemap,無資料,es,guide
https://worthcalc.win/es/guides/gym-membership-cost-per-visit/,deindex,,規則7：未被辨識且 90d_impressions=無資料；soft noindex 並移出 sitemap,無資料,es,guide
https://worthcalc.win/es/guides/hair-dryer-cost-per-drying-session-used/,deindex,,規則7：未被辨識且 90d_impressions=無資料；soft noindex 並移出 sitemap,無資料,es,guide
https://worthcalc.win/es/guides/heat-pump-cost-per-heating-hour-used/,deindex,,規則7：未被辨識且 90d_impressions=無資料；soft noindex 並移出 sitemap,無資料,es,guide
https://worthcalc.win/es/guides/hobby-equipment-cost-per-use/,deindex,,規則7：未被辨識且 90d_impressions=無資料；soft noindex 並移出 sitemap,無資料,es,guide
https://worthcalc.win/es/guides/home-internet-cost-per-gb-used/,deindex,,規則7：未被辨識且 90d_impressions=無資料；soft noindex 並移出 sitemap,無資料,es,guide
https://worthcalc.win/es/guides/humidifier-electricity-cost-per-humidifying-hour-used/,deindex,,規則7：未被辨識且 90d_impressions=無資料；soft noindex 並移出 sitemap,無資料,es,guide
https://worthcalc.win/es/guides/hvac-cost-per-operating-hour-used/,deindex,,規則7：未被辨識且 90d_impressions=無資料；soft noindex 並移出 sitemap,無資料,es,guide
https://worthcalc.win/es/guides/induction-cooktop-cost-per-cooking-hour-used/,deindex,,規則7：未被辨識且 90d_impressions=無資料；soft noindex 並移出 sitemap,無資料,es,guide
https://worthcalc.win/es/guides/introductory-discount-renewal-cost/,deindex,,規則7：未被辨識且 90d_impressions=無資料；soft noindex 並移出 sitemap,無資料,es,guide
https://worthcalc.win/es/guides/label-maker-electricity-cost-per-labeling-session-used/,deindex,,規則7：未被辨識且 90d_impressions=無資料；soft noindex 並移出 sitemap,無資料,es,guide
https://worthcalc.win/es/guides/laminator-electricity-cost-per-laminating-batch-used/,deindex,,規則7：未被辨識且 90d_impressions=無資料；soft noindex 並移出 sitemap,無資料,es,guide
https://worthcalc.win/es/guides/language-class-cost-per-completed-session/,deindex,,規則7：未被辨識且 90d_impressions=無資料；soft noindex 並移出 sitemap,無資料,es,guide
https://worthcalc.win/es/guides/laptop-docking-station-electricity-cost-per-workday-used/,deindex,,規則7：未被辨識且 90d_impressions=無資料；soft noindex 並移出 sitemap,無資料,es,guide
https://worthcalc.win/es/guides/laundry-cost-per-load/,deindex,,規則7：未被辨識且 90d_impressions=無資料；soft noindex 並移出 sitemap,無資料,es,guide
https://worthcalc.win/es/guides/led-lighting-cost-per-hour-used/,deindex,,規則7：未被辨識且 90d_impressions=無資料；soft noindex 並移出 sitemap,無資料,es,guide
https://worthcalc.win/es/guides/meal-delivery-plan-cost-per-eaten-meal/,deindex,,規則7：未被辨識且 90d_impressions=無資料；soft noindex 並移出 sitemap,無資料,es,guide
https://worthcalc.win/es/guides/meal-kit-cost-per-serving-after-waste/,deindex,,規則7：未被辨識且 90d_impressions=無資料；soft noindex 並移出 sitemap,無資料,es,guide
https://worthcalc.win/es/guides/microwave-cost-per-cooking-cycle-used/,deindex,,規則7：未被辨識且 90d_impressions=無資料；soft noindex 並移出 sitemap,無資料,es,guide
https://worthcalc.win/es/guides/minimum-spend-fee-waiver-break-even/,deindex,,規則7：未被辨識且 90d_impressions=無資料；soft noindex 並移出 sitemap,無資料,es,guide
https://worthcalc.win/es/guides/mobile-data-cost-per-gb-used/,deindex,,規則7：未被辨識且 90d_impressions=無資料；soft noindex 並移出 sitemap,無資料,es,guide
https://worthcalc.win/es/guides/monitor-electricity-cost-per-work-hour-used/,deindex,,規則7：未被辨識且 90d_impressions=無資料；soft noindex 並移出 sitemap,無資料,es,guide
https://worthcalc.win/es/guides/monthly-vs-annual-total-cost/,deindex,,規則7：未被辨識且 90d_impressions=無資料；soft noindex 並移出 sitemap,無資料,es,guide
https://worthcalc.win/es/guides/natural-gas-cost-per-therm-used/,deindex,,規則7：未被辨識且 90d_impressions=無資料；soft noindex 並移出 sitemap,無資料,es,guide
https://worthcalc.win/es/guides/one-time-switching-cost-payback/,deindex,,規則7：未被辨識且 90d_impressions=無資料；soft noindex 並移出 sitemap,無資料,es,guide
https://worthcalc.win/es/guides/online-course-cost-per-completed-lesson/,deindex,,規則7：未被辨識且 90d_impressions=無資料；soft noindex 並移出 sitemap,無資料,es,guide
https://worthcalc.win/es/guides/outdoor-string-lights-electricity-cost-per-evening-used/,deindex,,規則7：未被辨識且 90d_impressions=無資料；soft noindex 並移出 sitemap,無資料,es,guide
https://worthcalc.win/es/guides/oven-stove-cost-per-cooking-hour-used/,deindex,,規則7：未被辨識且 90d_impressions=無資料；soft noindex 並移出 sitemap,無資料,es,guide
https://worthcalc.win/es/guides/paper-shredder-electricity-cost-per-shredding-session-used/,deindex,,規則7：未被辨識且 90d_impressions=無資料；soft noindex 並移出 sitemap,無資料,es,guide
https://worthcalc.win/es/guides/parking-pass-cost-per-day-used/,deindex,,規則7：未被辨識且 90d_impressions=無資料；soft noindex 並移出 sitemap,無資料,es,guide
https://worthcalc.win/es/guides/pause-vs-cancel-membership-cost/,deindex,,規則7：未被辨識且 90d_impressions=無資料；soft noindex 並移出 sitemap,無資料,es,guide
https://worthcalc.win/es/guides/phone-charger-cost-per-charge-used/,deindex,,規則7：未被辨識且 90d_impressions=無資料；soft noindex 並移出 sitemap,無資料,es,guide
https://worthcalc.win/es/guides/pool-pump-cost-per-operating-hour-used/,deindex,,規則7：未被辨識且 90d_impressions=無資料；soft noindex 並移出 sitemap,無資料,es,guide
https://worthcalc.win/es/guides/pool-pump-electricity-cost-per-filtration-cycle-used/,deindex,,規則7：未被辨識且 90d_impressions=無資料；soft noindex 並移出 sitemap,無資料,es,guide
https://worthcalc.win/es/guides/portable-ac-cost-per-cooling-hour-used/,deindex,,規則7：未被辨識且 90d_impressions=無資料；soft noindex 並移出 sitemap,無資料,es,guide
https://worthcalc.win/es/guides/portable-air-conditioner-electricity-cost-per-cooling-session-used/,deindex,,規則7：未被辨識且 90d_impressions=無資料；soft noindex 並移出 sitemap,無資料,es,guide
https://worthcalc.win/es/guides/prepaid-balance-expiration-cost/,deindex,,規則7：未被辨識且 90d_impressions=無資料；soft noindex 並移出 sitemap,無資料,es,guide
https://worthcalc.win/es/guides/printer-electricity-cost-per-print-job-used/,deindex,,規則7：未被辨識且 90d_impressions=無資料；soft noindex 並移出 sitemap,無資料,es,guide
https://worthcalc.win/es/guides/projector-electricity-cost-per-presentation-hour-used/,deindex,,規則7：未被辨識且 90d_impressions=無資料；soft noindex 並移出 sitemap,無資料,es,guide
https://worthcalc.win/es/guides/recurring-costs-annual-total/,deindex,,規則7：未被辨識且 90d_impressions=無資料；soft noindex 並移出 sitemap,無資料,es,guide
https://worthcalc.win/es/guides/refrigerator-cost-per-day-used/,deindex,,規則7：未被辨識且 90d_impressions=無資料；soft noindex 並移出 sitemap,無資料,es,guide
https://worthcalc.win/es/guides/rice-cooker-cost-per-cooking-cycle-used/,deindex,,規則7：未被辨識且 90d_impressions=無資料；soft noindex 並移出 sitemap,無資料,es,guide
https://worthcalc.win/es/guides/robot-vacuum-cost-per-cleaning-cycle-used/,deindex,,規則7：未被辨識且 90d_impressions=無資料；soft noindex 並移出 sitemap,無資料,es,guide
https://worthcalc.win/es/guides/room-air-conditioner-cost-per-cooling-hour-used/,deindex,,規則7：未被辨識且 90d_impressions=無資料；soft noindex 並移出 sitemap,無資料,es,guide
https://worthcalc.win/es/guides/router-electricity-cost-per-month-used/,deindex,,規則7：未被辨識且 90d_impressions=無資料；soft noindex 並移出 sitemap,無資料,es,guide
https://worthcalc.win/es/guides/sandwich-maker-cost-per-use-used/,deindex,,規則7：未被辨識且 90d_impressions=無資料；soft noindex 並移出 sitemap,無資料,es,guide
https://worthcalc.win/es/guides/savings-break-even-use-period/,deindex,,規則7：未被辨識且 90d_impressions=無資料；soft noindex 並移出 sitemap,無資料,es,guide
https://worthcalc.win/es/guides/scanner-electricity-cost-per-scanning-session-used/,deindex,,規則7：未被辨識且 90d_impressions=無資料；soft noindex 並移出 sitemap,無資料,es,guide
https://worthcalc.win/es/guides/sewing-machine-electricity-cost-per-sewing-hour-used/,deindex,,規則7：未被辨識且 90d_impressions=無資料；soft noindex 並移出 sitemap,無資料,es,guide
https://worthcalc.win/es/guides/slow-cooker-cost-per-cooking-hour-used/,deindex,,規則7：未被辨識且 90d_impressions=無資料；soft noindex 並移出 sitemap,無資料,es,guide
https://worthcalc.win/es/guides/smart-speaker-electricity-cost-per-listening-hour-used/,deindex,,規則7：未被辨識且 90d_impressions=無資料；soft noindex 並移出 sitemap,無資料,es,guide
https://worthcalc.win/es/guides/software-add-on-cost-per-active-seat/,deindex,,規則7：未被辨識且 90d_impressions=無資料；soft noindex 並移出 sitemap,無資料,es,guide
https://worthcalc.win/es/guides/software-seat-cost-per-active-user/,deindex,,規則7：未被辨識且 90d_impressions=無資料；soft noindex 並移出 sitemap,無資料,es,guide
https://worthcalc.win/es/guides/solar-inverter-electricity-cost-per-monitoring-day-used/,deindex,,規則7：未被辨識且 90d_impressions=無資料；soft noindex 並移出 sitemap,無資料,es,guide
https://worthcalc.win/es/guides/soldering-iron-electricity-cost-per-repair-hour-used/,deindex,,規則7：未被辨識且 90d_impressions=無資料；soft noindex 並移出 sitemap,無資料,es,guide
https://worthcalc.win/es/guides/soundbar-electricity-cost-per-watched-hour-used/,deindex,,規則7：未被辨識且 90d_impressions=無資料；soft noindex 並移出 sitemap,無資料,es,guide
https://worthcalc.win/es/guides/stand-mixer-cost-per-mixing-session-used/,deindex,,規則7：未被辨識且 90d_impressions=無資料；soft noindex 並移出 sitemap,無資料,es,guide
https://worthcalc.win/es/guides/standby-power-cost-per-day-used/,deindex,,規則7：未被辨識且 90d_impressions=無資料；soft noindex 並移出 sitemap,無資料,es,guide
https://worthcalc.win/es/guides/streaming-cost-per-watched-hour/,deindex,,規則7：未被辨識且 90d_impressions=無資料；soft noindex 並移出 sitemap,無資料,es,guide
https://worthcalc.win/es/guides/subscription-price-increase-annual-impact/,deindex,,規則7：未被辨識且 90d_impressions=無資料；soft noindex 並移出 sitemap,無資料,es,guide
https://worthcalc.win/es/guides/television-electricity-cost-per-watched-hour-used/,deindex,,規則7：未被辨識且 90d_impressions=無資料；soft noindex 並移出 sitemap,無資料,es,guide
https://worthcalc.win/es/guides/terrarium-heat-lamp-electricity-cost-per-heating-hour-used/,deindex,,規則7：未被辨識且 90d_impressions=無資料；soft noindex 並移出 sitemap,無資料,es,guide
https://worthcalc.win/es/guides/toaster-cost-per-use-used/,deindex,,規則7：未被辨識且 90d_impressions=無資料；soft noindex 並移出 sitemap,無資料,es,guide
https://worthcalc.win/es/guides/tool-rental-cost-per-project/,deindex,,規則7：未被辨識且 90d_impressions=無資料；soft noindex 並移出 sitemap,無資料,es,guide
https://worthcalc.win/es/guides/transit-pass-cost-per-ride-used/,deindex,,規則7：未被辨識且 90d_impressions=無資料；soft noindex 並移出 sitemap,無資料,es,guide
https://worthcalc.win/es/guides/true-cost-of-buy-now-pay-later/,deindex,,規則7：未被辨識且 90d_impressions=無資料；soft noindex 並移出 sitemap,無資料,es,guide
https://worthcalc.win/es/guides/true-cost-of-convenience-delivery/,deindex,,規則7：未被辨識且 90d_impressions=無資料；soft noindex 並移出 sitemap,無資料,es,guide
https://worthcalc.win/es/guides/true-cost-of-extended-warranty/,deindex,,規則7：未被辨識且 90d_impressions=無資料；soft noindex 並移出 sitemap,無資料,es,guide
https://worthcalc.win/es/guides/true-cost-of-free-shipping-threshold/,deindex,,規則7：未被辨識且 90d_impressions=無資料；soft noindex 並移出 sitemap,無資料,es,guide
https://worthcalc.win/es/guides/true-cost-of-home-service-plan/,deindex,,規則7：未被辨識且 90d_impressions=無資料；soft noindex 並移出 sitemap,無資料,es,guide
https://worthcalc.win/es/guides/true-cost-of-rental-car/,deindex,,規則7：未被辨識且 90d_impressions=無資料；soft noindex 並移出 sitemap,無資料,es,guide
https://worthcalc.win/es/guides/true-cost-of-upgrade-feature/,deindex,,規則7：未被辨識且 90d_impressions=無資料；soft noindex 並移出 sitemap,無資料,es,guide
https://worthcalc.win/es/guides/unused-membership-capacity-cost/,deindex,,規則7：未被辨識且 90d_impressions=無資料；soft noindex 並移出 sitemap,無資料,es,guide
https://worthcalc.win/es/guides/usb-charging-hub-electricity-cost-per-charging-session-used/,deindex,,規則7：未被辨識且 90d_impressions=無資料；soft noindex 並移出 sitemap,無資料,es,guide
https://worthcalc.win/es/guides/vacuum-cleaner-electricity-cost-per-cleaning-hour-used/,deindex,,規則7：未被辨識且 90d_impressions=無資料；soft noindex 並移出 sitemap,無資料,es,guide
https://worthcalc.win/es/guides/waffle-maker-cost-per-cooking-cycle-used/,deindex,,規則7：未被辨識且 90d_impressions=無資料；soft noindex 並移出 sitemap,無資料,es,guide
https://worthcalc.win/es/guides/water-bill-cost-per-gallon-used/,deindex,,規則7：未被辨識且 90d_impressions=無資料；soft noindex 並移出 sitemap,無資料,es,guide
https://worthcalc.win/es/guides/water-cooler-electricity-cost-per-cooling-day-used/,deindex,,規則7：未被辨識且 90d_impressions=無資料；soft noindex 並移出 sitemap,無資料,es,guide
https://worthcalc.win/es/guides/water-heater-cost-per-gallon-heated/,deindex,,規則7：未被辨識且 90d_impressions=無資料；soft noindex 並移出 sitemap,無資料,es,guide
https://worthcalc.win/es/guides/webcam-electricity-cost-per-meeting-hour-used/,deindex,,規則7：未被辨識且 90d_impressions=無資料；soft noindex 並移出 sitemap,無資料,es,guide
https://worthcalc.win/es/gym-membership-cost-per-visit/,keep,,CEO改判：命中目標叢集；≥2來源且≥800字；字數=1009；來源數=2,無資料,es,index
https://worthcalc.win/es/home-vs-public-ev-charging-cost/,keep-priority,,規則5：coverageState=已提交並建立索引；90d_impressions=無資料（0 曝光 keep-priority）,無資料,es,index
https://worthcalc.win/es/hourly-vs-annual-salary/,keep-priority,,規則5：coverageState=已提交並建立索引；90d_impressions=無資料（0 曝光 keep-priority）,無資料,es,index
https://worthcalc.win/es/how-compound-growth-works/,keep,,規則5：coverageState=已提交並建立索引；90d_impressions=1,1,es,index
https://worthcalc.win/es/how-much-home-can-you-afford/,keep,,CEO改判：≥2來源且≥800字；字數=1146；來源數=3,無資料,es,index
https://worthcalc.win/es/how-to-calculate-dti/,keep-priority,,規則5：coverageState=已提交並建立索引；90d_impressions=無資料（0 曝光 keep-priority）,無資料,es,index
https://worthcalc.win/es/is-an-extended-warranty-worth-it/,keep,,CEO改判：命中目標叢集；≥2來源且≥800字；字數=846；來源數=3,無資料,es,index
https://worthcalc.win/es/is-costco-executive-membership-worth-it/,keep,,規則5：coverageState=已提交並建立索引；90d_impressions=13,13,es,index
https://worthcalc.win/es/meal-prep-vs-takeout-cost/,deindex,,規則7：未被辨識且 90d_impressions=無資料；soft noindex 並移出 sitemap,無資料,es,index
https://worthcalc.win/es/monthly-vs-annual-subscription/,keep,,規則5：coverageState=已提交並建立索引；90d_impressions=1,1,es,index
https://worthcalc.win/es/new-vs-used-car-total-cost/,keep-priority,,規則5：coverageState=已提交並建立索引；90d_impressions=無資料（0 曝光 keep-priority）,無資料,es,index
https://worthcalc.win/es/paid-membership-break-even/,keep-priority,,規則5：coverageState=已提交並建立索引；90d_impressions=無資料（0 曝光 keep-priority）,無資料,es,index
https://worthcalc.win/es/pay-raise-vs-inflation-purchasing-power/,keep,,規則5：coverageState=已提交並建立索引；90d_impressions=2,2,es,index
https://worthcalc.win/es/price-per-wear-clothing-shoes/,deindex,,規則7：未被辨識且 90d_impressions=無資料；soft noindex 並移出 sitemap,無資料,es,index
https://worthcalc.win/es/privacy/,keep-priority,,規則3：首頁／法務／索引／topic-hub 結構頁；coverageState=已提交並建立索引；90d_impressions=無資料,無資料,es,legal
https://worthcalc.win/es/rent-vs-buy-breakeven-year/,keep-priority,,規則5：coverageState=已提交並建立索引；90d_impressions=無資料（0 曝光 keep-priority）,無資料,es,index
https://worthcalc.win/es/rent-vs-buy-guide/,keep-priority,,規則5：coverageState=已提交並建立索引；90d_impressions=無資料（0 曝光 keep-priority）,無資料,es,index
https://worthcalc.win/es/repair-or-replace-decision-formula/,keep,,CEO改判：≥2來源且≥800字；字數=882；來源數=3,無資料,es,index
https://worthcalc.win/es/reusable-vs-disposable-break-even/,deindex,,規則7：未被辨識且 90d_impressions=無資料；soft noindex 並移出 sitemap,無資料,es,index
https://worthcalc.win/es/snowball-vs-avalanche/,keep-priority,,規則5：coverageState=已提交並建立索引；90d_impressions=無資料（0 曝光 keep-priority）,無資料,es,index
https://worthcalc.win/es/subscription-creep/,keep-priority,,規則5：coverageState=已提交並建立索引；90d_impressions=無資料（0 曝光 keep-priority）,無資料,es,index
https://worthcalc.win/es/terms/,keep-priority,,規則3：首頁／法務／索引／topic-hub 結構頁；coverageState=已提交並建立索引；90d_impressions=無資料,無資料,es,legal
https://worthcalc.win/es/tools/,keep,,規則2：/tools/ 計算機頁；coverageState=Google 無法辨識的網址；90d_impressions=無資料,無資料,es,index
https://worthcalc.win/es/tools/budget-builder/,keep,,規則2：/tools/ 計算機頁；coverageState=已提交並建立索引；90d_impressions=3,3,es,tool
https://worthcalc.win/es/tools/car-affordability/,keep-priority,,規則2：/tools/ 計算機頁；coverageState=已提交並建立索引；90d_impressions=無資料,無資料,es,tool
https://worthcalc.win/es/tools/cashback-breakeven/,keep,,規則2：/tools/ 計算機頁；coverageState=已提交並建立索引；90d_impressions=2,2,es,tool
https://worthcalc.win/es/tools/commute-cost/,keep,,規則2：/tools/ 計算機頁；coverageState=已提交並建立索引；90d_impressions=1,1,es,tool
https://worthcalc.win/es/tools/compound-growth/,keep,,規則2：/tools/ 計算機頁；coverageState=已提交並建立索引；90d_impressions=3,3,es,tool
https://worthcalc.win/es/tools/costco-membership/,keep,,規則2：/tools/ 計算機頁；coverageState=Google 無法辨識的網址；90d_impressions=無資料,無資料,es,tool
https://worthcalc.win/es/tools/credit-card-payoff/,keep,,規則2：/tools/ 計算機頁；coverageState=已提交並建立索引；90d_impressions=1,1,es,tool
https://worthcalc.win/es/tools/debt-strategy/,keep,,規則2：/tools/ 計算機頁；coverageState=已提交並建立索引；90d_impressions=3,3,es,tool
https://worthcalc.win/es/tools/dti-calculator/,keep,,規則2：/tools/ 計算機頁；coverageState=已提交並建立索引；90d_impressions=7,7,es,tool
https://worthcalc.win/es/tools/ev-vs-gas/,keep,,規則2：/tools/ 計算機頁；coverageState=已提交並建立索引；90d_impressions=3,3,es,tool
https://worthcalc.win/es/tools/home-affordability/,keep-priority,,規則2：/tools/ 計算機頁；coverageState=已提交並建立索引；90d_impressions=無資料,無資料,es,tool
https://worthcalc.win/es/tools/installment-true-apr/,keep,,規則2：/tools/ 計算機頁；coverageState=已提交並建立索引；90d_impressions=1,1,es,tool
https://worthcalc.win/es/tools/latte-factor/,keep,,規則2：/tools/ 計算機頁；coverageState=已提交並建立索引；90d_impressions=5,5,es,tool
https://worthcalc.win/es/tools/mortgage-payoff/,keep-priority,,規則2：/tools/ 計算機頁；coverageState=已提交並建立索引；90d_impressions=無資料,無資料,es,tool
https://worthcalc.win/es/tools/rent-vs-buy/,keep,,規則2：/tools/ 計算機頁；coverageState=已提交並建立索引；90d_impressions=3,3,es,tool
https://worthcalc.win/es/tools/salary-converter/,keep-priority,,規則2：/tools/ 計算機頁；coverageState=已提交並建立索引；90d_impressions=無資料,無資料,es,tool
https://worthcalc.win/es/tools/subscription-audit/,keep,,規則2：/tools/ 計算機頁；coverageState=已提交並建立索引；90d_impressions=2,2,es,tool
https://worthcalc.win/es/true-cost-of-car-ownership/,keep-priority,,規則5：coverageState=已提交並建立索引；90d_impressions=無資料（0 曝光 keep-priority）,無資料,es,index
https://worthcalc.win/es/true-hourly-wage-after-commuting-work-expenses/,keep-priority,,規則5：coverageState=已提交並建立索引；90d_impressions=無資料（0 曝光 keep-priority）,無資料,es,index
https://worthcalc.win/es/upfront-fees-financing-cost/,keep-priority,,規則5：coverageState=已提交並建立索引；90d_impressions=無資料（0 曝光 keep-priority）,無資料,es,index
https://worthcalc.win/es/upgrade-your-phone-or-keep-it/,keep,,CEO改判：≥2來源且≥800字；字數=890；來源數=3,無資料,es,index
https://worthcalc.win/es/work-from-home-vs-commuting-hidden-costs/,keep-priority,,規則5：coverageState=已提交並建立索引；90d_impressions=無資料（0 曝光 keep-priority）,無資料,es,index
https://worthcalc.win/es/zero-interest-installments-truth/,keep,,規則5：coverageState=已提交並建立索引；90d_impressions=1,1,es,index
https://worthcalc.win/fr/,keep,,規則3：首頁／法務／索引／topic-hub 結構頁；coverageState=已提交並建立索引；90d_impressions=2,2,fr,home
https://worthcalc.win/fr/about/,keep-priority,,規則3：首頁／法務／索引／topic-hub 結構頁；coverageState=已提交並建立索引；90d_impressions=無資料,無資料,fr,legal
https://worthcalc.win/fr/annual-fee-card-breakeven/,keep-priority,,規則5：coverageState=已提交並建立索引；90d_impressions=無資料（0 曝光 keep-priority）,無資料,fr,index
https://worthcalc.win/fr/bnpl-vs-credit-card-installments/,keep-priority,,規則5：coverageState=已提交並建立索引；90d_impressions=無資料（0 曝光 keep-priority）,無資料,fr,index
https://worthcalc.win/fr/budget-with-irregular-income/,keep-priority,,規則5：coverageState=已提交並建立索引；90d_impressions=無資料（0 曝光 keep-priority）,無資料,fr,index
https://worthcalc.win/fr/bulk-buying-vs-small-packages/,keep-priority,,規則5：coverageState=已提交並建立索引；90d_impressions=無資料（0 曝光 keep-priority）,無資料,fr,index
https://worthcalc.win/fr/bulk-buying-waste-math/,deindex,,規則7：未被辨識且 90d_impressions=無資料；soft noindex 並移出 sitemap,無資料,fr,index
https://worthcalc.win/fr/car-lease-vs-buy-total-cost/,keep,,CEO改判：命中目標叢集；≥2來源且≥800字；字數=1544；來源數=3,無資料,fr,index
https://worthcalc.win/fr/cashback-caps-real-reward-rate/,keep-priority,,規則5：coverageState=已提交並建立索引；90d_impressions=無資料（0 曝光 keep-priority）,無資料,fr,index
https://worthcalc.win/fr/changelog/,keep-priority,,規則3：首頁／法務／索引／topic-hub 結構頁；coverageState=已提交並建立索引；90d_impressions=無資料,無資料,fr,legal
https://worthcalc.win/fr/contact/,keep-priority,,規則3：首頁／法務／索引／topic-hub 結構頁；coverageState=已提交並建立索引；90d_impressions=無資料,無資料,fr,legal
https://worthcalc.win/fr/cost-per-use-expensive-item/,deindex,,規則7：未被辨識且 90d_impressions=無資料；soft noindex 並移出 sitemap,無資料,fr,index
https://worthcalc.win/fr/costco-math/,keep,,CEO改判：命中目標叢集；字數=536；來源數=2,無資料,fr,index
https://worthcalc.win/fr/credit-card-minimum-payment-trap/,keep-priority,,規則5：coverageState=已提交並建立索引；90d_impressions=無資料（0 曝光 keep-priority）,無資料,fr,index
https://worthcalc.win/fr/delivery-membership-break-even/,keep,,CEO改判：命中目標叢集；≥2來源且≥800字；字數=1042；來源數=2,無資料,fr,index
https://worthcalc.win/fr/disclaimer/,keep,,規則3：首頁／法務／索引／topic-hub 結構頁；coverageState=已提交並建立索引；90d_impressions=1,1,fr,legal
https://worthcalc.win/fr/energy-efficient-appliance-payback/,keep,,CEO改判：命中目標叢集；字數=734；來源數=3,無資料,fr,index
https://worthcalc.win/fr/ev-vs-gas-total-cost/,keep,,規則5：coverageState=已提交並建立索引；90d_impressions=3,3,fr,index
https://worthcalc.win/fr/extra-mortgage-payments-guide/,keep-priority,,規則5：coverageState=已提交並建立索引；90d_impressions=無資料（0 曝光 keep-priority）,無資料,fr,index
https://worthcalc.win/fr/full-commute-cost-including-time/,keep-priority,,規則5：coverageState=已提交並建立索引；90d_impressions=無資料（0 曝光 keep-priority）,無資料,fr,index
https://worthcalc.win/fr/guides/,keep,,規則3：首頁／法務／索引／topic-hub 結構頁；coverageState=Google 無法辨識的網址；90d_impressions=無資料,無資料,fr,index
https://worthcalc.win/fr/gym-membership-cost-per-visit/,keep,,CEO改判：命中目標叢集；≥2來源且≥800字；字數=1125；來源數=2,無資料,fr,index
https://worthcalc.win/fr/home-vs-public-ev-charging-cost/,keep-priority,,規則5：coverageState=已提交並建立索引；90d_impressions=無資料（0 曝光 keep-priority）,無資料,fr,index
https://worthcalc.win/fr/hourly-vs-annual-salary/,keep-priority,,規則5：coverageState=已提交並建立索引；90d_impressions=無資料（0 曝光 keep-priority）,無資料,fr,index
https://worthcalc.win/fr/how-compound-growth-works/,keep-priority,,規則5：coverageState=已提交並建立索引；90d_impressions=無資料（0 曝光 keep-priority）,無資料,fr,index
https://worthcalc.win/fr/how-much-home-can-you-afford/,keep,,CEO改判：≥2來源且≥800字；字數=1175；來源數=5,無資料,fr,index
https://worthcalc.win/fr/how-to-calculate-dti/,keep-priority,,規則5：coverageState=已提交並建立索引；90d_impressions=無資料（0 曝光 keep-priority）,無資料,fr,index
https://worthcalc.win/fr/is-an-extended-warranty-worth-it/,keep,,CEO改判：命中目標叢集；≥2來源且≥800字；字數=910；來源數=3,無資料,fr,index
https://worthcalc.win/fr/is-costco-executive-membership-worth-it/,keep,,規則5：coverageState=已提交並建立索引；90d_impressions=5,5,fr,index
https://worthcalc.win/fr/meal-prep-vs-takeout-cost/,deindex,,規則7：未被辨識且 90d_impressions=無資料；soft noindex 並移出 sitemap,無資料,fr,index
https://worthcalc.win/fr/monthly-vs-annual-subscription/,keep,,規則5：coverageState=已提交並建立索引；90d_impressions=4,4,fr,index
https://worthcalc.win/fr/new-vs-used-car-total-cost/,keep-priority,,規則5：coverageState=已提交並建立索引；90d_impressions=無資料（0 曝光 keep-priority）,無資料,fr,index
https://worthcalc.win/fr/paid-membership-break-even/,keep-priority,,規則5：coverageState=已提交並建立索引；90d_impressions=無資料（0 曝光 keep-priority）,無資料,fr,index
https://worthcalc.win/fr/pay-raise-vs-inflation-purchasing-power/,keep,,規則5：coverageState=已提交並建立索引；90d_impressions=1,1,fr,index
https://worthcalc.win/fr/price-per-wear-clothing-shoes/,deindex,,規則7：未被辨識且 90d_impressions=無資料；soft noindex 並移出 sitemap,無資料,fr,index
https://worthcalc.win/fr/privacy/,keep,,規則3：首頁／法務／索引／topic-hub 結構頁；coverageState=已提交並建立索引；90d_impressions=2,2,fr,legal
https://worthcalc.win/fr/rent-vs-buy-breakeven-year/,keep-priority,,規則5：coverageState=已提交並建立索引；90d_impressions=無資料（0 曝光 keep-priority）,無資料,fr,index
https://worthcalc.win/fr/rent-vs-buy-guide/,keep-priority,,規則5：coverageState=已提交並建立索引；90d_impressions=無資料（0 曝光 keep-priority）,無資料,fr,index
https://worthcalc.win/fr/repair-or-replace-decision-formula/,keep,,CEO改判：≥2來源且≥800字；字數=1029；來源數=3,無資料,fr,index
https://worthcalc.win/fr/reusable-vs-disposable-break-even/,deindex,,規則7：未被辨識且 90d_impressions=無資料；soft noindex 並移出 sitemap,無資料,fr,index
https://worthcalc.win/fr/snowball-vs-avalanche/,keep-priority,,規則5：coverageState=已提交並建立索引；90d_impressions=無資料（0 曝光 keep-priority）,無資料,fr,index
https://worthcalc.win/fr/subscription-creep/,keep-priority,,規則5：coverageState=已提交並建立索引；90d_impressions=無資料（0 曝光 keep-priority）,無資料,fr,index
https://worthcalc.win/fr/terms/,keep-priority,,規則3：首頁／法務／索引／topic-hub 結構頁；coverageState=已提交並建立索引；90d_impressions=無資料,無資料,fr,legal
https://worthcalc.win/fr/tools/,keep,,規則2：/tools/ 計算機頁；coverageState=Google 無法辨識的網址；90d_impressions=無資料,無資料,fr,index
https://worthcalc.win/fr/tools/budget-builder/,keep-priority,,規則2：/tools/ 計算機頁；coverageState=已提交並建立索引；90d_impressions=無資料,無資料,fr,tool
https://worthcalc.win/fr/tools/car-affordability/,keep-priority,,規則2：/tools/ 計算機頁；coverageState=已提交並建立索引；90d_impressions=無資料,無資料,fr,tool
https://worthcalc.win/fr/tools/cashback-breakeven/,keep,,規則2：/tools/ 計算機頁；coverageState=已提交並建立索引；90d_impressions=1,1,fr,tool
https://worthcalc.win/fr/tools/commute-cost/,keep,,規則2：/tools/ 計算機頁；coverageState=已提交並建立索引；90d_impressions=1,1,fr,tool
https://worthcalc.win/fr/tools/compound-growth/,keep-priority,,規則2：/tools/ 計算機頁；coverageState=已提交並建立索引；90d_impressions=無資料,無資料,fr,tool
https://worthcalc.win/fr/tools/costco-membership/,keep-priority,,規則2：/tools/ 計算機頁；coverageState=已提交並建立索引；90d_impressions=無資料,無資料,fr,tool
https://worthcalc.win/fr/tools/credit-card-payoff/,keep-priority,,規則2：/tools/ 計算機頁；coverageState=已提交並建立索引；90d_impressions=無資料,無資料,fr,tool
https://worthcalc.win/fr/tools/debt-strategy/,keep,,規則2：/tools/ 計算機頁；coverageState=已提交並建立索引；90d_impressions=1,1,fr,tool
https://worthcalc.win/fr/tools/dti-calculator/,keep,,規則2：/tools/ 計算機頁；coverageState=已提交並建立索引；90d_impressions=5,5,fr,tool
https://worthcalc.win/fr/tools/ev-vs-gas/,keep,,規則2：/tools/ 計算機頁；coverageState=已提交並建立索引；90d_impressions=1,1,fr,tool
https://worthcalc.win/fr/tools/home-affordability/,keep-priority,,規則2：/tools/ 計算機頁；coverageState=已提交並建立索引；90d_impressions=無資料,無資料,fr,tool
https://worthcalc.win/fr/tools/installment-true-apr/,keep,,規則2：/tools/ 計算機頁；coverageState=已提交並建立索引；90d_impressions=2,2,fr,tool
https://worthcalc.win/fr/tools/latte-factor/,keep-priority,,規則2：/tools/ 計算機頁；coverageState=已提交並建立索引；90d_impressions=無資料,無資料,fr,tool
https://worthcalc.win/fr/tools/mortgage-payoff/,keep-priority,,規則2：/tools/ 計算機頁；coverageState=已提交並建立索引；90d_impressions=無資料,無資料,fr,tool
https://worthcalc.win/fr/tools/rent-vs-buy/,keep-priority,,規則2：/tools/ 計算機頁；coverageState=已提交並建立索引；90d_impressions=無資料,無資料,fr,tool
https://worthcalc.win/fr/tools/salary-converter/,keep-priority,,規則2：/tools/ 計算機頁；coverageState=已提交並建立索引；90d_impressions=無資料,無資料,fr,tool
https://worthcalc.win/fr/tools/subscription-audit/,keep-priority,,規則2：/tools/ 計算機頁；coverageState=已提交並建立索引；90d_impressions=無資料,無資料,fr,tool
https://worthcalc.win/fr/true-cost-of-car-ownership/,keep-priority,,規則5：coverageState=已提交並建立索引；90d_impressions=無資料（0 曝光 keep-priority）,無資料,fr,index
https://worthcalc.win/fr/true-hourly-wage-after-commuting-work-expenses/,keep-priority,,規則5：coverageState=已提交並建立索引；90d_impressions=無資料（0 曝光 keep-priority）,無資料,fr,index
https://worthcalc.win/fr/upfront-fees-financing-cost/,keep-priority,,規則5：coverageState=已提交並建立索引；90d_impressions=無資料（0 曝光 keep-priority）,無資料,fr,index
https://worthcalc.win/fr/upgrade-your-phone-or-keep-it/,keep,,CEO改判：≥2來源且≥800字；字數=945；來源數=3,無資料,fr,index
https://worthcalc.win/fr/work-from-home-vs-commuting-hidden-costs/,keep-priority,,規則5：coverageState=已提交並建立索引；90d_impressions=無資料（0 曝光 keep-priority）,無資料,fr,index
https://worthcalc.win/fr/zero-interest-installments-truth/,keep,,規則5：coverageState=已提交並建立索引；90d_impressions=4,4,fr,index
https://worthcalc.win/hi/guides/3d-printer-electricity-cost-per-print-used/,deindex,,規則4：locale=hi 全部軟下架；coverageState=Google 無法辨識的網址；90d_impressions=無資料,無資料,hi,guide
https://worthcalc.win/hi/guides/3d-scanner-electricity-cost-per-scanning-session-used/,deindex,,規則4：locale=hi 全部軟下架；coverageState=Google 無法辨識的網址；90d_impressions=無資料,無資料,hi,guide
https://worthcalc.win/hi/guides/air-fryer-cost-per-cooking-cycle-used/,deindex,,規則4：locale=hi 全部軟下架；coverageState=Google 無法辨識的網址；90d_impressions=無資料,無資料,hi,guide
https://worthcalc.win/hi/guides/air-purifier-cost-per-clean-air-hour-used/,deindex,,規則4：locale=hi 全部軟下架；coverageState=Google 無法辨識的網址；90d_impressions=無資料,無資料,hi,guide
https://worthcalc.win/hi/guides/annual-cost-savings-calculator/,deindex,,規則4：locale=hi 全部軟下架；coverageState=Google 無法辨識的網址；90d_impressions=無資料,無資料,hi,guide
https://worthcalc.win/hi/guides/aquarium-air-pump-electricity-cost-per-filtration-day-used/,deindex,,規則4：locale=hi 全部軟下架；coverageState=Google 無法辨識的網址；90d_impressions=無資料,無資料,hi,guide
https://worthcalc.win/hi/guides/aquarium-heater-electricity-cost-per-tank-day-used/,deindex,,規則4：locale=hi 全部軟下架；coverageState=Google 無法辨識的網址；90d_impressions=無資料,無資料,hi,guide
https://worthcalc.win/hi/guides/attic-fan-electricity-cost-per-ventilation-hour-used/,deindex,,規則4：locale=hi 全部軟下架；coverageState=Google 無法辨識的網址；90d_impressions=無資料,無資料,hi,guide
https://worthcalc.win/hi/guides/bathroom-ventilation-fan-electricity-cost-per-shower-used/,deindex,,規則4：locale=hi 全部軟下架；coverageState=Google 無法辨識的網址；90d_impressions=無資料,無資料,hi,guide
https://worthcalc.win/hi/guides/billing-date-cash-flow-overlap/,deindex,,規則4：locale=hi 全部軟下架；coverageState=Google 無法辨識的網址；90d_impressions=無資料,無資料,hi,guide
https://worthcalc.win/hi/guides/blender-cost-per-blending-session-used/,deindex,,規則4：locale=hi 全部軟下架；coverageState=Google 無法辨識的網址；90d_impressions=無資料,無資料,hi,guide
https://worthcalc.win/hi/guides/bread-maker-cost-per-loaf-used/,deindex,,規則4：locale=hi 全部軟下架；coverageState=Google 無法辨識的網址；90d_impressions=無資料,無資料,hi,guide
https://worthcalc.win/hi/guides/ceiling-fan-cost-per-operating-hour-used/,deindex,,規則4：locale=hi 全部軟下架；coverageState=Google 無法辨識的網址；90d_impressions=無資料,無資料,hi,guide
https://worthcalc.win/hi/guides/ceiling-fan-electricity-cost-per-cooling-hour-used/,deindex,,規則4：locale=hi 全部軟下架；coverageState=Google 無法辨識的網址；90d_impressions=無資料,無資料,hi,guide
https://worthcalc.win/hi/guides/childcare-cost-per-hour-used/,deindex,,規則4：locale=hi 全部軟下架；coverageState=Google 無法辨識的網址；90d_impressions=無資料,無資料,hi,guide
https://worthcalc.win/hi/guides/clothes-dryer-cost-per-load-used/,deindex,,規則4：locale=hi 全部軟下架；coverageState=Google 無法辨識的網址；90d_impressions=無資料,無資料,hi,guide
https://worthcalc.win/hi/guides/cloud-storage-cost-per-retained-gb/,deindex,,規則4：locale=hi 全部軟下架；coverageState=Google 無法辨識的網址；90d_impressions=無資料,無資料,hi,guide
https://worthcalc.win/hi/guides/coffee-maker-cost-per-brew-used/,deindex,,規則4：locale=hi 全部軟下架；coverageState=Google 無法辨識的網址；90d_impressions=無資料,無資料,hi,guide
https://worthcalc.win/hi/guides/computer-electricity-cost-per-day-used/,deindex,,規則4：locale=hi 全部軟下架；coverageState=Google 無法辨識的網址；90d_impressions=無資料,無資料,hi,guide
https://worthcalc.win/hi/guides/cost-per-use-kitchen-appliance/,deindex,,規則4：locale=hi 全部軟下架；coverageState=Google 無法辨識的網址；90d_impressions=無資料,無資料,hi,guide
https://worthcalc.win/hi/guides/cost-per-wear-clothing/,deindex,,規則4：locale=hi 全部軟下架；coverageState=Google 無法辨識的網址；90d_impressions=無資料,無資料,hi,guide
https://worthcalc.win/hi/guides/costco-executive-break-even-eligible-spend/,deindex,,規則4：locale=hi 全部軟下架；coverageState=Google 無法辨識的網址；90d_impressions=無資料,無資料,hi,guide
https://worthcalc.win/hi/guides/costco-gas-detour-break-even/,deindex,,規則4：locale=hi 全部軟下架；coverageState=Google 無法辨識的網址；90d_impressions=無資料,無資料,hi,guide
https://worthcalc.win/hi/guides/costco-household-card-break-even-use/,deindex,,規則4：locale=hi 全部軟下架；coverageState=Google 無法辨識的網址；90d_impressions=無資料,無資料,hi,guide
https://worthcalc.win/hi/guides/costco-membership-fee-break-even-savings/,deindex,,規則4：locale=hi 全部軟下架；coverageState=Google 無法辨識的網址；90d_impressions=無資料,無資料,hi,guide
https://worthcalc.win/hi/guides/costco-renewal-refund-reward-timing/,deindex,,規則4：locale=hi 全部軟下架；coverageState=Google 無法辨識的網址；90d_impressions=無資料,無資料,hi,guide
https://worthcalc.win/hi/guides/costco-reward-cap-usage-break-even/,deindex,,規則4：locale=hi 全部軟下架；coverageState=Google 無法辨識的網址；90d_impressions=無資料,無資料,hi,guide
https://worthcalc.win/hi/guides/costco-reward-exclusion-effective-rate/,deindex,,規則4：locale=hi 全部軟下架；coverageState=Google 無法辨識的網址；90d_impressions=無資料,無資料,hi,guide
https://worthcalc.win/hi/guides/countertop-ice-maker-cost-per-batch-used/,deindex,,規則4：locale=hi 全部軟下架；coverageState=Google 無法辨識的網址；90d_impressions=無資料,無資料,hi,guide
https://worthcalc.win/hi/guides/coworking-membership-cost-per-day/,deindex,,規則4：locale=hi 全部軟下架；coverageState=Google 無法辨識的網址；90d_impressions=無資料,無資料,hi,guide
https://worthcalc.win/hi/guides/dehumidifier-cost-per-pint-removed/,deindex,,規則4：locale=hi 全部軟下架；coverageState=Google 無法辨識的網址；90d_impressions=無資料,無資料,hi,guide
https://worthcalc.win/hi/guides/dehumidifier-electricity-cost-per-laundry-drying-session-used/,deindex,,規則4：locale=hi 全部軟下架；coverageState=Google 無法辨識的網址；90d_impressions=無資料,無資料,hi,guide
https://worthcalc.win/hi/guides/desk-fan-electricity-cost-per-cooling-hour-used/,deindex,,規則4：locale=hi 全部軟下架；coverageState=Google 無法辨識的網址；90d_impressions=無資料,無資料,hi,guide
https://worthcalc.win/hi/guides/desktop-speakers-electricity-cost-per-listening-hour-used/,deindex,,規則4：locale=hi 全部軟下架；coverageState=Google 無法辨識的網址；90d_impressions=無資料,無資料,hi,guide
https://worthcalc.win/hi/guides/digital-photo-frame-electricity-cost-per-display-day-used/,deindex,,規則4：locale=hi 全部軟下架；coverageState=Google 無法辨識的網址；90d_impressions=無資料,無資料,hi,guide
https://worthcalc.win/hi/guides/dishwasher-cost-per-cycle-used/,deindex,,規則4：locale=hi 全部軟下架；coverageState=Google 無法辨識的網址；90d_impressions=無資料,無資料,hi,guide
https://worthcalc.win/hi/guides/document-camera-electricity-cost-per-presentation-hour-used/,deindex,,規則4：locale=hi 全部軟下架；coverageState=Google 無法辨識的網址；90d_impressions=無資料,無資料,hi,guide
https://worthcalc.win/hi/guides/e-reader-electricity-cost-per-reading-hour-used/,deindex,,規則4：locale=hi 全部軟下架；coverageState=Google 無法辨識的網址；90d_impressions=無資料,無資料,hi,guide
https://worthcalc.win/hi/guides/electric-air-pump-electricity-cost-per-inflation-session-used/,deindex,,規則4：locale=hi 全部軟下架；coverageState=Google 無法辨識的網址；90d_impressions=無資料,無資料,hi,guide
https://worthcalc.win/hi/guides/electric-blanket-cost-per-night-used/,deindex,,規則4：locale=hi 全部軟下架；coverageState=Google 無法辨識的網址；90d_impressions=無資料,無資料,hi,guide
https://worthcalc.win/hi/guides/electric-can-opener-cost-per-use-used/,deindex,,規則4：locale=hi 全部軟下架；coverageState=Google 無法辨識的網址；90d_impressions=無資料,無資料,hi,guide
https://worthcalc.win/hi/guides/electric-citrus-juicer-cost-per-juice-session-used/,deindex,,規則4：locale=hi 全部軟下架；coverageState=Google 無法辨識的網址；90d_impressions=無資料,無資料,hi,guide
https://worthcalc.win/hi/guides/electric-egg-cooker-cost-per-cooking-cycle-used/,deindex,,規則4：locale=hi 全部軟下架；coverageState=Google 無法辨識的網址；90d_impressions=無資料,無資料,hi,guide
https://worthcalc.win/hi/guides/electric-fireplace-electricity-cost-per-heating-hour-used/,deindex,,規則4：locale=hi 全部軟下架；coverageState=Google 無法辨識的網址；90d_impressions=無資料,無資料,hi,guide
https://worthcalc.win/hi/guides/electric-food-warmer-cost-per-heating-hour-used/,deindex,,規則4：locale=hi 全部軟下架；coverageState=Google 無法辨識的網址；90d_impressions=無資料,無資料,hi,guide
https://worthcalc.win/hi/guides/electric-foot-massager-electricity-cost-per-massage-session-used/,deindex,,規則4：locale=hi 全部軟下架；coverageState=Google 無法辨識的網址；90d_impressions=無資料,無資料,hi,guide
https://worthcalc.win/hi/guides/electric-griddle-cost-per-cooking-hour-used/,deindex,,規則4：locale=hi 全部軟下架；coverageState=Google 無法辨識的網址；90d_impressions=無資料,無資料,hi,guide
https://worthcalc.win/hi/guides/electric-hand-mixer-electricity-cost-per-mixing-session-used/,deindex,,規則4：locale=hi 全部軟下架；coverageState=Google 無法辨識的網址；90d_impressions=無資料,無資料,hi,guide
https://worthcalc.win/hi/guides/electric-insect-zapper-electricity-cost-per-overnight-used/,deindex,,規則4：locale=hi 全部軟下架；coverageState=Google 無法辨識的網址；90d_impressions=無資料,無資料,hi,guide
https://worthcalc.win/hi/guides/electric-kettle-cost-per-boil-used/,deindex,,規則4：locale=hi 全部軟下架；coverageState=Google 無法辨識的網址；90d_impressions=無資料,無資料,hi,guide
https://worthcalc.win/hi/guides/electric-lunch-box-cost-per-heating-cycle-used/,deindex,,規則4：locale=hi 全部軟下架；coverageState=Google 無法辨識的網址；90d_impressions=無資料,無資料,hi,guide
https://worthcalc.win/hi/guides/electric-meat-grinder-cost-per-grinding-session-used/,deindex,,規則4：locale=hi 全部軟下架；coverageState=Google 無法辨識的網址；90d_impressions=無資料,無資料,hi,guide
https://worthcalc.win/hi/guides/electric-milk-frother-cost-per-frothing-session-used/,deindex,,規則4：locale=hi 全部軟下架；coverageState=Google 無法辨識的網址；90d_impressions=無資料,無資料,hi,guide
https://worthcalc.win/hi/guides/electric-pasta-maker-cost-per-batch-used/,deindex,,規則4：locale=hi 全部軟下架；coverageState=Google 無法辨識的網址；90d_impressions=無資料,無資料,hi,guide
https://worthcalc.win/hi/guides/electric-pencil-sharpener-electricity-cost-per-sharpening-session-used/,deindex,,規則4：locale=hi 全部軟下架；coverageState=Google 無法辨識的網址；90d_impressions=無資料,無資料,hi,guide
https://worthcalc.win/hi/guides/electric-pressure-cooker-cost-per-cooking-cycle-used/,deindex,,規則4：locale=hi 全部軟下架；coverageState=Google 無法辨識的網址；90d_impressions=無資料,無資料,hi,guide
https://worthcalc.win/hi/guides/electric-shaver-electricity-cost-per-grooming-session-used/,deindex,,規則4：locale=hi 全部軟下架；coverageState=Google 無法辨識的網址；90d_impressions=無資料,無資料,hi,guide
https://worthcalc.win/hi/guides/electric-space-heater-cost-per-heating-hour-used/,deindex,,規則4：locale=hi 全部軟下架；coverageState=Google 無法辨識的網址；90d_impressions=無資料,無資料,hi,guide
https://worthcalc.win/hi/guides/electric-standing-desk-electricity-cost-per-adjusted-day-used/,deindex,,規則4：locale=hi 全部軟下架；coverageState=Google 無法辨識的網址；90d_impressions=無資料,無資料,hi,guide
https://worthcalc.win/hi/guides/electric-stapler-electricity-cost-per-stapling-session-used/,deindex,,規則4：locale=hi 全部軟下架；coverageState=Google 無法辨識的網址；90d_impressions=無資料,無資料,hi,guide
https://worthcalc.win/hi/guides/electric-toothbrush-electricity-cost-per-charging-day-used/,deindex,,規則4：locale=hi 全部軟下架；coverageState=Google 無法辨識的網址；90d_impressions=無資料,無資料,hi,guide
https://worthcalc.win/hi/guides/electric-wine-cooler-electricity-cost-per-storage-day-used/,deindex,,規則4：locale=hi 全部軟下架；coverageState=Google 無法辨識的網址；90d_impressions=無資料,無資料,hi,guide
https://worthcalc.win/hi/guides/electric-yogurt-maker-cost-per-batch-used/,deindex,,規則4：locale=hi 全部軟下架；coverageState=Google 無法辨識的網址；90d_impressions=無資料,無資料,hi,guide
https://worthcalc.win/hi/guides/electricity-cost-per-kwh-used/,deindex,,規則4：locale=hi 全部軟下架；coverageState=Google 無法辨識的網址；90d_impressions=無資料,無資料,hi,guide
https://worthcalc.win/hi/guides/espresso-machine-cost-per-shot-used/,deindex,,規則4：locale=hi 全部軟下架；coverageState=Google 無法辨識的網址；90d_impressions=無資料,無資料,hi,guide
https://worthcalc.win/hi/guides/event-ticket-cost-per-attended-hour/,deindex,,規則4：locale=hi 全部軟下架；coverageState=Google 無法辨識的網址；90d_impressions=無資料,無資料,hi,guide
https://worthcalc.win/hi/guides/external-hard-drive-electricity-cost-per-backup-job-used/,deindex,,規則4：locale=hi 全部軟下架；coverageState=Google 無法辨識的網址；90d_impressions=無資料,無資料,hi,guide
https://worthcalc.win/hi/guides/family-plan-break-even-members/,deindex,,規則4：locale=hi 全部軟下架；coverageState=Google 無法辨識的網址；90d_impressions=無資料,無資料,hi,guide
https://worthcalc.win/hi/guides/food-dehydrator-cost-per-drying-hour-used/,deindex,,規則4：locale=hi 全部軟下架；coverageState=Google 無法辨識的網址；90d_impressions=無資料,無資料,hi,guide
https://worthcalc.win/hi/guides/food-processor-cost-per-prep-session-used/,deindex,,規則4：locale=hi 全部軟下架；coverageState=Google 無法辨識的網址；90d_impressions=無資料,無資料,hi,guide
https://worthcalc.win/hi/guides/free-trial-auto-renewal-first-charge/,deindex,,規則4：locale=hi 全部軟下架；coverageState=Google 無法辨識的網址；90d_impressions=無資料,無資料,hi,guide
https://worthcalc.win/hi/guides/freezer-cost-per-day-used/,deindex,,規則4：locale=hi 全部軟下架；coverageState=Google 無法辨識的網址；90d_impressions=無資料,無資料,hi,guide
https://worthcalc.win/hi/guides/gaming-console-electricity-cost-per-gaming-hour-used/,deindex,,規則4：locale=hi 全部軟下架；coverageState=Google 無法辨識的網址；90d_impressions=無資料,無資料,hi,guide
https://worthcalc.win/hi/guides/garage-door-opener-electricity-cost-per-cycle-used/,deindex,,規則4：locale=hi 全部軟下架；coverageState=Google 無法辨識的網址；90d_impressions=無資料,無資料,hi,guide
https://worthcalc.win/hi/guides/garment-steamer-cost-per-steaming-hour-used/,deindex,,規則4：locale=hi 全部軟下架；coverageState=Google 無法辨識的網址；90d_impressions=無資料,無資料,hi,guide
https://worthcalc.win/hi/guides/glue-gun-electricity-cost-per-crafting-hour-used/,deindex,,規則4：locale=hi 全部軟下架；coverageState=Google 無法辨識的網址；90d_impressions=無資料,無資料,hi,guide
https://worthcalc.win/hi/guides/gym-membership-cost-per-visit/,deindex,,規則4：locale=hi 全部軟下架；coverageState=Google 無法辨識的網址；90d_impressions=無資料,無資料,hi,guide
https://worthcalc.win/hi/guides/hair-dryer-cost-per-drying-session-used/,deindex,,規則4：locale=hi 全部軟下架；coverageState=Google 無法辨識的網址；90d_impressions=無資料,無資料,hi,guide
https://worthcalc.win/hi/guides/heat-pump-cost-per-heating-hour-used/,deindex,,規則4：locale=hi 全部軟下架；coverageState=Google 無法辨識的網址；90d_impressions=無資料,無資料,hi,guide
https://worthcalc.win/hi/guides/hobby-equipment-cost-per-use/,deindex,,規則4：locale=hi 全部軟下架；coverageState=Google 無法辨識的網址；90d_impressions=無資料,無資料,hi,guide
https://worthcalc.win/hi/guides/home-internet-cost-per-gb-used/,deindex,,規則4：locale=hi 全部軟下架；coverageState=Google 無法辨識的網址；90d_impressions=無資料,無資料,hi,guide
https://worthcalc.win/hi/guides/humidifier-electricity-cost-per-humidifying-hour-used/,deindex,,規則4：locale=hi 全部軟下架；coverageState=Google 無法辨識的網址；90d_impressions=無資料,無資料,hi,guide
https://worthcalc.win/hi/guides/hvac-cost-per-operating-hour-used/,deindex,,規則4：locale=hi 全部軟下架；coverageState=Google 無法辨識的網址；90d_impressions=無資料,無資料,hi,guide
https://worthcalc.win/hi/guides/induction-cooktop-cost-per-cooking-hour-used/,deindex,,規則4：locale=hi 全部軟下架；coverageState=Google 無法辨識的網址；90d_impressions=無資料,無資料,hi,guide
https://worthcalc.win/hi/guides/introductory-discount-renewal-cost/,deindex,,規則4：locale=hi 全部軟下架；coverageState=Google 無法辨識的網址；90d_impressions=無資料,無資料,hi,guide
https://worthcalc.win/hi/guides/label-maker-electricity-cost-per-labeling-session-used/,deindex,,規則4：locale=hi 全部軟下架；coverageState=Google 無法辨識的網址；90d_impressions=無資料,無資料,hi,guide
https://worthcalc.win/hi/guides/laminator-electricity-cost-per-laminating-batch-used/,deindex,,規則4：locale=hi 全部軟下架；coverageState=Google 無法辨識的網址；90d_impressions=無資料,無資料,hi,guide
https://worthcalc.win/hi/guides/language-class-cost-per-completed-session/,deindex,,規則4：locale=hi 全部軟下架；coverageState=Google 無法辨識的網址；90d_impressions=無資料,無資料,hi,guide
https://worthcalc.win/hi/guides/laptop-docking-station-electricity-cost-per-workday-used/,deindex,,規則4：locale=hi 全部軟下架；coverageState=Google 無法辨識的網址；90d_impressions=無資料,無資料,hi,guide
https://worthcalc.win/hi/guides/laundry-cost-per-load/,deindex,,規則4：locale=hi 全部軟下架；coverageState=Google 無法辨識的網址；90d_impressions=無資料,無資料,hi,guide
https://worthcalc.win/hi/guides/led-lighting-cost-per-hour-used/,deindex,,規則4：locale=hi 全部軟下架；coverageState=Google 無法辨識的網址；90d_impressions=無資料,無資料,hi,guide
https://worthcalc.win/hi/guides/meal-delivery-plan-cost-per-eaten-meal/,deindex,,規則4：locale=hi 全部軟下架；coverageState=Google 無法辨識的網址；90d_impressions=無資料,無資料,hi,guide
https://worthcalc.win/hi/guides/meal-kit-cost-per-serving-after-waste/,deindex,,規則4：locale=hi 全部軟下架；coverageState=Google 無法辨識的網址；90d_impressions=無資料,無資料,hi,guide
https://worthcalc.win/hi/guides/microwave-cost-per-cooking-cycle-used/,deindex,,規則4：locale=hi 全部軟下架；coverageState=Google 無法辨識的網址；90d_impressions=無資料,無資料,hi,guide
https://worthcalc.win/hi/guides/minimum-spend-fee-waiver-break-even/,deindex,,規則4：locale=hi 全部軟下架；coverageState=Google 無法辨識的網址；90d_impressions=無資料,無資料,hi,guide
https://worthcalc.win/hi/guides/mobile-data-cost-per-gb-used/,deindex,,規則4：locale=hi 全部軟下架；coverageState=Google 無法辨識的網址；90d_impressions=無資料,無資料,hi,guide
https://worthcalc.win/hi/guides/monitor-electricity-cost-per-work-hour-used/,deindex,,規則4：locale=hi 全部軟下架；coverageState=Google 無法辨識的網址；90d_impressions=無資料,無資料,hi,guide
https://worthcalc.win/hi/guides/monthly-vs-annual-total-cost/,deindex,,規則4：locale=hi 全部軟下架；coverageState=Google 無法辨識的網址；90d_impressions=無資料,無資料,hi,guide
https://worthcalc.win/hi/guides/natural-gas-cost-per-therm-used/,deindex,,規則4：locale=hi 全部軟下架；coverageState=Google 無法辨識的網址；90d_impressions=無資料,無資料,hi,guide
https://worthcalc.win/hi/guides/one-time-switching-cost-payback/,deindex,,規則4：locale=hi 全部軟下架；coverageState=Google 無法辨識的網址；90d_impressions=無資料,無資料,hi,guide
https://worthcalc.win/hi/guides/online-course-cost-per-completed-lesson/,deindex,,規則4：locale=hi 全部軟下架；coverageState=Google 無法辨識的網址；90d_impressions=無資料,無資料,hi,guide
https://worthcalc.win/hi/guides/outdoor-string-lights-electricity-cost-per-evening-used/,deindex,,規則4：locale=hi 全部軟下架；coverageState=Google 無法辨識的網址；90d_impressions=無資料,無資料,hi,guide
https://worthcalc.win/hi/guides/oven-stove-cost-per-cooking-hour-used/,deindex,,規則4：locale=hi 全部軟下架；coverageState=Google 無法辨識的網址；90d_impressions=無資料,無資料,hi,guide
https://worthcalc.win/hi/guides/paper-shredder-electricity-cost-per-shredding-session-used/,deindex,,規則4：locale=hi 全部軟下架；coverageState=Google 無法辨識的網址；90d_impressions=無資料,無資料,hi,guide
https://worthcalc.win/hi/guides/parking-pass-cost-per-day-used/,deindex,,規則4：locale=hi 全部軟下架；coverageState=Google 無法辨識的網址；90d_impressions=無資料,無資料,hi,guide
https://worthcalc.win/hi/guides/pause-vs-cancel-membership-cost/,deindex,,規則4：locale=hi 全部軟下架；coverageState=Google 無法辨識的網址；90d_impressions=無資料,無資料,hi,guide
https://worthcalc.win/hi/guides/phone-charger-cost-per-charge-used/,deindex,,規則4：locale=hi 全部軟下架；coverageState=Google 無法辨識的網址；90d_impressions=無資料,無資料,hi,guide
https://worthcalc.win/hi/guides/pool-pump-cost-per-operating-hour-used/,deindex,,規則4：locale=hi 全部軟下架；coverageState=Google 無法辨識的網址；90d_impressions=無資料,無資料,hi,guide
https://worthcalc.win/hi/guides/pool-pump-electricity-cost-per-filtration-cycle-used/,deindex,,規則4：locale=hi 全部軟下架；coverageState=Google 無法辨識的網址；90d_impressions=無資料,無資料,hi,guide
https://worthcalc.win/hi/guides/portable-ac-cost-per-cooling-hour-used/,deindex,,規則4：locale=hi 全部軟下架；coverageState=Google 無法辨識的網址；90d_impressions=無資料,無資料,hi,guide
https://worthcalc.win/hi/guides/portable-air-conditioner-electricity-cost-per-cooling-session-used/,deindex,,規則4：locale=hi 全部軟下架；coverageState=Google 無法辨識的網址；90d_impressions=無資料,無資料,hi,guide
https://worthcalc.win/hi/guides/prepaid-balance-expiration-cost/,deindex,,規則4：locale=hi 全部軟下架；coverageState=Google 無法辨識的網址；90d_impressions=無資料,無資料,hi,guide
https://worthcalc.win/hi/guides/printer-electricity-cost-per-print-job-used/,deindex,,規則4：locale=hi 全部軟下架；coverageState=Google 無法辨識的網址；90d_impressions=無資料,無資料,hi,guide
https://worthcalc.win/hi/guides/projector-electricity-cost-per-presentation-hour-used/,deindex,,規則4：locale=hi 全部軟下架；coverageState=Google 無法辨識的網址；90d_impressions=無資料,無資料,hi,guide
https://worthcalc.win/hi/guides/recurring-costs-annual-total/,deindex,,規則4：locale=hi 全部軟下架；coverageState=Google 無法辨識的網址；90d_impressions=無資料,無資料,hi,guide
https://worthcalc.win/hi/guides/refrigerator-cost-per-day-used/,deindex,,規則4：locale=hi 全部軟下架；coverageState=Google 無法辨識的網址；90d_impressions=無資料,無資料,hi,guide
https://worthcalc.win/hi/guides/rice-cooker-cost-per-cooking-cycle-used/,deindex,,規則4：locale=hi 全部軟下架；coverageState=Google 無法辨識的網址；90d_impressions=無資料,無資料,hi,guide
https://worthcalc.win/hi/guides/robot-vacuum-cost-per-cleaning-cycle-used/,deindex,,規則4：locale=hi 全部軟下架；coverageState=Google 無法辨識的網址；90d_impressions=無資料,無資料,hi,guide
https://worthcalc.win/hi/guides/room-air-conditioner-cost-per-cooling-hour-used/,deindex,,規則4：locale=hi 全部軟下架；coverageState=Google 無法辨識的網址；90d_impressions=無資料,無資料,hi,guide
https://worthcalc.win/hi/guides/router-electricity-cost-per-month-used/,deindex,,規則4：locale=hi 全部軟下架；coverageState=Google 無法辨識的網址；90d_impressions=無資料,無資料,hi,guide
https://worthcalc.win/hi/guides/sandwich-maker-cost-per-use-used/,deindex,,規則4：locale=hi 全部軟下架；coverageState=Google 無法辨識的網址；90d_impressions=無資料,無資料,hi,guide
https://worthcalc.win/hi/guides/savings-break-even-use-period/,deindex,,規則4：locale=hi 全部軟下架；coverageState=Google 無法辨識的網址；90d_impressions=無資料,無資料,hi,guide
https://worthcalc.win/hi/guides/scanner-electricity-cost-per-scanning-session-used/,deindex,,規則4：locale=hi 全部軟下架；coverageState=Google 無法辨識的網址；90d_impressions=無資料,無資料,hi,guide
https://worthcalc.win/hi/guides/sewing-machine-electricity-cost-per-sewing-hour-used/,deindex,,規則4：locale=hi 全部軟下架；coverageState=Google 無法辨識的網址；90d_impressions=無資料,無資料,hi,guide
https://worthcalc.win/hi/guides/slow-cooker-cost-per-cooking-hour-used/,deindex,,規則4：locale=hi 全部軟下架；coverageState=Google 無法辨識的網址；90d_impressions=無資料,無資料,hi,guide
https://worthcalc.win/hi/guides/smart-speaker-electricity-cost-per-listening-hour-used/,deindex,,規則4：locale=hi 全部軟下架；coverageState=Google 無法辨識的網址；90d_impressions=無資料,無資料,hi,guide
https://worthcalc.win/hi/guides/software-add-on-cost-per-active-seat/,deindex,,規則4：locale=hi 全部軟下架；coverageState=Google 無法辨識的網址；90d_impressions=無資料,無資料,hi,guide
https://worthcalc.win/hi/guides/software-seat-cost-per-active-user/,deindex,,規則4：locale=hi 全部軟下架；coverageState=Google 無法辨識的網址；90d_impressions=無資料,無資料,hi,guide
https://worthcalc.win/hi/guides/solar-inverter-electricity-cost-per-monitoring-day-used/,deindex,,規則4：locale=hi 全部軟下架；coverageState=Google 無法辨識的網址；90d_impressions=無資料,無資料,hi,guide
https://worthcalc.win/hi/guides/soldering-iron-electricity-cost-per-repair-hour-used/,deindex,,規則4：locale=hi 全部軟下架；coverageState=Google 無法辨識的網址；90d_impressions=無資料,無資料,hi,guide
https://worthcalc.win/hi/guides/soundbar-electricity-cost-per-watched-hour-used/,deindex,,規則4：locale=hi 全部軟下架；coverageState=Google 無法辨識的網址；90d_impressions=無資料,無資料,hi,guide
https://worthcalc.win/hi/guides/stand-mixer-cost-per-mixing-session-used/,deindex,,規則4：locale=hi 全部軟下架；coverageState=Google 無法辨識的網址；90d_impressions=無資料,無資料,hi,guide
https://worthcalc.win/hi/guides/standby-power-cost-per-day-used/,deindex,,規則4：locale=hi 全部軟下架；coverageState=Google 無法辨識的網址；90d_impressions=無資料,無資料,hi,guide
https://worthcalc.win/hi/guides/streaming-cost-per-watched-hour/,deindex,,規則4：locale=hi 全部軟下架；coverageState=Google 無法辨識的網址；90d_impressions=無資料,無資料,hi,guide
https://worthcalc.win/hi/guides/subscription-price-increase-annual-impact/,deindex,,規則4：locale=hi 全部軟下架；coverageState=Google 無法辨識的網址；90d_impressions=無資料,無資料,hi,guide
https://worthcalc.win/hi/guides/television-electricity-cost-per-watched-hour-used/,deindex,,規則4：locale=hi 全部軟下架；coverageState=Google 無法辨識的網址；90d_impressions=無資料,無資料,hi,guide
https://worthcalc.win/hi/guides/terrarium-heat-lamp-electricity-cost-per-heating-hour-used/,deindex,,規則4：locale=hi 全部軟下架；coverageState=Google 無法辨識的網址；90d_impressions=無資料,無資料,hi,guide
https://worthcalc.win/hi/guides/toaster-cost-per-use-used/,deindex,,規則4：locale=hi 全部軟下架；coverageState=Google 無法辨識的網址；90d_impressions=無資料,無資料,hi,guide
https://worthcalc.win/hi/guides/tool-rental-cost-per-project/,deindex,,規則4：locale=hi 全部軟下架；coverageState=Google 無法辨識的網址；90d_impressions=無資料,無資料,hi,guide
https://worthcalc.win/hi/guides/transit-pass-cost-per-ride-used/,deindex,,規則4：locale=hi 全部軟下架；coverageState=Google 無法辨識的網址；90d_impressions=無資料,無資料,hi,guide
https://worthcalc.win/hi/guides/true-cost-of-buy-now-pay-later/,deindex,,規則4：locale=hi 全部軟下架；coverageState=Google 無法辨識的網址；90d_impressions=無資料,無資料,hi,guide
https://worthcalc.win/hi/guides/true-cost-of-convenience-delivery/,deindex,,規則4：locale=hi 全部軟下架；coverageState=Google 無法辨識的網址；90d_impressions=無資料,無資料,hi,guide
https://worthcalc.win/hi/guides/true-cost-of-extended-warranty/,deindex,,規則4：locale=hi 全部軟下架；coverageState=Google 無法辨識的網址；90d_impressions=無資料,無資料,hi,guide
https://worthcalc.win/hi/guides/true-cost-of-free-shipping-threshold/,deindex,,規則4：locale=hi 全部軟下架；coverageState=Google 無法辨識的網址；90d_impressions=無資料,無資料,hi,guide
https://worthcalc.win/hi/guides/true-cost-of-home-service-plan/,deindex,,規則4：locale=hi 全部軟下架；coverageState=Google 無法辨識的網址；90d_impressions=無資料,無資料,hi,guide
https://worthcalc.win/hi/guides/true-cost-of-rental-car/,deindex,,規則4：locale=hi 全部軟下架；coverageState=Google 無法辨識的網址；90d_impressions=無資料,無資料,hi,guide
https://worthcalc.win/hi/guides/true-cost-of-upgrade-feature/,deindex,,規則4：locale=hi 全部軟下架；coverageState=Google 無法辨識的網址；90d_impressions=無資料,無資料,hi,guide
https://worthcalc.win/hi/guides/unused-membership-capacity-cost/,deindex,,規則4：locale=hi 全部軟下架；coverageState=Google 無法辨識的網址；90d_impressions=無資料,無資料,hi,guide
https://worthcalc.win/hi/guides/usb-charging-hub-electricity-cost-per-charging-session-used/,deindex,,規則4：locale=hi 全部軟下架；coverageState=Google 無法辨識的網址；90d_impressions=無資料,無資料,hi,guide
https://worthcalc.win/hi/guides/vacuum-cleaner-electricity-cost-per-cleaning-hour-used/,deindex,,規則4：locale=hi 全部軟下架；coverageState=Google 無法辨識的網址；90d_impressions=無資料,無資料,hi,guide
https://worthcalc.win/hi/guides/waffle-maker-cost-per-cooking-cycle-used/,deindex,,規則4：locale=hi 全部軟下架；coverageState=Google 無法辨識的網址；90d_impressions=無資料,無資料,hi,guide
https://worthcalc.win/hi/guides/water-bill-cost-per-gallon-used/,deindex,,規則4：locale=hi 全部軟下架；coverageState=Google 無法辨識的網址；90d_impressions=無資料,無資料,hi,guide
https://worthcalc.win/hi/guides/water-cooler-electricity-cost-per-cooling-day-used/,deindex,,規則4：locale=hi 全部軟下架；coverageState=Google 無法辨識的網址；90d_impressions=無資料,無資料,hi,guide
https://worthcalc.win/hi/guides/water-heater-cost-per-gallon-heated/,deindex,,規則4：locale=hi 全部軟下架；coverageState=Google 無法辨識的網址；90d_impressions=無資料,無資料,hi,guide
https://worthcalc.win/hi/guides/webcam-electricity-cost-per-meeting-hour-used/,deindex,,規則4：locale=hi 全部軟下架；coverageState=Google 無法辨識的網址；90d_impressions=無資料,無資料,hi,guide
https://worthcalc.win/zh/,keep,,規則3：首頁／法務／索引／topic-hub 結構頁；coverageState=已提交並建立索引；90d_impressions=10,10,zh,home
https://worthcalc.win/zh/about/,keep,,規則3：首頁／法務／索引／topic-hub 結構頁；coverageState=已提交並建立索引；90d_impressions=8,8,zh,legal
https://worthcalc.win/zh/annual-fee-card-breakeven/,keep-priority,,規則5：coverageState=已提交並建立索引；90d_impressions=無資料（0 曝光 keep-priority）,無資料,zh,index
https://worthcalc.win/zh/annual-vs-monthly-billing/,keep,,CEO改判：命中目標叢集；字數=1158；來源數=0,無資料,zh,index
https://worthcalc.win/zh/apr-vs-apy/,keep,,CEO改判：≥2來源且≥800字；字數=1981；來源數=4,無資料,zh,index
https://worthcalc.win/zh/average-commuting-cost/,keep,,CEO改判：命中目標叢集；≥2來源且≥800字；字數=1656；來源數=3,無資料,zh,index
https://worthcalc.win/zh/bnpl-vs-credit-card-installments/,keep-priority,,規則5：coverageState=已提交並建立索引；90d_impressions=無資料（0 曝光 keep-priority）,無資料,zh,index
https://worthcalc.win/zh/budget-with-irregular-income/,keep-priority,,規則5：coverageState=已提交並建立索引；90d_impressions=無資料（0 曝光 keep-priority）,無資料,zh,index
https://worthcalc.win/zh/bulk-buying-vs-small-packages/,keep-priority,,規則5：coverageState=已提交並建立索引；90d_impressions=無資料（0 曝光 keep-priority）,無資料,zh,index
https://worthcalc.win/zh/bulk-buying-waste-math/,keep,,CEO改判：≥2來源且≥800字；字數=1573；來源數=2,無資料,zh,index
https://worthcalc.win/zh/car-lease-vs-buy-total-cost/,keep,,CEO改判：命中目標叢集；≥2來源且≥800字；字數=2409；來源數=3,無資料,zh,index
https://worthcalc.win/zh/cashback-caps-real-reward-rate/,keep,,規則5：coverageState=已提交並建立索引；90d_impressions=2,2,zh,index
https://worthcalc.win/zh/changelog/,keep,,規則3：首頁／法務／索引／topic-hub 結構頁；coverageState=已提交並建立索引；90d_impressions=8,8,zh,legal
https://worthcalc.win/zh/contact/,keep,,規則3：首頁／法務／索引／topic-hub 結構頁；coverageState=已提交並建立索引；90d_impressions=8,8,zh,legal
https://worthcalc.win/zh/cost-per-use-expensive-item/,keep,,CEO改判：≥2來源且≥800字；字數=1207；來源數=2,無資料,zh,index
https://worthcalc.win/zh/costco-math/,keep,,CEO改判：命中目標叢集；≥2來源且≥800字；字數=1658；來源數=2,無資料,zh,index
https://worthcalc.win/zh/credit-card-minimum-payment-trap/,keep-priority,,規則5：coverageState=已提交並建立索引；90d_impressions=無資料（0 曝光 keep-priority）,無資料,zh,index
https://worthcalc.win/zh/delivery-membership-break-even/,keep,,CEO改判：命中目標叢集；≥2來源且≥800字；字數=1790；來源數=2,無資料,zh,index
https://worthcalc.win/zh/disclaimer/,keep,,規則3：首頁／法務／索引／topic-hub 結構頁；coverageState=已提交並建立索引；90d_impressions=8,8,zh,legal
https://worthcalc.win/zh/emergency-fund-how-much/,keep,,CEO改判：≥2來源且≥800字；字數=2507；來源數=3,無資料,zh,index
https://worthcalc.win/zh/emergency-fund-irregular-income/,keep,,CEO改判：≥2來源且≥800字；字數=1896；來源數=3,無資料,zh,index
https://worthcalc.win/zh/emergency-fund-vs-debt-payoff/,keep,,CEO改判：≥2來源且≥800字；字數=2470；來源數=2,無資料,zh,index
https://worthcalc.win/zh/emergency-fund-vs-sinking-fund/,keep,,CEO改判：≥2來源且≥800字；字數=2262；來源數=2,無資料,zh,index
https://worthcalc.win/zh/energy-efficient-appliance-payback/,keep,,CEO改判：命中目標叢集；≥2來源且≥800字；字數=1314；來源數=3,無資料,zh,index
https://worthcalc.win/zh/ev-vs-gas-total-cost/,keep,,規則5：coverageState=已提交並建立索引；90d_impressions=2,2,zh,index
https://worthcalc.win/zh/extended-warranty-math/,keep,,CEO改判：命中目標叢集；字數=1362；來源數=0,無資料,zh,index
https://worthcalc.win/zh/extra-mortgage-payments-guide/,keep-priority,,規則5：coverageState=已提交並建立索引；90d_impressions=無資料（0 曝光 keep-priority）,無資料,zh,index
https://worthcalc.win/zh/free-shipping-threshold/,deindex,,規則7：未被辨識且 90d_impressions=無資料；soft noindex 並移出 sitemap,無資料,zh,index
https://worthcalc.win/zh/freelancer-pricing-decision-engine/,deindex,,規則7：未被辨識且 90d_impressions=無資料；soft noindex 並移出 sitemap,無資料,zh,index
https://worthcalc.win/zh/full-commute-cost-including-time/,keep-priority,,規則5：coverageState=已提交並建立索引；90d_impressions=無資料（0 曝光 keep-priority）,無資料,zh,index
https://worthcalc.win/zh/guides/,keep,,規則3：首頁／法務／索引／topic-hub 結構頁；coverageState=Google 無法辨識的網址；90d_impressions=無資料,無資料,zh,index
https://worthcalc.win/zh/guides/3d-printer-electricity-cost-per-print-used/,deindex,,規則7：未被辨識且 90d_impressions=無資料；soft noindex 並移出 sitemap,無資料,zh,guide
https://worthcalc.win/zh/guides/3d-scanner-electricity-cost-per-scanning-session-used/,deindex,,規則7：未被辨識且 90d_impressions=無資料；soft noindex 並移出 sitemap,無資料,zh,guide
https://worthcalc.win/zh/guides/ai-tool-realized-time-savings-break-even/,deindex,,規則7：未被辨識且 90d_impressions=無資料；soft noindex 並移出 sitemap,無資料,zh,guide
https://worthcalc.win/zh/guides/air-fryer-cost-per-cooking-cycle-used/,deindex,,規則7：未被辨識且 90d_impressions=無資料；soft noindex 並移出 sitemap,無資料,zh,guide
https://worthcalc.win/zh/guides/air-purifier-cost-per-clean-air-hour-used/,deindex,,規則7：未被辨識且 90d_impressions=無資料；soft noindex 並移出 sitemap,無資料,zh,guide
https://worthcalc.win/zh/guides/amortization-schedule-explained/,deindex,,規則7：未被辨識且 90d_impressions=無資料；soft noindex 並移出 sitemap,無資料,zh,guide
https://worthcalc.win/zh/guides/annual-bill-cluster-cash-low-point/,deindex,,規則7：未被辨識且 90d_impressions=無資料；soft noindex 並移出 sitemap,無資料,zh,guide
https://worthcalc.win/zh/guides/annual-cost-savings-calculator/,deindex,,規則7：未被辨識且 90d_impressions=無資料；soft noindex 並移出 sitemap,無資料,zh,guide
https://worthcalc.win/zh/guides/annual-expenses-monthly-equivalent/,deindex,,規則7：未被辨識且 90d_impressions=無資料；soft noindex 並移出 sitemap,無資料,zh,guide
https://worthcalc.win/zh/guides/annual-plan-cancellation-risk-break-even/,deindex,,規則7：未被辨識且 90d_impressions=無資料；soft noindex 並移出 sitemap,無資料,zh,guide
https://worthcalc.win/zh/guides/aquarium-air-pump-electricity-cost-per-filtration-day-used/,deindex,,規則7：未被辨識且 90d_impressions=無資料；soft noindex 並移出 sitemap,無資料,zh,guide
https://worthcalc.win/zh/guides/aquarium-heater-electricity-cost-per-tank-day-used/,deindex,,規則7：未被辨識且 90d_impressions=無資料；soft noindex 並移出 sitemap,無資料,zh,guide
https://worthcalc.win/zh/guides/attic-fan-electricity-cost-per-ventilation-hour-used/,deindex,,規則7：未被辨識且 90d_impressions=無資料；soft noindex 並移出 sitemap,無資料,zh,guide
https://worthcalc.win/zh/guides/auto-loan-negative-equity-rollover-cost/,deindex,,規則7：未被辨識且 90d_impressions=無資料；soft noindex 並移出 sitemap,無資料,zh,guide
https://worthcalc.win/zh/guides/balance-transfer-fee-break-even/,deindex,,規則7：未被辨識且 90d_impressions=無資料；soft noindex 並移出 sitemap,無資料,zh,guide
https://worthcalc.win/zh/guides/base-salary-vs-bonus-fixed-cost-capacity/,deindex,,規則7：未被辨識且 90d_impressions=無資料；soft noindex 並移出 sitemap,無資料,zh,guide
https://worthcalc.win/zh/guides/bathroom-ventilation-fan-electricity-cost-per-shower-used/,deindex,,規則7：未被辨識且 90d_impressions=無資料；soft noindex 並移出 sitemap,無資料,zh,guide
https://worthcalc.win/zh/guides/billing-date-cash-flow-overlap/,deindex,,規則7：未被辨識且 90d_impressions=無資料；soft noindex 並移出 sitemap,無資料,zh,guide
https://worthcalc.win/zh/guides/blender-cost-per-blending-session-used/,deindex,,規則7：未被辨識且 90d_impressions=無資料；soft noindex 並移出 sitemap,無資料,zh,guide
https://worthcalc.win/zh/guides/bread-maker-cost-per-loaf-used/,deindex,,規則7：未被辨識且 90d_impressions=無資料；soft noindex 並移出 sitemap,無資料,zh,guide
https://worthcalc.win/zh/guides/car-down-payment-vs-liquidity/,deindex,,規則7：未被辨識且 90d_impressions=無資料；soft noindex 並移出 sitemap,無資料,zh,guide
https://worthcalc.win/zh/guides/car-loan-60-72-84-early-exit/,deindex,,規則7：未被辨識且 90d_impressions=無資料；soft noindex 並移出 sitemap,無資料,zh,guide
https://worthcalc.win/zh/guides/car-major-repair-hold-period-break-even/,deindex,,規則7：未被辨識且 90d_impressions=無資料；soft noindex 並移出 sitemap,無資料,zh,guide
https://worthcalc.win/zh/guides/cash-discount-vs-financing/,deindex,,規則7：未被辨識且 90d_impressions=無資料；soft noindex 並移出 sitemap,無資料,zh,guide
https://worthcalc.win/zh/guides/cash-flow-buffer-vs-emergency-fund/,deindex,,規則7：未被辨識且 90d_impressions=無資料；soft noindex 並移出 sitemap,無資料,zh,guide
https://worthcalc.win/zh/guides/cash-runway-before-quitting-job/,deindex,,規則7：未被辨識且 90d_impressions=無資料；soft noindex 並移出 sitemap,無資料,zh,guide
https://worthcalc.win/zh/guides/cash-vs-car-loan-liquidity-adjusted/,deindex,,規則7：未被辨識且 90d_impressions=無資料；soft noindex 並移出 sitemap,無資料,zh,guide
https://worthcalc.win/zh/guides/ceiling-fan-cost-per-operating-hour-used/,deindex,,規則7：未被辨識且 90d_impressions=無資料；soft noindex 並移出 sitemap,無資料,zh,guide
https://worthcalc.win/zh/guides/ceiling-fan-electricity-cost-per-cooling-hour-used/,deindex,,規則7：未被辨識且 90d_impressions=無資料；soft noindex 並移出 sitemap,無資料,zh,guide
https://worthcalc.win/zh/guides/childcare-cost-per-hour-used/,deindex,,規則7：未被辨識且 90d_impressions=無資料；soft noindex 並移出 sitemap,無資料,zh,guide
https://worthcalc.win/zh/guides/childcare-deposit-enrollment-cashflow/,deindex,,規則7：未被辨識且 90d_impressions=無資料；soft noindex 並移出 sitemap,無資料,zh,guide
https://worthcalc.win/zh/guides/childcare-return-to-work-break-even/,deindex,,規則7：未被辨識且 90d_impressions=無資料；soft noindex 並移出 sitemap,無資料,zh,guide
https://worthcalc.win/zh/guides/clothes-dryer-cost-per-load-used/,deindex,,規則7：未被辨識且 90d_impressions=無資料；soft noindex 並移出 sitemap,無資料,zh,guide
https://worthcalc.win/zh/guides/cloud-storage-cost-per-retained-gb/,deindex,,規則7：未被辨識且 90d_impressions=無資料；soft noindex 並移出 sitemap,無資料,zh,guide
https://worthcalc.win/zh/guides/coffee-maker-cost-per-brew-used/,deindex,,規則7：未被辨識且 90d_impressions=無資料；soft noindex 並移出 sitemap,無資料,zh,guide
https://worthcalc.win/zh/guides/commission-income-tax-reserve-cashflow/,deindex,,規則7：未被辨識且 90d_impressions=無資料；soft noindex 並移出 sitemap,無資料,zh,guide
https://worthcalc.win/zh/guides/computer-electricity-cost-per-day-used/,deindex,,規則7：未被辨識且 90d_impressions=無資料；soft noindex 並移出 sitemap,無資料,zh,guide
https://worthcalc.win/zh/guides/cost-of-delaying-savings-goal/,deindex,,規則7：未被辨識且 90d_impressions=無資料；soft noindex 並移出 sitemap,無資料,zh,guide
https://worthcalc.win/zh/guides/cost-per-use-kitchen-appliance/,deindex,,規則7：未被辨識且 90d_impressions=無資料；soft noindex 並移出 sitemap,無資料,zh,guide
https://worthcalc.win/zh/guides/cost-per-wear-clothing/,deindex,,規則7：未被辨識且 90d_impressions=無資料；soft noindex 並移出 sitemap,無資料,zh,guide
https://worthcalc.win/zh/guides/costco-executive-break-even-eligible-spend/,deindex,,規則7：未被辨識且 90d_impressions=無資料；soft noindex 並移出 sitemap,無資料,zh,guide
https://worthcalc.win/zh/guides/costco-gas-detour-break-even/,deindex,,規則7：未被辨識且 90d_impressions=無資料；soft noindex 並移出 sitemap,無資料,zh,guide
https://worthcalc.win/zh/guides/costco-household-card-break-even-use/,deindex,,規則7：未被辨識且 90d_impressions=無資料；soft noindex 並移出 sitemap,無資料,zh,guide
https://worthcalc.win/zh/guides/costco-membership-fee-break-even-savings/,deindex,,規則7：未被辨識且 90d_impressions=無資料；soft noindex 並移出 sitemap,無資料,zh,guide
https://worthcalc.win/zh/guides/costco-renewal-refund-reward-timing/,deindex,,規則7：未被辨識且 90d_impressions=無資料；soft noindex 並移出 sitemap,無資料,zh,guide
https://worthcalc.win/zh/guides/costco-reward-cap-usage-break-even/,deindex,,規則7：未被辨識且 90d_impressions=無資料；soft noindex 並移出 sitemap,無資料,zh,guide
https://worthcalc.win/zh/guides/costco-reward-exclusion-effective-rate/,deindex,,規則7：未被辨識且 90d_impressions=無資料；soft noindex 並移出 sitemap,無資料,zh,guide
https://worthcalc.win/zh/guides/countertop-ice-maker-cost-per-batch-used/,deindex,,規則7：未被辨識且 90d_impressions=無資料；soft noindex 並移出 sitemap,無資料,zh,guide
https://worthcalc.win/zh/guides/coworking-membership-cost-per-day/,deindex,,規則7：未被辨識且 90d_impressions=無資料；soft noindex 並移出 sitemap,無資料,zh,guide
https://worthcalc.win/zh/guides/debt-consolidation-break-even/,deindex,,規則7：未被辨識且 90d_impressions=無資料；soft noindex 並移出 sitemap,無資料,zh,guide
https://worthcalc.win/zh/guides/debt-free-fixed-cost-creep/,deindex,,規則7：未被辨識且 90d_impressions=無資料；soft noindex 並移出 sitemap,無資料,zh,guide
https://worthcalc.win/zh/guides/debt-paydown-interest-vs-cashflow/,deindex,,規則7：未被辨識且 90d_impressions=無資料；soft noindex 並移出 sitemap,無資料,zh,guide
https://worthcalc.win/zh/guides/debt-to-assets-ratio-personal/,deindex,,規則7：未被辨識且 90d_impressions=無資料；soft noindex 並移出 sitemap,無資料,zh,guide
https://worthcalc.win/zh/guides/dehumidifier-cost-per-pint-removed/,deindex,,規則7：未被辨識且 90d_impressions=無資料；soft noindex 並移出 sitemap,無資料,zh,guide
https://worthcalc.win/zh/guides/dehumidifier-electricity-cost-per-laundry-drying-session-used/,deindex,,規則7：未被辨識且 90d_impressions=無資料；soft noindex 並移出 sitemap,無資料,zh,guide
https://worthcalc.win/zh/guides/desk-fan-electricity-cost-per-cooling-hour-used/,deindex,,規則7：未被辨識且 90d_impressions=無資料；soft noindex 並移出 sitemap,無資料,zh,guide
https://worthcalc.win/zh/guides/desktop-speakers-electricity-cost-per-listening-hour-used/,deindex,,規則7：未被辨識且 90d_impressions=無資料；soft noindex 並移出 sitemap,無資料,zh,guide
https://worthcalc.win/zh/guides/digital-photo-frame-electricity-cost-per-display-day-used/,deindex,,規則7：未被辨識且 90d_impressions=無資料；soft noindex 並移出 sitemap,無資料,zh,guide
https://worthcalc.win/zh/guides/dishwasher-cost-per-cycle-used/,deindex,,規則7：未被辨識且 90d_impressions=無資料；soft noindex 並移出 sitemap,無資料,zh,guide
https://worthcalc.win/zh/guides/document-camera-electricity-cost-per-presentation-hour-used/,deindex,,規則7：未被辨識且 90d_impressions=無資料；soft noindex 並移出 sitemap,無資料,zh,guide
https://worthcalc.win/zh/guides/down-payment-vs-post-purchase-liquidity/,deindex,,規則7：未被辨識且 90d_impressions=無資料；soft noindex 並移出 sitemap,無資料,zh,guide
https://worthcalc.win/zh/guides/e-reader-electricity-cost-per-reading-hour-used/,deindex,,規則7：未被辨識且 90d_impressions=無資料；soft noindex 並移出 sitemap,無資料,zh,guide
https://worthcalc.win/zh/guides/effective-interest-rate-explained/,deindex,,規則7：未被辨識且 90d_impressions=無資料；soft noindex 並移出 sitemap,無資料,zh,guide
https://worthcalc.win/zh/guides/electric-air-pump-electricity-cost-per-inflation-session-used/,deindex,,規則7：未被辨識且 90d_impressions=無資料；soft noindex 並移出 sitemap,無資料,zh,guide
https://worthcalc.win/zh/guides/electric-blanket-cost-per-night-used/,deindex,,規則7：未被辨識且 90d_impressions=無資料；soft noindex 並移出 sitemap,無資料,zh,guide
https://worthcalc.win/zh/guides/electric-can-opener-cost-per-use-used/,deindex,,規則7：未被辨識且 90d_impressions=無資料；soft noindex 並移出 sitemap,無資料,zh,guide
https://worthcalc.win/zh/guides/electric-citrus-juicer-cost-per-juice-session-used/,deindex,,規則7：未被辨識且 90d_impressions=無資料；soft noindex 並移出 sitemap,無資料,zh,guide
https://worthcalc.win/zh/guides/electric-egg-cooker-cost-per-cooking-cycle-used/,deindex,,規則7：未被辨識且 90d_impressions=無資料；soft noindex 並移出 sitemap,無資料,zh,guide
https://worthcalc.win/zh/guides/electric-fireplace-electricity-cost-per-heating-hour-used/,deindex,,規則7：未被辨識且 90d_impressions=無資料；soft noindex 並移出 sitemap,無資料,zh,guide
https://worthcalc.win/zh/guides/electric-food-warmer-cost-per-heating-hour-used/,deindex,,規則7：未被辨識且 90d_impressions=無資料；soft noindex 並移出 sitemap,無資料,zh,guide
https://worthcalc.win/zh/guides/electric-foot-massager-electricity-cost-per-massage-session-used/,deindex,,規則7：未被辨識且 90d_impressions=無資料；soft noindex 並移出 sitemap,無資料,zh,guide
https://worthcalc.win/zh/guides/electric-griddle-cost-per-cooking-hour-used/,deindex,,規則7：未被辨識且 90d_impressions=無資料；soft noindex 並移出 sitemap,無資料,zh,guide
https://worthcalc.win/zh/guides/electric-hand-mixer-electricity-cost-per-mixing-session-used/,deindex,,規則7：未被辨識且 90d_impressions=無資料；soft noindex 並移出 sitemap,無資料,zh,guide
https://worthcalc.win/zh/guides/electric-insect-zapper-electricity-cost-per-overnight-used/,deindex,,規則7：未被辨識且 90d_impressions=無資料；soft noindex 並移出 sitemap,無資料,zh,guide
https://worthcalc.win/zh/guides/electric-kettle-cost-per-boil-used/,deindex,,規則7：未被辨識且 90d_impressions=無資料；soft noindex 並移出 sitemap,無資料,zh,guide
https://worthcalc.win/zh/guides/electric-lunch-box-cost-per-heating-cycle-used/,deindex,,規則7：未被辨識且 90d_impressions=無資料；soft noindex 並移出 sitemap,無資料,zh,guide
https://worthcalc.win/zh/guides/electric-meat-grinder-cost-per-grinding-session-used/,deindex,,規則7：未被辨識且 90d_impressions=無資料；soft noindex 並移出 sitemap,無資料,zh,guide
https://worthcalc.win/zh/guides/electric-milk-frother-cost-per-frothing-session-used/,deindex,,規則7：未被辨識且 90d_impressions=無資料；soft noindex 並移出 sitemap,無資料,zh,guide
https://worthcalc.win/zh/guides/electric-pasta-maker-cost-per-batch-used/,deindex,,規則7：未被辨識且 90d_impressions=無資料；soft noindex 並移出 sitemap,無資料,zh,guide
https://worthcalc.win/zh/guides/electric-pencil-sharpener-electricity-cost-per-sharpening-session-used/,deindex,,規則7：未被辨識且 90d_impressions=無資料；soft noindex 並移出 sitemap,無資料,zh,guide
https://worthcalc.win/zh/guides/electric-pressure-cooker-cost-per-cooking-cycle-used/,deindex,,規則7：未被辨識且 90d_impressions=無資料；soft noindex 並移出 sitemap,無資料,zh,guide
https://worthcalc.win/zh/guides/electric-shaver-electricity-cost-per-grooming-session-used/,deindex,,規則7：未被辨識且 90d_impressions=無資料；soft noindex 並移出 sitemap,無資料,zh,guide
https://worthcalc.win/zh/guides/electric-space-heater-cost-per-heating-hour-used/,deindex,,規則7：未被辨識且 90d_impressions=無資料；soft noindex 並移出 sitemap,無資料,zh,guide
https://worthcalc.win/zh/guides/electric-standing-desk-electricity-cost-per-adjusted-day-used/,deindex,,規則7：未被辨識且 90d_impressions=無資料；soft noindex 並移出 sitemap,無資料,zh,guide
https://worthcalc.win/zh/guides/electric-stapler-electricity-cost-per-stapling-session-used/,deindex,,規則7：未被辨識且 90d_impressions=無資料；soft noindex 並移出 sitemap,無資料,zh,guide
https://worthcalc.win/zh/guides/electric-toothbrush-electricity-cost-per-charging-day-used/,deindex,,規則7：未被辨識且 90d_impressions=無資料；soft noindex 並移出 sitemap,無資料,zh,guide
https://worthcalc.win/zh/guides/electric-wine-cooler-electricity-cost-per-storage-day-used/,deindex,,規則7：未被辨識且 90d_impressions=無資料；soft noindex 並移出 sitemap,無資料,zh,guide
https://worthcalc.win/zh/guides/electric-yogurt-maker-cost-per-batch-used/,deindex,,規則7：未被辨識且 90d_impressions=無資料；soft noindex 並移出 sitemap,無資料,zh,guide
https://worthcalc.win/zh/guides/electricity-cost-per-kwh-used/,deindex,,規則7：未被辨識且 90d_impressions=無資料；soft noindex 並移出 sitemap,無資料,zh,guide
https://worthcalc.win/zh/guides/emergency-fund-rebuild-after-move/,deindex,,規則7：未被辨識且 90d_impressions=無資料；soft noindex 並移出 sitemap,無資料,zh,guide
https://worthcalc.win/zh/guides/emergency-fund-rebuild-after-use/,deindex,,規則7：未被辨識且 90d_impressions=無資料；soft noindex 並移出 sitemap,無資料,zh,guide
https://worthcalc.win/zh/guides/employer-benefits-replacement-cost-vs-cash/,deindex,,規則7：未被辨識且 90d_impressions=無資料；soft noindex 並移出 sitemap,無資料,zh,guide
https://worthcalc.win/zh/guides/espresso-machine-cost-per-shot-used/,deindex,,規則7：未被辨識且 90d_impressions=無資料；soft noindex 並移出 sitemap,無資料,zh,guide
https://worthcalc.win/zh/guides/event-ticket-cost-per-attended-hour/,deindex,,規則7：未被辨識且 90d_impressions=無資料；soft noindex 並移出 sitemap,無資料,zh,guide
https://worthcalc.win/zh/guides/external-hard-drive-electricity-cost-per-backup-job-used/,deindex,,規則7：未被辨識且 90d_impressions=無資料；soft noindex 並移出 sitemap,無資料,zh,guide
https://worthcalc.win/zh/guides/extra-payment-personal-loan/,deindex,,規則7：未被辨識且 90d_impressions=無資料；soft noindex 並移出 sitemap,無資料,zh,guide
https://worthcalc.win/zh/guides/extra-principal-before-car-trade-vs-cash/,deindex,,規則7：未被辨識且 90d_impressions=無資料；soft noindex 並移出 sitemap,無資料,zh,guide
https://worthcalc.win/zh/guides/extra-room-home-office-incremental-rent-break-even/,deindex,,規則7：未被辨識且 90d_impressions=無資料；soft noindex 並移出 sitemap,無資料,zh,guide
https://worthcalc.win/zh/guides/family-plan-break-even-members/,deindex,,規則7：未被辨識且 90d_impressions=無資料；soft noindex 並移出 sitemap,無資料,zh,guide
https://worthcalc.win/zh/guides/financial-runway-months/,deindex,,規則7：未被辨識且 90d_impressions=無資料；soft noindex 並移出 sitemap,無資料,zh,guide
https://worthcalc.win/zh/guides/fixed-cost-ratio-personal-budget/,deindex,,規則7：未被辨識且 90d_impressions=無資料；soft noindex 並移出 sitemap,無資料,zh,guide
https://worthcalc.win/zh/guides/fixed-vs-variable-rate-scenario/,deindex,,規則7：未被辨識且 90d_impressions=無資料；soft noindex 並移出 sitemap,無資料,zh,guide
https://worthcalc.win/zh/guides/food-dehydrator-cost-per-drying-hour-used/,deindex,,規則7：未被辨識且 90d_impressions=無資料；soft noindex 並移出 sitemap,無資料,zh,guide
https://worthcalc.win/zh/guides/food-processor-cost-per-prep-session-used/,deindex,,規則7：未被辨識且 90d_impressions=無資料；soft noindex 並移出 sitemap,無資料,zh,guide
https://worthcalc.win/zh/guides/free-trial-auto-renewal-first-charge/,deindex,,規則7：未被辨識且 90d_impressions=無資料；soft noindex 並移出 sitemap,無資料,zh,guide
https://worthcalc.win/zh/guides/freelance-minimum-billable-rate/,deindex,,規則7：未被辨識且 90d_impressions=無資料；soft noindex 並移出 sitemap,無資料,zh,guide
https://worthcalc.win/zh/guides/freezer-cost-per-day-used/,deindex,,規則7：未被辨識且 90d_impressions=無資料；soft noindex 並移出 sitemap,無資料,zh,guide
https://worthcalc.win/zh/guides/gaming-console-electricity-cost-per-gaming-hour-used/,deindex,,規則7：未被辨識且 90d_impressions=無資料；soft noindex 並移出 sitemap,無資料,zh,guide
https://worthcalc.win/zh/guides/garage-door-opener-electricity-cost-per-cycle-used/,deindex,,規則7：未被辨識且 90d_impressions=無資料；soft noindex 並移出 sitemap,無資料,zh,guide
https://worthcalc.win/zh/guides/garment-steamer-cost-per-steaming-hour-used/,deindex,,規則7：未被辨識且 90d_impressions=無資料；soft noindex 並移出 sitemap,無資料,zh,guide
https://worthcalc.win/zh/guides/glue-gun-electricity-cost-per-crafting-hour-used/,deindex,,規則7：未被辨識且 90d_impressions=無資料；soft noindex 並移出 sitemap,無資料,zh,guide
https://worthcalc.win/zh/guides/gym-membership-cost-per-visit/,deindex,,規則7：未被辨識且 90d_impressions=無資料；soft noindex 並移出 sitemap,無資料,zh,guide
https://worthcalc.win/zh/guides/hair-dryer-cost-per-drying-session-used/,deindex,,規則7：未被辨識且 90d_impressions=無資料；soft noindex 並移出 sitemap,無資料,zh,guide
https://worthcalc.win/zh/guides/heat-pump-cost-per-heating-hour-used/,deindex,,規則7：未被辨識且 90d_impressions=無資料；soft noindex 並移出 sitemap,無資料,zh,guide
https://worthcalc.win/zh/guides/high-vs-low-deductible-break-even/,deindex,,規則7：未被辨識且 90d_impressions=無資料；soft noindex 並移出 sitemap,無資料,zh,guide
https://worthcalc.win/zh/guides/higher-salary-long-commute-vs-lower-salary-nearby/,deindex,,規則7：未被辨識且 90d_impressions=無資料；soft noindex 並移出 sitemap,無資料,zh,guide
https://worthcalc.win/zh/guides/hobby-equipment-cost-per-use/,deindex,,規則7：未被辨識且 90d_impressions=無資料；soft noindex 並移出 sitemap,無資料,zh,guide
https://worthcalc.win/zh/guides/home-internet-cost-per-gb-used/,deindex,,規則7：未被辨識且 90d_impressions=無資料；soft noindex 並移出 sitemap,無資料,zh,guide
https://worthcalc.win/zh/guides/how-much-cash-to-keep/,deindex,,規則7：未被辨識且 90d_impressions=無資料；soft noindex 並移出 sitemap,無資料,zh,guide
https://worthcalc.win/zh/guides/humidifier-electricity-cost-per-humidifying-hour-used/,deindex,,規則7：未被辨識且 90d_impressions=無資料；soft noindex 並移出 sitemap,無資料,zh,guide
https://worthcalc.win/zh/guides/hvac-cost-per-operating-hour-used/,deindex,,規則7：未被辨識且 90d_impressions=無資料；soft noindex 並移出 sitemap,無資料,zh,guide
https://worthcalc.win/zh/guides/induction-cooktop-cost-per-cooking-hour-used/,deindex,,規則7：未被辨識且 90d_impressions=無資料；soft noindex 並移出 sitemap,無資料,zh,guide
https://worthcalc.win/zh/guides/inflation-adjusted-savings-goal/,deindex,,規則7：未被辨識且 90d_impressions=無資料；soft noindex 並移出 sitemap,無資料,zh,guide
https://worthcalc.win/zh/guides/insurance-annual-vs-monthly-payment/,deindex,,規則7：未被辨識且 90d_impressions=無資料；soft noindex 並移出 sitemap,無資料,zh,guide
https://worthcalc.win/zh/guides/insurance-deductible-cash-reserve/,deindex,,規則7：未被辨識且 90d_impressions=無資料；soft noindex 並移出 sitemap,無資料,zh,guide
https://worthcalc.win/zh/guides/interest-only-period-total-cost/,deindex,,規則7：未被辨識且 90d_impressions=無資料；soft noindex 並移出 sitemap,無資料,zh,guide
https://worthcalc.win/zh/guides/introductory-discount-renewal-cost/,deindex,,規則7：未被辨識且 90d_impressions=無資料；soft noindex 並移出 sitemap,無資料,zh,guide
https://worthcalc.win/zh/guides/job-change-pay-gap-cashflow/,deindex,,規則7：未被辨識且 90d_impressions=無資料；soft noindex 並移出 sitemap,無資料,zh,guide
https://worthcalc.win/zh/guides/joint-account-minimum-cash-floor/,deindex,,規則7：未被辨識且 90d_impressions=無資料；soft noindex 並移出 sitemap,無資料,zh,guide
https://worthcalc.win/zh/guides/label-maker-electricity-cost-per-labeling-session-used/,deindex,,規則7：未被辨識且 90d_impressions=無資料；soft noindex 並移出 sitemap,無資料,zh,guide
https://worthcalc.win/zh/guides/laminator-electricity-cost-per-laminating-batch-used/,deindex,,規則7：未被辨識且 90d_impressions=無資料；soft noindex 並移出 sitemap,無資料,zh,guide
https://worthcalc.win/zh/guides/language-class-cost-per-completed-session/,deindex,,規則7：未被辨識且 90d_impressions=無資料；soft noindex 並移出 sitemap,無資料,zh,guide
https://worthcalc.win/zh/guides/laptop-docking-station-electricity-cost-per-workday-used/,deindex,,規則7：未被辨識且 90d_impressions=無資料；soft noindex 並移出 sitemap,無資料,zh,guide
https://worthcalc.win/zh/guides/laundry-cost-per-load/,deindex,,規則7：未被辨識且 90d_impressions=無資料；soft noindex 並移出 sitemap,無資料,zh,guide
https://worthcalc.win/zh/guides/led-lighting-cost-per-hour-used/,deindex,,規則7：未被辨識且 90d_impressions=無資料；soft noindex 並移出 sitemap,無資料,zh,guide
https://worthcalc.win/zh/guides/lifestyle-inflation-raise-capture/,deindex,,規則7：未被辨識且 90d_impressions=無資料；soft noindex 並移出 sitemap,無資料,zh,guide
https://worthcalc.win/zh/guides/loan-refinance-break-even/,deindex,,規則7：未被辨識且 90d_impressions=無資料；soft noindex 並移出 sitemap,無資料,zh,guide
https://worthcalc.win/zh/guides/meal-delivery-plan-cost-per-eaten-meal/,deindex,,規則7：未被辨識且 90d_impressions=無資料；soft noindex 並移出 sitemap,無資料,zh,guide
https://worthcalc.win/zh/guides/meal-kit-cost-per-serving-after-waste/,deindex,,規則7：未被辨識且 90d_impressions=無資料；soft noindex 並移出 sitemap,無資料,zh,guide
https://worthcalc.win/zh/guides/microwave-cost-per-cooking-cycle-used/,deindex,,規則7：未被辨識且 90d_impressions=無資料；soft noindex 並移出 sitemap,無資料,zh,guide
https://worthcalc.win/zh/guides/minimum-cash-balance-checking/,deindex,,規則7：未被辨識且 90d_impressions=無資料；soft noindex 並移出 sitemap,無資料,zh,guide
https://worthcalc.win/zh/guides/minimum-spend-fee-waiver-break-even/,deindex,,規則7：未被辨識且 90d_impressions=無資料；soft noindex 並移出 sitemap,無資料,zh,guide
https://worthcalc.win/zh/guides/mobile-data-cost-per-gb-used/,deindex,,規則7：未被辨識且 90d_impressions=無資料；soft noindex 並移出 sitemap,無資料,zh,guide
https://worthcalc.win/zh/guides/monitor-electricity-cost-per-work-hour-used/,deindex,,規則7：未被辨識且 90d_impressions=無資料；soft noindex 並移出 sitemap,無資料,zh,guide
https://worthcalc.win/zh/guides/monthly-extra-vs-annual-lump-sum/,deindex,,規則7：未被辨識且 90d_impressions=無資料；soft noindex 並移出 sitemap,無資料,zh,guide
https://worthcalc.win/zh/guides/monthly-payment-affordability-vs-total-cost/,deindex,,規則7：未被辨識且 90d_impressions=無資料；soft noindex 並移出 sitemap,無資料,zh,guide
https://worthcalc.win/zh/guides/monthly-vs-annual-total-cost/,deindex,,規則7：未被辨識且 90d_impressions=無資料；soft noindex 並移出 sitemap,無資料,zh,guide
https://worthcalc.win/zh/guides/mortgage-fee-rate-break-even/,deindex,,規則7：未被辨識且 90d_impressions=無資料；soft noindex 並移出 sitemap,無資料,zh,guide
https://worthcalc.win/zh/guides/mortgage-recast-vs-refinance-vs-prepay/,deindex,,規則7：未被辨識且 90d_impressions=無資料；soft noindex 並移出 sitemap,無資料,zh,guide
https://worthcalc.win/zh/guides/natural-gas-cost-per-therm-used/,deindex,,規則7：未被辨識且 90d_impressions=無資料；soft noindex 並移出 sitemap,無資料,zh,guide
https://worthcalc.win/zh/guides/net-worth-tracking-frequency/,deindex,,規則7：未被辨識且 90d_impressions=無資料；soft noindex 並移出 sitemap,無資料,zh,guide
https://worthcalc.win/zh/guides/one-time-switching-cost-payback/,deindex,,規則7：未被辨識且 90d_impressions=無資料；soft noindex 並移出 sitemap,無資料,zh,guide
https://worthcalc.win/zh/guides/online-course-cost-per-completed-lesson/,deindex,,規則7：未被辨識且 90d_impressions=無資料；soft noindex 並移出 sitemap,無資料,zh,guide
https://worthcalc.win/zh/guides/outdoor-string-lights-electricity-cost-per-evening-used/,deindex,,規則7：未被辨識且 90d_impressions=無資料；soft noindex 並移出 sitemap,無資料,zh,guide
https://worthcalc.win/zh/guides/oven-stove-cost-per-cooking-hour-used/,deindex,,規則7：未被辨識且 90d_impressions=無資料；soft noindex 並移出 sitemap,無資料,zh,guide
https://worthcalc.win/zh/guides/overtime-marginal-take-home-cost/,deindex,,規則7：未被辨識且 90d_impressions=無資料；soft noindex 並移出 sitemap,無資料,zh,guide
https://worthcalc.win/zh/guides/paper-shredder-electricity-cost-per-shredding-session-used/,deindex,,規則7：未被辨識且 90d_impressions=無資料；soft noindex 並移出 sitemap,無資料,zh,guide
https://worthcalc.win/zh/guides/parking-pass-cost-per-day-used/,deindex,,規則7：未被辨識且 90d_impressions=無資料；soft noindex 並移出 sitemap,無資料,zh,guide
https://worthcalc.win/zh/guides/pause-vs-cancel-membership-cost/,deindex,,規則7：未被辨識且 90d_impressions=無資料；soft noindex 並移出 sitemap,無資料,zh,guide
https://worthcalc.win/zh/guides/paycheck-budgeting-limitations/,deindex,,規則7：未被辨識且 90d_impressions=無資料；soft noindex 並移出 sitemap,無資料,zh,guide
https://worthcalc.win/zh/guides/personal-liquidity-ratio/,deindex,,規則7：未被辨識且 90d_impressions=無資料；soft noindex 並移出 sitemap,無資料,zh,guide
https://worthcalc.win/zh/guides/phone-charger-cost-per-charge-used/,deindex,,規則7：未被辨識且 90d_impressions=無資料；soft noindex 並移出 sitemap,無資料,zh,guide
https://worthcalc.win/zh/guides/pool-pump-cost-per-operating-hour-used/,deindex,,規則7：未被辨識且 90d_impressions=無資料；soft noindex 並移出 sitemap,無資料,zh,guide
https://worthcalc.win/zh/guides/pool-pump-electricity-cost-per-filtration-cycle-used/,deindex,,規則7：未被辨識且 90d_impressions=無資料；soft noindex 並移出 sitemap,無資料,zh,guide
https://worthcalc.win/zh/guides/portable-ac-cost-per-cooling-hour-used/,deindex,,規則7：未被辨識且 90d_impressions=無資料；soft noindex 並移出 sitemap,無資料,zh,guide
https://worthcalc.win/zh/guides/portable-air-conditioner-electricity-cost-per-cooling-session-used/,deindex,,規則7：未被辨識且 90d_impressions=無資料；soft noindex 並移出 sitemap,無資料,zh,guide
https://worthcalc.win/zh/guides/post-debt-payoff-cashflow-plan/,deindex,,規則7：未被辨識且 90d_impressions=無資料；soft noindex 並移出 sitemap,無資料,zh,guide
https://worthcalc.win/zh/guides/prepaid-balance-expiration-cost/,deindex,,規則7：未被辨識且 90d_impressions=無資料；soft noindex 並移出 sitemap,無資料,zh,guide
https://worthcalc.win/zh/guides/prepay-rent-discount-vs-liquidity/,deindex,,規則7：未被辨識且 90d_impressions=無資料；soft noindex 並移出 sitemap,無資料,zh,guide
https://worthcalc.win/zh/guides/principal-equal-vs-payment-equal-amortization/,deindex,,規則7：未被辨識且 90d_impressions=無資料；soft noindex 並移出 sitemap,無資料,zh,guide
https://worthcalc.win/zh/guides/printer-electricity-cost-per-print-job-used/,deindex,,規則7：未被辨識且 90d_impressions=無資料；soft noindex 並移出 sitemap,無資料,zh,guide
https://worthcalc.win/zh/guides/professional-membership-replacement-value-break-even/,deindex,,規則7：未被辨識且 90d_impressions=無資料；soft noindex 並移出 sitemap,無資料,zh,guide
https://worthcalc.win/zh/guides/projector-electricity-cost-per-presentation-hour-used/,deindex,,規則7：未被辨識且 90d_impressions=無資料；soft noindex 並移出 sitemap,無資料,zh,guide
https://worthcalc.win/zh/guides/promo-apr-payoff-deadline/,deindex,,規則7：未被辨識且 90d_impressions=無資料；soft noindex 並移出 sitemap,無資料,zh,guide
https://worthcalc.win/zh/guides/real-vs-nominal-return/,deindex,,規則7：未被辨識且 90d_impressions=無資料；soft noindex 並移出 sitemap,無資料,zh,guide
https://worthcalc.win/zh/guides/recurring-costs-annual-total/,deindex,,規則7：未被辨識且 90d_impressions=無資料；soft noindex 並移出 sitemap,無資料,zh,guide
https://worthcalc.win/zh/guides/refrigerator-cost-per-day-used/,deindex,,規則7：未被辨識且 90d_impressions=無資料；soft noindex 並移出 sitemap,無資料,zh,guide
https://worthcalc.win/zh/guides/relocation-for-higher-salary-break-even/,deindex,,規則7：未被辨識且 90d_impressions=無資料；soft noindex 並移出 sitemap,無資料,zh,guide
https://worthcalc.win/zh/guides/remote-work-pay-cut-cash-break-even/,deindex,,規則7：未被辨識且 90d_impressions=無資料；soft noindex 並移出 sitemap,無資料,zh,guide
https://worthcalc.win/zh/guides/rent-increase-vs-moving-break-even/,deindex,,規則7：未被辨識且 90d_impressions=無資料；soft noindex 並移出 sitemap,無資料,zh,guide
https://worthcalc.win/zh/guides/rental-deposit-liquidity-cost/,deindex,,規則7：未被辨識且 90d_impressions=無資料；soft noindex 並移出 sitemap,無資料,zh,guide
https://worthcalc.win/zh/guides/return-to-work-fulltime-vs-parttime/,deindex,,規則7：未被辨識且 90d_impressions=無資料；soft noindex 並移出 sitemap,無資料,zh,guide
https://worthcalc.win/zh/guides/rice-cooker-cost-per-cooking-cycle-used/,deindex,,規則7：未被辨識且 90d_impressions=無資料；soft noindex 並移出 sitemap,無資料,zh,guide
https://worthcalc.win/zh/guides/robot-vacuum-cost-per-cleaning-cycle-used/,deindex,,規則7：未被辨識且 90d_impressions=無資料；soft noindex 並移出 sitemap,無資料,zh,guide
https://worthcalc.win/zh/guides/room-air-conditioner-cost-per-cooling-hour-used/,deindex,,規則7：未被辨識且 90d_impressions=無資料；soft noindex 並移出 sitemap,無資料,zh,guide
https://worthcalc.win/zh/guides/router-electricity-cost-per-month-used/,deindex,,規則7：未被辨識且 90d_impressions=無資料；soft noindex 並移出 sitemap,無資料,zh,guide
https://worthcalc.win/zh/guides/sandwich-maker-cost-per-use-used/,deindex,,規則7：未被辨識且 90d_impressions=無資料；soft noindex 並移出 sitemap,無資料,zh,guide
https://worthcalc.win/zh/guides/save-first-vs-installment-purchase/,deindex,,規則7：未被辨識且 90d_impressions=無資料；soft noindex 並移出 sitemap,無資料,zh,guide
https://worthcalc.win/zh/guides/savings-break-even-use-period/,deindex,,規則7：未被辨識且 90d_impressions=無資料；soft noindex 並移出 sitemap,無資料,zh,guide
https://worthcalc.win/zh/guides/scanner-electricity-cost-per-scanning-session-used/,deindex,,規則7：未被辨識且 90d_impressions=無資料；soft noindex 並移出 sitemap,無資料,zh,guide
https://worthcalc.win/zh/guides/sewing-machine-electricity-cost-per-sewing-hour-used/,deindex,,規則7：未被辨識且 90d_impressions=無資料；soft noindex 並移出 sitemap,無資料,zh,guide
https://worthcalc.win/zh/guides/shared-expenses-income-split/,deindex,,規則7：未被辨識且 90d_impressions=無資料；soft noindex 並移出 sitemap,無資料,zh,guide
https://worthcalc.win/zh/guides/side-hustle-equipment-billable-utilization-break-even/,deindex,,規則7：未被辨識且 90d_impressions=無資料；soft noindex 並移出 sitemap,無資料,zh,guide
https://worthcalc.win/zh/guides/signing-bonus-vs-higher-base-clawback-break-even/,deindex,,規則7：未被辨識且 90d_impressions=無資料；soft noindex 並移出 sitemap,無資料,zh,guide
https://worthcalc.win/zh/guides/single-income-household-stress-test/,deindex,,規則7：未被辨識且 90d_impressions=無資料；soft noindex 並移出 sitemap,無資料,zh,guide
https://worthcalc.win/zh/guides/sinking-fund-by-deadline/,deindex,,規則7：未被辨識且 90d_impressions=無資料；soft noindex 並移出 sitemap,無資料,zh,guide
https://worthcalc.win/zh/guides/slow-cooker-cost-per-cooking-hour-used/,deindex,,規則7：未被辨識且 90d_impressions=無資料；soft noindex 並移出 sitemap,無資料,zh,guide
https://worthcalc.win/zh/guides/smart-speaker-electricity-cost-per-listening-hour-used/,deindex,,規則7：未被辨識且 90d_impressions=無資料；soft noindex 並移出 sitemap,無資料,zh,guide
https://worthcalc.win/zh/guides/software-add-on-cost-per-active-seat/,deindex,,規則7：未被辨識且 90d_impressions=無資料；soft noindex 並移出 sitemap,無資料,zh,guide
https://worthcalc.win/zh/guides/software-seat-cost-per-active-user/,deindex,,規則7：未被辨識且 90d_impressions=無資料；soft noindex 並移出 sitemap,無資料,zh,guide
https://worthcalc.win/zh/guides/solar-inverter-electricity-cost-per-monitoring-day-used/,deindex,,規則7：未被辨識且 90d_impressions=無資料；soft noindex 並移出 sitemap,無資料,zh,guide
https://worthcalc.win/zh/guides/soldering-iron-electricity-cost-per-repair-hour-used/,deindex,,規則7：未被辨識且 90d_impressions=無資料；soft noindex 並移出 sitemap,無資料,zh,guide
https://worthcalc.win/zh/guides/soundbar-electricity-cost-per-watched-hour-used/,deindex,,規則7：未被辨識且 90d_impressions=無資料；soft noindex 並移出 sitemap,無資料,zh,guide
https://worthcalc.win/zh/guides/stand-mixer-cost-per-mixing-session-used/,deindex,,規則7：未被辨識且 90d_impressions=無資料；soft noindex 並移出 sitemap,無資料,zh,guide
https://worthcalc.win/zh/guides/standby-power-cost-per-day-used/,deindex,,規則7：未被辨識且 90d_impressions=無資料；soft noindex 並移出 sitemap,無資料,zh,guide
https://worthcalc.win/zh/guides/step-rate-loan-total-cost/,deindex,,規則7：未被辨識且 90d_impressions=無資料；soft noindex 並移出 sitemap,無資料,zh,guide
https://worthcalc.win/zh/guides/streaming-cost-per-watched-hour/,deindex,,規則7：未被辨識且 90d_impressions=無資料；soft noindex 並移出 sitemap,無資料,zh,guide
https://worthcalc.win/zh/guides/subscription-opportunity-cost/,deindex,,規則7：未被辨識且 90d_impressions=無資料；soft noindex 並移出 sitemap,無資料,zh,guide
https://worthcalc.win/zh/guides/subscription-price-increase-annual-impact/,deindex,,規則7：未被辨識且 90d_impressions=無資料；soft noindex 並移出 sitemap,無資料,zh,guide
https://worthcalc.win/zh/guides/television-electricity-cost-per-watched-hour-used/,deindex,,規則7：未被辨識且 90d_impressions=無資料；soft noindex 並移出 sitemap,無資料,zh,guide
https://worthcalc.win/zh/guides/terrarium-heat-lamp-electricity-cost-per-heating-hour-used/,deindex,,規則7：未被辨識且 90d_impressions=無資料；soft noindex 並移出 sitemap,無資料,zh,guide
https://worthcalc.win/zh/guides/toaster-cost-per-use-used/,deindex,,規則7：未被辨識且 90d_impressions=無資料；soft noindex 並移出 sitemap,無資料,zh,guide
https://worthcalc.win/zh/guides/tool-rental-cost-per-project/,deindex,,規則7：未被辨識且 90d_impressions=無資料；soft noindex 並移出 sitemap,無資料,zh,guide
https://worthcalc.win/zh/guides/trade-in-vs-private-sale-net-proceeds/,deindex,,規則7：未被辨識且 90d_impressions=無資料；soft noindex 並移出 sitemap,無資料,zh,guide
https://worthcalc.win/zh/guides/training-certification-break-even/,deindex,,規則7：未被辨識且 90d_impressions=無資料；soft noindex 並移出 sitemap,無資料,zh,guide
https://worthcalc.win/zh/guides/transit-pass-cost-per-ride-used/,deindex,,規則7：未被辨識且 90d_impressions=無資料；soft noindex 並移出 sitemap,無資料,zh,guide
https://worthcalc.win/zh/guides/transit-pass-vs-pay-as-you-go-usage-break-even/,deindex,,規則7：未被辨識且 90d_impressions=無資料；soft noindex 並移出 sitemap,無資料,zh,guide
https://worthcalc.win/zh/guides/true-cost-of-buy-now-pay-later/,deindex,,規則7：未被辨識且 90d_impressions=無資料；soft noindex 並移出 sitemap,無資料,zh,guide
https://worthcalc.win/zh/guides/true-cost-of-convenience-delivery/,deindex,,規則7：未被辨識且 90d_impressions=無資料；soft noindex 並移出 sitemap,無資料,zh,guide
https://worthcalc.win/zh/guides/true-cost-of-extended-warranty/,deindex,,規則7：未被辨識且 90d_impressions=無資料；soft noindex 並移出 sitemap,無資料,zh,guide
https://worthcalc.win/zh/guides/true-cost-of-free-shipping-threshold/,deindex,,規則7：未被辨識且 90d_impressions=無資料；soft noindex 並移出 sitemap,無資料,zh,guide
https://worthcalc.win/zh/guides/true-cost-of-home-service-plan/,deindex,,規則7：未被辨識且 90d_impressions=無資料；soft noindex 並移出 sitemap,無資料,zh,guide
https://worthcalc.win/zh/guides/true-cost-of-rental-car/,deindex,,規則7：未被辨識且 90d_impressions=無資料；soft noindex 並移出 sitemap,無資料,zh,guide
https://worthcalc.win/zh/guides/true-cost-of-upgrade-feature/,deindex,,規則7：未被辨識且 90d_impressions=無資料；soft noindex 並移出 sitemap,無資料,zh,guide
https://worthcalc.win/zh/guides/unused-membership-capacity-cost/,deindex,,規則7：未被辨識且 90d_impressions=無資料；soft noindex 並移出 sitemap,無資料,zh,guide
https://worthcalc.win/zh/guides/usb-charging-hub-electricity-cost-per-charging-session-used/,deindex,,規則7：未被辨識且 90d_impressions=無資料；soft noindex 並移出 sitemap,無資料,zh,guide
https://worthcalc.win/zh/guides/vacuum-cleaner-electricity-cost-per-cleaning-hour-used/,deindex,,規則7：未被辨識且 90d_impressions=無資料；soft noindex 並移出 sitemap,無資料,zh,guide
https://worthcalc.win/zh/guides/variable-bonus-income-fixed-obligations/,deindex,,規則7：未被辨識且 90d_impressions=無資料；soft noindex 並移出 sitemap,無資料,zh,guide
https://worthcalc.win/zh/guides/waffle-maker-cost-per-cooking-cycle-used/,deindex,,規則7：未被辨識且 90d_impressions=無資料；soft noindex 並移出 sitemap,無資料,zh,guide
https://worthcalc.win/zh/guides/water-bill-cost-per-gallon-used/,deindex,,規則7：未被辨識且 90d_impressions=無資料；soft noindex 並移出 sitemap,無資料,zh,guide
https://worthcalc.win/zh/guides/water-cooler-electricity-cost-per-cooling-day-used/,deindex,,規則7：未被辨識且 90d_impressions=無資料；soft noindex 並移出 sitemap,無資料,zh,guide
https://worthcalc.win/zh/guides/water-heater-cost-per-gallon-heated/,deindex,,規則7：未被辨識且 90d_impressions=無資料；soft noindex 並移出 sitemap,無資料,zh,guide
https://worthcalc.win/zh/guides/webcam-electricity-cost-per-meeting-hour-used/,deindex,,規則7：未被辨識且 90d_impressions=無資料；soft noindex 並移出 sitemap,無資料,zh,guide
https://worthcalc.win/zh/guides/windfall-debt-vs-cash-allocation/,deindex,,規則7：未被辨識且 90d_impressions=無資料；soft noindex 並移出 sitemap,無資料,zh,guide
https://worthcalc.win/zh/guides/work-equipment-reimbursement-break-even/,deindex,,規則7：未被辨識且 90d_impressions=無資料；soft noindex 並移出 sitemap,無資料,zh,guide
https://worthcalc.win/zh/gym-membership-cost-per-visit/,keep,,CEO改判：命中目標叢集；≥2來源且≥800字；字數=1650；來源數=2,無資料,zh,index
https://worthcalc.win/zh/home-vs-public-ev-charging-cost/,keep,,規則5：coverageState=已提交並建立索引；90d_impressions=14,14,zh,index
https://worthcalc.win/zh/hourly-vs-annual-salary/,keep-priority,,規則5：coverageState=已提交並建立索引；90d_impressions=無資料（0 曝光 keep-priority）,無資料,zh,index
https://worthcalc.win/zh/how-compound-growth-works/,keep-priority,,規則5：coverageState=已提交並建立索引；90d_impressions=無資料（0 曝光 keep-priority）,無資料,zh,index
https://worthcalc.win/zh/how-much-home-can-you-afford/,keep,,CEO改判：≥2來源且≥800字；字數=2284；來源數=3,無資料,zh,index
https://worthcalc.win/zh/how-to-calculate-dti/,keep-priority,,規則5：coverageState=已提交並建立索引；90d_impressions=無資料（0 曝光 keep-priority）,無資料,zh,index
https://worthcalc.win/zh/how-to-calculate-net-worth/,keep,,CEO改判：≥2來源且≥800字；字數=2333；來源數=2,無資料,zh,index
https://worthcalc.win/zh/how-to-calculate-savings-rate/,keep,,CEO改判：≥2來源且≥800字；字數=2046；來源數=3,無資料,zh,index
https://worthcalc.win/zh/installment-apr-table/,deindex,,規則7：未被辨識且 90d_impressions=無資料；soft noindex 並移出 sitemap,無資料,zh,index
https://worthcalc.win/zh/is-an-extended-warranty-worth-it/,keep,,CEO改判：命中目標叢集；≥2來源且≥800字；字數=1564；來源數=3,無資料,zh,index
https://worthcalc.win/zh/is-costco-executive-membership-worth-it/,keep,,規則5：coverageState=已提交並建立索引；90d_impressions=3,3,zh,index
https://worthcalc.win/zh/job-offer-true-value-decision-engine/,deindex,,規則7：未被辨識且 90d_impressions=無資料；soft noindex 並移出 sitemap,無資料,zh,index
https://worthcalc.win/zh/liquid-net-worth-explained/,deindex,,規則7：未被辨識且 90d_impressions=無資料；soft noindex 並移出 sitemap,無資料,zh,index
https://worthcalc.win/zh/loan-term-vs-total-interest/,keep,,CEO改判：≥2來源且≥800字；字數=1984；來源數=3,無資料,zh,index
https://worthcalc.win/zh/meal-prep-vs-takeout-cost/,keep,,CEO改判：≥2來源且≥800字；字數=1221；來源數=2,無資料,zh,index
https://worthcalc.win/zh/monthly-vs-annual-subscription/,keep-priority,,規則5：coverageState=已提交並建立索引；90d_impressions=無資料（0 曝光 keep-priority）,無資料,zh,index
https://worthcalc.win/zh/new-vs-used-car-total-cost/,keep-priority,,規則5：coverageState=已提交並建立索引；90d_impressions=無資料（0 曝光 keep-priority）,無資料,zh,index
https://worthcalc.win/zh/opportunity-cost-everyday/,deindex,,規則7：未被辨識且 90d_impressions=無資料；soft noindex 並移出 sitemap,無資料,zh,index
https://worthcalc.win/zh/paid-membership-break-even/,keep-priority,,規則5：coverageState=已提交並建立索引；90d_impressions=無資料（0 曝光 keep-priority）,無資料,zh,index
https://worthcalc.win/zh/pay-raise-vs-inflation-purchasing-power/,keep,,規則5：coverageState=已提交並建立索引；90d_impressions=5,5,zh,index
https://worthcalc.win/zh/price-in-work-hours/,deindex,,規則7：未被辨識且 90d_impressions=無資料；soft noindex 並移出 sitemap,無資料,zh,index
https://worthcalc.win/zh/price-per-wear-clothing-shoes/,keep,,CEO改判：≥2來源且≥800字；字數=1045；來源數=2,無資料,zh,index
https://worthcalc.win/zh/privacy/,keep,,規則3：首頁／法務／索引／topic-hub 結構頁；coverageState=已提交並建立索引；90d_impressions=7,7,zh,legal
https://worthcalc.win/zh/rent-vs-buy-breakeven-year/,keep-priority,,規則5：coverageState=已提交並建立索引；90d_impressions=無資料（0 曝光 keep-priority）,無資料,zh,index
https://worthcalc.win/zh/rent-vs-buy-guide/,keep-priority,,規則5：coverageState=已提交並建立索引；90d_impressions=無資料（0 曝光 keep-priority）,無資料,zh,index
https://worthcalc.win/zh/repair-or-replace-decision-formula/,keep,,CEO改判：≥2來源且≥800字；字數=1592；來源數=3,無資料,zh,index
https://worthcalc.win/zh/return-to-office-cost/,deindex,,規則7：未被辨識且 90d_impressions=無資料；soft noindex 並移出 sitemap,無資料,zh,index
https://worthcalc.win/zh/reusable-vs-disposable-break-even/,keep,,CEO改判：≥2來源且≥800字；字數=1094；來源數=2,無資料,zh,index
https://worthcalc.win/zh/rule-of-72-explained/,deindex,,規則7：未被辨識且 90d_impressions=無資料；soft noindex 並移出 sitemap,無資料,zh,index
https://worthcalc.win/zh/simple-vs-compound-interest/,keep,,CEO改判：≥2來源且≥800字；字數=1889；來源數=3,無資料,zh,index
https://worthcalc.win/zh/snowball-vs-avalanche/,keep,,規則5：coverageState=已提交並建立索引；90d_impressions=2,2,zh,index
https://worthcalc.win/zh/subscription-creep/,keep,,規則5：coverageState=已提交並建立索引；90d_impressions=2,2,zh,index
https://worthcalc.win/zh/sunk-cost-fallacy-everyday/,deindex,,規則7：未被辨識且 90d_impressions=無資料；soft noindex 並移出 sitemap,無資料,zh,index
https://worthcalc.win/zh/terms/,keep,,規則3：首頁／法務／索引／topic-hub 結構頁；coverageState=已提交並建立索引；90d_impressions=1,1,zh,legal
https://worthcalc.win/zh/tools/,keep,,規則2：/tools/ 計算機頁；coverageState=Google 無法辨識的網址；90d_impressions=無資料,無資料,zh,index
https://worthcalc.win/zh/tools/budget-builder/,keep,,規則2：/tools/ 計算機頁；coverageState=已提交並建立索引；90d_impressions=2,2,zh,tool
https://worthcalc.win/zh/tools/car-affordability/,keep,,規則2：/tools/ 計算機頁；coverageState=已提交並建立索引；90d_impressions=1,1,zh,tool
https://worthcalc.win/zh/tools/cashback-breakeven/,keep,,規則2：/tools/ 計算機頁；coverageState=已提交並建立索引；90d_impressions=8,8,zh,tool
https://worthcalc.win/zh/tools/commute-cost/,keep,,規則2：/tools/ 計算機頁；coverageState=已提交並建立索引；90d_impressions=8,8,zh,tool
https://worthcalc.win/zh/tools/compound-growth/,keep,,規則2：/tools/ 計算機頁；coverageState=Google 無法辨識的網址；90d_impressions=無資料,無資料,zh,tool
https://worthcalc.win/zh/tools/cost-per-mile/,keep,,規則2：/tools/ 計算機頁；coverageState=Google 無法辨識的網址；90d_impressions=無資料,無資料,zh,tool
https://worthcalc.win/zh/tools/costco-membership/,keep,,規則2：/tools/ 計算機頁；coverageState=已提交並建立索引；90d_impressions=5,5,zh,tool
https://worthcalc.win/zh/tools/credit-card-payoff/,keep,,規則2：/tools/ 計算機頁；coverageState=已提交並建立索引；90d_impressions=1,1,zh,tool
https://worthcalc.win/zh/tools/debt-strategy/,keep-priority,,規則2：/tools/ 計算機頁；coverageState=已提交並建立索引；90d_impressions=無資料,無資料,zh,tool
https://worthcalc.win/zh/tools/dti-calculator/,keep,,規則2：/tools/ 計算機頁；coverageState=Google 無法辨識的網址；90d_impressions=無資料,無資料,zh,tool
https://worthcalc.win/zh/tools/ev-vs-gas/,keep,,規則2：/tools/ 計算機頁；coverageState=已提交並建立索引；90d_impressions=10,10,zh,tool
https://worthcalc.win/zh/tools/home-affordability/,keep,,規則2：/tools/ 計算機頁；coverageState=Google 無法辨識的網址；90d_impressions=無資料,無資料,zh,tool
https://worthcalc.win/zh/tools/installment-true-apr/,keep,,規則2：/tools/ 計算機頁；coverageState=已提交並建立索引；90d_impressions=1,1,zh,tool
https://worthcalc.win/zh/tools/latte-factor/,keep,,規則2：/tools/ 計算機頁；coverageState=已提交並建立索引；90d_impressions=6,6,zh,tool
https://worthcalc.win/zh/tools/mortgage-payoff/,keep,,規則2：/tools/ 計算機頁；coverageState=已提交並建立索引；90d_impressions=1,1,zh,tool
https://worthcalc.win/zh/tools/rent-vs-buy/,keep,,規則2：/tools/ 計算機頁；coverageState=已提交並建立索引；90d_impressions=1,1,zh,tool
https://worthcalc.win/zh/tools/salary-converter/,keep-priority,,規則2：/tools/ 計算機頁；coverageState=已提交並建立索引；90d_impressions=無資料,無資料,zh,tool
https://worthcalc.win/zh/tools/subscription-audit/,keep,,規則2：/tools/ 計算機頁；coverageState=已提交並建立索引；90d_impressions=6,6,zh,tool
https://worthcalc.win/zh/topics/debt-credit/,keep,,規則3：首頁／法務／索引／topic-hub 結構頁；coverageState=Google 無法辨識的網址；90d_impressions=無資料,無資料,zh,topic-hub
https://worthcalc.win/zh/topics/everyday/,keep,,規則3：首頁／法務／索引／topic-hub 結構頁；coverageState=Google 無法辨識的網址；90d_impressions=無資料,無資料,zh,topic-hub
https://worthcalc.win/zh/topics/housing/,keep,,規則3：首頁／法務／索引／topic-hub 結構頁；coverageState=Google 無法辨識的網址；90d_impressions=無資料,無資料,zh,topic-hub
https://worthcalc.win/zh/topics/income-savings/,keep,,規則3：首頁／法務／索引／topic-hub 結構頁；coverageState=Google 無法辨識的網址；90d_impressions=無資料,無資料,zh,topic-hub
https://worthcalc.win/zh/topics/memberships/,keep,,規則3：首頁／法務／索引／topic-hub 結構頁；coverageState=Google 無法辨識的網址；90d_impressions=無資料,無資料,zh,topic-hub
https://worthcalc.win/zh/topics/transportation/,keep,,規則3：首頁／法務／索引／topic-hub 結構頁；coverageState=Google 無法辨識的網址；90d_impressions=無資料,無資料,zh,topic-hub
https://worthcalc.win/zh/true-cost-of-car-ownership/,keep-priority,,規則5：coverageState=已提交並建立索引；90d_impressions=無資料（0 曝光 keep-priority）,無資料,zh,index
https://worthcalc.win/zh/true-hourly-wage-after-commuting-work-expenses/,keep-priority,,規則5：coverageState=已提交並建立索引；90d_impressions=無資料（0 曝光 keep-priority）,無資料,zh,index
https://worthcalc.win/zh/upfront-fees-financing-cost/,keep,,規則5：coverageState=已提交並建立索引；90d_impressions=1,1,zh,index
https://worthcalc.win/zh/upgrade-your-phone-or-keep-it/,keep,,CEO改判：≥2來源且≥800字；字數=1666；來源數=3,無資料,zh,index
https://worthcalc.win/zh/work-from-home-vs-commuting-hidden-costs/,keep-priority,,規則5：coverageState=已提交並建立索引；90d_impressions=無資料（0 曝光 keep-priority）,無資料,zh,index
https://worthcalc.win/zh/zero-interest-installments-truth/,keep,,規則5：coverageState=已提交並建立索引；90d_impressions=2,2,zh,index
